"Term","Course","Title","Section","CRN","Days","Times","Location","Status","Max","Now","Instructor","Delivery Mode","Credits","Info","Comments"
"202210","ACCT115","FUND OF FINANCIAL ACCOUNTING","002","10001","MR","2:30 PM - 3:50 PM","ECEC 115","Open","43","32","Beerbower, Karen","Face-to-Face","3","https://www.bkstr.com/webapp/wcs/stores/servlet/booklookServlet?bookstore_id-1=584&term_id-1=2022 Spring&crn-1=10001",""
"202210","ACCT115","FUND OF FINANCIAL ACCOUNTING","004","15682","TR","10:00 AM - 11:20 AM"," ","Closed","43","43","Taylor, Ming","Synchronous Online","3","https://www.bkstr.com/webapp/wcs/stores/servlet/booklookServlet?bookstore_id-1=584&term_id-1=2022 Spring&crn-1=15682","Synchronous Online Course<br />https://www.njit.edu/registrar/instructionaldelivery/"
"202210","ACCT115","FUND OF FINANCIAL ACCOUNTING","102","10002","W","6:00 PM - 8:50 PM"," ","Cancelled","43","0","","Face-to-Face","3","https://www.bkstr.com/webapp/wcs/stores/servlet/booklookServlet?bookstore_id-1=584&term_id-1=2022 Spring&crn-1=10002","Cancelled 1/4/22"
"202210","ACCT115","FUND OF FINANCIAL ACCOUNTING","452","10003","",""," ","Cancelled","43","0","","","3","https://www.bkstr.com/webapp/wcs/stores/servlet/booklookServlet?bookstore_id-1=584&term_id-1=2022 Spring&crn-1=10003","Cancelled 11/24/21"
"202210","ACCT115","FUND OF FINANCIAL ACCOUNTING","CHS","15894","",""," ","Closed","0","7","","Face-to-Face","3","https://www.bkstr.com/webapp/wcs/stores/servlet/booklookServlet?bookstore_id-1=584&term_id-1=2022 Spring&crn-1=15894","For Woodbridge Township School District Students Only"
"202210","ACCT115","FUND OF FINANCIAL ACCOUNTING","TEE","15965","",""," ","Closed","0","1","","Face-to-Face","3","https://www.bkstr.com/webapp/wcs/stores/servlet/booklookServlet?bookstore_id-1=584&term_id-1=2022 Spring&crn-1=15965","For Thomas Edison EnergySmart Charter School Students Only"
"202210","ACCT117","PRINCIPLES OF FIN ACCOUNTNG","002","10004","TF","1:00 PM - 2:20 PM"," ","Cancelled","43","0","","Face-to-Face","3","https://www.bkstr.com/webapp/wcs/stores/servlet/booklookServlet?bookstore_id-1=584&term_id-1=2022 Spring&crn-1=10004","CANCELLED 1/10/22"
"202210","ACCT117","PRINCIPLES OF FIN ACCOUNTNG","004","10005","MW","1:00 PM - 2:20 PM","KUPF 207","Open","43","34","Anandarajan, Asokan","Face-to-Face","3","https://www.bkstr.com/webapp/wcs/stores/servlet/booklookServlet?bookstore_id-1=584&term_id-1=2022 Spring&crn-1=10005",""
"202210","ACCT117","PRINCIPLES OF FIN ACCOUNTNG","102","10006","W","6:00 PM - 8:50 PM","KUPF 118","Open","43","33","Anandarajan, Asokan","Face-to-Face","3","https://www.bkstr.com/webapp/wcs/stores/servlet/booklookServlet?bookstore_id-1=584&term_id-1=2022 Spring&crn-1=10006",""
"202210","ACCT215","MANAGERIAL ACCOUNTING I","002","10007","MR","2:30 PM - 3:50 PM","KUPF 117","Open","43","31","Tamke, William","Face-to-Face","3","https://www.bkstr.com/webapp/wcs/stores/servlet/booklookServlet?bookstore_id-1=584&term_id-1=2022 Spring&crn-1=10007",""
"202210","ACCT215","MANAGERIAL ACCOUNTING I","004","10008","MW","11:30 AM - 12:50 PM","CULM LECT 2","Closed","43","43","Tamke, William","Face-to-Face","3","https://www.bkstr.com/webapp/wcs/stores/servlet/booklookServlet?bookstore_id-1=584&term_id-1=2022 Spring&crn-1=10008",""
"202210","ACCT215","MANAGERIAL ACCOUNTING I","102","10009","M","6:00 PM - 8:50 PM","CKB 106","Open","39","19","Tamke, William","Face-to-Face","3","https://www.bkstr.com/webapp/wcs/stores/servlet/booklookServlet?bookstore_id-1=584&term_id-1=2022 Spring&crn-1=10009",""
"202210","ACCT335","MANAGERIAL ACCOUNTING II","102","10010","M","6:00 PM - 8:50 PM","KUPF 205","Open","43","13","Micale, Joseph","Face-to-Face","3","https://www.bkstr.com/webapp/wcs/stores/servlet/booklookServlet?bookstore_id-1=584&term_id-1=2022 Spring&crn-1=10010",""
"202210","ACCT403","FINANCIAL STATEMENT ANALYSIS","002","10011","MR","10:00 AM - 11:20 AM","CULM LECT 2","Open","20","9","Tamke, William","Face-to-Face","3","https://www.bkstr.com/webapp/wcs/stores/servlet/booklookServlet?bookstore_id-1=584&term_id-1=2022 Spring&crn-1=10011",""
"202210","ACCT435","INTERMEDIATE ACCOUNTING II","102","10012","W","6:00 PM - 8:50 PM"," ","Cancelled","43","0","","Face-to-Face","3","https://www.bkstr.com/webapp/wcs/stores/servlet/booklookServlet?bookstore_id-1=584&term_id-1=2022 Spring&crn-1=10012","Cancelled 12/23/21"
"202210","ACCT490","INDEPENDENT STUDY IN ACCT","887","10013","",""," ","Closed","0","3","Tamke, William","Face-to-Face","3","https://www.bkstr.com/webapp/wcs/stores/servlet/booklookServlet?bookstore_id-1=584&term_id-1=2022 Spring&crn-1=10013",""
"202210","ACCT615","MANAGEMENT ACCOUNTING","102","15875","M","6:00 PM - 8:50 PM","KUPF 108","Closed","43","43","Anandarajan, Asokan","Face-to-Face","3","https://www.bkstr.com/webapp/wcs/stores/servlet/booklookServlet?bookstore_id-1=584&term_id-1=2022 Spring&crn-1=15875",""
"202210","ACCT615","MANAGEMENT ACCOUNTING","852","10014","",""," ","Open","43","31","Micale, Joseph","Online","3","https://www.bkstr.com/webapp/wcs/stores/servlet/booklookServlet?bookstore_id-1=584&term_id-1=2022 Spring&crn-1=10014","Restricted to Virtual Campus Students Only<br />Online Course"
"202210","ACCT615","MANAGEMENT ACCOUNTING","854","10015","",""," ","Closed","43","43","Taylor, Ming","","3","https://www.bkstr.com/webapp/wcs/stores/servlet/booklookServlet?bookstore_id-1=584&term_id-1=2022 Spring&crn-1=10015","Restricted to Newark Campus Students Only<br />Online Course"
