"Term","Course","Title","Section","CRN","Days","Times","Location","Status","Max","Now","Instructor","Delivery Mode","Credits","Info","Comments"
"202210","AD111","COMM IN ART+ DES - TRAD MEDIA","002","10016","R","8:30 AM - 11:20 AM"," ","Open","25","20","Brothers, David","Face-to-Face","3","https://www.bkstr.com/webapp/wcs/stores/servlet/booklookServlet?bookstore_id-1=584&term_id-1=2022 Spring&crn-1=10016",""
"202210","AD111","COMM IN ART+ DES - TRAD MEDIA","002","10016","T","8:30 AM - 11:20 AM"," ","Open","25","20","Brothers, David","Face-to-Face","3","https://www.bkstr.com/webapp/wcs/stores/servlet/booklookServlet?bookstore_id-1=584&term_id-1=2022 Spring&crn-1=10016",""
"202210","AD111","COMM IN ART+ DES - TRAD MEDIA","004","10017","R","8:30 AM - 11:20 AM"," ","Open","25","20","Brothers, David","Face-to-Face","3","https://www.bkstr.com/webapp/wcs/stores/servlet/booklookServlet?bookstore_id-1=584&term_id-1=2022 Spring&crn-1=10017",""
"202210","AD111","COMM IN ART+ DES - TRAD MEDIA","004","10017","R","8:30 AM - 11:20 AM"," ","Open","25","20","Penalba Estebanez, Ana","Face-to-Face","3","https://www.bkstr.com/webapp/wcs/stores/servlet/booklookServlet?bookstore_id-1=584&term_id-1=2022 Spring&crn-1=10017",""
"202210","AD111","COMM IN ART+ DES - TRAD MEDIA","004","10017","T","8:30 AM - 11:20 AM"," ","Open","25","20","Brothers, David","Face-to-Face","3","https://www.bkstr.com/webapp/wcs/stores/servlet/booklookServlet?bookstore_id-1=584&term_id-1=2022 Spring&crn-1=10017",""
"202210","AD111","COMM IN ART+ DES - TRAD MEDIA","004","10017","T","8:30 AM - 11:20 AM"," ","Open","25","20","Penalba Estebanez, Ana","Face-to-Face","3","https://www.bkstr.com/webapp/wcs/stores/servlet/booklookServlet?bookstore_id-1=584&term_id-1=2022 Spring&crn-1=10017",""
"202210","AD111","COMM IN ART+ DES - TRAD MEDIA","006","10018","M","1:00 PM - 3:50 PM"," ","Closed","25","25","Brothers, David","Face-to-Face","3","https://www.bkstr.com/webapp/wcs/stores/servlet/booklookServlet?bookstore_id-1=584&term_id-1=2022 Spring&crn-1=10018",""
"202210","AD111","COMM IN ART+ DES - TRAD MEDIA","006","10018","M","1:00 PM - 3:50 PM"," ","Closed","25","25","Mead, Kiel","Face-to-Face","3","https://www.bkstr.com/webapp/wcs/stores/servlet/booklookServlet?bookstore_id-1=584&term_id-1=2022 Spring&crn-1=10018",""
"202210","AD111","COMM IN ART+ DES - TRAD MEDIA","006","10018","R","1:00 PM - 3:50 PM"," ","Closed","25","25","Brothers, David","Face-to-Face","3","https://www.bkstr.com/webapp/wcs/stores/servlet/booklookServlet?bookstore_id-1=584&term_id-1=2022 Spring&crn-1=10018",""
"202210","AD111","COMM IN ART+ DES - TRAD MEDIA","006","10018","R","1:00 PM - 3:50 PM"," ","Closed","25","25","Mead, Kiel","Face-to-Face","3","https://www.bkstr.com/webapp/wcs/stores/servlet/booklookServlet?bookstore_id-1=584&term_id-1=2022 Spring&crn-1=10018",""
"202210","AD112","COMM IN ART & DES-DIGTL MEDIA","002","10021","R","8:30 AM - 11:20 AM"," ","Closed","15","17","Ross, Jessica","Face-to-Face","3","https://www.bkstr.com/webapp/wcs/stores/servlet/booklookServlet?bookstore_id-1=584&term_id-1=2022 Spring&crn-1=10021",""
"202210","AD112","COMM IN ART & DES-DIGTL MEDIA","002","10021","T","8:30 AM - 11:20 AM"," ","Closed","15","17","Ross, Jessica","Face-to-Face","3","https://www.bkstr.com/webapp/wcs/stores/servlet/booklookServlet?bookstore_id-1=584&term_id-1=2022 Spring&crn-1=10021",""
"202210","AD112","COMM IN ART & DES-DIGTL MEDIA","004","10022","M","1:00 PM - 3:50 PM"," ","Closed","15","19","Nelson, Monica","Face-to-Face","3","https://www.bkstr.com/webapp/wcs/stores/servlet/booklookServlet?bookstore_id-1=584&term_id-1=2022 Spring&crn-1=10022",""
"202210","AD112","COMM IN ART & DES-DIGTL MEDIA","004","10022","R","1:00 PM - 3:50 PM"," ","Closed","15","19","Nelson, Monica","Face-to-Face","3","https://www.bkstr.com/webapp/wcs/stores/servlet/booklookServlet?bookstore_id-1=584&term_id-1=2022 Spring&crn-1=10022",""
"202210","AD112","COMM IN ART & DES-DIGTL MEDIA","006","10023","M","1:00 PM - 3:50 PM"," ","Closed","15","19","Heidelberger, Erin","Face-to-Face","3","https://www.bkstr.com/webapp/wcs/stores/servlet/booklookServlet?bookstore_id-1=584&term_id-1=2022 Spring&crn-1=10023",""
"202210","AD112","COMM IN ART & DES-DIGTL MEDIA","006","10023","R","1:00 PM - 3:50 PM"," ","Closed","15","19","Heidelberger, Erin","Face-to-Face","3","https://www.bkstr.com/webapp/wcs/stores/servlet/booklookServlet?bookstore_id-1=584&term_id-1=2022 Spring&crn-1=10023",""
"202210","AD112","COMM IN ART & DES-DIGTL MEDIA","008","10024","R","8:30 AM - 11:20 AM"," ","Closed","15","17","Sobers, Sophia","Face-to-Face","3","https://www.bkstr.com/webapp/wcs/stores/servlet/booklookServlet?bookstore_id-1=584&term_id-1=2022 Spring&crn-1=10024",""
"202210","AD112","COMM IN ART & DES-DIGTL MEDIA","008","10024","T","8:30 AM - 11:20 AM"," ","Closed","15","17","Sobers, Sophia","Face-to-Face","3","https://www.bkstr.com/webapp/wcs/stores/servlet/booklookServlet?bookstore_id-1=584&term_id-1=2022 Spring&crn-1=10024",""
"202210","AD162","HISTORY OF ART AND DESIGN II","002","10025","TF","1:00 PM - 2:20 PM","WEST LECT 1","Open","75","70","Altin, Ersin","Face-to-Face","3","https://www.bkstr.com/webapp/wcs/stores/servlet/booklookServlet?bookstore_id-1=584&term_id-1=2022 Spring&crn-1=10025",""
"202210","AD201","HUMAN FACTORS/ERGONOMICS","002","10026","F","10:00 AM - 11:20 AM","CKB 310","Closed","25","25","Schwartz, Mathew","Hybrid","3","https://www.bkstr.com/webapp/wcs/stores/servlet/booklookServlet?bookstore_id-1=584&term_id-1=2022 Spring&crn-1=10026","Hybrid Course<br />https://www.njit.edu/registrar/instructionaldelivery/"
"202210","AD201","HUMAN FACTORS/ERGONOMICS","002","10026","",""," ","Closed","25","25","Schwartz, Mathew","Hybrid","3","https://www.bkstr.com/webapp/wcs/stores/servlet/booklookServlet?bookstore_id-1=584&term_id-1=2022 Spring&crn-1=10026","Hybrid Course<br />https://www.njit.edu/registrar/instructionaldelivery/"
"202210","AD340","PHOTOGRAPHY AND IMAGING","002","15869","R","10:00 AM - 11:20 AM","WEST 250","Closed","0","17","Goldman, Glenn","Face-to-Face","3","https://www.bkstr.com/webapp/wcs/stores/servlet/booklookServlet?bookstore_id-1=584&term_id-1=2022 Spring&crn-1=15869",""
"202210","AD340","PHOTOGRAPHY AND IMAGING","002","15869","R","8:30 AM - 9:50 AM","WEST 650","Closed","0","17","Goldman, Glenn","Face-to-Face","3","https://www.bkstr.com/webapp/wcs/stores/servlet/booklookServlet?bookstore_id-1=584&term_id-1=2022 Spring&crn-1=15869",""
"202210","AD490","ST: ECO TECTURES","004","10028","M","10:00 AM - 11:20 AM","WEST 249","Closed","15","15","Penalba Estebanez, Ana","Hybrid","3","https://www.bkstr.com/webapp/wcs/stores/servlet/booklookServlet?bookstore_id-1=584&term_id-1=2022 Spring&crn-1=10028","Hybrid Course<br />https://www.njit.edu/registrar/instructionaldelivery/"
"202210","AD490","ST: ECO TECTURES","004","10028","W","10:00 AM - 11:20 AM"," ","Closed","15","15","Penalba Estebanez, Ana","Hybrid","3","https://www.bkstr.com/webapp/wcs/stores/servlet/booklookServlet?bookstore_id-1=584&term_id-1=2022 Spring&crn-1=10028","Hybrid Course<br />https://www.njit.edu/registrar/instructionaldelivery/"
"202210","AD490","ST: THE EDGE EFFECT: DESIGN AT THE INTERSECTION OF HABITS","002","10027","W","1:00 PM - 2:20 PM"," ","Closed","15","15","Decker, Martina","Hybrid","3","https://www.bkstr.com/webapp/wcs/stores/servlet/booklookServlet?bookstore_id-1=584&term_id-1=2022 Spring&crn-1=10027","Class will meet in the Idea Factory.<br />Hybrid Course<br />https://www.njit.edu/registrar/instructionaldelivery/"
"202210","AD490","ST: THE EDGE EFFECT: DESIGN AT THE INTERSECTION OF HABITS","002","10027","",""," ","Closed","15","15","Decker, Martina","Hybrid","3","https://www.bkstr.com/webapp/wcs/stores/servlet/booklookServlet?bookstore_id-1=584&term_id-1=2022 Spring&crn-1=10027","Class will meet in the Idea Factory.<br />Hybrid Course<br />https://www.njit.edu/registrar/instructionaldelivery/"
"202210","AD493","INDEPENDENT STUDY","013","10029","",""," ","Closed","0","1","Tyrol, Katherine","Face-to-Face","3","https://www.bkstr.com/webapp/wcs/stores/servlet/booklookServlet?bookstore_id-1=584&term_id-1=2022 Spring&crn-1=10029",""
"202210","AD493","INDEPENDENT STUDY","032","10030","",""," ","Closed","0","1","Schwartz, Mathew","Face-to-Face","3","https://www.bkstr.com/webapp/wcs/stores/servlet/booklookServlet?bookstore_id-1=584&term_id-1=2022 Spring&crn-1=10030",""
