"Term","Course","Title","Section","CRN","Days","Times","Location","Status","Max","Now","Instructor","Delivery Mode","Credits","Info","Comments"
"202210","ARCH156","TOOLS AND TECHNIQUES II","002","10031","R","8:30 AM - 9:50 AM"," ","Closed","2","17","Richardson, Davis","Face-to-Face","3","https://www.bkstr.com/webapp/wcs/stores/servlet/booklookServlet?bookstore_id-1=584&term_id-1=2022 Spring&crn-1=10031",""
"202210","ARCH156","TOOLS AND TECHNIQUES II","002","10031","T","8:30 AM - 9:50 AM"," ","Closed","2","17","Richardson, Davis","Face-to-Face","3","https://www.bkstr.com/webapp/wcs/stores/servlet/booklookServlet?bookstore_id-1=584&term_id-1=2022 Spring&crn-1=10031",""
"202210","ARCH156","TOOLS AND TECHNIQUES II","004","10032","R","8:30 AM - 9:50 AM"," ","Closed","0","15","Abdelazim Mohamed Ali, Mariam","Face-to-Face","3","https://www.bkstr.com/webapp/wcs/stores/servlet/booklookServlet?bookstore_id-1=584&term_id-1=2022 Spring&crn-1=10032",""
"202210","ARCH156","TOOLS AND TECHNIQUES II","004","10032","T","8:30 AM - 9:50 AM"," ","Closed","0","15","Abdelazim Mohamed Ali, Mariam","Face-to-Face","3","https://www.bkstr.com/webapp/wcs/stores/servlet/booklookServlet?bookstore_id-1=584&term_id-1=2022 Spring&crn-1=10032",""
"202210","ARCH156","TOOLS AND TECHNIQUES II","006","10033","R","8:30 AM - 9:50 AM"," ","Closed","0","15","Rogers, Daniel","Face-to-Face","3","https://www.bkstr.com/webapp/wcs/stores/servlet/booklookServlet?bookstore_id-1=584&term_id-1=2022 Spring&crn-1=10033",""
"202210","ARCH156","TOOLS AND TECHNIQUES II","006","10033","T","8:30 AM - 9:50 AM"," ","Closed","0","15","Rogers, Daniel","Face-to-Face","3","https://www.bkstr.com/webapp/wcs/stores/servlet/booklookServlet?bookstore_id-1=584&term_id-1=2022 Spring&crn-1=10033",""
"202210","ARCH156","TOOLS AND TECHNIQUES II","008","10034","R","8:30 AM - 9:50 AM"," ","Closed","0","14","Richter, Raquel","Face-to-Face","3","https://www.bkstr.com/webapp/wcs/stores/servlet/booklookServlet?bookstore_id-1=584&term_id-1=2022 Spring&crn-1=10034",""
"202210","ARCH156","TOOLS AND TECHNIQUES II","008","10034","T","8:30 AM - 9:50 AM"," ","Closed","0","14","Richter, Raquel","Face-to-Face","3","https://www.bkstr.com/webapp/wcs/stores/servlet/booklookServlet?bookstore_id-1=584&term_id-1=2022 Spring&crn-1=10034",""
"202210","ARCH156","TOOLS AND TECHNIQUES II","010","10035","R","10:00 AM - 11:20 AM"," ","Closed","0","14","Cunningham, John","Face-to-Face","3","https://www.bkstr.com/webapp/wcs/stores/servlet/booklookServlet?bookstore_id-1=584&term_id-1=2022 Spring&crn-1=10035",""
"202210","ARCH156","TOOLS AND TECHNIQUES II","010","10035","T","10:00 AM - 11:20 AM"," ","Closed","0","14","Cunningham, John","Face-to-Face","3","https://www.bkstr.com/webapp/wcs/stores/servlet/booklookServlet?bookstore_id-1=584&term_id-1=2022 Spring&crn-1=10035",""
"202210","ARCH156","TOOLS AND TECHNIQUES II","012","10036","R","10:00 AM - 11:20 AM"," ","Closed","2","14","Owens, Cheyne","Face-to-Face","3","https://www.bkstr.com/webapp/wcs/stores/servlet/booklookServlet?bookstore_id-1=584&term_id-1=2022 Spring&crn-1=10036",""
"202210","ARCH156","TOOLS AND TECHNIQUES II","012","10036","R","10:00 AM - 11:20 AM"," ","Closed","2","14","Cunningham, John","Face-to-Face","3","https://www.bkstr.com/webapp/wcs/stores/servlet/booklookServlet?bookstore_id-1=584&term_id-1=2022 Spring&crn-1=10036",""
"202210","ARCH156","TOOLS AND TECHNIQUES II","012","10036","T","10:00 AM - 11:20 AM"," ","Closed","2","14","Owens, Cheyne","Face-to-Face","3","https://www.bkstr.com/webapp/wcs/stores/servlet/booklookServlet?bookstore_id-1=584&term_id-1=2022 Spring&crn-1=10036",""
"202210","ARCH156","TOOLS AND TECHNIQUES II","012","10036","T","10:00 AM - 11:20 AM"," ","Closed","2","14","Cunningham, John","Face-to-Face","3","https://www.bkstr.com/webapp/wcs/stores/servlet/booklookServlet?bookstore_id-1=584&term_id-1=2022 Spring&crn-1=10036",""
"202210","ARCH156","TOOLS AND TECHNIQUES II","014","10037","R","10:00 AM - 11:20 AM"," ","Closed","0","15","Richter, Raquel","Face-to-Face","3","https://www.bkstr.com/webapp/wcs/stores/servlet/booklookServlet?bookstore_id-1=584&term_id-1=2022 Spring&crn-1=10037",""
"202210","ARCH156","TOOLS AND TECHNIQUES II","014","10037","T","10:00 AM - 11:20 AM"," ","Closed","0","15","Richter, Raquel","Face-to-Face","3","https://www.bkstr.com/webapp/wcs/stores/servlet/booklookServlet?bookstore_id-1=584&term_id-1=2022 Spring&crn-1=10037",""
"202210","ARCH156","TOOLS AND TECHNIQUES II","016","10038","R","10:00 AM - 11:20 AM"," ","Closed","0","16","Rogers, Daniel","Face-to-Face","3","https://www.bkstr.com/webapp/wcs/stores/servlet/booklookServlet?bookstore_id-1=584&term_id-1=2022 Spring&crn-1=10038",""
"202210","ARCH156","TOOLS AND TECHNIQUES II","016","10038","T","10:00 AM - 11:20 AM"," ","Closed","0","16","Rogers, Daniel","Face-to-Face","3","https://www.bkstr.com/webapp/wcs/stores/servlet/booklookServlet?bookstore_id-1=584&term_id-1=2022 Spring&crn-1=10038",""
"202210","ARCH156","TOOLS AND TECHNIQUES II","018","15948","R","10:00 AM - 11:20 AM"," ","Closed","0","0","","Face-to-Face","3","https://www.bkstr.com/webapp/wcs/stores/servlet/booklookServlet?bookstore_id-1=584&term_id-1=2022 Spring&crn-1=15948",""
"202210","ARCH156","TOOLS AND TECHNIQUES II","018","15948","T","10:00 AM - 11:20 AM"," ","Closed","0","0","","Face-to-Face","3","https://www.bkstr.com/webapp/wcs/stores/servlet/booklookServlet?bookstore_id-1=584&term_id-1=2022 Spring&crn-1=15948",""
"202210","ARCH156","TOOLS AND TECHNIQUES II - HONORS","H02","10039","R","8:30 AM - 9:50 AM"," ","Closed","15","15","Cunningham, John","Face-to-Face","3","https://www.bkstr.com/webapp/wcs/stores/servlet/booklookServlet?bookstore_id-1=584&term_id-1=2022 Spring&crn-1=10039","Honors Course"
"202210","ARCH156","TOOLS AND TECHNIQUES II - HONORS","H02","10039","T","8:30 AM - 9:50 AM"," ","Closed","15","15","Cunningham, John","Face-to-Face","3","https://www.bkstr.com/webapp/wcs/stores/servlet/booklookServlet?bookstore_id-1=584&term_id-1=2022 Spring&crn-1=10039","Honors Course"
"202210","ARCH196","ARCHITECTURE STUDIO II","002","10040","MR","1:00 PM - 5:20 PM"," ","Closed","2","15","Mehta, Nidhip","Face-to-Face","4","https://www.bkstr.com/webapp/wcs/stores/servlet/booklookServlet?bookstore_id-1=584&term_id-1=2022 Spring&crn-1=10040",""
"202210","ARCH196","ARCHITECTURE STUDIO II","004","10041","MR","1:00 PM - 5:20 PM"," ","Closed","0","15","Abdelazim Mohamed Ali, Mariam","Face-to-Face","4","https://www.bkstr.com/webapp/wcs/stores/servlet/booklookServlet?bookstore_id-1=584&term_id-1=2022 Spring&crn-1=10041",""
"202210","ARCH196","ARCHITECTURE STUDIO II","006","10042","MR","1:00 PM - 5:20 PM"," ","Closed","0","15","Petrocelli, Luke","Face-to-Face","4","https://www.bkstr.com/webapp/wcs/stores/servlet/booklookServlet?bookstore_id-1=584&term_id-1=2022 Spring&crn-1=10042",""
"202210","ARCH196","ARCHITECTURE STUDIO II","008","10043","MR","1:00 PM - 5:20 PM"," ","Closed","0","14","Malellari, Enkela","Face-to-Face","4","https://www.bkstr.com/webapp/wcs/stores/servlet/booklookServlet?bookstore_id-1=584&term_id-1=2022 Spring&crn-1=10043",""
"202210","ARCH196","ARCHITECTURE STUDIO II","010","10044","MR","1:00 PM - 5:20 PM"," ","Closed","0","14","Calero, Margarita","Face-to-Face","4","https://www.bkstr.com/webapp/wcs/stores/servlet/booklookServlet?bookstore_id-1=584&term_id-1=2022 Spring&crn-1=10044",""
"202210","ARCH196","ARCHITECTURE STUDIO II","012","10045","MR","1:00 PM - 5:20 PM"," ","Closed","0","15","Navia, Carlos","Face-to-Face","4","https://www.bkstr.com/webapp/wcs/stores/servlet/booklookServlet?bookstore_id-1=584&term_id-1=2022 Spring&crn-1=10045",""
"202210","ARCH196","ARCHITECTURE STUDIO II","014","10046","MR","1:00 PM - 5:20 PM"," ","Closed","0","15","Coleman, James","Face-to-Face","4","https://www.bkstr.com/webapp/wcs/stores/servlet/booklookServlet?bookstore_id-1=584&term_id-1=2022 Spring&crn-1=10046",""
"202210","ARCH196","ARCHITECTURE STUDIO II","016","10047","MR","1:00 PM - 5:20 PM"," ","Closed","0","16","Hofmann, Kevin","Face-to-Face","4","https://www.bkstr.com/webapp/wcs/stores/servlet/booklookServlet?bookstore_id-1=584&term_id-1=2022 Spring&crn-1=10047",""
"202210","ARCH196","ARCHITECTURE STUDIO II","018","15949","MR","1:00 PM - 5:20 PM"," ","Closed","0","0","","Face-to-Face","4","https://www.bkstr.com/webapp/wcs/stores/servlet/booklookServlet?bookstore_id-1=584&term_id-1=2022 Spring&crn-1=15949",""
"202210","ARCH196","ARCHITECTURE STUDIO II - HONORS","H02","10048","MR","1:00 PM - 5:20 PM"," ","Closed","15","15","Ogorzalek, Thomas","Face-to-Face","4","https://www.bkstr.com/webapp/wcs/stores/servlet/booklookServlet?bookstore_id-1=584&term_id-1=2022 Spring&crn-1=10048","Honors Course"
"202210","ARCH211","HISTORY OF ARCHITECTURE II","002","10049","W","11:30 AM - 12:50 PM","WEST LECT 1","Open","135","128","Esperdy, Gabrielle","Hybrid","3","https://www.bkstr.com/webapp/wcs/stores/servlet/booklookServlet?bookstore_id-1=584&term_id-1=2022 Spring&crn-1=10049","Hybrid Course<br />https://www.njit.edu/registrar/instructionaldelivery/"
"202210","ARCH211","HISTORY OF ARCHITECTURE II","002","10049","",""," ","Open","135","128","Esperdy, Gabrielle","Hybrid","3","https://www.bkstr.com/webapp/wcs/stores/servlet/booklookServlet?bookstore_id-1=584&term_id-1=2022 Spring&crn-1=10049","Hybrid Course<br />https://www.njit.edu/registrar/instructionaldelivery/"
"202210","ARCH224","CONSTRUCTION II","002","10050","MW","10:00 AM - 11:20 AM","GITC 1400","Closed","110","116","Garcia Figueroa, Julio","Face-to-Face","3","https://www.bkstr.com/webapp/wcs/stores/servlet/booklookServlet?bookstore_id-1=584&term_id-1=2022 Spring&crn-1=10050",""
"202210","ARCH282","STRUCTURAL PRINCIPLES","002","10051","MR","10:00 AM - 11:20 AM","KUPF 104","Open","25","16","Ogorzalek, Thomas","Face-to-Face","3","https://www.bkstr.com/webapp/wcs/stores/servlet/booklookServlet?bookstore_id-1=584&term_id-1=2022 Spring&crn-1=10051",""
"202210","ARCH296","ARCHITECTURE STUDIO IV","002","10052","MR","1:00 PM - 5:20 PM"," ","Open","2","0","Garcia Figueroa, Julio","Face-to-Face","4","https://www.bkstr.com/webapp/wcs/stores/servlet/booklookServlet?bookstore_id-1=584&term_id-1=2022 Spring&crn-1=10052",""
"202210","ARCH296","ARCHITECTURE STUDIO IV","004","10053","MR","1:00 PM - 5:20 PM"," ","Closed","0","14","Kaa, Austin","Face-to-Face","4","https://www.bkstr.com/webapp/wcs/stores/servlet/booklookServlet?bookstore_id-1=584&term_id-1=2022 Spring&crn-1=10053",""
"202210","ARCH296","ARCHITECTURE STUDIO IV","006","10054","MR","1:00 PM - 5:20 PM"," ","Closed","0","14","Zipori, Esther","Face-to-Face","4","https://www.bkstr.com/webapp/wcs/stores/servlet/booklookServlet?bookstore_id-1=584&term_id-1=2022 Spring&crn-1=10054",""
"202210","ARCH296","ARCHITECTURE STUDIO IV","008","10055","MR","1:00 PM - 5:20 PM"," ","Closed","0","14","Denes, Matei","Face-to-Face","4","https://www.bkstr.com/webapp/wcs/stores/servlet/booklookServlet?bookstore_id-1=584&term_id-1=2022 Spring&crn-1=10055",""
"202210","ARCH296","ARCHITECTURE STUDIO IV","010","10056","MR","1:00 PM - 5:20 PM"," ","Closed","0","14","Rauch, Jeffrey","Face-to-Face","4","https://www.bkstr.com/webapp/wcs/stores/servlet/booklookServlet?bookstore_id-1=584&term_id-1=2022 Spring&crn-1=10056",""
"202210","ARCH296","ARCHITECTURE STUDIO IV","012","10057","MR","1:00 PM - 5:20 PM"," ","Closed","0","13","Yan, Han","Face-to-Face","4","https://www.bkstr.com/webapp/wcs/stores/servlet/booklookServlet?bookstore_id-1=584&term_id-1=2022 Spring&crn-1=10057",""
"202210","ARCH296","ARCHITECTURE STUDIO IV","014","10058","MR","1:00 PM - 5:20 PM"," ","Closed","0","13","Akhavan, Benjamin","Face-to-Face","4","https://www.bkstr.com/webapp/wcs/stores/servlet/booklookServlet?bookstore_id-1=584&term_id-1=2022 Spring&crn-1=10058",""
"202210","ARCH296","ARCHITECTURE STUDIO IV","016","10059","MR","1:00 PM - 5:20 PM"," ","Closed","0","13","Dumbadze, Peter","Face-to-Face","4","https://www.bkstr.com/webapp/wcs/stores/servlet/booklookServlet?bookstore_id-1=584&term_id-1=2022 Spring&crn-1=10059",""
"202210","ARCH296","ARCHITECTURE STUDIO IV","018","10060","MR","1:00 PM - 5:20 PM"," ","Closed","0","13","Samiei, Kaveh","Face-to-Face","4","https://www.bkstr.com/webapp/wcs/stores/servlet/booklookServlet?bookstore_id-1=584&term_id-1=2022 Spring&crn-1=10060",""
"202210","ARCH301","DIGITAL MODELING & FABRICATION","002","15666","T","1:00 PM - 3:50 PM","WEST 761","Closed","15","15","Castillo, Angel","Face-to-Face","3","https://www.bkstr.com/webapp/wcs/stores/servlet/booklookServlet?bookstore_id-1=584&term_id-1=2022 Spring&crn-1=15666",""
"202210","ARCH301","DIGITAL MODELING & FABRICATION","WVH","15908","",""," ","Closed","0","2","","Face-to-Face","3","https://www.bkstr.com/webapp/wcs/stores/servlet/booklookServlet?bookstore_id-1=584&term_id-1=2022 Spring&crn-1=15908","For Wayne Valley High School Students Only"
"202210","ARCH304","STRUCTURES II","002","10061","TR","10:00 AM - 11:20 AM"," ","Cancelled","95","0","","Face-to-Face","3","https://www.bkstr.com/webapp/wcs/stores/servlet/booklookServlet?bookstore_id-1=584&term_id-1=2022 Spring&crn-1=10061","Cancelled 12/17/21"
"202210","ARCH304","STRUCTURES II","004","15813","TF","10:00 AM - 11:20 AM","GITC 1100","Open","95","91","Taher, Rima","Face-to-Face","3","https://www.bkstr.com/webapp/wcs/stores/servlet/booklookServlet?bookstore_id-1=584&term_id-1=2022 Spring&crn-1=15813",""
"202210","ARCH310","CO-OP WORK EXPERIENCE I","002","10062","",""," ","Closed","0","2","Cays, John","Face-to-Face","3","https://www.bkstr.com/webapp/wcs/stores/servlet/booklookServlet?bookstore_id-1=584&term_id-1=2022 Spring&crn-1=10062",""
"202210","ARCH310","CO-OP WORK EXPERIENCE I","004","10063","",""," ","Closed","0","0","Cays, John","Face-to-Face","3","https://www.bkstr.com/webapp/wcs/stores/servlet/booklookServlet?bookstore_id-1=584&term_id-1=2022 Spring&crn-1=10063",""
"202210","ARCH314","ENVIRON CONTROL SYSTEMS II","002","10064","W","10:00 AM - 11:20 AM","GITC 1100","Open","95","79","Kim, Hyojin","Hybrid","3","https://www.bkstr.com/webapp/wcs/stores/servlet/booklookServlet?bookstore_id-1=584&term_id-1=2022 Spring&crn-1=10064","Hybrid Course<br />https://www.njit.edu/registrar/instructionaldelivery/"
"202210","ARCH314","ENVIRON CONTROL SYSTEMS II","002","10064","",""," ","Open","95","79","Kim, Hyojin","Hybrid","3","https://www.bkstr.com/webapp/wcs/stores/servlet/booklookServlet?bookstore_id-1=584&term_id-1=2022 Spring&crn-1=10064","Hybrid Course<br />https://www.njit.edu/registrar/instructionaldelivery/"
"202210","ARCH316","COMPUTER APPLICATIONS TO ARCH","002","10065","T","1:00 PM - 2:20 PM"," ","Cancelled","15","0","","Hybrid","3","https://www.bkstr.com/webapp/wcs/stores/servlet/booklookServlet?bookstore_id-1=584&term_id-1=2022 Spring&crn-1=10065","Cancelled 12/9/21"
"202210","ARCH316","COMPUTER APPLICATIONS TO ARCH","002","10065","",""," ","Cancelled","15","0","","Hybrid","3","https://www.bkstr.com/webapp/wcs/stores/servlet/booklookServlet?bookstore_id-1=584&term_id-1=2022 Spring&crn-1=10065","Cancelled 12/9/21"
"202210","ARCH316","COMPUTER APPLICATIONS TO ARCH","004","15770","TF","1:00 PM - 2:20 PM","WEST 140","Closed","19","19","Taher, Rima","Face-to-Face","3","https://www.bkstr.com/webapp/wcs/stores/servlet/booklookServlet?bookstore_id-1=584&term_id-1=2022 Spring&crn-1=15770",""
"202210","ARCH324","LANDSCAPE AND URBANISM","452","10066","",""," ","Closed","40","46","Bolstad, Jennifer","Online","3","https://www.bkstr.com/webapp/wcs/stores/servlet/booklookServlet?bookstore_id-1=584&term_id-1=2022 Spring&crn-1=10066","Online Course"
"202210","ARCH337","BUILDING INFORMATION MODELING","002","10067","M","8:30 AM - 11:20 AM"," ","Cancelled","15","0","","Face-to-Face","3","https://www.bkstr.com/webapp/wcs/stores/servlet/booklookServlet?bookstore_id-1=584&term_id-1=2022 Spring&crn-1=10067","Cancelled 12/9/21"
"202210","ARCH337","BUILDING INFORMATION MODELING","102","15771","W","6:00 PM - 8:50 PM","WEST 140","Closed","20","20","Warshofsky, Brandon","Face-to-Face","3","https://www.bkstr.com/webapp/wcs/stores/servlet/booklookServlet?bookstore_id-1=584&term_id-1=2022 Spring&crn-1=15771",""
"202210","ARCH382","HISTORY OF ARCHITECTURE IV","002","10068","F","1:00 PM - 2:20 PM","KUPF 211","Open","50","44","Piker, Ulker","Face-to-Face","3","https://www.bkstr.com/webapp/wcs/stores/servlet/booklookServlet?bookstore_id-1=584&term_id-1=2022 Spring&crn-1=10068",""
"202210","ARCH382","HISTORY OF ARCHITECTURE IV","002","10068","T","1:00 PM - 2:20 PM","KUPF 211","Open","50","44","Piker, Ulker","Face-to-Face","3","https://www.bkstr.com/webapp/wcs/stores/servlet/booklookServlet?bookstore_id-1=584&term_id-1=2022 Spring&crn-1=10068",""
"202210","ARCH396","ARCHITECTURE STUDIO VI","002","10069","MR","1:00 PM - 5:20 PM"," ","Open","2","0","Parlac, Vera","Face-to-Face","4","https://www.bkstr.com/webapp/wcs/stores/servlet/booklookServlet?bookstore_id-1=584&term_id-1=2022 Spring&crn-1=10069",""
"202210","ARCH396","ARCHITECTURE STUDIO VI","004","10070","MR","1:00 PM - 5:20 PM"," ","Closed","0","13","Parlac, Vera","Face-to-Face","4","https://www.bkstr.com/webapp/wcs/stores/servlet/booklookServlet?bookstore_id-1=584&term_id-1=2022 Spring&crn-1=10070",""
"202210","ARCH396","ARCHITECTURE STUDIO VI","006","10071","MR","1:00 PM - 5:20 PM"," ","Closed","0","14","Ko, Won Hee","Face-to-Face","4","https://www.bkstr.com/webapp/wcs/stores/servlet/booklookServlet?bookstore_id-1=584&term_id-1=2022 Spring&crn-1=10071",""
"202210","ARCH396","ARCHITECTURE STUDIO VI","008","10072","MR","1:00 PM - 5:20 PM"," ","Closed","0","14","Hollberg, Benjamin","Face-to-Face","4","https://www.bkstr.com/webapp/wcs/stores/servlet/booklookServlet?bookstore_id-1=584&term_id-1=2022 Spring&crn-1=10072",""
"202210","ARCH396","ARCHITECTURE STUDIO VI","010","10073","MR","1:00 PM - 5:20 PM"," ","Closed","0","14","Owens, Cheyne","Face-to-Face","4","https://www.bkstr.com/webapp/wcs/stores/servlet/booklookServlet?bookstore_id-1=584&term_id-1=2022 Spring&crn-1=10073",""
"202210","ARCH396","ARCHITECTURE STUDIO VI","012","10074","MR","1:00 PM - 5:20 PM"," ","Closed","0","14","Diskina, Viktoria","Face-to-Face","4","https://www.bkstr.com/webapp/wcs/stores/servlet/booklookServlet?bookstore_id-1=584&term_id-1=2022 Spring&crn-1=10074",""
"202210","ARCH396","ARCHITECTURE STUDIO VI","014","10075","MR","1:00 PM - 5:20 PM"," ","Closed","0","14","Berlinghieri, Joseph","Face-to-Face","4","https://www.bkstr.com/webapp/wcs/stores/servlet/booklookServlet?bookstore_id-1=584&term_id-1=2022 Spring&crn-1=10075",""
"202210","ARCH396","ARCHITECTURE STUDIO VI","016","10076","MR","1:00 PM - 5:20 PM"," ","Closed","0","0","","Face-to-Face","4","https://www.bkstr.com/webapp/wcs/stores/servlet/booklookServlet?bookstore_id-1=584&term_id-1=2022 Spring&crn-1=10076",""
"202210","ARCH396","ARCHITECTURE STUDIO VI","018","10077","MR","1:00 PM - 5:10 PM"," ","Closed","0","0","","Face-to-Face","4","https://www.bkstr.com/webapp/wcs/stores/servlet/booklookServlet?bookstore_id-1=584&term_id-1=2022 Spring&crn-1=10077",""
"202210","ARCH408","INVESTIGATION CONTEM LANDSCAPE","452","10078","",""," ","Closed","15","17","Bolstad, Jennifer","Online","3","https://www.bkstr.com/webapp/wcs/stores/servlet/booklookServlet?bookstore_id-1=584&term_id-1=2022 Spring&crn-1=10078","Online Course"
"202210","ARCH410","CO-OP WORK EXPERIENCE II","002","10079","",""," ","Closed","0","0","Cays, John","Face-to-Face","3","https://www.bkstr.com/webapp/wcs/stores/servlet/booklookServlet?bookstore_id-1=584&term_id-1=2022 Spring&crn-1=10079",""
"202210","ARCH410","CO-OP WORK EXPERIENCE II","004","10080","",""," ","Closed","0","0","Cays, John","Face-to-Face","3","https://www.bkstr.com/webapp/wcs/stores/servlet/booklookServlet?bookstore_id-1=584&term_id-1=2022 Spring&crn-1=10080",""
"202210","ARCH463","OPTIONS STUDIO I","002","10081","MR","12:00 PM - 5:20 PM","WEST LECT 1","Closed","7","7","Schuman, Anthony","Face-to-Face","5","https://www.bkstr.com/webapp/wcs/stores/servlet/booklookServlet?bookstore_id-1=584&term_id-1=2022 Spring&crn-1=10081",""
"202210","ARCH463","OPTIONS STUDIO I","004","10082","MR","12:00 PM - 5:20 PM"," ","Closed","7","7","Riether, Gernot","Face-to-Face","5","https://www.bkstr.com/webapp/wcs/stores/servlet/booklookServlet?bookstore_id-1=584&term_id-1=2022 Spring&crn-1=10082",""
"202210","ARCH463","OPTIONS STUDIO I","006","10083","MR","12:00 PM - 5:20 PM"," ","Closed","7","7","Pellegrino, Erin","Face-to-Face","5","https://www.bkstr.com/webapp/wcs/stores/servlet/booklookServlet?bookstore_id-1=584&term_id-1=2022 Spring&crn-1=10083",""
"202210","ARCH463","OPTIONS STUDIO I","006","10083","MR","12:00 PM - 5:20 PM"," ","Closed","7","7","Firestone, Charles","Face-to-Face","5","https://www.bkstr.com/webapp/wcs/stores/servlet/booklookServlet?bookstore_id-1=584&term_id-1=2022 Spring&crn-1=10083",""
"202210","ARCH463","OPTIONS STUDIO I","008","10084","MR","12:00 PM - 5:20 PM"," ","Closed","0","0","","Face-to-Face","5","https://www.bkstr.com/webapp/wcs/stores/servlet/booklookServlet?bookstore_id-1=584&term_id-1=2022 Spring&crn-1=10084",""
"202210","ARCH464","OPTIONS STUDIO II","002","10085","MR","12:00 PM - 5:20 PM","WEST LECT 1","Open","7","6","Schuman, Anthony","Face-to-Face","5","https://www.bkstr.com/webapp/wcs/stores/servlet/booklookServlet?bookstore_id-1=584&term_id-1=2022 Spring&crn-1=10085",""
"202210","ARCH464","OPTIONS STUDIO II","004","10086","MR","12:00 PM - 5:20 PM"," ","Open","7","5","Riether, Gernot","Face-to-Face","5","https://www.bkstr.com/webapp/wcs/stores/servlet/booklookServlet?bookstore_id-1=584&term_id-1=2022 Spring&crn-1=10086",""
"202210","ARCH464","OPTIONS STUDIO II","006","10087","MR","12:00 PM - 5:20 PM"," ","Open","7","6","Pellegrino, Erin","Face-to-Face","5","https://www.bkstr.com/webapp/wcs/stores/servlet/booklookServlet?bookstore_id-1=584&term_id-1=2022 Spring&crn-1=10087",""
"202210","ARCH464","OPTIONS STUDIO II","006","10087","MR","12:00 PM - 5:20 PM"," ","Open","7","6","Firestone, Charles","Face-to-Face","5","https://www.bkstr.com/webapp/wcs/stores/servlet/booklookServlet?bookstore_id-1=584&term_id-1=2022 Spring&crn-1=10087",""
"202210","ARCH464","OPTIONS STUDIO II","008","10088","MR","12:00 PM - 5:20 PM"," ","Closed","0","0","","Face-to-Face","5","https://www.bkstr.com/webapp/wcs/stores/servlet/booklookServlet?bookstore_id-1=584&term_id-1=2022 Spring&crn-1=10088",""
"202210","ARCH475","PROFESSIONAL PRACTICE II","002","10089","F","10:00 AM - 11:20 AM","CULM LECT 3","Closed","45","55","Bess, Mark","Face-to-Face","3","https://www.bkstr.com/webapp/wcs/stores/servlet/booklookServlet?bookstore_id-1=584&term_id-1=2022 Spring&crn-1=10089",""
"202210","ARCH475","PROFESSIONAL PRACTICE II","002","10089","T","10:00 AM - 11:20 AM","CULM LECT 3","Closed","45","55","Bess, Mark","Face-to-Face","3","https://www.bkstr.com/webapp/wcs/stores/servlet/booklookServlet?bookstore_id-1=584&term_id-1=2022 Spring&crn-1=10089",""
"202210","ARCH491","INDEPENDENT STUDY","002","10090","",""," ","Closed","0","0","Celik, Zeynep","Face-to-Face","1","https://www.bkstr.com/webapp/wcs/stores/servlet/booklookServlet?bookstore_id-1=584&term_id-1=2022 Spring&crn-1=10090",""
"202210","ARCH493","INDEPENDENT STUDY","008","10091","",""," ","Closed","0","0","Zarzycki, Andrzej","Face-to-Face","3","https://www.bkstr.com/webapp/wcs/stores/servlet/booklookServlet?bookstore_id-1=584&term_id-1=2022 Spring&crn-1=10091",""
"202210","ARCH493","INDEPENDENT STUDY","010","10092","",""," ","Closed","0","0","Cays, John","Face-to-Face","3","https://www.bkstr.com/webapp/wcs/stores/servlet/booklookServlet?bookstore_id-1=584&term_id-1=2022 Spring&crn-1=10092",""
"202210","ARCH493","INDEPENDENT STUDY","013","10093","",""," ","Closed","0","0","Cays, John","Face-to-Face","3","https://www.bkstr.com/webapp/wcs/stores/servlet/booklookServlet?bookstore_id-1=584&term_id-1=2022 Spring&crn-1=10093",""
"202210","ARCH493","INDEPENDENT STUDY","014","10094","",""," ","Closed","0","0","Cays, John","Face-to-Face","3","https://www.bkstr.com/webapp/wcs/stores/servlet/booklookServlet?bookstore_id-1=584&term_id-1=2022 Spring&crn-1=10094",""
"202210","ARCH493","INDEPENDENT STUDY","022","10095","",""," ","Closed","0","0","Cays, John","Face-to-Face","3","https://www.bkstr.com/webapp/wcs/stores/servlet/booklookServlet?bookstore_id-1=584&term_id-1=2022 Spring&crn-1=10095",""
"202210","ARCH495","ADV. ARCHITECTURE STUDIO I","002","10096","MR","12:00 PM - 5:20 PM"," ","Closed","0","2","Pellegrino, Erin","Face-to-Face","5","https://www.bkstr.com/webapp/wcs/stores/servlet/booklookServlet?bookstore_id-1=584&term_id-1=2022 Spring&crn-1=10096",""
"202210","ARCH495","ADV. ARCHITECTURE STUDIO I","004","10097","MR","12:00 PM - 5:20 PM"," ","Closed","0","1","Schuman, Anthony","Face-to-Face","5","https://www.bkstr.com/webapp/wcs/stores/servlet/booklookServlet?bookstore_id-1=584&term_id-1=2022 Spring&crn-1=10097",""
"202210","ARCH495","ADV. ARCHITECTURE STUDIO I","006","10098","MR","12:00 PM - 5:20 PM"," ","Open","15","7","Grieco, Caroline","Face-to-Face","5","https://www.bkstr.com/webapp/wcs/stores/servlet/booklookServlet?bookstore_id-1=584&term_id-1=2022 Spring&crn-1=10098",""
"202210","ARCH500G","TOOLS AND TECHNIQUES II","002","10103","T","8:30 AM - 11:20 AM"," ","Cancelled","15","0","","Face-to-Face","3","https://www.bkstr.com/webapp/wcs/stores/servlet/booklookServlet?bookstore_id-1=584&term_id-1=2022 Spring&crn-1=10103","Cancelled 11/27/21"
"202210","ARCH500G","TOOLS AND TECHNIQUES II","004","15633","R","8:30 AM - 11:20 AM"," ","Cancelled","20","0","","Face-to-Face","3","https://www.bkstr.com/webapp/wcs/stores/servlet/booklookServlet?bookstore_id-1=584&term_id-1=2022 Spring&crn-1=15633","Cancelled 1/12/22"
"202210","ARCH500G","TOOLS AND TECHNIQUES II","102","15920","R","6:00 PM - 8:50 PM","WEST 140","Closed","15","17","Warshofsky, Brandon","Face-to-Face","3","https://www.bkstr.com/webapp/wcs/stores/servlet/booklookServlet?bookstore_id-1=584&term_id-1=2022 Spring&crn-1=15920",""
"202210","ARCH502G","ARCHITECTURE STUDIO II","002","10104","MR","12:00 PM - 5:50 PM"," ","Open","15","12","Gibbs, Carrie","Face-to-Face","6","https://www.bkstr.com/webapp/wcs/stores/servlet/booklookServlet?bookstore_id-1=584&term_id-1=2022 Spring&crn-1=10104",""
"202210","ARCH502G","ARCHITECTURE STUDIO II","004","15611","MR","12:00 PM - 5:50 PM"," ","Open","15","0","","Face-to-Face","6","https://www.bkstr.com/webapp/wcs/stores/servlet/booklookServlet?bookstore_id-1=584&term_id-1=2022 Spring&crn-1=15611",""
"202210","ARCH504G","ARCHITECTURE STUDIO IV","002","10105","MR","12:00 PM - 5:50 PM"," ","Open","30","0","Hutzell, Kelly","Face-to-Face","6","https://www.bkstr.com/webapp/wcs/stores/servlet/booklookServlet?bookstore_id-1=584&term_id-1=2022 Spring&crn-1=10105",""
"202210","ARCH504G","ARCHITECTURE STUDIO IV","004","15612","MR","12:00 PM - 5:50 PM"," ","Open","15","9","Hutzell, Kelly","Face-to-Face","6","https://www.bkstr.com/webapp/wcs/stores/servlet/booklookServlet?bookstore_id-1=584&term_id-1=2022 Spring&crn-1=15612",""
"202210","ARCH504G","ARCHITECTURE STUDIO IV","006","15613","MR","12:00 PM - 5:50 PM"," ","Closed","0","12","Gardner, Christopher","Face-to-Face","6","https://www.bkstr.com/webapp/wcs/stores/servlet/booklookServlet?bookstore_id-1=584&term_id-1=2022 Spring&crn-1=15613",""
"202210","ARCH506G","ADV. ARCHITECTURE STUDIO II","002","10106","MR","12:00 PM - 5:50 PM"," ","Open","15","8","Zdepski, Michael","Face-to-Face","6","https://www.bkstr.com/webapp/wcs/stores/servlet/booklookServlet?bookstore_id-1=584&term_id-1=2022 Spring&crn-1=10106",""
"202210","ARCH510","CO-OP WORK EXPERIENCE III","002","10107","",""," ","Closed","0","0","Cays, John","Face-to-Face","0","https://www.bkstr.com/webapp/wcs/stores/servlet/booklookServlet?bookstore_id-1=584&term_id-1=2022 Spring&crn-1=10107",""
"202210","ARCH510","CO-OP WORK EXPERIENCE III","004","10108","",""," ","Closed","0","0","Cays, John","Face-to-Face","0","https://www.bkstr.com/webapp/wcs/stores/servlet/booklookServlet?bookstore_id-1=584&term_id-1=2022 Spring&crn-1=10108",""
"202210","ARCH529G","HISTORY OF ARCHITECTURE II","002","10109","F","1:00 PM - 2:20 PM","FMH 108","Open","20","13","Harp, Cleveland","Face-to-Face","3","https://www.bkstr.com/webapp/wcs/stores/servlet/booklookServlet?bookstore_id-1=584&term_id-1=2022 Spring&crn-1=10109",""
"202210","ARCH529G","HISTORY OF ARCHITECTURE II","002","10109","W","1:00 PM - 2:20 PM","CKB 207","Open","20","13","Harp, Cleveland","Face-to-Face","3","https://www.bkstr.com/webapp/wcs/stores/servlet/booklookServlet?bookstore_id-1=584&term_id-1=2022 Spring&crn-1=10109",""
"202210","ARCH537","ADVANCED STRUCTURES","002","15779","TF","2:30 PM - 3:50 PM","CKB 315","Closed","15","16","Taher, Rima","Face-to-Face","3","https://www.bkstr.com/webapp/wcs/stores/servlet/booklookServlet?bookstore_id-1=584&term_id-1=2022 Spring&crn-1=15779",""
"202210","ARCH542G","CONSTRUCTION II","002","10110","MW","8:30 AM - 9:50 AM","CKB 316","Closed","18","19","Garcia Figueroa, Julio","Face-to-Face","3","https://www.bkstr.com/webapp/wcs/stores/servlet/booklookServlet?bookstore_id-1=584&term_id-1=2022 Spring&crn-1=10110",""
"202210","ARCH544G","ENVIRONMTL CONTROL SYSTEMS II","852","10111","",""," ","Open","25","21","Yan, Han","","3","https://www.bkstr.com/webapp/wcs/stores/servlet/booklookServlet?bookstore_id-1=584&term_id-1=2022 Spring&crn-1=10111","Restricted to Newark Campus Students Only<br />Online Course"
"202210","ARCH547G","SYNTHESIS SEMINAR","002","10112","MR","10:00 AM - 11:20 AM"," ","Cancelled","15","0","","Face-to-Face","3","https://www.bkstr.com/webapp/wcs/stores/servlet/booklookServlet?bookstore_id-1=584&term_id-1=2022 Spring&crn-1=10112","Cancelled 12/9/21"
"202210","ARCH547G","SYNTHESIS SEMINAR","004","15772","MR","8:30 AM - 9:50 AM"," ","Open","15","8","Heidelberger, Erin","Face-to-Face","3","https://www.bkstr.com/webapp/wcs/stores/servlet/booklookServlet?bookstore_id-1=584&term_id-1=2022 Spring&crn-1=15772",""
"202210","ARCH548G","STRUCTURES II","852","10113","",""," ","Open","20","16","Taher, Rima","","3","https://www.bkstr.com/webapp/wcs/stores/servlet/booklookServlet?bookstore_id-1=584&term_id-1=2022 Spring&crn-1=10113","Restricted to Newark Campus Students Only<br />Online Course"
"202210","ARCH561","SYNTHESIS SEMINAR","002","10114","M","8:30 AM - 11:20 AM"," ","Cancelled","45","0","","Face-to-Face","3","https://www.bkstr.com/webapp/wcs/stores/servlet/booklookServlet?bookstore_id-1=584&term_id-1=2022 Spring&crn-1=10114","Cancelled 11/27/21"
"202210","ARCH561","SYNTHESIS SEMINAR","004","10115","MR","10:00 AM - 11:20 AM"," ","Closed","0","13","Heidelberger, Erin","Face-to-Face","3","https://www.bkstr.com/webapp/wcs/stores/servlet/booklookServlet?bookstore_id-1=584&term_id-1=2022 Spring&crn-1=10115",""
"202210","ARCH561","SYNTHESIS SEMINAR","006","10116","MR","10:00 AM - 11:20 AM"," ","Closed","0","14","Zarzycki, Andrzej","Face-to-Face","3","https://www.bkstr.com/webapp/wcs/stores/servlet/booklookServlet?bookstore_id-1=584&term_id-1=2022 Spring&crn-1=10116",""
"202210","ARCH561","SYNTHESIS SEMINAR","008","10117","MR","10:00 AM - 11:20 AM"," ","Closed","0","14","Harp, Cleveland","Face-to-Face","3","https://www.bkstr.com/webapp/wcs/stores/servlet/booklookServlet?bookstore_id-1=584&term_id-1=2022 Spring&crn-1=10117",""
"202210","ARCH561","SYNTHESIS SEMINAR","010","15634","MR","10:00 AM - 11:20 AM"," ","Closed","2","14","Sabat, Adrianna","Face-to-Face","3","https://www.bkstr.com/webapp/wcs/stores/servlet/booklookServlet?bookstore_id-1=584&term_id-1=2022 Spring&crn-1=15634",""
"202210","ARCH572","ARCH & SOCIAL CHANGE","002","10118","TF","4:00 PM - 5:20 PM","CKB 316","Closed","15","15","Schuman, Anthony","Face-to-Face","3","https://www.bkstr.com/webapp/wcs/stores/servlet/booklookServlet?bookstore_id-1=584&term_id-1=2022 Spring&crn-1=10118",""
"202210","ARCH579G","PROFESSIONAL PRACTICE II","102","10119","W","6:00 PM - 8:50 PM","CKB 316","Closed","15","18","Bess, Mark","Face-to-Face","3","https://www.bkstr.com/webapp/wcs/stores/servlet/booklookServlet?bookstore_id-1=584&term_id-1=2022 Spring&crn-1=10119",""
"202210","ARCH583","ST: CONTEMPORARY METHODS OF HISTORIC PRESERVATION","002","15664","TR","11:30 AM - 12:50 PM"," ","Cancelled","15","0","","Face-to-Face","3","https://www.bkstr.com/webapp/wcs/stores/servlet/booklookServlet?bookstore_id-1=584&term_id-1=2022 Spring&crn-1=15664","Cancelled 12/9/21"
"202210","ARCH583","ST: CONTEMPORARY METHODS OF HISTORIC PRESERVATION","004","15777","TR","8:30 AM - 9:50 AM","CKB 314","Closed","18","18","Hofmann, Kevin","Face-to-Face","3","https://www.bkstr.com/webapp/wcs/stores/servlet/booklookServlet?bookstore_id-1=584&term_id-1=2022 Spring&crn-1=15777",""
"202210","ARCH591","INDEPENDENT STUDY","003","10120","",""," ","Closed","0","1","Esperdy, Gabrielle","Face-to-Face","1","https://www.bkstr.com/webapp/wcs/stores/servlet/booklookServlet?bookstore_id-1=584&term_id-1=2022 Spring&crn-1=10120",""
"202210","ARCH591","INDEPENDENT STUDY","013","10121","",""," ","Closed","0","0","","Face-to-Face","1","https://www.bkstr.com/webapp/wcs/stores/servlet/booklookServlet?bookstore_id-1=584&term_id-1=2022 Spring&crn-1=10121",""
"202210","ARCH591","INDEPENDENT STUDY","017","10122","",""," ","Closed","0","0","Cays, John","Face-to-Face","1","https://www.bkstr.com/webapp/wcs/stores/servlet/booklookServlet?bookstore_id-1=584&term_id-1=2022 Spring&crn-1=10122",""
"202210","ARCH591","INDEPENDENT STUDY","022","10123","",""," ","Closed","0","0","Cays, John","Face-to-Face","1","https://www.bkstr.com/webapp/wcs/stores/servlet/booklookServlet?bookstore_id-1=584&term_id-1=2022 Spring&crn-1=10123",""
"202210","ARCH591","INDEPENDENT STUDY","024","10124","",""," ","Closed","0","0","Taher, Rima","Face-to-Face","1","https://www.bkstr.com/webapp/wcs/stores/servlet/booklookServlet?bookstore_id-1=584&term_id-1=2022 Spring&crn-1=10124",""
"202210","ARCH591","INDEPENDENT STUDY","026","10125","",""," ","Closed","0","0","Cays, John","Face-to-Face","1","https://www.bkstr.com/webapp/wcs/stores/servlet/booklookServlet?bookstore_id-1=584&term_id-1=2022 Spring&crn-1=10125",""
"202210","ARCH591","INDEPENDENT STUDY","036","10126","",""," ","Closed","0","0","Cays, John","Face-to-Face","1","https://www.bkstr.com/webapp/wcs/stores/servlet/booklookServlet?bookstore_id-1=584&term_id-1=2022 Spring&crn-1=10126",""
"202210","ARCH592","INDEPENDENT STUDY","017","10127","",""," ","Closed","0","0","Cays, John","Face-to-Face","2","https://www.bkstr.com/webapp/wcs/stores/servlet/booklookServlet?bookstore_id-1=584&term_id-1=2022 Spring&crn-1=10127",""
"202210","ARCH593","INDEPENDENT STUDY","011","10128","",""," ","Closed","0","2","Cays, John","Face-to-Face","3","https://www.bkstr.com/webapp/wcs/stores/servlet/booklookServlet?bookstore_id-1=584&term_id-1=2022 Spring&crn-1=10128",""
"202210","ARCH593","INDEPENDENT STUDY","016","10129","",""," ","Closed","0","2","Narahara, Taro","Face-to-Face","3","https://www.bkstr.com/webapp/wcs/stores/servlet/booklookServlet?bookstore_id-1=584&term_id-1=2022 Spring&crn-1=10129",""
"202210","ARCH593","INDEPENDENT STUDY","022","10130","",""," ","Closed","0","1","Cays, John","Face-to-Face","3","https://www.bkstr.com/webapp/wcs/stores/servlet/booklookServlet?bookstore_id-1=584&term_id-1=2022 Spring&crn-1=10130",""
"202210","ARCH593","INDEPENDENT STUDY","024","10131","",""," ","Closed","0","0","Taher, Rima","Face-to-Face","3","https://www.bkstr.com/webapp/wcs/stores/servlet/booklookServlet?bookstore_id-1=584&term_id-1=2022 Spring&crn-1=10131",""
"202210","ARCH593","INDEPENDENT STUDY","026","10132","",""," ","Closed","0","0","Cays, John","Face-to-Face","3","https://www.bkstr.com/webapp/wcs/stores/servlet/booklookServlet?bookstore_id-1=584&term_id-1=2022 Spring&crn-1=10132",""
"202210","ARCH593","INDEPENDENT STUDY","033","10133","",""," ","Closed","0","0","Cays, John","Face-to-Face","3","https://www.bkstr.com/webapp/wcs/stores/servlet/booklookServlet?bookstore_id-1=584&term_id-1=2022 Spring&crn-1=10133",""
"202210","ARCH593","INDEPENDENT STUDY","036","10134","",""," ","Closed","0","0","Cays, John","Face-to-Face","3","https://www.bkstr.com/webapp/wcs/stores/servlet/booklookServlet?bookstore_id-1=584&term_id-1=2022 Spring&crn-1=10134",""
"202210","ARCH595","ADV. ARCHITECTURE STUDIO II","002","10135","MR","12:00 PM - 5:20 PM"," ","Open","60","14","Sassi, Lawrence","Face-to-Face","5","https://www.bkstr.com/webapp/wcs/stores/servlet/booklookServlet?bookstore_id-1=584&term_id-1=2022 Spring&crn-1=10135",""
"202210","ARCH595","ADV. ARCHITECTURE STUDIO II","004","10136","MR","12:00 PM - 5:20 PM"," ","Closed","0","13","Sollohub, Darius","Face-to-Face","5","https://www.bkstr.com/webapp/wcs/stores/servlet/booklookServlet?bookstore_id-1=584&term_id-1=2022 Spring&crn-1=10136",""
"202210","ARCH595","ADV. ARCHITECTURE STUDIO II","006","10137","MR","12:00 PM - 5:20 PM"," ","Closed","0","14","Zarzycki, Andrzej","Face-to-Face","5","https://www.bkstr.com/webapp/wcs/stores/servlet/booklookServlet?bookstore_id-1=584&term_id-1=2022 Spring&crn-1=10137",""
"202210","ARCH595","ADV. ARCHITECTURE STUDIO II","008","10138","MR","12:00 PM - 5:20 PM"," ","Closed","0","14","Harp, Cleveland","Face-to-Face","5","https://www.bkstr.com/webapp/wcs/stores/servlet/booklookServlet?bookstore_id-1=584&term_id-1=2022 Spring&crn-1=10138",""
"202210","ARCH602","URBAN DESIGN STUDIO II","002","15618","MR","12:00 PM - 5:50 PM"," ","Open","15","2","Hutzell, Kelly","Face-to-Face","6","https://www.bkstr.com/webapp/wcs/stores/servlet/booklookServlet?bookstore_id-1=584&term_id-1=2022 Spring&crn-1=15618",""
"202210","ARCH651","PUBLIC AND PRIVATE DEVELOPMENT","002","15694","TF","11:30 AM - 12:50 PM","CKB 114","Closed","15","15","Cosenza, Joseph","Face-to-Face","3","https://www.bkstr.com/webapp/wcs/stores/servlet/booklookServlet?bookstore_id-1=584&term_id-1=2022 Spring&crn-1=15694",""
"202210","ARCH651","PUBLIC AND PRIVATE DEVELOPMENT","852","10139","",""," ","Cancelled","15","0","","","3","https://www.bkstr.com/webapp/wcs/stores/servlet/booklookServlet?bookstore_id-1=584&term_id-1=2022 Spring&crn-1=10139","Cancelled 12/7/21"
"202210","ARCH661","DIRECTED STUDIES IN ARCH","002","10140","",""," ","Closed","0","0","Celik, Zeynep","Face-to-Face","3","https://www.bkstr.com/webapp/wcs/stores/servlet/booklookServlet?bookstore_id-1=584&term_id-1=2022 Spring&crn-1=10140",""
"202210","ARCH661","DIRECTED STUDIES IN ARCH","004","10141","",""," ","Closed","0","0","","Face-to-Face","3","https://www.bkstr.com/webapp/wcs/stores/servlet/booklookServlet?bookstore_id-1=584&term_id-1=2022 Spring&crn-1=10141",""
"202210","ARCH661","DIRECTED STUDIES IN ARCH","005","10142","",""," ","Closed","0","0","Cays, John","Face-to-Face","3","https://www.bkstr.com/webapp/wcs/stores/servlet/booklookServlet?bookstore_id-1=584&term_id-1=2022 Spring&crn-1=10142",""
"202210","ARCH661","DIRECTED STUDIES IN ARCH","006","10143","",""," ","Closed","0","0","Theodore, Georgeen","Face-to-Face","3","https://www.bkstr.com/webapp/wcs/stores/servlet/booklookServlet?bookstore_id-1=584&term_id-1=2022 Spring&crn-1=10143",""
"202210","ARCH661","DIRECTED STUDIES IN ARCH","008","10144","",""," ","Closed","0","0","Cays, John","Face-to-Face","3","https://www.bkstr.com/webapp/wcs/stores/servlet/booklookServlet?bookstore_id-1=584&term_id-1=2022 Spring&crn-1=10144",""
"202210","ARCH661","DIRECTED STUDIES IN ARCH","011","10145","",""," ","Closed","0","0","Cays, John","Face-to-Face","3","https://www.bkstr.com/webapp/wcs/stores/servlet/booklookServlet?bookstore_id-1=584&term_id-1=2022 Spring&crn-1=10145",""
"202210","ARCH661","DIRECTED STUDIES IN ARCH","012","10146","",""," ","Closed","0","0","Kim, Hyojin","Face-to-Face","3","https://www.bkstr.com/webapp/wcs/stores/servlet/booklookServlet?bookstore_id-1=584&term_id-1=2022 Spring&crn-1=10146",""
"202210","ARCH661","DIRECTED STUDIES IN ARCH","013","10147","",""," ","Closed","0","0","Cays, John","Face-to-Face","3","https://www.bkstr.com/webapp/wcs/stores/servlet/booklookServlet?bookstore_id-1=584&term_id-1=2022 Spring&crn-1=10147",""
"202210","ARCH661","DIRECTED STUDIES IN ARCH","017","10148","",""," ","Closed","0","0","Cays, John","Face-to-Face","3","https://www.bkstr.com/webapp/wcs/stores/servlet/booklookServlet?bookstore_id-1=584&term_id-1=2022 Spring&crn-1=10148",""
"202210","ARCH661","DIRECTED STUDIES IN ARCH","019","10149","",""," ","Closed","0","0","Cays, John","Face-to-Face","3","https://www.bkstr.com/webapp/wcs/stores/servlet/booklookServlet?bookstore_id-1=584&term_id-1=2022 Spring&crn-1=10149",""
"202210","ARCH661","DIRECTED STUDIES IN ARCH","020","10150","",""," ","Closed","0","0","Cays, John","Face-to-Face","3","https://www.bkstr.com/webapp/wcs/stores/servlet/booklookServlet?bookstore_id-1=584&term_id-1=2022 Spring&crn-1=10150",""
"202210","ARCH661","DIRECTED STUDIES IN ARCH","023","10151","",""," ","Closed","0","0","","Face-to-Face","3","https://www.bkstr.com/webapp/wcs/stores/servlet/booklookServlet?bookstore_id-1=584&term_id-1=2022 Spring&crn-1=10151",""
"202210","ARCH661","DIRECTED STUDIES IN ARCH","024","10152","",""," ","Closed","0","0","Cays, John","Face-to-Face","3","https://www.bkstr.com/webapp/wcs/stores/servlet/booklookServlet?bookstore_id-1=584&term_id-1=2022 Spring&crn-1=10152",""
"202210","ARCH661","DIRECTED STUDIES IN ARCH","031","10153","",""," ","Closed","0","0","Cays, John","Face-to-Face","3","https://www.bkstr.com/webapp/wcs/stores/servlet/booklookServlet?bookstore_id-1=584&term_id-1=2022 Spring&crn-1=10153",""
"202210","ARCH661","DIRECTED STUDIES IN ARCH","036","10154","",""," ","Closed","0","0","Cays, John","Face-to-Face","3","https://www.bkstr.com/webapp/wcs/stores/servlet/booklookServlet?bookstore_id-1=584&term_id-1=2022 Spring&crn-1=10154",""
"202210","ARCH661","DIRECTED STUDIES IN ARCH","037","10155","",""," ","Closed","0","0","Cays, John","Face-to-Face","3","https://www.bkstr.com/webapp/wcs/stores/servlet/booklookServlet?bookstore_id-1=584&term_id-1=2022 Spring&crn-1=10155",""
"202210","ARCH661","DIRECTED STUDIES IN ARCH","039","10156","",""," ","Closed","0","0","Cays, John","Face-to-Face","3","https://www.bkstr.com/webapp/wcs/stores/servlet/booklookServlet?bookstore_id-1=584&term_id-1=2022 Spring&crn-1=10156",""
"202210","ARCH661","DIRECTED STUDIES IN ARCH","041","10157","",""," ","Closed","0","0","Cays, John","Face-to-Face","3","https://www.bkstr.com/webapp/wcs/stores/servlet/booklookServlet?bookstore_id-1=584&term_id-1=2022 Spring&crn-1=10157",""
"202210","ARCH661","DIRECTED STUDIES IN ARCH","440","10158","",""," ","Closed","0","0","Cays, John","Face-to-Face","3","https://www.bkstr.com/webapp/wcs/stores/servlet/booklookServlet?bookstore_id-1=584&term_id-1=2022 Spring&crn-1=10158",""
"202210","ARCH662","ST: URBAN THEORY AND THE CONTEMPORARY CITY","102","10159","T","6:00 PM - 8:50 PM","CKB 316","Open","15","9","Esperdy, Gabrielle","Face-to-Face","3","https://www.bkstr.com/webapp/wcs/stores/servlet/booklookServlet?bookstore_id-1=584&term_id-1=2022 Spring&crn-1=10159",""
"202210","ARCH680","CO-OP WORK EXPERIENCE I","001","10160","",""," ","Closed","0","0","","Face-to-Face","1","https://www.bkstr.com/webapp/wcs/stores/servlet/booklookServlet?bookstore_id-1=584&term_id-1=2022 Spring&crn-1=10160",""
"202210","ARCH680","CO-OP WORK EXPERIENCE I","028","10161","",""," ","Closed","0","0","","Face-to-Face","1","https://www.bkstr.com/webapp/wcs/stores/servlet/booklookServlet?bookstore_id-1=584&term_id-1=2022 Spring&crn-1=10161",""
"202210","ARCH681","CO-OP WORK EXPERIENCE II","001","10162","",""," ","Closed","0","0","","Face-to-Face","1","https://www.bkstr.com/webapp/wcs/stores/servlet/booklookServlet?bookstore_id-1=584&term_id-1=2022 Spring&crn-1=10162",""
"202210","ARCH682","CO-OP WORK EXPERIENCE III","001","10163","",""," ","Closed","0","0","","Face-to-Face","0","https://www.bkstr.com/webapp/wcs/stores/servlet/booklookServlet?bookstore_id-1=584&term_id-1=2022 Spring&crn-1=10163",""
"202210","ARCH684","TOPICS OF SUSTAINABLE URBANISM","002","10164","T","10:00 AM - 11:20 AM","CKB 313","Closed","15","16","Bolstad, Jennifer","Hybrid","3","https://www.bkstr.com/webapp/wcs/stores/servlet/booklookServlet?bookstore_id-1=584&term_id-1=2022 Spring&crn-1=10164","Hybrid Course<br />https://www.njit.edu/registrar/instructionaldelivery/"
"202210","ARCH684","TOPICS OF SUSTAINABLE URBANISM","002","10164","",""," ","Closed","15","16","Bolstad, Jennifer","Hybrid","3","https://www.bkstr.com/webapp/wcs/stores/servlet/booklookServlet?bookstore_id-1=584&term_id-1=2022 Spring&crn-1=10164","Hybrid Course<br />https://www.njit.edu/registrar/instructionaldelivery/"
"202210","ARCH689","AI / VR IN ARCHITECTURE","102","10165","R","6:00 PM - 8:50 PM","WEST 650","Closed","20","20","Narahara, Taro","Face-to-Face","3","https://www.bkstr.com/webapp/wcs/stores/servlet/booklookServlet?bookstore_id-1=584&term_id-1=2022 Spring&crn-1=10165",""
"202210","ARCH701C","MASTERS THESIS","027","10169","",""," ","Closed","0","0","","Face-to-Face","6","https://www.bkstr.com/webapp/wcs/stores/servlet/booklookServlet?bookstore_id-1=584&term_id-1=2022 Spring&crn-1=10169",""
