"Term","Course","Title","Section","CRN","Days","Times","Location","Status","Max","Now","Instructor","Delivery Mode","Credits","Info","Comments"
"202210","AS112","HERITAGE & VAL US AIR FORCE II","002","10170","F","9:40 AM - 10:40 AM","FMH 110","Open","25","13","Carter, James","Face-to-Face","1","https://www.bkstr.com/webapp/wcs/stores/servlet/booklookServlet?bookstore_id-1=584&term_id-1=2022 Spring&crn-1=10170",""
"202210","AS112","HERITAGE & VAL US AIR FORCE II","002","10170","F","9:40 AM - 10:40 AM","FMH 110","Open","25","13","Laake, Eric","Face-to-Face","1","https://www.bkstr.com/webapp/wcs/stores/servlet/booklookServlet?bookstore_id-1=584&term_id-1=2022 Spring&crn-1=10170",""
"202210","AS222","TEAM & LEADERSHIP FUND II","002","10171","F","10:45 AM - 11:40 AM","FMH 108","Open","25","11","Carter, James","Face-to-Face","1","https://www.bkstr.com/webapp/wcs/stores/servlet/booklookServlet?bookstore_id-1=584&term_id-1=2022 Spring&crn-1=10171",""
"202210","AS222","TEAM & LEADERSHIP FUND II","002","10171","F","10:45 AM - 11:40 AM","FMH 108","Open","25","11","Laake, Eric","Face-to-Face","1","https://www.bkstr.com/webapp/wcs/stores/servlet/booklookServlet?bookstore_id-1=584&term_id-1=2022 Spring&crn-1=10171",""
"202210","AS334","LEADING PEO & EFFECTIVE COM II","002","10172","W","7:00 AM - 9:55 AM","FMH 110","Open","25","5","Biggs, Justin","Face-to-Face","3","https://www.bkstr.com/webapp/wcs/stores/servlet/booklookServlet?bookstore_id-1=584&term_id-1=2022 Spring&crn-1=10172",""
"202210","AS334","LEADING PEO & EFFECTIVE COM II","002","10172","W","7:00 AM - 9:55 AM","FMH 110","Open","25","5","Carter, James","Face-to-Face","3","https://www.bkstr.com/webapp/wcs/stores/servlet/booklookServlet?bookstore_id-1=584&term_id-1=2022 Spring&crn-1=10172",""
"202210","AS335","LEADERSHIP LAB","002","10173","F","7:00 AM - 9:00 AM","GITC 1400","Open","57","31","Biggs, Justin","Face-to-Face","0","https://www.bkstr.com/webapp/wcs/stores/servlet/booklookServlet?bookstore_id-1=584&term_id-1=2022 Spring&crn-1=10173",""
"202210","AS335","LEADERSHIP LAB","002","10173","F","7:00 AM - 9:00 AM","GITC 1400","Open","57","31","Carter, James","Face-to-Face","0","https://www.bkstr.com/webapp/wcs/stores/servlet/booklookServlet?bookstore_id-1=584&term_id-1=2022 Spring&crn-1=10173",""
"202210","AS336","POC LEADERSHIP LAB","002","10174","F","9:00 AM - 9:30 AM","FMH 203","Open","25","0","Biggs, Justin","Face-to-Face","0","https://www.bkstr.com/webapp/wcs/stores/servlet/booklookServlet?bookstore_id-1=584&term_id-1=2022 Spring&crn-1=10174",""
"202210","AS336","POC LEADERSHIP LAB","002","10174","F","9:00 AM - 9:30 AM","FMH 203","Open","25","0","Carter, James","Face-to-Face","0","https://www.bkstr.com/webapp/wcs/stores/servlet/booklookServlet?bookstore_id-1=584&term_id-1=2022 Spring&crn-1=10174",""
"202210","AS444","NATL SEC AFFAIRS & PREP ACT II","002","10175","R","7:00 AM - 9:55 AM","FMH 205","Open","25","9","Carter, James","Face-to-Face","3","https://www.bkstr.com/webapp/wcs/stores/servlet/booklookServlet?bookstore_id-1=584&term_id-1=2022 Spring&crn-1=10175",""
"202210","AS444","NATL SEC AFFAIRS & PREP ACT II","002","10175","R","7:00 AM - 9:55 AM","FMH 205","Open","25","9","Laake, Eric","Face-to-Face","3","https://www.bkstr.com/webapp/wcs/stores/servlet/booklookServlet?bookstore_id-1=584&term_id-1=2022 Spring&crn-1=10175",""
