"Term","Course","Title","Section","CRN","Days","Times","Location","Status","Max","Now","Instructor","Delivery Mode","Credits","Info","Comments"
"202210","BDS725","INDEPENDENT STUDY I","613","10176","",""," ","Closed","0","0","Chen, Yi","Face-to-Face","3","https://www.bkstr.com/webapp/wcs/stores/servlet/booklookServlet?bookstore_id-1=584&term_id-1=2022 Spring&crn-1=10176",""
"202210","BDS725","INDEPENDENT STUDY I","870","10177","",""," ","Closed","0","0","Mehta, Rajiv","Face-to-Face","3","https://www.bkstr.com/webapp/wcs/stores/servlet/booklookServlet?bookstore_id-1=584&term_id-1=2022 Spring&crn-1=10177",""
"202210","BDS725","INDEPENDENT STUDY I","872","10178","",""," ","Closed","0","0","Lawrence, Kenneth","Face-to-Face","3","https://www.bkstr.com/webapp/wcs/stores/servlet/booklookServlet?bookstore_id-1=584&term_id-1=2022 Spring&crn-1=10178",""
"202210","BDS725","INDEPENDENT STUDY I","874","10179","",""," ","Closed","0","0","Taylor, Ming","Face-to-Face","3","https://www.bkstr.com/webapp/wcs/stores/servlet/booklookServlet?bookstore_id-1=584&term_id-1=2022 Spring&crn-1=10179",""
"202210","BDS725","INDEPENDENT STUDY I","879","10180","",""," ","Closed","0","0","Sylla, Cheickna","Face-to-Face","3","https://www.bkstr.com/webapp/wcs/stores/servlet/booklookServlet?bookstore_id-1=584&term_id-1=2022 Spring&crn-1=10180",""
"202210","BDS725","INDEPENDENT STUDY I","881","10181","",""," ","Closed","0","0","Shi, Junmin","Face-to-Face","3","https://www.bkstr.com/webapp/wcs/stores/servlet/booklookServlet?bookstore_id-1=584&term_id-1=2022 Spring&crn-1=10181",""
"202210","BDS725","INDEPENDENT STUDY I","882","10182","",""," ","Closed","0","0","Roy, Raja","Face-to-Face","3","https://www.bkstr.com/webapp/wcs/stores/servlet/booklookServlet?bookstore_id-1=584&term_id-1=2022 Spring&crn-1=10182",""
"202210","BDS725","INDEPENDENT STUDY I","885","10183","",""," ","Closed","0","0","Bandera, Cesar","Face-to-Face","3","https://www.bkstr.com/webapp/wcs/stores/servlet/booklookServlet?bookstore_id-1=584&term_id-1=2022 Spring&crn-1=10183",""
"202210","BDS725","INDEPENDENT STUDY I","886","10184","",""," ","Closed","0","0","Thomas, Ellen","Face-to-Face","3","https://www.bkstr.com/webapp/wcs/stores/servlet/booklookServlet?bookstore_id-1=584&term_id-1=2022 Spring&crn-1=10184",""
"202210","BDS725","INDEPENDENT STUDY I","889","10185","",""," ","Closed","0","0","Anandarajan, Asokan","Face-to-Face","3","https://www.bkstr.com/webapp/wcs/stores/servlet/booklookServlet?bookstore_id-1=584&term_id-1=2022 Spring&crn-1=10185",""
"202210","BDS725","INDEPENDENT STUDY I","890","10186","",""," ","Closed","0","0","Yan, Zhipeng","Face-to-Face","3","https://www.bkstr.com/webapp/wcs/stores/servlet/booklookServlet?bookstore_id-1=584&term_id-1=2022 Spring&crn-1=10186",""
"202210","BDS725","INDEPENDENT STUDY I","891","10187","",""," ","Closed","0","0","Gopalakrishnan, Shanthi","Face-to-Face","3","https://www.bkstr.com/webapp/wcs/stores/servlet/booklookServlet?bookstore_id-1=584&term_id-1=2022 Spring&crn-1=10187",""
"202210","BDS725","INDEPENDENT STUDY I","893","10188","",""," ","Closed","0","0","Zhang, Haisu","Face-to-Face","3","https://www.bkstr.com/webapp/wcs/stores/servlet/booklookServlet?bookstore_id-1=584&term_id-1=2022 Spring&crn-1=10188",""
"202210","BDS725","INDEPENDENT STUDY I","894","10189","",""," ","Closed","0","0","Fresneda Fernandez, Jorge Eduardo","Face-to-Face","3","https://www.bkstr.com/webapp/wcs/stores/servlet/booklookServlet?bookstore_id-1=584&term_id-1=2022 Spring&crn-1=10189",""
"202210","BDS725","INDEPENDENT STUDY I","895","10190","",""," ","Closed","0","0","Egbelu, Pius","Face-to-Face","3","https://www.bkstr.com/webapp/wcs/stores/servlet/booklookServlet?bookstore_id-1=584&term_id-1=2022 Spring&crn-1=10190",""
"202210","BDS725","INDEPENDENT STUDY I","896","10191","",""," ","Closed","0","0","Fjermestad, Jerry","Face-to-Face","3","https://www.bkstr.com/webapp/wcs/stores/servlet/booklookServlet?bookstore_id-1=584&term_id-1=2022 Spring&crn-1=10191",""
"202210","BDS725","INDEPENDENT STUDY I","897","10192","",""," ","Closed","0","0","Yu, Dantong","Face-to-Face","3","https://www.bkstr.com/webapp/wcs/stores/servlet/booklookServlet?bookstore_id-1=584&term_id-1=2022 Spring&crn-1=10192",""
"202210","BDS725","INDEPENDENT STUDY I","898","10193","",""," ","Closed","0","0","Tao, Xinyuan","Face-to-Face","3","https://www.bkstr.com/webapp/wcs/stores/servlet/booklookServlet?bookstore_id-1=584&term_id-1=2022 Spring&crn-1=10193",""
"202210","BDS725","INDEPENDENT STUDY I","899","10194","",""," ","Closed","0","0","Chang, Ai Chih","Face-to-Face","3","https://www.bkstr.com/webapp/wcs/stores/servlet/booklookServlet?bookstore_id-1=584&term_id-1=2022 Spring&crn-1=10194",""
"202210","BDS725","INDEPENDENT STUDY I","931","10195","",""," ","Closed","0","0","Ehrlich, Michael","Face-to-Face","3","https://www.bkstr.com/webapp/wcs/stores/servlet/booklookServlet?bookstore_id-1=584&term_id-1=2022 Spring&crn-1=10195",""
"202210","BDS725","INDEPENDENT STUDY I","932","10196","",""," ","Closed","0","0","Taylor, Stephen","Face-to-Face","3","https://www.bkstr.com/webapp/wcs/stores/servlet/booklookServlet?bookstore_id-1=584&term_id-1=2022 Spring&crn-1=10196",""
"202210","BDS725","INDEPENDENT STUDY I","933","10197","",""," ","Closed","0","0","Kudyba, Stephan","Face-to-Face","3","https://www.bkstr.com/webapp/wcs/stores/servlet/booklookServlet?bookstore_id-1=584&term_id-1=2022 Spring&crn-1=10197",""
"202210","BDS726","INDEPENDENT STUDY II","893","10198","",""," ","Closed","0","0","Zhang, Haisu","Face-to-Face","3","https://www.bkstr.com/webapp/wcs/stores/servlet/booklookServlet?bookstore_id-1=584&term_id-1=2022 Spring&crn-1=10198",""
"202210","BDS726","INDEPENDENT STUDY II","894","15842","",""," ","Closed","0","1","Fresneda Fernandez, Jorge Eduardo","Face-to-Face","3","https://www.bkstr.com/webapp/wcs/stores/servlet/booklookServlet?bookstore_id-1=584&term_id-1=2022 Spring&crn-1=15842",""
"202210","BDS790A","DOCTORAL DISSERTATION & RES","613","10199","",""," ","Closed","0","1","Chen, Yi","Face-to-Face","1","https://www.bkstr.com/webapp/wcs/stores/servlet/booklookServlet?bookstore_id-1=584&term_id-1=2022 Spring&crn-1=10199",""
"202210","BDS790A","DOCTORAL DISSERTATION & RES","882","15789","",""," ","Closed","0","1","Roy, Raja","Face-to-Face","1","https://www.bkstr.com/webapp/wcs/stores/servlet/booklookServlet?bookstore_id-1=584&term_id-1=2022 Spring&crn-1=15789",""
"202210","BDS790A","DOCTORAL DISSERTATION & RES","885","15738","",""," ","Closed","0","1","Bandera, Cesar","Face-to-Face","1","https://www.bkstr.com/webapp/wcs/stores/servlet/booklookServlet?bookstore_id-1=584&term_id-1=2022 Spring&crn-1=15738",""
"202210","BDS790A","DOCTORAL DISSERTATION & RES","890","15784","",""," ","Closed","0","1","Yan, Zhipeng","Face-to-Face","1","https://www.bkstr.com/webapp/wcs/stores/servlet/booklookServlet?bookstore_id-1=584&term_id-1=2022 Spring&crn-1=15784",""
"202210","BDS790A","DOCTORAL DISSERTATION & RES","893","10200","",""," ","Closed","0","0","Zhang, Haisu","Face-to-Face","1","https://www.bkstr.com/webapp/wcs/stores/servlet/booklookServlet?bookstore_id-1=584&term_id-1=2022 Spring&crn-1=10200",""
"202210","BDS790A","DOCTORAL DISSERTATION & RES","895","15766","",""," ","Closed","0","1","Egbelu, Pius","Face-to-Face","1","https://www.bkstr.com/webapp/wcs/stores/servlet/booklookServlet?bookstore_id-1=584&term_id-1=2022 Spring&crn-1=15766",""
"202210","BDS790A","DOCTORAL DISSERTATION & RES","897","10201","",""," ","Closed","0","3","Yu, Dantong","Face-to-Face","1","https://www.bkstr.com/webapp/wcs/stores/servlet/booklookServlet?bookstore_id-1=584&term_id-1=2022 Spring&crn-1=10201",""
"202210","BDS790A","DOCTORAL DISSERTATION & RES","931","10202","",""," ","Closed","0","1","Ehrlich, Michael","Face-to-Face","1","https://www.bkstr.com/webapp/wcs/stores/servlet/booklookServlet?bookstore_id-1=584&term_id-1=2022 Spring&crn-1=10202",""
"202210","BDS791","DOCTORAL SEMINAR","002","10203","W","1:00 PM - 2:20 PM","CAB 3052","Open","15","13","Roy, Raja","Face-to-Face","0","https://www.bkstr.com/webapp/wcs/stores/servlet/booklookServlet?bookstore_id-1=584&term_id-1=2022 Spring&crn-1=10203",""
"202210","BDS792B","PRE-DOCTORAL RESEARCH","613","10204","",""," ","Closed","0","2","Chen, Yi","Face-to-Face","3","https://www.bkstr.com/webapp/wcs/stores/servlet/booklookServlet?bookstore_id-1=584&term_id-1=2022 Spring&crn-1=10204",""
"202210","BDS792B","PRE-DOCTORAL RESEARCH","881","15764","",""," ","Closed","0","1","Shi, Junmin","Face-to-Face","3","https://www.bkstr.com/webapp/wcs/stores/servlet/booklookServlet?bookstore_id-1=584&term_id-1=2022 Spring&crn-1=15764",""
"202210","BDS792B","PRE-DOCTORAL RESEARCH","885","10205","",""," ","Closed","0","0","Bandera, Cesar","Face-to-Face","3","https://www.bkstr.com/webapp/wcs/stores/servlet/booklookServlet?bookstore_id-1=584&term_id-1=2022 Spring&crn-1=10205",""
"202210","BDS792B","PRE-DOCTORAL RESEARCH","893","10206","",""," ","Closed","0","0","Zhang, Haisu","Face-to-Face","3","https://www.bkstr.com/webapp/wcs/stores/servlet/booklookServlet?bookstore_id-1=584&term_id-1=2022 Spring&crn-1=10206",""
"202210","BDS792B","PRE-DOCTORAL RESEARCH","894","15790","",""," ","Closed","0","2","Fresneda Fernandez, Jorge Eduardo","Face-to-Face","3","https://www.bkstr.com/webapp/wcs/stores/servlet/booklookServlet?bookstore_id-1=584&term_id-1=2022 Spring&crn-1=15790",""
"202210","BDS792B","PRE-DOCTORAL RESEARCH","897","10207","",""," ","Closed","0","1","Yu, Dantong","Face-to-Face","3","https://www.bkstr.com/webapp/wcs/stores/servlet/booklookServlet?bookstore_id-1=584&term_id-1=2022 Spring&crn-1=10207",""
"202210","BDS792B","PRE-DOCTORAL RESEARCH","898","15765","",""," ","Closed","0","1","Tao, Xinyuan","Face-to-Face","3","https://www.bkstr.com/webapp/wcs/stores/servlet/booklookServlet?bookstore_id-1=584&term_id-1=2022 Spring&crn-1=15765",""
"202210","BDS792B","PRE-DOCTORAL RESEARCH","931","10208","",""," ","Closed","0","0","Ehrlich, Michael","Face-to-Face","3","https://www.bkstr.com/webapp/wcs/stores/servlet/booklookServlet?bookstore_id-1=584&term_id-1=2022 Spring&crn-1=10208",""
"202210","BDS792B","PRE-DOCTORAL RESEARCH","932","10209","",""," ","Closed","0","0","Taylor, Stephen","Face-to-Face","3","https://www.bkstr.com/webapp/wcs/stores/servlet/booklookServlet?bookstore_id-1=584&term_id-1=2022 Spring&crn-1=10209",""
