"Term","Course","Title","Section","CRN","Days","Times","Location","Status","Max","Now","Instructor","Delivery Mode","Credits","Info","Comments"
"202210","BIOL115","EVOLUTION OF SEX","002","10210","TR","10:00 AM - 11:20 AM","KUPF 204","Open","44","40","Soares, Daphne","Face-to-Face","3","https://www.bkstr.com/webapp/wcs/stores/servlet/booklookServlet?bookstore_id-1=584&term_id-1=2022 Spring&crn-1=10210",""
"202210","BIOL150","LIVING IN A VARIABLE UNIVERSE","002","10211","R","2:30 PM - 5:20 PM"," ","Cancelled","24","0","","Face-to-Face","4","https://www.bkstr.com/webapp/wcs/stores/servlet/booklookServlet?bookstore_id-1=584&term_id-1=2022 Spring&crn-1=10211","Cancelled 12/15/21"
"202210","BIOL150","LIVING IN A VARIABLE UNIVERSE","002","10211","TR","11:30 AM - 12:50 PM"," ","Cancelled","24","0","","Face-to-Face","4","https://www.bkstr.com/webapp/wcs/stores/servlet/booklookServlet?bookstore_id-1=584&term_id-1=2022 Spring&crn-1=10211","Cancelled 12/15/21"
"202210","BIOL150","LIVING IN A VARIABLE UNIVERSE","004","10212","F","1:00 PM - 3:50 PM"," ","Cancelled","24","0","","Face-to-Face","4","https://www.bkstr.com/webapp/wcs/stores/servlet/booklookServlet?bookstore_id-1=584&term_id-1=2022 Spring&crn-1=10212","Cancelled 12/15/21"
"202210","BIOL150","LIVING IN A VARIABLE UNIVERSE","004","10212","TR","11:30 AM - 12:50 PM"," ","Cancelled","24","0","","Face-to-Face","4","https://www.bkstr.com/webapp/wcs/stores/servlet/booklookServlet?bookstore_id-1=584&term_id-1=2022 Spring&crn-1=10212","Cancelled 12/15/21"
"202210","BIOL200","CONCEPTS IN BIOLOGY","002","10213","MW","11:30 AM - 12:50 PM","CKB G-08","Open","25","18","Stanko, Maria","Face-to-Face","4","https://www.bkstr.com/webapp/wcs/stores/servlet/booklookServlet?bookstore_id-1=584&term_id-1=2022 Spring&crn-1=10213",""
"202210","BIOL200","CONCEPTS IN BIOLOGY","002","10213","MW","11:30 AM - 12:50 PM","CKB G-08","Open","25","18","Gallman, Kathryn","Face-to-Face","4","https://www.bkstr.com/webapp/wcs/stores/servlet/booklookServlet?bookstore_id-1=584&term_id-1=2022 Spring&crn-1=10213",""
"202210","BIOL200","CONCEPTS IN BIOLOGY","002","10213","R","2:30 PM - 3:50 PM","CKB 214","Open","25","18","Stanko, Maria","Face-to-Face","4","https://www.bkstr.com/webapp/wcs/stores/servlet/booklookServlet?bookstore_id-1=584&term_id-1=2022 Spring&crn-1=10213",""
"202210","BIOL200","CONCEPTS IN BIOLOGY","002","10213","R","2:30 PM - 3:50 PM","CKB 214","Open","25","18","Gallman, Kathryn","Face-to-Face","4","https://www.bkstr.com/webapp/wcs/stores/servlet/booklookServlet?bookstore_id-1=584&term_id-1=2022 Spring&crn-1=10213",""
"202210","BIOL200","CONCEPTS IN BIOLOGY","004","10214","MW","11:30 AM - 12:50 PM","CKB G-08","Open","25","22","Stanko, Maria","Face-to-Face","4","https://www.bkstr.com/webapp/wcs/stores/servlet/booklookServlet?bookstore_id-1=584&term_id-1=2022 Spring&crn-1=10214",""
"202210","BIOL200","CONCEPTS IN BIOLOGY","004","10214","MW","11:30 AM - 12:50 PM","CKB G-08","Open","25","22","Gallman, Kathryn","Face-to-Face","4","https://www.bkstr.com/webapp/wcs/stores/servlet/booklookServlet?bookstore_id-1=584&term_id-1=2022 Spring&crn-1=10214",""
"202210","BIOL200","CONCEPTS IN BIOLOGY","004","10214","R","10:00 AM - 11:20 AM","CKB 207","Open","25","22","Stanko, Maria","Face-to-Face","4","https://www.bkstr.com/webapp/wcs/stores/servlet/booklookServlet?bookstore_id-1=584&term_id-1=2022 Spring&crn-1=10214",""
"202210","BIOL200","CONCEPTS IN BIOLOGY","004","10214","R","10:00 AM - 11:20 AM","CKB 207","Open","25","22","Gallman, Kathryn","Face-to-Face","4","https://www.bkstr.com/webapp/wcs/stores/servlet/booklookServlet?bookstore_id-1=584&term_id-1=2022 Spring&crn-1=10214",""
"202210","BIOL201","FOUND OF BIOL: CELL & MOLECULA","002","10215","TR","2:30 PM - 3:50 PM","GITC 1400","Open","96","66","Konsolaki, Mary","Face-to-Face","3","https://www.bkstr.com/webapp/wcs/stores/servlet/booklookServlet?bookstore_id-1=584&term_id-1=2022 Spring&crn-1=10215","Students must also register for BIOL 202 - LAB"
"202210","BIOL202","FOUND OF BIOL: CELL & MOLECULA","002","10216","R","8:30 AM - 11:20 AM","CKB 328","Open","24","21","Konsolaki, Mary","Face-to-Face","1","https://www.bkstr.com/webapp/wcs/stores/servlet/booklookServlet?bookstore_id-1=584&term_id-1=2022 Spring&crn-1=10216","Students must register for BIOL 201 - Lecture"
"202210","BIOL202","FOUND OF BIOL: CELL & MOLECULA","002","10216","R","8:30 AM - 11:20 AM","CKB 328","Open","24","21","Sena, Anthony","Face-to-Face","1","https://www.bkstr.com/webapp/wcs/stores/servlet/booklookServlet?bookstore_id-1=584&term_id-1=2022 Spring&crn-1=10216","Students must register for BIOL 201 - Lecture"
"202210","BIOL202","FOUND OF BIOL: CELL & MOLECULA","004","10217","M","8:30 AM - 11:20 AM","CKB 328","Open","24","21","Trinidad, Jonathan","Face-to-Face","1","https://www.bkstr.com/webapp/wcs/stores/servlet/booklookServlet?bookstore_id-1=584&term_id-1=2022 Spring&crn-1=10217","Students must register for BIOL 201 - Lecture"
"202210","BIOL202","FOUND OF BIOL: CELL & MOLECULA","004","10217","M","8:30 AM - 11:20 AM","CKB 328","Open","24","21","Konsolaki, Mary","Face-to-Face","1","https://www.bkstr.com/webapp/wcs/stores/servlet/booklookServlet?bookstore_id-1=584&term_id-1=2022 Spring&crn-1=10217","Students must register for BIOL 201 - Lecture"
"202210","BIOL202","FOUND OF BIOL: CELL & MOLECULA","102","10218","R","6:00 PM - 8:50 PM","CKB 328","Open","24","17","Trinidad, Jonathan","Face-to-Face","1","https://www.bkstr.com/webapp/wcs/stores/servlet/booklookServlet?bookstore_id-1=584&term_id-1=2022 Spring&crn-1=10218","Students must register for BIOL 201 - Lecture"
"202210","BIOL202","FOUND OF BIOL: CELL & MOLECULA","102","10218","R","6:00 PM - 8:50 PM","CKB 328","Open","24","17","Konsolaki, Mary","Face-to-Face","1","https://www.bkstr.com/webapp/wcs/stores/servlet/booklookServlet?bookstore_id-1=584&term_id-1=2022 Spring&crn-1=10218","Students must register for BIOL 201 - Lecture"
"202210","BIOL202","FOUND OF BIOL: CELL & MOLECULA","104","10219","M","6:00 PM - 8:50 PM","CKB 328","Open","24","7","Konsolaki, Mary","Face-to-Face","1","https://www.bkstr.com/webapp/wcs/stores/servlet/booklookServlet?bookstore_id-1=584&term_id-1=2022 Spring&crn-1=10219","Students must register for BIOL 201 - Lecture"
"202210","BIOL202","FOUND OF BIOL: CELL & MOLECULA","104","10219","M","6:00 PM - 8:50 PM","CKB 328","Open","24","7","Sena, Anthony","Face-to-Face","1","https://www.bkstr.com/webapp/wcs/stores/servlet/booklookServlet?bookstore_id-1=584&term_id-1=2022 Spring&crn-1=10219","Students must register for BIOL 201 - Lecture"
"202210","BIOL205","FOUND OF BIO:ECOL & EVOL I","002","10220","TR","1:00 PM - 2:20 PM","GITC 1100","Open","60","59","Devan, Caroline","Face-to-Face","3","https://www.bkstr.com/webapp/wcs/stores/servlet/booklookServlet?bookstore_id-1=584&term_id-1=2022 Spring&crn-1=10220","Students must also register for BIOL 206 - LAB"
"202210","BIOL205","FOUND OF BIO:ECOL & EVOL I - HONORS","H02","10221","WF","10:00 AM - 11:20 AM","CKB 215","Open","36","33","Barden, Phillip","Face-to-Face","3","https://www.bkstr.com/webapp/wcs/stores/servlet/booklookServlet?bookstore_id-1=584&term_id-1=2022 Spring&crn-1=10221","Honors Course<br />Students must register for BIOL 206 - LAB"
"202210","BIOL206","FOUND OF BIO:ECOL & EVOL LAB","002","10222","W","11:30 AM - 2:20 PM","CKB 328","Closed","24","24","Russell, Gareth","Face-to-Face","1","https://www.bkstr.com/webapp/wcs/stores/servlet/booklookServlet?bookstore_id-1=584&term_id-1=2022 Spring&crn-1=10222","Students must register for BIOL 205 - Lecture"
"202210","BIOL206","FOUND OF BIO:ECOL & EVOL LAB","002","10222","W","11:30 AM - 2:20 PM","CKB 328","Closed","24","24","Fiorentino, Gianpiero","Face-to-Face","1","https://www.bkstr.com/webapp/wcs/stores/servlet/booklookServlet?bookstore_id-1=584&term_id-1=2022 Spring&crn-1=10222","Students must register for BIOL 205 - Lecture"
"202210","BIOL206","FOUND OF BIO:ECOL & EVOL LAB","004","10223","T","10:00 AM - 12:50 PM","CKB 328","Closed","24","24","Russell, Gareth","Face-to-Face","1","https://www.bkstr.com/webapp/wcs/stores/servlet/booklookServlet?bookstore_id-1=584&term_id-1=2022 Spring&crn-1=10223","Students must register for BIOL 205 - Lecture"
"202210","BIOL206","FOUND OF BIO:ECOL & EVOL LAB","004","10223","T","10:00 AM - 12:50 PM","CKB 328","Closed","24","24","Asfour, Raphael","Face-to-Face","1","https://www.bkstr.com/webapp/wcs/stores/servlet/booklookServlet?bookstore_id-1=584&term_id-1=2022 Spring&crn-1=10223","Students must register for BIOL 205 - Lecture"
"202210","BIOL206","FOUND OF BIO:ECOL & EVOL LAB","006","10224","R","11:30 AM - 2:20 PM","CKB 328","Open","24","18","Russell, Gareth","Face-to-Face","1","https://www.bkstr.com/webapp/wcs/stores/servlet/booklookServlet?bookstore_id-1=584&term_id-1=2022 Spring&crn-1=10224","Students must register for BIOL 205 - Lecture"
"202210","BIOL206","FOUND OF BIO:ECOL & EVOL LAB","006","10224","R","11:30 AM - 2:20 PM","CKB 328","Open","24","18","Asfour, Raphael","Face-to-Face","1","https://www.bkstr.com/webapp/wcs/stores/servlet/booklookServlet?bookstore_id-1=584&term_id-1=2022 Spring&crn-1=10224","Students must register for BIOL 205 - Lecture"
"202210","BIOL206","FOUND OF BIO:ECOL & EVOL LAB","008","10225","W","8:30 AM - 11:20 AM","CKB 328","Closed","24","24","Russell, Gareth","Face-to-Face","1","https://www.bkstr.com/webapp/wcs/stores/servlet/booklookServlet?bookstore_id-1=584&term_id-1=2022 Spring&crn-1=10225","Students must register for BIOL 205 - Lecture"
"202210","BIOL206","FOUND OF BIO:ECOL & EVOL LAB","008","10225","W","8:30 AM - 11:20 AM","CKB 328","Closed","24","24","Fiorentino, Gianpiero","Face-to-Face","1","https://www.bkstr.com/webapp/wcs/stores/servlet/booklookServlet?bookstore_id-1=584&term_id-1=2022 Spring&crn-1=10225","Students must register for BIOL 205 - Lecture"
"202210","BIOL222","EVOLUTION","002","10226","TR","10:00 AM - 11:20 AM","CKB G-08","Closed","20","74","Bunker, Daniel","Face-to-Face","3","https://www.bkstr.com/webapp/wcs/stores/servlet/booklookServlet?bookstore_id-1=584&term_id-1=2022 Spring&crn-1=10226",""
"202210","BIOL222","EVOLUTION","004","10227","TR","1:00 PM - 2:20 PM","CKB G-08","Closed","20","54","Bunker, Daniel","Face-to-Face","3","https://www.bkstr.com/webapp/wcs/stores/servlet/booklookServlet?bookstore_id-1=584&term_id-1=2022 Spring&crn-1=10227",""
"202210","BIOL310","WORK EXPERIENCE I","745","10228","",""," ","Closed","0","7","Roach, Karen","Face-to-Face","3","https://www.bkstr.com/webapp/wcs/stores/servlet/booklookServlet?bookstore_id-1=584&term_id-1=2022 Spring&crn-1=10228",""
"202210","BIOL315","PRINCIPLES OF NEUROBIOLOGY","002","10229","TR","10:00 AM - 11:20 AM","CKB 206","Closed","10","30","Golowasch, Jorge","Face-to-Face","3","https://www.bkstr.com/webapp/wcs/stores/servlet/booklookServlet?bookstore_id-1=584&term_id-1=2022 Spring&crn-1=10229",""
"202210","BIOL315","PRINCIPLES OF NEUROBIOLOGY","004","10230","TR","4:00 PM - 5:20 PM","CKB 330","Closed","10","27","Severi, Kristen","Face-to-Face","3","https://www.bkstr.com/webapp/wcs/stores/servlet/booklookServlet?bookstore_id-1=584&term_id-1=2022 Spring&crn-1=10230",""
"202210","BIOL337","COLLECTIVE INTEL IN BIOL SYST","002","10231","MW","11:30 AM - 12:50 PM","KUPF 209","Closed","15","31","Garnier, Simon","Face-to-Face","3","https://www.bkstr.com/webapp/wcs/stores/servlet/booklookServlet?bookstore_id-1=584&term_id-1=2022 Spring&crn-1=10231",""
"202210","BIOL340","MAMMALIAN PHYSIOLOGY","002","10232","MR","4:00 PM - 5:20 PM","CKB 217","Closed","6","21","Yarotsky, John","Face-to-Face","4","https://www.bkstr.com/webapp/wcs/stores/servlet/booklookServlet?bookstore_id-1=584&term_id-1=2022 Spring&crn-1=10232",""
"202210","BIOL340","MAMMALIAN PHYSIOLOGY","002","10232","MR","4:00 PM - 5:20 PM","CKB 217","Closed","6","21","Webber-Schultz, Amani","Face-to-Face","4","https://www.bkstr.com/webapp/wcs/stores/servlet/booklookServlet?bookstore_id-1=584&term_id-1=2022 Spring&crn-1=10232",""
"202210","BIOL340","MAMMALIAN PHYSIOLOGY","002","10232","W","8:30 AM - 11:20 AM","CKB 302","Closed","6","21","Yarotsky, John","Face-to-Face","4","https://www.bkstr.com/webapp/wcs/stores/servlet/booklookServlet?bookstore_id-1=584&term_id-1=2022 Spring&crn-1=10232",""
"202210","BIOL340","MAMMALIAN PHYSIOLOGY","002","10232","W","8:30 AM - 11:20 AM","CKB 302","Closed","6","21","Webber-Schultz, Amani","Face-to-Face","4","https://www.bkstr.com/webapp/wcs/stores/servlet/booklookServlet?bookstore_id-1=584&term_id-1=2022 Spring&crn-1=10232",""
"202210","BIOL340","MAMMALIAN PHYSIOLOGY","004","10233","MR","4:00 PM - 5:20 PM","CKB 217","Closed","6","18","Yarotsky, John","Face-to-Face","4","https://www.bkstr.com/webapp/wcs/stores/servlet/booklookServlet?bookstore_id-1=584&term_id-1=2022 Spring&crn-1=10233",""
"202210","BIOL340","MAMMALIAN PHYSIOLOGY","004","10233","MR","4:00 PM - 5:20 PM","CKB 217","Closed","6","18","Ray, Subash Kusum","Face-to-Face","4","https://www.bkstr.com/webapp/wcs/stores/servlet/booklookServlet?bookstore_id-1=584&term_id-1=2022 Spring&crn-1=10233",""
"202210","BIOL340","MAMMALIAN PHYSIOLOGY","004","10233","W","11:30 AM - 2:20 PM","CKB 302","Closed","6","18","Yarotsky, John","Face-to-Face","4","https://www.bkstr.com/webapp/wcs/stores/servlet/booklookServlet?bookstore_id-1=584&term_id-1=2022 Spring&crn-1=10233",""
"202210","BIOL340","MAMMALIAN PHYSIOLOGY","004","10233","W","11:30 AM - 2:20 PM","CKB 302","Closed","6","18","Ray, Subash Kusum","Face-to-Face","4","https://www.bkstr.com/webapp/wcs/stores/servlet/booklookServlet?bookstore_id-1=584&term_id-1=2022 Spring&crn-1=10233",""
"202210","BIOL340","MAMMALIAN PHYSIOLOGY","006","10234","F","1:00 PM - 3:50 PM","CKB 302","Closed","6","16","Yarotsky, John","Face-to-Face","4","https://www.bkstr.com/webapp/wcs/stores/servlet/booklookServlet?bookstore_id-1=584&term_id-1=2022 Spring&crn-1=10234",""
"202210","BIOL340","MAMMALIAN PHYSIOLOGY","006","10234","MR","4:00 PM - 5:20 PM","CKB 217","Closed","6","16","Yarotsky, John","Face-to-Face","4","https://www.bkstr.com/webapp/wcs/stores/servlet/booklookServlet?bookstore_id-1=584&term_id-1=2022 Spring&crn-1=10234",""
"202210","BIOL340","MAMMALIAN PHYSIOLOGY","008","10235","MW","10:00 AM - 11:20 AM","CKB 303","Closed","6","20","Bucher, Dirk","Face-to-Face","4","https://www.bkstr.com/webapp/wcs/stores/servlet/booklookServlet?bookstore_id-1=584&term_id-1=2022 Spring&crn-1=10235",""
"202210","BIOL340","MAMMALIAN PHYSIOLOGY","008","10235","MW","10:00 AM - 11:20 AM","CKB 303","Closed","6","20","Webber-Schultz, Amani","Face-to-Face","4","https://www.bkstr.com/webapp/wcs/stores/servlet/booklookServlet?bookstore_id-1=584&term_id-1=2022 Spring&crn-1=10235",""
"202210","BIOL340","MAMMALIAN PHYSIOLOGY","008","10235","T","10:00 AM - 12:50 PM","CKB 302","Closed","6","20","Bucher, Dirk","Face-to-Face","4","https://www.bkstr.com/webapp/wcs/stores/servlet/booklookServlet?bookstore_id-1=584&term_id-1=2022 Spring&crn-1=10235",""
"202210","BIOL340","MAMMALIAN PHYSIOLOGY","008","10235","T","10:00 AM - 12:50 PM","CKB 302","Closed","6","20","Webber-Schultz, Amani","Face-to-Face","4","https://www.bkstr.com/webapp/wcs/stores/servlet/booklookServlet?bookstore_id-1=584&term_id-1=2022 Spring&crn-1=10235",""
"202210","BIOL340","MAMMALIAN PHYSIOLOGY","010","10236","MW","10:00 AM - 11:20 AM","CKB 303","Closed","6","20","Bucher, Dirk","Face-to-Face","4","https://www.bkstr.com/webapp/wcs/stores/servlet/booklookServlet?bookstore_id-1=584&term_id-1=2022 Spring&crn-1=10236",""
"202210","BIOL340","MAMMALIAN PHYSIOLOGY","010","10236","MW","10:00 AM - 11:20 AM","CKB 303","Closed","6","20","Ray, Subash Kusum","Face-to-Face","4","https://www.bkstr.com/webapp/wcs/stores/servlet/booklookServlet?bookstore_id-1=584&term_id-1=2022 Spring&crn-1=10236",""
"202210","BIOL340","MAMMALIAN PHYSIOLOGY","010","10236","T","2:30 PM - 5:20 PM","CKB 302","Closed","6","20","Bucher, Dirk","Face-to-Face","4","https://www.bkstr.com/webapp/wcs/stores/servlet/booklookServlet?bookstore_id-1=584&term_id-1=2022 Spring&crn-1=10236",""
"202210","BIOL340","MAMMALIAN PHYSIOLOGY","010","10236","T","2:30 PM - 5:20 PM","CKB 302","Closed","6","20","Ray, Subash Kusum","Face-to-Face","4","https://www.bkstr.com/webapp/wcs/stores/servlet/booklookServlet?bookstore_id-1=584&term_id-1=2022 Spring&crn-1=10236",""
"202210","BIOL340","MAMMALIAN PHYSIOLOGY","012","10237","F","8:30 AM - 11:20 AM","CKB 302","Closed","6","23","Bucher, Dirk","Face-to-Face","4","https://www.bkstr.com/webapp/wcs/stores/servlet/booklookServlet?bookstore_id-1=584&term_id-1=2022 Spring&crn-1=10237",""
"202210","BIOL340","MAMMALIAN PHYSIOLOGY","012","10237","MW","10:00 AM - 11:20 AM","CKB 303","Closed","6","23","Bucher, Dirk","Face-to-Face","4","https://www.bkstr.com/webapp/wcs/stores/servlet/booklookServlet?bookstore_id-1=584&term_id-1=2022 Spring&crn-1=10237",""
"202210","BIOL340","MAMMALIAN PHYSIOLOGY","102","10238","M","6:00 PM - 8:50 PM","KUPF 106","Closed","6","21","Fortune, Eric","Face-to-Face","4","https://www.bkstr.com/webapp/wcs/stores/servlet/booklookServlet?bookstore_id-1=584&term_id-1=2022 Spring&crn-1=10238",""
"202210","BIOL340","MAMMALIAN PHYSIOLOGY","102","10238","M","6:00 PM - 8:50 PM","KUPF 106","Closed","6","21","More-Potdar, Smita","Face-to-Face","4","https://www.bkstr.com/webapp/wcs/stores/servlet/booklookServlet?bookstore_id-1=584&term_id-1=2022 Spring&crn-1=10238",""
"202210","BIOL340","MAMMALIAN PHYSIOLOGY","102","10238","W","6:00 PM - 8:50 PM","CKB 302","Closed","6","21","Fortune, Eric","Face-to-Face","4","https://www.bkstr.com/webapp/wcs/stores/servlet/booklookServlet?bookstore_id-1=584&term_id-1=2022 Spring&crn-1=10238",""
"202210","BIOL340","MAMMALIAN PHYSIOLOGY","102","10238","W","6:00 PM - 8:50 PM","CKB 302","Closed","6","21","More-Potdar, Smita","Face-to-Face","4","https://www.bkstr.com/webapp/wcs/stores/servlet/booklookServlet?bookstore_id-1=584&term_id-1=2022 Spring&crn-1=10238",""
"202210","BIOL340","MAMMALIAN PHYSIOLOGY","104","10239","M","6:00 PM - 8:50 PM","KUPF 106","Closed","6","20","Fortune, Eric","Face-to-Face","4","https://www.bkstr.com/webapp/wcs/stores/servlet/booklookServlet?bookstore_id-1=584&term_id-1=2022 Spring&crn-1=10239",""
"202210","BIOL340","MAMMALIAN PHYSIOLOGY","104","10239","M","6:00 PM - 8:50 PM","KUPF 106","Closed","6","20","More-Potdar, Smita","Face-to-Face","4","https://www.bkstr.com/webapp/wcs/stores/servlet/booklookServlet?bookstore_id-1=584&term_id-1=2022 Spring&crn-1=10239",""
"202210","BIOL340","MAMMALIAN PHYSIOLOGY","104","10239","T","6:00 PM - 8:50 PM","CKB 302","Closed","6","20","Fortune, Eric","Face-to-Face","4","https://www.bkstr.com/webapp/wcs/stores/servlet/booklookServlet?bookstore_id-1=584&term_id-1=2022 Spring&crn-1=10239",""
"202210","BIOL340","MAMMALIAN PHYSIOLOGY","104","10239","T","6:00 PM - 8:50 PM","CKB 302","Closed","6","20","More-Potdar, Smita","Face-to-Face","4","https://www.bkstr.com/webapp/wcs/stores/servlet/booklookServlet?bookstore_id-1=584&term_id-1=2022 Spring&crn-1=10239",""
"202210","BIOL347","LAB APPROACHES IN NEUROSCIENCE","002","10240","TR","11:30 AM - 12:50 PM"," ","Closed","0","0","","Face-to-Face","4","https://www.bkstr.com/webapp/wcs/stores/servlet/booklookServlet?bookstore_id-1=584&term_id-1=2022 Spring&crn-1=10240","Cancelled 11/15/21"
"202210","BIOL347","LAB APPROACHES IN NEUROSCIENCE","002","10240","W","10:00 AM - 12:50 PM"," ","Closed","0","0","","Face-to-Face","4","https://www.bkstr.com/webapp/wcs/stores/servlet/booklookServlet?bookstore_id-1=584&term_id-1=2022 Spring&crn-1=10240","Cancelled 11/15/21"
"202210","BIOL350","IMMUNOLOGY","002","10241","TR","1:00 PM - 2:20 PM","TIER LECT 1","Closed","14","60","Yarotsky, John","Face-to-Face","3","https://www.bkstr.com/webapp/wcs/stores/servlet/booklookServlet?bookstore_id-1=584&term_id-1=2022 Spring&crn-1=10241",""
"202210","BIOL375","CONSERVATION BIOLOGY","002","10242","MW","10:00 AM - 11:20 AM","CKB 120","Closed","10","23","Tai, Xiaonan","Face-to-Face","3","https://www.bkstr.com/webapp/wcs/stores/servlet/booklookServlet?bookstore_id-1=584&term_id-1=2022 Spring&crn-1=10242",""
"202210","BIOL375","CONSERVATION BIOLOGY - HONORS","H02","10243","MW","1:00 PM - 2:20 PM"," ","Cancelled","20","0","","Face-to-Face","3","https://www.bkstr.com/webapp/wcs/stores/servlet/booklookServlet?bookstore_id-1=584&term_id-1=2022 Spring&crn-1=10243","Cancelled 1/14/22"
"202210","BIOL382","ANIMAL BEHAVIOR","002","10244","TR","4:00 PM - 5:20 PM","CKB G-08","Closed","25","70","Devan, Caroline","Face-to-Face","3","https://www.bkstr.com/webapp/wcs/stores/servlet/booklookServlet?bookstore_id-1=584&term_id-1=2022 Spring&crn-1=10244",""
"202210","BIOL383","NEURAL BASIS OF BEHAVIOR","002","10245","MR","2:30 PM - 3:50 PM","CKB 316","Closed","0","0","","Face-to-Face","3","https://www.bkstr.com/webapp/wcs/stores/servlet/booklookServlet?bookstore_id-1=584&term_id-1=2022 Spring&crn-1=10245",""
"202210","BIOL383","NEURAL BASIS OF BEHAVIOR - HONORS","HM2","10246","MR","2:30 PM - 3:50 PM"," ","Closed","0","0","","Face-to-Face","3","https://www.bkstr.com/webapp/wcs/stores/servlet/booklookServlet?bookstore_id-1=584&term_id-1=2022 Spring&crn-1=10246","Cancelled 11/15/21"
"202210","BIOL410","WORK EXPERIENCE II","745","10247","",""," ","Closed","0","3","Roach, Karen","Face-to-Face","3","https://www.bkstr.com/webapp/wcs/stores/servlet/booklookServlet?bookstore_id-1=584&term_id-1=2022 Spring&crn-1=10247",""
"202210","BIOL447","SYSTEMS NEUROBIOLOGY","002","10248","MW","1:00 PM - 2:20 PM","KUPF 106","Closed","5","8","Nadim, Farzan","Face-to-Face","3","https://www.bkstr.com/webapp/wcs/stores/servlet/booklookServlet?bookstore_id-1=584&term_id-1=2022 Spring&crn-1=10248",""
"202210","BIOL447","SYSTEMS NEUROBIOLOGY - HONORS","HM2","10249","MW","1:00 PM - 2:20 PM","KUPF 106","Closed","5","7","Nadim, Farzan","Face-to-Face","3","https://www.bkstr.com/webapp/wcs/stores/servlet/booklookServlet?bookstore_id-1=584&term_id-1=2022 Spring&crn-1=10249","Honors Course"
"202210","BIOL453","APPLIED GENETICS & GENOMICS","002","10250","TR","11:30 AM - 12:50 PM","CKB 215","Open","10","6","Konsolaki, Mary","Face-to-Face","3","https://www.bkstr.com/webapp/wcs/stores/servlet/booklookServlet?bookstore_id-1=584&term_id-1=2022 Spring&crn-1=10250",""
"202210","BIOL470","DYNAMIC PRINC IN SYSTEMS BIOL","002","10251","MW","11:30 AM - 12:50 PM","CKB 341","Closed","10","12","Rotstein, Horacio","Face-to-Face","3","https://www.bkstr.com/webapp/wcs/stores/servlet/booklookServlet?bookstore_id-1=584&term_id-1=2022 Spring&crn-1=10251",""
"202210","BIOL475","ECOLOGICAL FIELD METHODS - HONORS","H02","10252","F","1:00 PM - 5:20 PM","CKB 328","Closed","0","8","Stanko, Maria","Face-to-Face","3","https://www.bkstr.com/webapp/wcs/stores/servlet/booklookServlet?bookstore_id-1=584&term_id-1=2022 Spring&crn-1=10252","Honors Course<br />Instructor Permission Required"
"202210","BIOL491","SENIOR PROJECT","072","10253","",""," ","Closed","0","0","","Face-to-Face","3","https://www.bkstr.com/webapp/wcs/stores/servlet/booklookServlet?bookstore_id-1=584&term_id-1=2022 Spring&crn-1=10253",""
"202210","BIOL491","SENIOR PROJECT","301","10254","",""," ","Closed","0","0","","Face-to-Face","3","https://www.bkstr.com/webapp/wcs/stores/servlet/booklookServlet?bookstore_id-1=584&term_id-1=2022 Spring&crn-1=10254",""
"202210","BIOL491","SENIOR PROJECT","595","10255","",""," ","Closed","0","0","","Face-to-Face","3","https://www.bkstr.com/webapp/wcs/stores/servlet/booklookServlet?bookstore_id-1=584&term_id-1=2022 Spring&crn-1=10255",""
"202210","BIOL491","SENIOR PROJECT","731","10256","",""," ","Closed","0","0","Bunker, Daniel","Face-to-Face","3","https://www.bkstr.com/webapp/wcs/stores/servlet/booklookServlet?bookstore_id-1=584&term_id-1=2022 Spring&crn-1=10256",""
"202210","BIOL491","SENIOR PROJECT","745","10257","",""," ","Closed","0","0","Nadim, Farzan","Face-to-Face","3","https://www.bkstr.com/webapp/wcs/stores/servlet/booklookServlet?bookstore_id-1=584&term_id-1=2022 Spring&crn-1=10257",""
"202210","BIOL491","SENIOR PROJECT","756","10258","",""," ","Closed","0","0","Golowasch, Jorge","Face-to-Face","3","https://www.bkstr.com/webapp/wcs/stores/servlet/booklookServlet?bookstore_id-1=584&term_id-1=2022 Spring&crn-1=10258",""
"202210","BIOL491","SENIOR PROJECT","762","10259","",""," ","Closed","0","0","Soares, Daphne","Face-to-Face","3","https://www.bkstr.com/webapp/wcs/stores/servlet/booklookServlet?bookstore_id-1=584&term_id-1=2022 Spring&crn-1=10259",""
"202210","BIOL491","SENIOR PROJECT","766","10260","",""," ","Closed","0","0","Rotstein, Horacio","Face-to-Face","3","https://www.bkstr.com/webapp/wcs/stores/servlet/booklookServlet?bookstore_id-1=584&term_id-1=2022 Spring&crn-1=10260",""
"202210","BIOL491","SENIOR PROJECT","813","10261","",""," ","Closed","0","0","Garnier, Simon","Face-to-Face","3","https://www.bkstr.com/webapp/wcs/stores/servlet/booklookServlet?bookstore_id-1=584&term_id-1=2022 Spring&crn-1=10261",""
"202210","BIOL491","SENIOR PROJECT","815","10262","",""," ","Closed","0","0","Bucher, Dirk","Face-to-Face","3","https://www.bkstr.com/webapp/wcs/stores/servlet/booklookServlet?bookstore_id-1=584&term_id-1=2022 Spring&crn-1=10262",""
"202210","BIOL491","SENIOR PROJECT","817","10263","",""," ","Closed","0","0","Haspel, Gal","Face-to-Face","3","https://www.bkstr.com/webapp/wcs/stores/servlet/booklookServlet?bookstore_id-1=584&term_id-1=2022 Spring&crn-1=10263",""
"202210","BIOL491","SENIOR PROJECT","820","10264","",""," ","Closed","0","0","Fortune, Eric","Face-to-Face","3","https://www.bkstr.com/webapp/wcs/stores/servlet/booklookServlet?bookstore_id-1=584&term_id-1=2022 Spring&crn-1=10264",""
"202210","BIOL491","SENIOR PROJECT","823","10265","",""," ","Closed","0","0","Desai, Darshan","Face-to-Face","3","https://www.bkstr.com/webapp/wcs/stores/servlet/booklookServlet?bookstore_id-1=584&term_id-1=2022 Spring&crn-1=10265",""
"202210","BIOL491","SENIOR PROJECT","832","10266","",""," ","Closed","0","0","Flammang-Lockyer, Brooke","Face-to-Face","3","https://www.bkstr.com/webapp/wcs/stores/servlet/booklookServlet?bookstore_id-1=584&term_id-1=2022 Spring&crn-1=10266",""
"202210","BIOL491","SENIOR PROJECT","844","10267","",""," ","Closed","0","1","Barden, Phillip","Face-to-Face","3","https://www.bkstr.com/webapp/wcs/stores/servlet/booklookServlet?bookstore_id-1=584&term_id-1=2022 Spring&crn-1=10267",""
"202210","BIOL491","SENIOR PROJECT","845","10268","",""," ","Closed","0","2","Severi, Kristen","Face-to-Face","3","https://www.bkstr.com/webapp/wcs/stores/servlet/booklookServlet?bookstore_id-1=584&term_id-1=2022 Spring&crn-1=10268",""
"202210","BIOL491","SENIOR PROJECT","846","10269","",""," ","Closed","0","0","Tai, Xiaonan","Face-to-Face","3","https://www.bkstr.com/webapp/wcs/stores/servlet/booklookServlet?bookstore_id-1=584&term_id-1=2022 Spring&crn-1=10269",""
"202210","BIOL491","SENIOR PROJECT","847","10270","",""," ","Closed","0","0","Russell, Gareth","Face-to-Face","3","https://www.bkstr.com/webapp/wcs/stores/servlet/booklookServlet?bookstore_id-1=584&term_id-1=2022 Spring&crn-1=10270",""
"202210","BIOL492","RESEARCH & INDEPENDENT STUDY","731","10271","",""," ","Closed","0","1","Bunker, Daniel","Face-to-Face","3","https://www.bkstr.com/webapp/wcs/stores/servlet/booklookServlet?bookstore_id-1=584&term_id-1=2022 Spring&crn-1=10271",""
"202210","BIOL492","RESEARCH & INDEPENDENT STUDY","745","10272","",""," ","Closed","0","1","Nadim, Farzan","Face-to-Face","3","https://www.bkstr.com/webapp/wcs/stores/servlet/booklookServlet?bookstore_id-1=584&term_id-1=2022 Spring&crn-1=10272",""
"202210","BIOL492","RESEARCH & INDEPENDENT STUDY","756","10273","",""," ","Closed","0","0","Golowasch, Jorge","Face-to-Face","3","https://www.bkstr.com/webapp/wcs/stores/servlet/booklookServlet?bookstore_id-1=584&term_id-1=2022 Spring&crn-1=10273",""
"202210","BIOL492","RESEARCH & INDEPENDENT STUDY","762","10274","",""," ","Closed","0","1","Soares, Daphne","Face-to-Face","3","https://www.bkstr.com/webapp/wcs/stores/servlet/booklookServlet?bookstore_id-1=584&term_id-1=2022 Spring&crn-1=10274",""
"202210","BIOL492","RESEARCH & INDEPENDENT STUDY","766","10275","",""," ","Closed","0","0","Rotstein, Horacio","Face-to-Face","3","https://www.bkstr.com/webapp/wcs/stores/servlet/booklookServlet?bookstore_id-1=584&term_id-1=2022 Spring&crn-1=10275",""
"202210","BIOL492","RESEARCH & INDEPENDENT STUDY","813","10276","",""," ","Closed","0","0","Garnier, Simon","Face-to-Face","3","https://www.bkstr.com/webapp/wcs/stores/servlet/booklookServlet?bookstore_id-1=584&term_id-1=2022 Spring&crn-1=10276",""
"202210","BIOL492","RESEARCH & INDEPENDENT STUDY","815","10277","",""," ","Closed","0","0","Bucher, Dirk","Face-to-Face","3","https://www.bkstr.com/webapp/wcs/stores/servlet/booklookServlet?bookstore_id-1=584&term_id-1=2022 Spring&crn-1=10277",""
"202210","BIOL492","RESEARCH & INDEPENDENT STUDY","817","10278","",""," ","Closed","0","0","Haspel, Gal","Face-to-Face","3","https://www.bkstr.com/webapp/wcs/stores/servlet/booklookServlet?bookstore_id-1=584&term_id-1=2022 Spring&crn-1=10278",""
"202210","BIOL492","RESEARCH & INDEPENDENT STUDY","820","10279","",""," ","Closed","0","0","Fortune, Eric","Face-to-Face","3","https://www.bkstr.com/webapp/wcs/stores/servlet/booklookServlet?bookstore_id-1=584&term_id-1=2022 Spring&crn-1=10279",""
"202210","BIOL492","RESEARCH & INDEPENDENT STUDY","823","10280","",""," ","Closed","0","0","Desai, Darshan","Face-to-Face","3","https://www.bkstr.com/webapp/wcs/stores/servlet/booklookServlet?bookstore_id-1=584&term_id-1=2022 Spring&crn-1=10280",""
"202210","BIOL492","RESEARCH & INDEPENDENT STUDY","832","10281","",""," ","Closed","0","0","Flammang-Lockyer, Brooke","Face-to-Face","3","https://www.bkstr.com/webapp/wcs/stores/servlet/booklookServlet?bookstore_id-1=584&term_id-1=2022 Spring&crn-1=10281",""
"202210","BIOL492","RESEARCH & INDEPENDENT STUDY","844","10282","",""," ","Closed","0","0","Barden, Phillip","Face-to-Face","3","https://www.bkstr.com/webapp/wcs/stores/servlet/booklookServlet?bookstore_id-1=584&term_id-1=2022 Spring&crn-1=10282",""
"202210","BIOL492","RESEARCH & INDEPENDENT STUDY","845","10283","",""," ","Closed","0","0","Severi, Kristen","Face-to-Face","3","https://www.bkstr.com/webapp/wcs/stores/servlet/booklookServlet?bookstore_id-1=584&term_id-1=2022 Spring&crn-1=10283",""
"202210","BIOL492","RESEARCH & INDEPENDENT STUDY","846","10284","",""," ","Closed","0","1","Tai, Xiaonan","Face-to-Face","3","https://www.bkstr.com/webapp/wcs/stores/servlet/booklookServlet?bookstore_id-1=584&term_id-1=2022 Spring&crn-1=10284",""
"202210","BIOL492","RESEARCH & INDEPENDENT STUDY","847","10285","",""," ","Closed","0","0","Russell, Gareth","Face-to-Face","3","https://www.bkstr.com/webapp/wcs/stores/servlet/booklookServlet?bookstore_id-1=584&term_id-1=2022 Spring&crn-1=10285",""
"202210","BIOL495","HONORS SEMINAR IN BIOLOGY - HONORS","H02","10286","M","2:30 PM - 5:20 PM","CKB 341","Open","22","20","Konsolaki, Mary","Face-to-Face","3","https://www.bkstr.com/webapp/wcs/stores/servlet/booklookServlet?bookstore_id-1=584&term_id-1=2022 Spring&crn-1=10286","Honors Course"
"202210","BIOL498","ST: FOOD FOR A HOT PLANET - HONORS","H02","10288","MW","1:00 PM - 2:20 PM","CKB 310","Open","20","10","Stanko, Maria","Face-to-Face","3","https://www.bkstr.com/webapp/wcs/stores/servlet/booklookServlet?bookstore_id-1=584&term_id-1=2022 Spring&crn-1=10288","Honors Course"
"202210","BIOL498","ST: ORNITHOLOGY - THE LIFE OF BIRDS","002","10287","M","1:00 PM - 5:20 PM","CKB 328","Closed","7","15","Bunker, Daniel","Face-to-Face","3","https://www.bkstr.com/webapp/wcs/stores/servlet/booklookServlet?bookstore_id-1=584&term_id-1=2022 Spring&crn-1=10287","Laboratory Course"
"202210","BIOL606","APP BIOPROC & IMMUN BASED THER","102","10289","T","6:00 PM - 8:50 PM","CKB 114","Open","30","28","Yarotsky, John","Converged Learning","3","https://www.bkstr.com/webapp/wcs/stores/servlet/booklookServlet?bookstore_id-1=584&term_id-1=2022 Spring&crn-1=10289","Converged Learning Course"
"202210","BIOL641","SYSTEMS NEUROSCIENCE","002","10290","MW","1:00 PM - 2:20 PM","KUPF 106","Open","5","4","Nadim, Farzan","Face-to-Face","3","https://www.bkstr.com/webapp/wcs/stores/servlet/booklookServlet?bookstore_id-1=584&term_id-1=2022 Spring&crn-1=10290",""
"202210","BIOL653","MED GENETICS AND GENOMICS","002","10291","TR","11:30 AM - 12:50 PM","CKB 215","Open","5","3","Konsolaki, Mary","Face-to-Face","3","https://www.bkstr.com/webapp/wcs/stores/servlet/booklookServlet?bookstore_id-1=584&term_id-1=2022 Spring&crn-1=10291",""
"202210","BIOL672","COMPUTATIONAL SYSTEMS BIOLOGY","002","10292","MW","11:30 AM - 12:50 PM","CKB 341","Open","10","4","Rotstein, Horacio","Face-to-Face","3","https://www.bkstr.com/webapp/wcs/stores/servlet/booklookServlet?bookstore_id-1=584&term_id-1=2022 Spring&crn-1=10292",""
"202210","BIOL698","BIOINSPIRED DESIGN TECHNOLOGIES","004","10294","W","11:30 AM - 2:20 PM","CKB 316","Open","5","4","Flammang-Lockyer, Brooke","Face-to-Face","3","https://www.bkstr.com/webapp/wcs/stores/servlet/booklookServlet?bookstore_id-1=584&term_id-1=2022 Spring&crn-1=10294","Laboratory Course"
"202210","BIOL698","ST: BEHAVIORAL NEUROSCIENCE","002","10293","MR","2:30 PM - 3:50 PM"," ","Cancelled","5","0","","Face-to-Face","3","https://www.bkstr.com/webapp/wcs/stores/servlet/booklookServlet?bookstore_id-1=584&term_id-1=2022 Spring&crn-1=10293","Cancelled 12/3/21"
"202210","BIOL700B","MASTER'S PROJECT","731","10295","",""," ","Closed","0","0","Bunker, Daniel","Face-to-Face","3","https://www.bkstr.com/webapp/wcs/stores/servlet/booklookServlet?bookstore_id-1=584&term_id-1=2022 Spring&crn-1=10295",""
"202210","BIOL700B","MASTER'S PROJECT","745","10296","",""," ","Closed","0","0","Nadim, Farzan","Face-to-Face","3","https://www.bkstr.com/webapp/wcs/stores/servlet/booklookServlet?bookstore_id-1=584&term_id-1=2022 Spring&crn-1=10296",""
"202210","BIOL700B","MASTER'S PROJECT","756","10297","",""," ","Closed","0","0","Golowasch, Jorge","Face-to-Face","3","https://www.bkstr.com/webapp/wcs/stores/servlet/booklookServlet?bookstore_id-1=584&term_id-1=2022 Spring&crn-1=10297",""
"202210","BIOL700B","MASTER'S PROJECT","762","10298","",""," ","Closed","0","0","Soares, Daphne","Face-to-Face","3","https://www.bkstr.com/webapp/wcs/stores/servlet/booklookServlet?bookstore_id-1=584&term_id-1=2022 Spring&crn-1=10298",""
"202210","BIOL700B","MASTER'S PROJECT","766","10299","",""," ","Closed","0","0","Rotstein, Horacio","Face-to-Face","3","https://www.bkstr.com/webapp/wcs/stores/servlet/booklookServlet?bookstore_id-1=584&term_id-1=2022 Spring&crn-1=10299",""
"202210","BIOL700B","MASTER'S PROJECT","813","10300","",""," ","Closed","0","0","Garnier, Simon","Face-to-Face","3","https://www.bkstr.com/webapp/wcs/stores/servlet/booklookServlet?bookstore_id-1=584&term_id-1=2022 Spring&crn-1=10300",""
"202210","BIOL700B","MASTER'S PROJECT","815","10301","",""," ","Closed","0","0","Bucher, Dirk","Face-to-Face","3","https://www.bkstr.com/webapp/wcs/stores/servlet/booklookServlet?bookstore_id-1=584&term_id-1=2022 Spring&crn-1=10301",""
"202210","BIOL700B","MASTER'S PROJECT","817","10302","",""," ","Closed","0","0","Haspel, Gal","Face-to-Face","3","https://www.bkstr.com/webapp/wcs/stores/servlet/booklookServlet?bookstore_id-1=584&term_id-1=2022 Spring&crn-1=10302",""
"202210","BIOL700B","MASTER'S PROJECT","820","10303","",""," ","Closed","0","0","Fortune, Eric","Face-to-Face","3","https://www.bkstr.com/webapp/wcs/stores/servlet/booklookServlet?bookstore_id-1=584&term_id-1=2022 Spring&crn-1=10303",""
"202210","BIOL700B","MASTER'S PROJECT","832","10304","",""," ","Closed","0","0","Flammang-Lockyer, Brooke","Face-to-Face","3","https://www.bkstr.com/webapp/wcs/stores/servlet/booklookServlet?bookstore_id-1=584&term_id-1=2022 Spring&crn-1=10304",""
"202210","BIOL700B","MASTER'S PROJECT","844","10305","",""," ","Closed","0","0","Barden, Phillip","Face-to-Face","3","https://www.bkstr.com/webapp/wcs/stores/servlet/booklookServlet?bookstore_id-1=584&term_id-1=2022 Spring&crn-1=10305",""
"202210","BIOL700B","MASTER'S PROJECT","845","10306","",""," ","Closed","0","0","Severi, Kristen","Face-to-Face","3","https://www.bkstr.com/webapp/wcs/stores/servlet/booklookServlet?bookstore_id-1=584&term_id-1=2022 Spring&crn-1=10306",""
"202210","BIOL700B","MASTER'S PROJECT","846","10307","",""," ","Closed","0","0","Tai, Xiaonan","Face-to-Face","3","https://www.bkstr.com/webapp/wcs/stores/servlet/booklookServlet?bookstore_id-1=584&term_id-1=2022 Spring&crn-1=10307",""
"202210","BIOL700B","MASTER'S PROJECT","847","10308","",""," ","Closed","0","1","Russell, Gareth","Face-to-Face","3","https://www.bkstr.com/webapp/wcs/stores/servlet/booklookServlet?bookstore_id-1=584&term_id-1=2022 Spring&crn-1=10308",""
"202210","BIOL701B","MASTER'S THESIS","731","10309","",""," ","Closed","0","0","Bunker, Daniel","Face-to-Face","3","https://www.bkstr.com/webapp/wcs/stores/servlet/booklookServlet?bookstore_id-1=584&term_id-1=2022 Spring&crn-1=10309",""
"202210","BIOL701B","MASTER'S THESIS","745","10310","",""," ","Closed","0","0","Nadim, Farzan","Face-to-Face","3","https://www.bkstr.com/webapp/wcs/stores/servlet/booklookServlet?bookstore_id-1=584&term_id-1=2022 Spring&crn-1=10310",""
"202210","BIOL701B","MASTER'S THESIS","756","10311","",""," ","Closed","0","0","Golowasch, Jorge","Face-to-Face","3","https://www.bkstr.com/webapp/wcs/stores/servlet/booklookServlet?bookstore_id-1=584&term_id-1=2022 Spring&crn-1=10311",""
"202210","BIOL701B","MASTER'S THESIS","762","10312","",""," ","Closed","0","0","Soares, Daphne","Face-to-Face","3","https://www.bkstr.com/webapp/wcs/stores/servlet/booklookServlet?bookstore_id-1=584&term_id-1=2022 Spring&crn-1=10312",""
"202210","BIOL701B","MASTER'S THESIS","766","10313","",""," ","Closed","0","0","Rotstein, Horacio","Face-to-Face","3","https://www.bkstr.com/webapp/wcs/stores/servlet/booklookServlet?bookstore_id-1=584&term_id-1=2022 Spring&crn-1=10313",""
"202210","BIOL701B","MASTER'S THESIS","813","10314","",""," ","Closed","0","0","Garnier, Simon","Face-to-Face","3","https://www.bkstr.com/webapp/wcs/stores/servlet/booklookServlet?bookstore_id-1=584&term_id-1=2022 Spring&crn-1=10314",""
"202210","BIOL701B","MASTER'S THESIS","815","10315","",""," ","Closed","0","0","Bucher, Dirk","Face-to-Face","3","https://www.bkstr.com/webapp/wcs/stores/servlet/booklookServlet?bookstore_id-1=584&term_id-1=2022 Spring&crn-1=10315",""
"202210","BIOL701B","MASTER'S THESIS","817","10316","",""," ","Closed","0","0","Haspel, Gal","Face-to-Face","3","https://www.bkstr.com/webapp/wcs/stores/servlet/booklookServlet?bookstore_id-1=584&term_id-1=2022 Spring&crn-1=10316",""
"202210","BIOL701B","MASTER'S THESIS","820","10317","",""," ","Closed","0","0","Fortune, Eric","Face-to-Face","3","https://www.bkstr.com/webapp/wcs/stores/servlet/booklookServlet?bookstore_id-1=584&term_id-1=2022 Spring&crn-1=10317",""
"202210","BIOL701B","MASTER'S THESIS","832","10318","",""," ","Closed","0","0","Flammang-Lockyer, Brooke","Face-to-Face","3","https://www.bkstr.com/webapp/wcs/stores/servlet/booklookServlet?bookstore_id-1=584&term_id-1=2022 Spring&crn-1=10318",""
"202210","BIOL701B","MASTER'S THESIS","844","10319","",""," ","Closed","0","0","Barden, Phillip","Face-to-Face","3","https://www.bkstr.com/webapp/wcs/stores/servlet/booklookServlet?bookstore_id-1=584&term_id-1=2022 Spring&crn-1=10319",""
"202210","BIOL701B","MASTER'S THESIS","845","10320","",""," ","Closed","0","0","Severi, Kristen","Face-to-Face","3","https://www.bkstr.com/webapp/wcs/stores/servlet/booklookServlet?bookstore_id-1=584&term_id-1=2022 Spring&crn-1=10320",""
"202210","BIOL701B","MASTER'S THESIS","846","10321","",""," ","Closed","0","0","Tai, Xiaonan","Face-to-Face","3","https://www.bkstr.com/webapp/wcs/stores/servlet/booklookServlet?bookstore_id-1=584&term_id-1=2022 Spring&crn-1=10321",""
"202210","BIOL701B","MASTER'S THESIS","847","10322","",""," ","Closed","0","0","Russell, Gareth","Face-to-Face","3","https://www.bkstr.com/webapp/wcs/stores/servlet/booklookServlet?bookstore_id-1=584&term_id-1=2022 Spring&crn-1=10322",""
"202210","BIOL701C","MASTER'S THESIS","731","10323","",""," ","Closed","0","0","Bunker, Daniel","Face-to-Face","6","https://www.bkstr.com/webapp/wcs/stores/servlet/booklookServlet?bookstore_id-1=584&term_id-1=2022 Spring&crn-1=10323",""
"202210","BIOL701C","MASTER'S THESIS","745","10324","",""," ","Closed","0","0","Nadim, Farzan","Face-to-Face","6","https://www.bkstr.com/webapp/wcs/stores/servlet/booklookServlet?bookstore_id-1=584&term_id-1=2022 Spring&crn-1=10324",""
"202210","BIOL701C","MASTER'S THESIS","756","10325","",""," ","Closed","0","0","Golowasch, Jorge","Face-to-Face","6","https://www.bkstr.com/webapp/wcs/stores/servlet/booklookServlet?bookstore_id-1=584&term_id-1=2022 Spring&crn-1=10325",""
"202210","BIOL701C","MASTER'S THESIS","762","10326","",""," ","Closed","0","0","Soares, Daphne","Face-to-Face","6","https://www.bkstr.com/webapp/wcs/stores/servlet/booklookServlet?bookstore_id-1=584&term_id-1=2022 Spring&crn-1=10326",""
"202210","BIOL701C","MASTER'S THESIS","766","10327","",""," ","Closed","0","0","Rotstein, Horacio","Face-to-Face","6","https://www.bkstr.com/webapp/wcs/stores/servlet/booklookServlet?bookstore_id-1=584&term_id-1=2022 Spring&crn-1=10327",""
"202210","BIOL701C","MASTER'S THESIS","813","10328","",""," ","Closed","0","0","Garnier, Simon","Face-to-Face","6","https://www.bkstr.com/webapp/wcs/stores/servlet/booklookServlet?bookstore_id-1=584&term_id-1=2022 Spring&crn-1=10328",""
"202210","BIOL701C","MASTER'S THESIS","815","10329","",""," ","Closed","0","0","Bucher, Dirk","Face-to-Face","6","https://www.bkstr.com/webapp/wcs/stores/servlet/booklookServlet?bookstore_id-1=584&term_id-1=2022 Spring&crn-1=10329",""
"202210","BIOL701C","MASTER'S THESIS","817","10330","",""," ","Closed","0","0","Haspel, Gal","Face-to-Face","6","https://www.bkstr.com/webapp/wcs/stores/servlet/booklookServlet?bookstore_id-1=584&term_id-1=2022 Spring&crn-1=10330",""
"202210","BIOL701C","MASTER'S THESIS","820","10331","",""," ","Closed","0","1","Fortune, Eric","Face-to-Face","6","https://www.bkstr.com/webapp/wcs/stores/servlet/booklookServlet?bookstore_id-1=584&term_id-1=2022 Spring&crn-1=10331",""
"202210","BIOL701C","MASTER'S THESIS","832","10332","",""," ","Closed","0","0","Flammang-Lockyer, Brooke","Face-to-Face","6","https://www.bkstr.com/webapp/wcs/stores/servlet/booklookServlet?bookstore_id-1=584&term_id-1=2022 Spring&crn-1=10332",""
"202210","BIOL701C","MASTER'S THESIS","844","10333","",""," ","Closed","0","0","Barden, Phillip","Face-to-Face","6","https://www.bkstr.com/webapp/wcs/stores/servlet/booklookServlet?bookstore_id-1=584&term_id-1=2022 Spring&crn-1=10333",""
"202210","BIOL701C","MASTER'S THESIS","845","10334","",""," ","Closed","0","0","Severi, Kristen","Face-to-Face","6","https://www.bkstr.com/webapp/wcs/stores/servlet/booklookServlet?bookstore_id-1=584&term_id-1=2022 Spring&crn-1=10334",""
"202210","BIOL701C","MASTER'S THESIS","846","10335","",""," ","Closed","0","0","Tai, Xiaonan","Face-to-Face","6","https://www.bkstr.com/webapp/wcs/stores/servlet/booklookServlet?bookstore_id-1=584&term_id-1=2022 Spring&crn-1=10335",""
"202210","BIOL701C","MASTER'S THESIS","847","10336","",""," ","Closed","0","0","Russell, Gareth","Face-to-Face","6","https://www.bkstr.com/webapp/wcs/stores/servlet/booklookServlet?bookstore_id-1=584&term_id-1=2022 Spring&crn-1=10336",""
"202210","BIOL725","INDEPENDENT STUDY I","731","10337","",""," ","Closed","0","0","Bunker, Daniel","Face-to-Face","3","https://www.bkstr.com/webapp/wcs/stores/servlet/booklookServlet?bookstore_id-1=584&term_id-1=2022 Spring&crn-1=10337",""
"202210","BIOL725","INDEPENDENT STUDY I","745","10338","",""," ","Closed","0","0","Nadim, Farzan","Face-to-Face","3","https://www.bkstr.com/webapp/wcs/stores/servlet/booklookServlet?bookstore_id-1=584&term_id-1=2022 Spring&crn-1=10338",""
"202210","BIOL725","INDEPENDENT STUDY I","756","10339","",""," ","Closed","0","0","Golowasch, Jorge","Face-to-Face","3","https://www.bkstr.com/webapp/wcs/stores/servlet/booklookServlet?bookstore_id-1=584&term_id-1=2022 Spring&crn-1=10339",""
"202210","BIOL725","INDEPENDENT STUDY I","762","10340","",""," ","Closed","0","0","Soares, Daphne","Face-to-Face","3","https://www.bkstr.com/webapp/wcs/stores/servlet/booklookServlet?bookstore_id-1=584&term_id-1=2022 Spring&crn-1=10340",""
"202210","BIOL725","INDEPENDENT STUDY I","766","10341","",""," ","Closed","0","0","Rotstein, Horacio","Face-to-Face","3","https://www.bkstr.com/webapp/wcs/stores/servlet/booklookServlet?bookstore_id-1=584&term_id-1=2022 Spring&crn-1=10341",""
"202210","BIOL725","INDEPENDENT STUDY I","813","10342","",""," ","Closed","0","0","Garnier, Simon","Face-to-Face","3","https://www.bkstr.com/webapp/wcs/stores/servlet/booklookServlet?bookstore_id-1=584&term_id-1=2022 Spring&crn-1=10342",""
"202210","BIOL725","INDEPENDENT STUDY I","815","10343","",""," ","Closed","0","0","Bucher, Dirk","Face-to-Face","3","https://www.bkstr.com/webapp/wcs/stores/servlet/booklookServlet?bookstore_id-1=584&term_id-1=2022 Spring&crn-1=10343",""
"202210","BIOL725","INDEPENDENT STUDY I","817","10344","",""," ","Closed","0","0","Haspel, Gal","Face-to-Face","3","https://www.bkstr.com/webapp/wcs/stores/servlet/booklookServlet?bookstore_id-1=584&term_id-1=2022 Spring&crn-1=10344",""
"202210","BIOL725","INDEPENDENT STUDY I","820","10345","",""," ","Closed","0","0","Fortune, Eric","Face-to-Face","3","https://www.bkstr.com/webapp/wcs/stores/servlet/booklookServlet?bookstore_id-1=584&term_id-1=2022 Spring&crn-1=10345",""
"202210","BIOL725","INDEPENDENT STUDY I","832","10346","",""," ","Closed","0","0","Flammang-Lockyer, Brooke","Face-to-Face","3","https://www.bkstr.com/webapp/wcs/stores/servlet/booklookServlet?bookstore_id-1=584&term_id-1=2022 Spring&crn-1=10346",""
"202210","BIOL725","INDEPENDENT STUDY I","844","10347","",""," ","Closed","0","0","Barden, Phillip","Face-to-Face","3","https://www.bkstr.com/webapp/wcs/stores/servlet/booklookServlet?bookstore_id-1=584&term_id-1=2022 Spring&crn-1=10347",""
"202210","BIOL725","INDEPENDENT STUDY I","845","10348","",""," ","Closed","0","0","Severi, Kristen","Face-to-Face","3","https://www.bkstr.com/webapp/wcs/stores/servlet/booklookServlet?bookstore_id-1=584&term_id-1=2022 Spring&crn-1=10348",""
"202210","BIOL725","INDEPENDENT STUDY I","846","10349","",""," ","Closed","0","0","Tai, Xiaonan","Face-to-Face","3","https://www.bkstr.com/webapp/wcs/stores/servlet/booklookServlet?bookstore_id-1=584&term_id-1=2022 Spring&crn-1=10349",""
"202210","BIOL725","INDEPENDENT STUDY I","847","10350","",""," ","Closed","0","0","Russell, Gareth","Face-to-Face","3","https://www.bkstr.com/webapp/wcs/stores/servlet/booklookServlet?bookstore_id-1=584&term_id-1=2022 Spring&crn-1=10350",""
"202210","BIOL726","INDEPENDENT STUDY II","731","10351","",""," ","Closed","0","0","Bunker, Daniel","Face-to-Face","3","https://www.bkstr.com/webapp/wcs/stores/servlet/booklookServlet?bookstore_id-1=584&term_id-1=2022 Spring&crn-1=10351",""
"202210","BIOL726","INDEPENDENT STUDY II","745","10352","",""," ","Closed","0","0","Nadim, Farzan","Face-to-Face","3","https://www.bkstr.com/webapp/wcs/stores/servlet/booklookServlet?bookstore_id-1=584&term_id-1=2022 Spring&crn-1=10352",""
"202210","BIOL726","INDEPENDENT STUDY II","756","10353","",""," ","Closed","0","0","Golowasch, Jorge","Face-to-Face","3","https://www.bkstr.com/webapp/wcs/stores/servlet/booklookServlet?bookstore_id-1=584&term_id-1=2022 Spring&crn-1=10353",""
"202210","BIOL726","INDEPENDENT STUDY II","762","10354","",""," ","Closed","0","0","Soares, Daphne","Face-to-Face","3","https://www.bkstr.com/webapp/wcs/stores/servlet/booklookServlet?bookstore_id-1=584&term_id-1=2022 Spring&crn-1=10354",""
"202210","BIOL726","INDEPENDENT STUDY II","766","10355","",""," ","Closed","0","0","Rotstein, Horacio","Face-to-Face","3","https://www.bkstr.com/webapp/wcs/stores/servlet/booklookServlet?bookstore_id-1=584&term_id-1=2022 Spring&crn-1=10355",""
"202210","BIOL726","INDEPENDENT STUDY II","813","10356","",""," ","Closed","0","0","Garnier, Simon","Face-to-Face","3","https://www.bkstr.com/webapp/wcs/stores/servlet/booklookServlet?bookstore_id-1=584&term_id-1=2022 Spring&crn-1=10356",""
"202210","BIOL726","INDEPENDENT STUDY II","815","10357","",""," ","Closed","0","0","Bucher, Dirk","Face-to-Face","3","https://www.bkstr.com/webapp/wcs/stores/servlet/booklookServlet?bookstore_id-1=584&term_id-1=2022 Spring&crn-1=10357",""
"202210","BIOL726","INDEPENDENT STUDY II","817","10358","",""," ","Closed","0","0","Haspel, Gal","Face-to-Face","3","https://www.bkstr.com/webapp/wcs/stores/servlet/booklookServlet?bookstore_id-1=584&term_id-1=2022 Spring&crn-1=10358",""
"202210","BIOL726","INDEPENDENT STUDY II","820","10359","",""," ","Closed","0","0","Fortune, Eric","Face-to-Face","3","https://www.bkstr.com/webapp/wcs/stores/servlet/booklookServlet?bookstore_id-1=584&term_id-1=2022 Spring&crn-1=10359",""
"202210","BIOL726","INDEPENDENT STUDY II","832","10360","",""," ","Closed","0","1","Flammang-Lockyer, Brooke","Face-to-Face","3","https://www.bkstr.com/webapp/wcs/stores/servlet/booklookServlet?bookstore_id-1=584&term_id-1=2022 Spring&crn-1=10360",""
"202210","BIOL726","INDEPENDENT STUDY II","844","10361","",""," ","Closed","0","0","Barden, Phillip","Face-to-Face","3","https://www.bkstr.com/webapp/wcs/stores/servlet/booklookServlet?bookstore_id-1=584&term_id-1=2022 Spring&crn-1=10361",""
"202210","BIOL726","INDEPENDENT STUDY II","845","10362","",""," ","Closed","0","0","Severi, Kristen","Face-to-Face","3","https://www.bkstr.com/webapp/wcs/stores/servlet/booklookServlet?bookstore_id-1=584&term_id-1=2022 Spring&crn-1=10362",""
"202210","BIOL726","INDEPENDENT STUDY II","846","10363","",""," ","Closed","0","0","Tai, Xiaonan","Face-to-Face","3","https://www.bkstr.com/webapp/wcs/stores/servlet/booklookServlet?bookstore_id-1=584&term_id-1=2022 Spring&crn-1=10363",""
"202210","BIOL726","INDEPENDENT STUDY II","847","10364","",""," ","Closed","0","0","Russell, Gareth","Face-to-Face","3","https://www.bkstr.com/webapp/wcs/stores/servlet/booklookServlet?bookstore_id-1=584&term_id-1=2022 Spring&crn-1=10364",""
"202210","BIOL731","PROPOSAL PREP FOR EXTNL FUNDIN","102","10365","M","6:00 PM - 8:50 PM"," ","Cancelled","9","0","","Face-to-Face","3","https://www.bkstr.com/webapp/wcs/stores/servlet/booklookServlet?bookstore_id-1=584&term_id-1=2022 Spring&crn-1=10365","Cancelled 1/14/22"
"202210","BIOL790A","DOCT DISSERTATION & RESRCH","731","10366","",""," ","Closed","0","0","Bunker, Daniel","Face-to-Face","1","https://www.bkstr.com/webapp/wcs/stores/servlet/booklookServlet?bookstore_id-1=584&term_id-1=2022 Spring&crn-1=10366",""
"202210","BIOL790A","DOCT DISSERTATION & RESRCH","745","10367","",""," ","Closed","0","2","Nadim, Farzan","Face-to-Face","1","https://www.bkstr.com/webapp/wcs/stores/servlet/booklookServlet?bookstore_id-1=584&term_id-1=2022 Spring&crn-1=10367",""
"202210","BIOL790A","DOCT DISSERTATION & RESRCH","756","10368","",""," ","Closed","0","1","Golowasch, Jorge","Face-to-Face","1","https://www.bkstr.com/webapp/wcs/stores/servlet/booklookServlet?bookstore_id-1=584&term_id-1=2022 Spring&crn-1=10368",""
"202210","BIOL790A","DOCT DISSERTATION & RESRCH","762","10369","",""," ","Closed","0","2","Soares, Daphne","Face-to-Face","1","https://www.bkstr.com/webapp/wcs/stores/servlet/booklookServlet?bookstore_id-1=584&term_id-1=2022 Spring&crn-1=10369",""
"202210","BIOL790A","DOCT DISSERTATION & RESRCH","766","10370","",""," ","Closed","0","0","Rotstein, Horacio","Face-to-Face","1","https://www.bkstr.com/webapp/wcs/stores/servlet/booklookServlet?bookstore_id-1=584&term_id-1=2022 Spring&crn-1=10370",""
"202210","BIOL790A","DOCT DISSERTATION & RESRCH","813","10371","",""," ","Closed","0","1","Garnier, Simon","Face-to-Face","1","https://www.bkstr.com/webapp/wcs/stores/servlet/booklookServlet?bookstore_id-1=584&term_id-1=2022 Spring&crn-1=10371",""
"202210","BIOL790A","DOCT DISSERTATION & RESRCH","815","10372","",""," ","Closed","0","1","Bucher, Dirk","Face-to-Face","1","https://www.bkstr.com/webapp/wcs/stores/servlet/booklookServlet?bookstore_id-1=584&term_id-1=2022 Spring&crn-1=10372",""
"202210","BIOL790A","DOCT DISSERTATION & RESRCH","817","10373","",""," ","Closed","0","0","Haspel, Gal","Face-to-Face","1","https://www.bkstr.com/webapp/wcs/stores/servlet/booklookServlet?bookstore_id-1=584&term_id-1=2022 Spring&crn-1=10373",""
"202210","BIOL790A","DOCT DISSERTATION & RESRCH","820","10374","",""," ","Closed","0","0","Fortune, Eric","Face-to-Face","1","https://www.bkstr.com/webapp/wcs/stores/servlet/booklookServlet?bookstore_id-1=584&term_id-1=2022 Spring&crn-1=10374",""
"202210","BIOL790A","DOCT DISSERTATION & RESRCH","832","10375","",""," ","Closed","0","1","Flammang-Lockyer, Brooke","Face-to-Face","1","https://www.bkstr.com/webapp/wcs/stores/servlet/booklookServlet?bookstore_id-1=584&term_id-1=2022 Spring&crn-1=10375",""
"202210","BIOL790A","DOCT DISSERTATION & RESRCH","844","10376","",""," ","Closed","0","1","Barden, Phillip","Face-to-Face","1","https://www.bkstr.com/webapp/wcs/stores/servlet/booklookServlet?bookstore_id-1=584&term_id-1=2022 Spring&crn-1=10376",""
"202210","BIOL790A","DOCT DISSERTATION & RESRCH","845","10377","",""," ","Closed","0","1","Severi, Kristen","Face-to-Face","1","https://www.bkstr.com/webapp/wcs/stores/servlet/booklookServlet?bookstore_id-1=584&term_id-1=2022 Spring&crn-1=10377",""
"202210","BIOL790A","DOCT DISSERTATION & RESRCH","846","10378","",""," ","Closed","0","0","Tai, Xiaonan","Face-to-Face","1","https://www.bkstr.com/webapp/wcs/stores/servlet/booklookServlet?bookstore_id-1=584&term_id-1=2022 Spring&crn-1=10378",""
"202210","BIOL790A","DOCT DISSERTATION & RESRCH","847","10379","",""," ","Closed","0","0","Russell, Gareth","Face-to-Face","1","https://www.bkstr.com/webapp/wcs/stores/servlet/booklookServlet?bookstore_id-1=584&term_id-1=2022 Spring&crn-1=10379",""
"202210","BIOL790B","DOCT DISSERTATION & RESRCH","595","10380","",""," ","Closed","0","0","","Face-to-Face","3","https://www.bkstr.com/webapp/wcs/stores/servlet/booklookServlet?bookstore_id-1=584&term_id-1=2022 Spring&crn-1=10380",""
"202210","BIOL790B","DOCT DISSERTATION & RESRCH","731","10381","",""," ","Closed","0","0","Bunker, Daniel","Face-to-Face","3","https://www.bkstr.com/webapp/wcs/stores/servlet/booklookServlet?bookstore_id-1=584&term_id-1=2022 Spring&crn-1=10381",""
"202210","BIOL790B","DOCT DISSERTATION & RESRCH","745","10382","",""," ","Closed","0","0","Nadim, Farzan","Face-to-Face","3","https://www.bkstr.com/webapp/wcs/stores/servlet/booklookServlet?bookstore_id-1=584&term_id-1=2022 Spring&crn-1=10382",""
"202210","BIOL790B","DOCT DISSERTATION & RESRCH","756","10383","",""," ","Closed","0","0","Golowasch, Jorge","Face-to-Face","3","https://www.bkstr.com/webapp/wcs/stores/servlet/booklookServlet?bookstore_id-1=584&term_id-1=2022 Spring&crn-1=10383",""
"202210","BIOL790B","DOCT DISSERTATION & RESRCH","762","10384","",""," ","Closed","0","0","Soares, Daphne","Face-to-Face","3","https://www.bkstr.com/webapp/wcs/stores/servlet/booklookServlet?bookstore_id-1=584&term_id-1=2022 Spring&crn-1=10384",""
"202210","BIOL790B","DOCT DISSERTATION & RESRCH","766","10385","",""," ","Closed","0","0","Rotstein, Horacio","Face-to-Face","3","https://www.bkstr.com/webapp/wcs/stores/servlet/booklookServlet?bookstore_id-1=584&term_id-1=2022 Spring&crn-1=10385",""
"202210","BIOL790B","DOCT DISSERTATION & RESRCH","813","10386","",""," ","Closed","0","0","Garnier, Simon","Face-to-Face","3","https://www.bkstr.com/webapp/wcs/stores/servlet/booklookServlet?bookstore_id-1=584&term_id-1=2022 Spring&crn-1=10386",""
"202210","BIOL790B","DOCT DISSERTATION & RESRCH","815","10387","",""," ","Closed","0","0","Bucher, Dirk","Face-to-Face","3","https://www.bkstr.com/webapp/wcs/stores/servlet/booklookServlet?bookstore_id-1=584&term_id-1=2022 Spring&crn-1=10387",""
"202210","BIOL790B","DOCT DISSERTATION & RESRCH","817","10388","",""," ","Closed","0","0","Haspel, Gal","Face-to-Face","3","https://www.bkstr.com/webapp/wcs/stores/servlet/booklookServlet?bookstore_id-1=584&term_id-1=2022 Spring&crn-1=10388",""
"202210","BIOL790B","DOCT DISSERTATION & RESRCH","820","10389","",""," ","Closed","0","0","Fortune, Eric","Face-to-Face","3","https://www.bkstr.com/webapp/wcs/stores/servlet/booklookServlet?bookstore_id-1=584&term_id-1=2022 Spring&crn-1=10389",""
"202210","BIOL790B","DOCT DISSERTATION & RESRCH","832","10390","",""," ","Closed","0","0","Flammang-Lockyer, Brooke","Face-to-Face","3","https://www.bkstr.com/webapp/wcs/stores/servlet/booklookServlet?bookstore_id-1=584&term_id-1=2022 Spring&crn-1=10390",""
"202210","BIOL790B","DOCT DISSERTATION & RESRCH","844","10391","",""," ","Closed","0","0","Barden, Phillip","Face-to-Face","3","https://www.bkstr.com/webapp/wcs/stores/servlet/booklookServlet?bookstore_id-1=584&term_id-1=2022 Spring&crn-1=10391",""
"202210","BIOL790B","DOCT DISSERTATION & RESRCH","845","10392","",""," ","Closed","0","0","Severi, Kristen","Face-to-Face","3","https://www.bkstr.com/webapp/wcs/stores/servlet/booklookServlet?bookstore_id-1=584&term_id-1=2022 Spring&crn-1=10392",""
"202210","BIOL790B","DOCT DISSERTATION & RESRCH","846","10393","",""," ","Closed","0","0","Tai, Xiaonan","Face-to-Face","3","https://www.bkstr.com/webapp/wcs/stores/servlet/booklookServlet?bookstore_id-1=584&term_id-1=2022 Spring&crn-1=10393",""
"202210","BIOL790B","DOCT DISSERTATION & RESRCH","847","10394","",""," ","Closed","0","0","Russell, Gareth","Face-to-Face","3","https://www.bkstr.com/webapp/wcs/stores/servlet/booklookServlet?bookstore_id-1=584&term_id-1=2022 Spring&crn-1=10394",""
"202210","BIOL790C","DOCTORAL DISSERTN & RESRCH","731","10395","",""," ","Closed","0","0","Bunker, Daniel","Face-to-Face","6","https://www.bkstr.com/webapp/wcs/stores/servlet/booklookServlet?bookstore_id-1=584&term_id-1=2022 Spring&crn-1=10395",""
"202210","BIOL790C","DOCTORAL DISSERTN & RESRCH","745","10396","",""," ","Closed","0","0","Nadim, Farzan","Face-to-Face","6","https://www.bkstr.com/webapp/wcs/stores/servlet/booklookServlet?bookstore_id-1=584&term_id-1=2022 Spring&crn-1=10396",""
"202210","BIOL790C","DOCTORAL DISSERTN & RESRCH","756","10397","",""," ","Closed","0","0","Golowasch, Jorge","Face-to-Face","6","https://www.bkstr.com/webapp/wcs/stores/servlet/booklookServlet?bookstore_id-1=584&term_id-1=2022 Spring&crn-1=10397",""
"202210","BIOL790C","DOCTORAL DISSERTN & RESRCH","762","10398","",""," ","Closed","0","0","Soares, Daphne","Face-to-Face","6","https://www.bkstr.com/webapp/wcs/stores/servlet/booklookServlet?bookstore_id-1=584&term_id-1=2022 Spring&crn-1=10398",""
"202210","BIOL790C","DOCTORAL DISSERTN & RESRCH","766","10399","",""," ","Closed","0","0","Rotstein, Horacio","Face-to-Face","6","https://www.bkstr.com/webapp/wcs/stores/servlet/booklookServlet?bookstore_id-1=584&term_id-1=2022 Spring&crn-1=10399",""
"202210","BIOL790C","DOCTORAL DISSERTN & RESRCH","813","10400","",""," ","Closed","0","0","Garnier, Simon","Face-to-Face","6","https://www.bkstr.com/webapp/wcs/stores/servlet/booklookServlet?bookstore_id-1=584&term_id-1=2022 Spring&crn-1=10400",""
"202210","BIOL790C","DOCTORAL DISSERTN & RESRCH","815","10401","",""," ","Closed","0","0","Bucher, Dirk","Face-to-Face","6","https://www.bkstr.com/webapp/wcs/stores/servlet/booklookServlet?bookstore_id-1=584&term_id-1=2022 Spring&crn-1=10401",""
"202210","BIOL790C","DOCTORAL DISSERTN & RESRCH","817","10402","",""," ","Closed","0","0","Haspel, Gal","Face-to-Face","6","https://www.bkstr.com/webapp/wcs/stores/servlet/booklookServlet?bookstore_id-1=584&term_id-1=2022 Spring&crn-1=10402",""
"202210","BIOL790C","DOCTORAL DISSERTN & RESRCH","820","10403","",""," ","Closed","0","0","Fortune, Eric","Face-to-Face","6","https://www.bkstr.com/webapp/wcs/stores/servlet/booklookServlet?bookstore_id-1=584&term_id-1=2022 Spring&crn-1=10403",""
"202210","BIOL790C","DOCTORAL DISSERTN & RESRCH","832","10404","",""," ","Closed","0","0","Flammang-Lockyer, Brooke","Face-to-Face","6","https://www.bkstr.com/webapp/wcs/stores/servlet/booklookServlet?bookstore_id-1=584&term_id-1=2022 Spring&crn-1=10404",""
"202210","BIOL790C","DOCTORAL DISSERTN & RESRCH","844","10405","",""," ","Closed","0","0","Barden, Phillip","Face-to-Face","6","https://www.bkstr.com/webapp/wcs/stores/servlet/booklookServlet?bookstore_id-1=584&term_id-1=2022 Spring&crn-1=10405",""
"202210","BIOL790C","DOCTORAL DISSERTN & RESRCH","845","10406","",""," ","Closed","0","0","Severi, Kristen","Face-to-Face","6","https://www.bkstr.com/webapp/wcs/stores/servlet/booklookServlet?bookstore_id-1=584&term_id-1=2022 Spring&crn-1=10406",""
"202210","BIOL790C","DOCTORAL DISSERTN & RESRCH","846","10407","",""," ","Closed","0","0","Tai, Xiaonan","Face-to-Face","6","https://www.bkstr.com/webapp/wcs/stores/servlet/booklookServlet?bookstore_id-1=584&term_id-1=2022 Spring&crn-1=10407",""
"202210","BIOL790C","DOCTORAL DISSERTN & RESRCH","847","10408","",""," ","Closed","0","0","Russell, Gareth","Face-to-Face","6","https://www.bkstr.com/webapp/wcs/stores/servlet/booklookServlet?bookstore_id-1=584&term_id-1=2022 Spring&crn-1=10408",""
"202210","BIOL790D","DOCT DISSERTATION & RESRCH","731","10409","",""," ","Closed","0","0","Bunker, Daniel","Face-to-Face","9","https://www.bkstr.com/webapp/wcs/stores/servlet/booklookServlet?bookstore_id-1=584&term_id-1=2022 Spring&crn-1=10409",""
"202210","BIOL790D","DOCT DISSERTATION & RESRCH","745","10410","",""," ","Closed","0","0","Nadim, Farzan","Face-to-Face","9","https://www.bkstr.com/webapp/wcs/stores/servlet/booklookServlet?bookstore_id-1=584&term_id-1=2022 Spring&crn-1=10410",""
"202210","BIOL790D","DOCT DISSERTATION & RESRCH","756","10411","",""," ","Closed","0","0","Golowasch, Jorge","Face-to-Face","9","https://www.bkstr.com/webapp/wcs/stores/servlet/booklookServlet?bookstore_id-1=584&term_id-1=2022 Spring&crn-1=10411",""
"202210","BIOL790D","DOCT DISSERTATION & RESRCH","762","10412","",""," ","Closed","0","0","Soares, Daphne","Face-to-Face","9","https://www.bkstr.com/webapp/wcs/stores/servlet/booklookServlet?bookstore_id-1=584&term_id-1=2022 Spring&crn-1=10412",""
"202210","BIOL790D","DOCT DISSERTATION & RESRCH","766","10413","",""," ","Closed","0","0","Rotstein, Horacio","Face-to-Face","9","https://www.bkstr.com/webapp/wcs/stores/servlet/booklookServlet?bookstore_id-1=584&term_id-1=2022 Spring&crn-1=10413",""
"202210","BIOL790D","DOCT DISSERTATION & RESRCH","813","10414","",""," ","Closed","0","0","Garnier, Simon","Face-to-Face","9","https://www.bkstr.com/webapp/wcs/stores/servlet/booklookServlet?bookstore_id-1=584&term_id-1=2022 Spring&crn-1=10414",""
"202210","BIOL790D","DOCT DISSERTATION & RESRCH","815","10415","",""," ","Closed","0","0","Bucher, Dirk","Face-to-Face","9","https://www.bkstr.com/webapp/wcs/stores/servlet/booklookServlet?bookstore_id-1=584&term_id-1=2022 Spring&crn-1=10415",""
"202210","BIOL790D","DOCT DISSERTATION & RESRCH","817","10416","",""," ","Closed","0","0","Haspel, Gal","Face-to-Face","9","https://www.bkstr.com/webapp/wcs/stores/servlet/booklookServlet?bookstore_id-1=584&term_id-1=2022 Spring&crn-1=10416",""
"202210","BIOL790D","DOCT DISSERTATION & RESRCH","820","10417","",""," ","Closed","0","0","Fortune, Eric","Face-to-Face","9","https://www.bkstr.com/webapp/wcs/stores/servlet/booklookServlet?bookstore_id-1=584&term_id-1=2022 Spring&crn-1=10417",""
"202210","BIOL790D","DOCT DISSERTATION & RESRCH","832","10418","",""," ","Closed","0","0","Flammang-Lockyer, Brooke","Face-to-Face","9","https://www.bkstr.com/webapp/wcs/stores/servlet/booklookServlet?bookstore_id-1=584&term_id-1=2022 Spring&crn-1=10418",""
"202210","BIOL790D","DOCT DISSERTATION & RESRCH","844","10419","",""," ","Closed","0","0","Barden, Phillip","Face-to-Face","9","https://www.bkstr.com/webapp/wcs/stores/servlet/booklookServlet?bookstore_id-1=584&term_id-1=2022 Spring&crn-1=10419",""
"202210","BIOL790D","DOCT DISSERTATION & RESRCH","845","10420","",""," ","Closed","0","0","Severi, Kristen","Face-to-Face","9","https://www.bkstr.com/webapp/wcs/stores/servlet/booklookServlet?bookstore_id-1=584&term_id-1=2022 Spring&crn-1=10420",""
"202210","BIOL790D","DOCT DISSERTATION & RESRCH","846","10421","",""," ","Closed","0","0","Tai, Xiaonan","Face-to-Face","9","https://www.bkstr.com/webapp/wcs/stores/servlet/booklookServlet?bookstore_id-1=584&term_id-1=2022 Spring&crn-1=10421",""
"202210","BIOL790D","DOCT DISSERTATION & RESRCH","847","10422","",""," ","Closed","0","0","Russell, Gareth","Face-to-Face","9","https://www.bkstr.com/webapp/wcs/stores/servlet/booklookServlet?bookstore_id-1=584&term_id-1=2022 Spring&crn-1=10422",""
"202210","BIOL790E","DOCTORAL DISSERTATION","731","10423","",""," ","Closed","0","0","Bunker, Daniel","Face-to-Face","12","https://www.bkstr.com/webapp/wcs/stores/servlet/booklookServlet?bookstore_id-1=584&term_id-1=2022 Spring&crn-1=10423",""
"202210","BIOL790E","DOCTORAL DISSERTATION","745","10424","",""," ","Closed","0","0","Nadim, Farzan","Face-to-Face","12","https://www.bkstr.com/webapp/wcs/stores/servlet/booklookServlet?bookstore_id-1=584&term_id-1=2022 Spring&crn-1=10424",""
"202210","BIOL790E","DOCTORAL DISSERTATION","756","10425","",""," ","Closed","0","0","Golowasch, Jorge","Face-to-Face","12","https://www.bkstr.com/webapp/wcs/stores/servlet/booklookServlet?bookstore_id-1=584&term_id-1=2022 Spring&crn-1=10425",""
"202210","BIOL790E","DOCTORAL DISSERTATION","762","10426","",""," ","Closed","0","0","Soares, Daphne","Face-to-Face","12","https://www.bkstr.com/webapp/wcs/stores/servlet/booklookServlet?bookstore_id-1=584&term_id-1=2022 Spring&crn-1=10426",""
"202210","BIOL790E","DOCTORAL DISSERTATION","766","10427","",""," ","Closed","0","0","Rotstein, Horacio","Face-to-Face","12","https://www.bkstr.com/webapp/wcs/stores/servlet/booklookServlet?bookstore_id-1=584&term_id-1=2022 Spring&crn-1=10427",""
"202210","BIOL790E","DOCTORAL DISSERTATION","813","10428","",""," ","Closed","0","0","Garnier, Simon","Face-to-Face","12","https://www.bkstr.com/webapp/wcs/stores/servlet/booklookServlet?bookstore_id-1=584&term_id-1=2022 Spring&crn-1=10428",""
"202210","BIOL790E","DOCTORAL DISSERTATION","815","10429","",""," ","Closed","0","0","Bucher, Dirk","Face-to-Face","12","https://www.bkstr.com/webapp/wcs/stores/servlet/booklookServlet?bookstore_id-1=584&term_id-1=2022 Spring&crn-1=10429",""
"202210","BIOL790E","DOCTORAL DISSERTATION","817","10430","",""," ","Closed","0","0","Haspel, Gal","Face-to-Face","12","https://www.bkstr.com/webapp/wcs/stores/servlet/booklookServlet?bookstore_id-1=584&term_id-1=2022 Spring&crn-1=10430",""
"202210","BIOL790E","DOCTORAL DISSERTATION","820","10431","",""," ","Closed","0","0","Fortune, Eric","Face-to-Face","12","https://www.bkstr.com/webapp/wcs/stores/servlet/booklookServlet?bookstore_id-1=584&term_id-1=2022 Spring&crn-1=10431",""
"202210","BIOL790E","DOCTORAL DISSERTATION","832","10432","",""," ","Closed","0","0","Flammang-Lockyer, Brooke","Face-to-Face","12","https://www.bkstr.com/webapp/wcs/stores/servlet/booklookServlet?bookstore_id-1=584&term_id-1=2022 Spring&crn-1=10432",""
"202210","BIOL790E","DOCTORAL DISSERTATION","844","10433","",""," ","Closed","0","0","Barden, Phillip","Face-to-Face","12","https://www.bkstr.com/webapp/wcs/stores/servlet/booklookServlet?bookstore_id-1=584&term_id-1=2022 Spring&crn-1=10433",""
"202210","BIOL790E","DOCTORAL DISSERTATION","845","10434","",""," ","Closed","0","0","Severi, Kristen","Face-to-Face","12","https://www.bkstr.com/webapp/wcs/stores/servlet/booklookServlet?bookstore_id-1=584&term_id-1=2022 Spring&crn-1=10434",""
"202210","BIOL790E","DOCTORAL DISSERTATION","846","10435","",""," ","Closed","0","0","Tai, Xiaonan","Face-to-Face","12","https://www.bkstr.com/webapp/wcs/stores/servlet/booklookServlet?bookstore_id-1=584&term_id-1=2022 Spring&crn-1=10435",""
"202210","BIOL790E","DOCTORAL DISSERTATION","847","10436","",""," ","Closed","0","0","Russell, Gareth","Face-to-Face","12","https://www.bkstr.com/webapp/wcs/stores/servlet/booklookServlet?bookstore_id-1=584&term_id-1=2022 Spring&crn-1=10436",""
"202210","BIOL791","BIOLOGY SEMINAR","002","10437","T","1:00 PM - 2:20 PM"," ","Cancelled","120","0","","Face-to-Face","0","https://www.bkstr.com/webapp/wcs/stores/servlet/booklookServlet?bookstore_id-1=584&term_id-1=2022 Spring&crn-1=10437","Cancelled 02/02/2022"
"202210","BIOL792B","PRE-DOCTORAL RESEARCH","731","10438","",""," ","Closed","0","0","Bunker, Daniel","Face-to-Face","3","https://www.bkstr.com/webapp/wcs/stores/servlet/booklookServlet?bookstore_id-1=584&term_id-1=2022 Spring&crn-1=10438",""
"202210","BIOL792B","PRE-DOCTORAL RESEARCH","745","10439","",""," ","Closed","0","0","Nadim, Farzan","Face-to-Face","3","https://www.bkstr.com/webapp/wcs/stores/servlet/booklookServlet?bookstore_id-1=584&term_id-1=2022 Spring&crn-1=10439",""
"202210","BIOL792B","PRE-DOCTORAL RESEARCH","756","10440","",""," ","Closed","0","1","Golowasch, Jorge","Face-to-Face","3","https://www.bkstr.com/webapp/wcs/stores/servlet/booklookServlet?bookstore_id-1=584&term_id-1=2022 Spring&crn-1=10440",""
"202210","BIOL792B","PRE-DOCTORAL RESEARCH","762","10441","",""," ","Closed","0","0","Soares, Daphne","Face-to-Face","3","https://www.bkstr.com/webapp/wcs/stores/servlet/booklookServlet?bookstore_id-1=584&term_id-1=2022 Spring&crn-1=10441",""
"202210","BIOL792B","PRE-DOCTORAL RESEARCH","766","10442","",""," ","Closed","0","0","Rotstein, Horacio","Face-to-Face","3","https://www.bkstr.com/webapp/wcs/stores/servlet/booklookServlet?bookstore_id-1=584&term_id-1=2022 Spring&crn-1=10442",""
"202210","BIOL792B","PRE-DOCTORAL RESEARCH","813","10443","",""," ","Closed","0","1","Garnier, Simon","Face-to-Face","3","https://www.bkstr.com/webapp/wcs/stores/servlet/booklookServlet?bookstore_id-1=584&term_id-1=2022 Spring&crn-1=10443",""
"202210","BIOL792B","PRE-DOCTORAL RESEARCH","815","10444","",""," ","Closed","0","1","Bucher, Dirk","Face-to-Face","3","https://www.bkstr.com/webapp/wcs/stores/servlet/booklookServlet?bookstore_id-1=584&term_id-1=2022 Spring&crn-1=10444",""
"202210","BIOL792B","PRE-DOCTORAL RESEARCH","817","10445","",""," ","Closed","0","0","Haspel, Gal","Face-to-Face","3","https://www.bkstr.com/webapp/wcs/stores/servlet/booklookServlet?bookstore_id-1=584&term_id-1=2022 Spring&crn-1=10445",""
"202210","BIOL792B","PRE-DOCTORAL RESEARCH","820","10446","",""," ","Closed","0","0","Fortune, Eric","Face-to-Face","3","https://www.bkstr.com/webapp/wcs/stores/servlet/booklookServlet?bookstore_id-1=584&term_id-1=2022 Spring&crn-1=10446",""
"202210","BIOL792B","PRE-DOCTORAL RESEARCH","832","10447","",""," ","Closed","0","0","Flammang-Lockyer, Brooke","Face-to-Face","3","https://www.bkstr.com/webapp/wcs/stores/servlet/booklookServlet?bookstore_id-1=584&term_id-1=2022 Spring&crn-1=10447",""
"202210","BIOL792B","PRE-DOCTORAL RESEARCH","844","10448","",""," ","Closed","0","0","Barden, Phillip","Face-to-Face","3","https://www.bkstr.com/webapp/wcs/stores/servlet/booklookServlet?bookstore_id-1=584&term_id-1=2022 Spring&crn-1=10448",""
"202210","BIOL792B","PRE-DOCTORAL RESEARCH","845","10449","",""," ","Closed","0","0","Severi, Kristen","Face-to-Face","3","https://www.bkstr.com/webapp/wcs/stores/servlet/booklookServlet?bookstore_id-1=584&term_id-1=2022 Spring&crn-1=10449",""
"202210","BIOL792B","PRE-DOCTORAL RESEARCH","846","10450","",""," ","Closed","0","0","Tai, Xiaonan","Face-to-Face","3","https://www.bkstr.com/webapp/wcs/stores/servlet/booklookServlet?bookstore_id-1=584&term_id-1=2022 Spring&crn-1=10450",""
"202210","BIOL792B","PRE-DOCTORAL RESEARCH","847","10451","",""," ","Closed","0","0","Russell, Gareth","Face-to-Face","3","https://www.bkstr.com/webapp/wcs/stores/servlet/booklookServlet?bookstore_id-1=584&term_id-1=2022 Spring&crn-1=10451",""
"202210","BIOL792C","PRE-DOCTORAL RESEARCH","731","10452","",""," ","Closed","0","0","Bunker, Daniel","Face-to-Face","6","https://www.bkstr.com/webapp/wcs/stores/servlet/booklookServlet?bookstore_id-1=584&term_id-1=2022 Spring&crn-1=10452",""
"202210","BIOL792C","PRE-DOCTORAL RESEARCH","745","10453","",""," ","Closed","0","0","Nadim, Farzan","Face-to-Face","6","https://www.bkstr.com/webapp/wcs/stores/servlet/booklookServlet?bookstore_id-1=584&term_id-1=2022 Spring&crn-1=10453",""
"202210","BIOL792C","PRE-DOCTORAL RESEARCH","756","10454","",""," ","Closed","0","1","Golowasch, Jorge","Face-to-Face","6","https://www.bkstr.com/webapp/wcs/stores/servlet/booklookServlet?bookstore_id-1=584&term_id-1=2022 Spring&crn-1=10454",""
"202210","BIOL792C","PRE-DOCTORAL RESEARCH","762","10455","",""," ","Closed","0","0","Soares, Daphne","Face-to-Face","6","https://www.bkstr.com/webapp/wcs/stores/servlet/booklookServlet?bookstore_id-1=584&term_id-1=2022 Spring&crn-1=10455",""
"202210","BIOL792C","PRE-DOCTORAL RESEARCH","766","10456","",""," ","Closed","0","0","Rotstein, Horacio","Face-to-Face","6","https://www.bkstr.com/webapp/wcs/stores/servlet/booklookServlet?bookstore_id-1=584&term_id-1=2022 Spring&crn-1=10456",""
"202210","BIOL792C","PRE-DOCTORAL RESEARCH","813","10457","",""," ","Closed","0","1","Garnier, Simon","Face-to-Face","6","https://www.bkstr.com/webapp/wcs/stores/servlet/booklookServlet?bookstore_id-1=584&term_id-1=2022 Spring&crn-1=10457",""
"202210","BIOL792C","PRE-DOCTORAL RESEARCH","815","10458","",""," ","Closed","0","1","Bucher, Dirk","Face-to-Face","6","https://www.bkstr.com/webapp/wcs/stores/servlet/booklookServlet?bookstore_id-1=584&term_id-1=2022 Spring&crn-1=10458",""
"202210","BIOL792C","PRE-DOCTORAL RESEARCH","817","10459","",""," ","Closed","0","0","Haspel, Gal","Face-to-Face","6","https://www.bkstr.com/webapp/wcs/stores/servlet/booklookServlet?bookstore_id-1=584&term_id-1=2022 Spring&crn-1=10459",""
"202210","BIOL792C","PRE-DOCTORAL RESEARCH","820","10460","",""," ","Closed","0","0","Fortune, Eric","Face-to-Face","6","https://www.bkstr.com/webapp/wcs/stores/servlet/booklookServlet?bookstore_id-1=584&term_id-1=2022 Spring&crn-1=10460",""
"202210","BIOL792C","PRE-DOCTORAL RESEARCH","832","10461","",""," ","Closed","0","0","Flammang-Lockyer, Brooke","Face-to-Face","6","https://www.bkstr.com/webapp/wcs/stores/servlet/booklookServlet?bookstore_id-1=584&term_id-1=2022 Spring&crn-1=10461",""
"202210","BIOL792C","PRE-DOCTORAL RESEARCH","844","10462","",""," ","Closed","0","0","Barden, Phillip","Face-to-Face","6","https://www.bkstr.com/webapp/wcs/stores/servlet/booklookServlet?bookstore_id-1=584&term_id-1=2022 Spring&crn-1=10462",""
"202210","BIOL792C","PRE-DOCTORAL RESEARCH","845","10463","",""," ","Closed","0","0","Severi, Kristen","Face-to-Face","6","https://www.bkstr.com/webapp/wcs/stores/servlet/booklookServlet?bookstore_id-1=584&term_id-1=2022 Spring&crn-1=10463",""
"202210","BIOL792C","PRE-DOCTORAL RESEARCH","846","10464","",""," ","Closed","0","0","Tai, Xiaonan","Face-to-Face","6","https://www.bkstr.com/webapp/wcs/stores/servlet/booklookServlet?bookstore_id-1=584&term_id-1=2022 Spring&crn-1=10464",""
"202210","BIOL792C","PRE-DOCTORAL RESEARCH","847","10465","",""," ","Closed","0","0","Russell, Gareth","Face-to-Face","6","https://www.bkstr.com/webapp/wcs/stores/servlet/booklookServlet?bookstore_id-1=584&term_id-1=2022 Spring&crn-1=10465",""
