"Term","Course","Title","Section","CRN","Days","Times","Location","Status","Max","Now","Instructor","Delivery Mode","Credits","Info","Comments"
"202210","BME101","INTRO TO BIOMED ENGR","102","10466","M","6:00 PM - 8:50 PM","GITC 1400","Open","110","72","Erdi, Alev","Face-to-Face","0","https://www.bkstr.com/webapp/wcs/stores/servlet/booklookServlet?bookstore_id-1=584&term_id-1=2022 Spring&crn-1=10466",""
"202210","BME111","INTRODUCTION TO PHYSIOLOGY","002","10467","TR","1:00 PM - 2:20 PM","KUPF 108","Open","45","43","Ziaei Halaby, Samira","Face-to-Face","3","https://www.bkstr.com/webapp/wcs/stores/servlet/booklookServlet?bookstore_id-1=584&term_id-1=2022 Spring&crn-1=10467",""
"202210","BME111","INTRODUCTION TO PHYSIOLOGY - HONORS","H02","10468","TR","2:30 PM - 3:50 PM","FMH 321","Closed","15","17","Ziaei Halaby, Samira","Face-to-Face","3","https://www.bkstr.com/webapp/wcs/stores/servlet/booklookServlet?bookstore_id-1=584&term_id-1=2022 Spring&crn-1=10468","Honors Course"
"202210","BME210","PROCESSING FUND FOR BIOL SIGNA","002","10469","F","2:30 PM - 5:20 PM","FENS 636","Closed","25","25","D'Antonio-Bertagnolli, John Vito","Face-to-Face","3","https://www.bkstr.com/webapp/wcs/stores/servlet/booklookServlet?bookstore_id-1=584&term_id-1=2022 Spring&crn-1=10469",""
"202210","BME210","PROCESSING FUND FOR BIOL SIGNA","004","10470","W","10:00 AM - 12:50 PM","FENS 636","Closed","25","25","Li, Xiaobo","Face-to-Face","3","https://www.bkstr.com/webapp/wcs/stores/servlet/booklookServlet?bookstore_id-1=584&term_id-1=2022 Spring&crn-1=10470",""
"202210","BME301","INTRO BIOMEDICAL ENGINEERING I","002","10471","M","10:00 AM - 12:50 PM","FENS 640","Open","50","46","Sahin, Mesut","Face-to-Face","3","https://www.bkstr.com/webapp/wcs/stores/servlet/booklookServlet?bookstore_id-1=584&term_id-1=2022 Spring&crn-1=10471",""
"202210","BME301","INTRO BIOMEDICAL ENGINEERING I","002","10471","M","8:30 AM - 9:30 AM","CKB 204","Open","50","46","Sahin, Mesut","Face-to-Face","3","https://www.bkstr.com/webapp/wcs/stores/servlet/booklookServlet?bookstore_id-1=584&term_id-1=2022 Spring&crn-1=10471",""
"202210","BME301","INTRO BIOMEDICAL ENGINEERING I - HONORS","HM2","10472","M","10:00 AM - 12:50 PM","FENS 640","Closed","10","12","Sahin, Mesut","Face-to-Face","3","https://www.bkstr.com/webapp/wcs/stores/servlet/booklookServlet?bookstore_id-1=584&term_id-1=2022 Spring&crn-1=10472","Honors Course"
"202210","BME301","INTRO BIOMEDICAL ENGINEERING I - HONORS","HM2","10472","M","8:30 AM - 9:30 AM","CKB 204","Closed","10","12","Sahin, Mesut","Face-to-Face","3","https://www.bkstr.com/webapp/wcs/stores/servlet/booklookServlet?bookstore_id-1=584&term_id-1=2022 Spring&crn-1=10472","Honors Course"
"202210","BME302","INTRO BIOMED ENGR II","002","10473","M","2:30 PM - 4:25 PM"," ","Cancelled","50","0","","Face-to-Face","3","https://www.bkstr.com/webapp/wcs/stores/servlet/booklookServlet?bookstore_id-1=584&term_id-1=2022 Spring&crn-1=10473","Cancelled 11/30/21"
"202210","BME302","INTRO BIOMED ENGR II","002","10473","MW","1:00 PM - 2:20 PM"," ","Cancelled","50","0","","Face-to-Face","3","https://www.bkstr.com/webapp/wcs/stores/servlet/booklookServlet?bookstore_id-1=584&term_id-1=2022 Spring&crn-1=10473","Cancelled 11/30/21"
"202210","BME302","INTRO BIOMED ENGR II","102","15675","M","6:00 PM - 6:55 PM","CKB 303","Closed","30","31","Moodey, Paul","Face-to-Face","3","https://www.bkstr.com/webapp/wcs/stores/servlet/booklookServlet?bookstore_id-1=584&term_id-1=2022 Spring&crn-1=15675",""
"202210","BME302","INTRO BIOMED ENGR II","102","15675","M","7:00 PM - 9:50 PM","FENS 636","Closed","30","31","Moodey, Paul","Face-to-Face","3","https://www.bkstr.com/webapp/wcs/stores/servlet/booklookServlet?bookstore_id-1=584&term_id-1=2022 Spring&crn-1=15675",""
"202210","BME302","INTRO BIOMED ENGR II","104","15677","M","6:00 PM - 6:55 PM"," ","Cancelled","30","0","","Face-to-Face","3","https://www.bkstr.com/webapp/wcs/stores/servlet/booklookServlet?bookstore_id-1=584&term_id-1=2022 Spring&crn-1=15677","Cancelled 01/11/22"
"202210","BME302","INTRO BIOMED ENGR II","104","15677","W","6:00 PM - 8:50 PM"," ","Cancelled","30","0","","Face-to-Face","3","https://www.bkstr.com/webapp/wcs/stores/servlet/booklookServlet?bookstore_id-1=584&term_id-1=2022 Spring&crn-1=15677","Cancelled 01/11/22"
"202210","BME302","INTRO BIOMED ENGR II - HONORS","HM2","10474","M","2:30 PM - 4:25 PM"," ","Cancelled","10","0","","Face-to-Face","3","https://www.bkstr.com/webapp/wcs/stores/servlet/booklookServlet?bookstore_id-1=584&term_id-1=2022 Spring&crn-1=10474","Cancelled 11/30/21"
"202210","BME302","INTRO BIOMED ENGR II - HONORS","HM2","10474","MW","1:00 PM - 2:20 PM"," ","Cancelled","10","0","","Face-to-Face","3","https://www.bkstr.com/webapp/wcs/stores/servlet/booklookServlet?bookstore_id-1=584&term_id-1=2022 Spring&crn-1=10474","Cancelled 11/30/21"
"202210","BME302","INTRO BIOMED ENGR II - HONORS","HM4","15676","M","6:00 PM - 6:55 PM","CKB 303","Closed","10","14","Moodey, Paul","Face-to-Face","3","https://www.bkstr.com/webapp/wcs/stores/servlet/booklookServlet?bookstore_id-1=584&term_id-1=2022 Spring&crn-1=15676","Honors Course"
"202210","BME302","INTRO BIOMED ENGR II - HONORS","HM4","15676","M","7:00 PM - 9:50 PM","FENS 636","Closed","10","14","Moodey, Paul","Face-to-Face","3","https://www.bkstr.com/webapp/wcs/stores/servlet/booklookServlet?bookstore_id-1=584&term_id-1=2022 Spring&crn-1=15676","Honors Course"
"202210","BME302","INTRO BIOMED ENGR II - HONORS","HM6","15678","M","6:00 PM - 6:55 PM"," ","Cancelled","10","0","","Face-to-Face","3","https://www.bkstr.com/webapp/wcs/stores/servlet/booklookServlet?bookstore_id-1=584&term_id-1=2022 Spring&crn-1=15678","Cancelled 01/11/22"
"202210","BME302","INTRO BIOMED ENGR II - HONORS","HM6","15678","W","6:00 PM - 8:50 PM"," ","Cancelled","10","0","","Face-to-Face","3","https://www.bkstr.com/webapp/wcs/stores/servlet/booklookServlet?bookstore_id-1=584&term_id-1=2022 Spring&crn-1=15678","Cancelled 01/11/22"
"202210","BME303","BIO & CHEMICAL FOUND OF BME","002","10475","TR","11:30 AM - 12:50 PM","FENS 698","Open","30","22","Buffone, Alexander","Face-to-Face","3","https://www.bkstr.com/webapp/wcs/stores/servlet/booklookServlet?bookstore_id-1=584&term_id-1=2022 Spring&crn-1=10475",""
"202210","BME303","BIO & CHEMICAL FOUND OF BME - HONORS","HM2","10476","TR","11:30 AM - 12:50 PM","FENS 698","Open","10","7","Buffone, Alexander","Face-to-Face","3","https://www.bkstr.com/webapp/wcs/stores/servlet/booklookServlet?bookstore_id-1=584&term_id-1=2022 Spring&crn-1=10476","Honors Course"
"202210","BME304","MATERIAL FUNDAMENTALS OF BME","102","10477","T","6:00 PM - 8:50 PM","FENS 698","Closed","30","37","Oni, Yusuf","Face-to-Face","3","https://www.bkstr.com/webapp/wcs/stores/servlet/booklookServlet?bookstore_id-1=584&term_id-1=2022 Spring&crn-1=10477",""
"202210","BME333","BIOMEDICAL SIGNALS AND SYSTEMS","002","10478","WF","10:00 AM - 11:20 AM"," ","Cancelled","20","0","","Face-to-Face","3","https://www.bkstr.com/webapp/wcs/stores/servlet/booklookServlet?bookstore_id-1=584&term_id-1=2022 Spring&crn-1=10478","Cancelled 11/8/21"
"202210","BME351","INTRO TO BIOFLUID MECHANICS","002","10479","MR","1:00 PM - 2:20 PM","FENS 698","Open","35","34","Roman, Max","Face-to-Face","3","https://www.bkstr.com/webapp/wcs/stores/servlet/booklookServlet?bookstore_id-1=584&term_id-1=2022 Spring&crn-1=10479",""
"202210","BME372","ELECTRONICS OF MEDICAL DEVICES","002","15567","R","1:00 PM - 2:20 PM","FENS 640","Closed","25","26","Schesser, Joel","Face-to-Face","3","https://www.bkstr.com/webapp/wcs/stores/servlet/booklookServlet?bookstore_id-1=584&term_id-1=2022 Spring&crn-1=15567",""
"202210","BME372","ELECTRONICS OF MEDICAL DEVICES","002","15567","T","11:30 AM - 12:50 PM","FENS 640","Closed","25","26","Schesser, Joel","Face-to-Face","3","https://www.bkstr.com/webapp/wcs/stores/servlet/booklookServlet?bookstore_id-1=584&term_id-1=2022 Spring&crn-1=15567",""
"202210","BME382","ENGINEERING PHYSIOLOGY II","002","10480","R","8:30 AM - 9:50 AM","FENS 698","Open","40","34","Mantilla, Bruno","Face-to-Face","3","https://www.bkstr.com/webapp/wcs/stores/servlet/booklookServlet?bookstore_id-1=584&term_id-1=2022 Spring&crn-1=10480",""
"202210","BME382","ENGINEERING PHYSIOLOGY II","002","10480","T","8:30 AM - 9:50 AM","FENS 698","Open","40","34","Mantilla, Bruno","Face-to-Face","3","https://www.bkstr.com/webapp/wcs/stores/servlet/booklookServlet?bookstore_id-1=584&term_id-1=2022 Spring&crn-1=10480",""
"202210","BME382","ENGINEERING PHYSIOLOGY II","004","10481","M","8:30 AM - 9:50 AM","FENS 698","Open","40","19","Mantilla, Bruno","Face-to-Face","3","https://www.bkstr.com/webapp/wcs/stores/servlet/booklookServlet?bookstore_id-1=584&term_id-1=2022 Spring&crn-1=10481",""
"202210","BME382","ENGINEERING PHYSIOLOGY II","004","10481","W","8:30 AM - 9:50 AM","FENS 698","Open","40","19","Mantilla, Bruno","Face-to-Face","3","https://www.bkstr.com/webapp/wcs/stores/servlet/booklookServlet?bookstore_id-1=584&term_id-1=2022 Spring&crn-1=10481",""
"202210","BME383","MEASUREMNT LAB FOR PHYSIO SYS","002","10482","M","11:30 AM - 12:50 PM","FENS 698","Closed","24","25","Mantilla, Bruno","Face-to-Face","3","https://www.bkstr.com/webapp/wcs/stores/servlet/booklookServlet?bookstore_id-1=584&term_id-1=2022 Spring&crn-1=10482",""
"202210","BME383","MEASUREMNT LAB FOR PHYSIO SYS","002","10482","R","10:00 AM - 12:50 PM","CKB 302","Closed","24","25","Mantilla, Bruno","Face-to-Face","3","https://www.bkstr.com/webapp/wcs/stores/servlet/booklookServlet?bookstore_id-1=584&term_id-1=2022 Spring&crn-1=10482",""
"202210","BME383","MEASUREMNT LAB FOR PHYSIO SYS","004","10483","M","10:00 AM - 11:20 AM","FENS 698","Closed","24","24","Mantilla, Bruno","Face-to-Face","3","https://www.bkstr.com/webapp/wcs/stores/servlet/booklookServlet?bookstore_id-1=584&term_id-1=2022 Spring&crn-1=10483",""
"202210","BME383","MEASUREMNT LAB FOR PHYSIO SYS","004","10483","R","2:30 PM - 5:20 PM","CKB 302","Closed","24","24","Mantilla, Bruno","Face-to-Face","3","https://www.bkstr.com/webapp/wcs/stores/servlet/booklookServlet?bookstore_id-1=584&term_id-1=2022 Spring&crn-1=10483",""
"202210","BME384","BIOMECHANICAL ENGINEERING LAB","002","10484","F","10:00 AM - 11:00 AM","FENS 640","Open","27","17","Adamovich, Sergei","Face-to-Face","3","https://www.bkstr.com/webapp/wcs/stores/servlet/booklookServlet?bookstore_id-1=584&term_id-1=2022 Spring&crn-1=10484",""
"202210","BME384","BIOMECHANICAL ENGINEERING LAB","002","10484","T","10:00 AM - 12:50 PM","FENS 636","Open","27","17","Adamovich, Sergei","Face-to-Face","3","https://www.bkstr.com/webapp/wcs/stores/servlet/booklookServlet?bookstore_id-1=584&term_id-1=2022 Spring&crn-1=10484",""
"202210","BME385","CELL & BIOMATERIAL ENGR LAB","002","10485","F","4:30 PM - 5:30 PM","CKB 302","Closed","20","20","Lee, Eun Jung","Face-to-Face","3","https://www.bkstr.com/webapp/wcs/stores/servlet/booklookServlet?bookstore_id-1=584&term_id-1=2022 Spring&crn-1=10485",""
"202210","BME385","CELL & BIOMATERIAL ENGR LAB","002","10485","M","10:00 AM - 12:50 PM","CKB 302","Closed","20","20","Lee, Eun Jung","Face-to-Face","3","https://www.bkstr.com/webapp/wcs/stores/servlet/booklookServlet?bookstore_id-1=584&term_id-1=2022 Spring&crn-1=10485",""
"202210","BME385","CELL & BIOMATERIAL ENGR LAB","004","10486","F","4:30 PM - 5:30 PM","CKB 302","Open","20","19","Lee, Eun Jung","Face-to-Face","3","https://www.bkstr.com/webapp/wcs/stores/servlet/booklookServlet?bookstore_id-1=584&term_id-1=2022 Spring&crn-1=10486",""
"202210","BME385","CELL & BIOMATERIAL ENGR LAB","004","10486","M","1:00 PM - 3:50 PM","CKB 302","Open","20","19","Lee, Eun Jung","Face-to-Face","3","https://www.bkstr.com/webapp/wcs/stores/servlet/booklookServlet?bookstore_id-1=584&term_id-1=2022 Spring&crn-1=10486",""
"202210","BME420","ADV BIOMATERIALS SCIENCE","002","10487","M","4:00 PM - 6:50 PM","FMH 110","Closed","30","36","Kumar, Vivek","Face-to-Face","3","https://www.bkstr.com/webapp/wcs/stores/servlet/booklookServlet?bookstore_id-1=584&term_id-1=2022 Spring&crn-1=10487",""
"202210","BME422","BIOMATERIALS CHARACTERIZATION","002","10488","R","1:00 PM - 2:20 PM","KUPF 104","Closed","35","44","Jaffe, Michael","Face-to-Face","3","https://www.bkstr.com/webapp/wcs/stores/servlet/booklookServlet?bookstore_id-1=584&term_id-1=2022 Spring&crn-1=10488",""
"202210","BME422","BIOMATERIALS CHARACTERIZATION","002","10488","T","11:30 AM - 12:50 PM","GITC 1100","Closed","35","44","Jaffe, Michael","Face-to-Face","3","https://www.bkstr.com/webapp/wcs/stores/servlet/booklookServlet?bookstore_id-1=584&term_id-1=2022 Spring&crn-1=10488",""
"202210","BME427","BIOTRANSPORT","102","10489","R","6:00 PM - 8:50 PM","CKB 341","Closed","30","31","Oni, Yusuf","Face-to-Face","3","https://www.bkstr.com/webapp/wcs/stores/servlet/booklookServlet?bookstore_id-1=584&term_id-1=2022 Spring&crn-1=10489",""
"202210","BME452","MECH BEHAV&PERF OF BIOMATERIAL","002","10490","M","9:00 AM - 10:20 AM","CKB 313","Closed","30","33","Roman, Max","Face-to-Face","3","https://www.bkstr.com/webapp/wcs/stores/servlet/booklookServlet?bookstore_id-1=584&term_id-1=2022 Spring&crn-1=10490",""
"202210","BME452","MECH BEHAV&PERF OF BIOMATERIAL","002","10490","W","12:30 PM - 1:50 PM","CKB 313","Closed","30","33","Roman, Max","Face-to-Face","3","https://www.bkstr.com/webapp/wcs/stores/servlet/booklookServlet?bookstore_id-1=584&term_id-1=2022 Spring&crn-1=10490",""
"202210","BME478","INTRO TO CAD FOR BIOMECHANICS","102","10491","T","6:00 PM - 8:50 PM","MALL PC39","Open","30","25","Androwis, Ghaith","Face-to-Face","4","https://www.bkstr.com/webapp/wcs/stores/servlet/booklookServlet?bookstore_id-1=584&term_id-1=2022 Spring&crn-1=10491","Extra meeting time required with instructor in Makerspace<br />Hours By Arrangement"
"202210","BME478","INTRO TO CAD FOR BIOMECHANICS","102","10491","",""," ","Open","30","25","Androwis, Ghaith","Face-to-Face","4","https://www.bkstr.com/webapp/wcs/stores/servlet/booklookServlet?bookstore_id-1=584&term_id-1=2022 Spring&crn-1=10491","Extra meeting time required with instructor in Makerspace<br />Hours By Arrangement"
"202210","BME489","MEDICAL INSTRUMENTATION","002","10492","WF","10:00 AM - 11:20 AM","FENS 698","Closed","27","27","Alvarez, Tara","Face-to-Face","3","https://www.bkstr.com/webapp/wcs/stores/servlet/booklookServlet?bookstore_id-1=584&term_id-1=2022 Spring&crn-1=10492",""
"202210","BME491","RESEARCH & INDEPENDENT STUDY I","061","10493","",""," ","Closed","0","0","Kumar, Vivek","Face-to-Face","3","https://www.bkstr.com/webapp/wcs/stores/servlet/booklookServlet?bookstore_id-1=584&term_id-1=2022 Spring&crn-1=10493",""
"202210","BME491","RESEARCH & INDEPENDENT STUDY I","062","10494","",""," ","Closed","0","0","Pal, Saikat","Face-to-Face","3","https://www.bkstr.com/webapp/wcs/stores/servlet/booklookServlet?bookstore_id-1=584&term_id-1=2022 Spring&crn-1=10494",""
"202210","BME491","RESEARCH & INDEPENDENT STUDY I","063","10495","",""," ","Closed","0","2","Erdi, Alev","Face-to-Face","3","https://www.bkstr.com/webapp/wcs/stores/servlet/booklookServlet?bookstore_id-1=584&term_id-1=2022 Spring&crn-1=10495",""
"202210","BME491","RESEARCH & INDEPENDENT STUDY I","064","10496","",""," ","Closed","0","0","Zhou, Xianlian","Face-to-Face","3","https://www.bkstr.com/webapp/wcs/stores/servlet/booklookServlet?bookstore_id-1=584&term_id-1=2022 Spring&crn-1=10496",""
"202210","BME491","RESEARCH & INDEPENDENT STUDY I","065","10497","",""," ","Closed","0","1","Grasman, Jonathan","Face-to-Face","3","https://www.bkstr.com/webapp/wcs/stores/servlet/booklookServlet?bookstore_id-1=584&term_id-1=2022 Spring&crn-1=10497",""
"202210","BME491","RESEARCH & INDEPENDENT STUDY I","071","10498","",""," ","Closed","0","0","","Face-to-Face","3","https://www.bkstr.com/webapp/wcs/stores/servlet/booklookServlet?bookstore_id-1=584&term_id-1=2022 Spring&crn-1=10498",""
"202210","BME491","RESEARCH & INDEPENDENT STUDY I","072","10499","",""," ","Closed","0","0","Jaffe, Michael","Face-to-Face","3","https://www.bkstr.com/webapp/wcs/stores/servlet/booklookServlet?bookstore_id-1=584&term_id-1=2022 Spring&crn-1=10499",""
"202210","BME491","RESEARCH & INDEPENDENT STUDY I","075","10500","",""," ","Closed","0","1","Sahin, Mesut","Face-to-Face","3","https://www.bkstr.com/webapp/wcs/stores/servlet/booklookServlet?bookstore_id-1=584&term_id-1=2022 Spring&crn-1=10500",""
"202210","BME491","RESEARCH & INDEPENDENT STUDY I","076","10501","",""," ","Closed","0","0","Pfister, Bryan","Face-to-Face","3","https://www.bkstr.com/webapp/wcs/stores/servlet/booklookServlet?bookstore_id-1=584&term_id-1=2022 Spring&crn-1=10501",""
"202210","BME491","RESEARCH & INDEPENDENT STUDY I","077","15617","",""," ","Closed","0","0","Erdi, Alev","Face-to-Face","3","https://www.bkstr.com/webapp/wcs/stores/servlet/booklookServlet?bookstore_id-1=584&term_id-1=2022 Spring&crn-1=15617",""
"202210","BME491","RESEARCH & INDEPENDENT STUDY I","079","10502","",""," ","Closed","0","0","","Face-to-Face","3","https://www.bkstr.com/webapp/wcs/stores/servlet/booklookServlet?bookstore_id-1=584&term_id-1=2022 Spring&crn-1=10502",""
"202210","BME491","RESEARCH & INDEPENDENT STUDY I","088","10503","",""," ","Closed","0","0","Basuray, Sagnik","Face-to-Face","3","https://www.bkstr.com/webapp/wcs/stores/servlet/booklookServlet?bookstore_id-1=584&term_id-1=2022 Spring&crn-1=10503",""
"202210","BME491","RESEARCH & INDEPENDENT STUDY I","264","10504","",""," ","Closed","0","0","","Face-to-Face","3","https://www.bkstr.com/webapp/wcs/stores/servlet/booklookServlet?bookstore_id-1=584&term_id-1=2022 Spring&crn-1=10504",""
"202210","BME491","RESEARCH & INDEPENDENT STUDY I","303","10505","",""," ","Closed","0","0","Alvarez, Tara","Face-to-Face","3","https://www.bkstr.com/webapp/wcs/stores/servlet/booklookServlet?bookstore_id-1=584&term_id-1=2022 Spring&crn-1=10505",""
"202210","BME491","RESEARCH & INDEPENDENT STUDY I","304","10506","",""," ","Closed","0","0","Arinzeh, Treena","Face-to-Face","3","https://www.bkstr.com/webapp/wcs/stores/servlet/booklookServlet?bookstore_id-1=584&term_id-1=2022 Spring&crn-1=10506",""
"202210","BME491","RESEARCH & INDEPENDENT STUDY I","310","10507","",""," ","Closed","0","0","Adamovich, Sergei","Face-to-Face","3","https://www.bkstr.com/webapp/wcs/stores/servlet/booklookServlet?bookstore_id-1=584&term_id-1=2022 Spring&crn-1=10507",""
"202210","BME491","RESEARCH & INDEPENDENT STUDY I","311","10508","",""," ","Closed","0","1","Biswal, Bharat","Face-to-Face","3","https://www.bkstr.com/webapp/wcs/stores/servlet/booklookServlet?bookstore_id-1=584&term_id-1=2022 Spring&crn-1=10508",""
"202210","BME491","RESEARCH & INDEPENDENT STUDY I","730","10509","",""," ","Closed","0","1","Lee, Eun Jung","Face-to-Face","3","https://www.bkstr.com/webapp/wcs/stores/servlet/booklookServlet?bookstore_id-1=584&term_id-1=2022 Spring&crn-1=10509",""
"202210","BME491","RESEARCH & INDEPENDENT STUDY I","792","10510","",""," ","Closed","0","0","Li, Xiaobo","Face-to-Face","3","https://www.bkstr.com/webapp/wcs/stores/servlet/booklookServlet?bookstore_id-1=584&term_id-1=2022 Spring&crn-1=10510",""
"202210","BME492","RESEARCH & INDPNDNT STUDY II","061","10511","",""," ","Closed","0","0","Kumar, Vivek","Face-to-Face","3","https://www.bkstr.com/webapp/wcs/stores/servlet/booklookServlet?bookstore_id-1=584&term_id-1=2022 Spring&crn-1=10511",""
"202210","BME492","RESEARCH & INDPNDNT STUDY II","062","10512","",""," ","Closed","0","0","Pal, Saikat","Face-to-Face","3","https://www.bkstr.com/webapp/wcs/stores/servlet/booklookServlet?bookstore_id-1=584&term_id-1=2022 Spring&crn-1=10512",""
"202210","BME492","RESEARCH & INDPNDNT STUDY II","063","10513","",""," ","Closed","0","0","","Face-to-Face","3","https://www.bkstr.com/webapp/wcs/stores/servlet/booklookServlet?bookstore_id-1=584&term_id-1=2022 Spring&crn-1=10513",""
"202210","BME492","RESEARCH & INDPNDNT STUDY II","064","10514","",""," ","Closed","0","0","Zhou, Xianlian","Face-to-Face","3","https://www.bkstr.com/webapp/wcs/stores/servlet/booklookServlet?bookstore_id-1=584&term_id-1=2022 Spring&crn-1=10514",""
"202210","BME492","RESEARCH & INDPNDNT STUDY II","065","10515","",""," ","Closed","0","0","Grasman, Jonathan","Face-to-Face","3","https://www.bkstr.com/webapp/wcs/stores/servlet/booklookServlet?bookstore_id-1=584&term_id-1=2022 Spring&crn-1=10515",""
"202210","BME492","RESEARCH & INDPNDNT STUDY II","071","10516","",""," ","Closed","0","0","","Face-to-Face","3","https://www.bkstr.com/webapp/wcs/stores/servlet/booklookServlet?bookstore_id-1=584&term_id-1=2022 Spring&crn-1=10516",""
"202210","BME492","RESEARCH & INDPNDNT STUDY II","075","10517","",""," ","Closed","0","0","Sahin, Mesut","Face-to-Face","3","https://www.bkstr.com/webapp/wcs/stores/servlet/booklookServlet?bookstore_id-1=584&term_id-1=2022 Spring&crn-1=10517",""
"202210","BME492","RESEARCH & INDPNDNT STUDY II","076","10518","",""," ","Closed","0","1","Pfister, Bryan","Face-to-Face","3","https://www.bkstr.com/webapp/wcs/stores/servlet/booklookServlet?bookstore_id-1=584&term_id-1=2022 Spring&crn-1=10518",""
"202210","BME492","RESEARCH & INDPNDNT STUDY II","077","15773","",""," ","Closed","0","1","Erdi, Alev","Face-to-Face","3","https://www.bkstr.com/webapp/wcs/stores/servlet/booklookServlet?bookstore_id-1=584&term_id-1=2022 Spring&crn-1=15773",""
"202210","BME492","RESEARCH & INDPNDNT STUDY II","079","10519","",""," ","Closed","0","0","","Face-to-Face","3","https://www.bkstr.com/webapp/wcs/stores/servlet/booklookServlet?bookstore_id-1=584&term_id-1=2022 Spring&crn-1=10519",""
"202210","BME492","RESEARCH & INDPNDNT STUDY II","264","10520","",""," ","Closed","0","0","","Face-to-Face","3","https://www.bkstr.com/webapp/wcs/stores/servlet/booklookServlet?bookstore_id-1=584&term_id-1=2022 Spring&crn-1=10520",""
"202210","BME492","RESEARCH & INDPNDNT STUDY II","303","10521","",""," ","Closed","0","1","Alvarez, Tara","Face-to-Face","3","https://www.bkstr.com/webapp/wcs/stores/servlet/booklookServlet?bookstore_id-1=584&term_id-1=2022 Spring&crn-1=10521",""
"202210","BME492","RESEARCH & INDPNDNT STUDY II","304","10522","",""," ","Closed","0","0","Arinzeh, Treena","Face-to-Face","3","https://www.bkstr.com/webapp/wcs/stores/servlet/booklookServlet?bookstore_id-1=584&term_id-1=2022 Spring&crn-1=10522",""
"202210","BME492","RESEARCH & INDPNDNT STUDY II","310","10523","",""," ","Closed","0","0","Adamovich, Sergei","Face-to-Face","3","https://www.bkstr.com/webapp/wcs/stores/servlet/booklookServlet?bookstore_id-1=584&term_id-1=2022 Spring&crn-1=10523",""
"202210","BME492","RESEARCH & INDPNDNT STUDY II","311","10524","",""," ","Closed","0","0","Biswal, Bharat","Face-to-Face","3","https://www.bkstr.com/webapp/wcs/stores/servlet/booklookServlet?bookstore_id-1=584&term_id-1=2022 Spring&crn-1=10524",""
"202210","BME492","RESEARCH & INDPNDNT STUDY II","730","10525","",""," ","Closed","0","2","Lee, Eun Jung","Face-to-Face","3","https://www.bkstr.com/webapp/wcs/stores/servlet/booklookServlet?bookstore_id-1=584&term_id-1=2022 Spring&crn-1=10525",""
"202210","BME492","RESEARCH & INDPNDNT STUDY II","792","10526","",""," ","Closed","0","0","Li, Xiaobo","Face-to-Face","3","https://www.bkstr.com/webapp/wcs/stores/servlet/booklookServlet?bookstore_id-1=584&term_id-1=2022 Spring&crn-1=10526",""
"202210","BME493","HONORS RESEARCH THESIS I","061","10527","",""," ","Closed","0","0","","Face-to-Face","3","https://www.bkstr.com/webapp/wcs/stores/servlet/booklookServlet?bookstore_id-1=584&term_id-1=2022 Spring&crn-1=10527","Honors Course"
"202210","BME493","HONORS RESEARCH THESIS I","062","10528","",""," ","Closed","0","0","","Face-to-Face","3","https://www.bkstr.com/webapp/wcs/stores/servlet/booklookServlet?bookstore_id-1=584&term_id-1=2022 Spring&crn-1=10528","Honors Course"
"202210","BME493","HONORS RESEARCH THESIS I","063","10529","",""," ","Closed","0","0","","Face-to-Face","3","https://www.bkstr.com/webapp/wcs/stores/servlet/booklookServlet?bookstore_id-1=584&term_id-1=2022 Spring&crn-1=10529","Honors Course"
"202210","BME493","HONORS RESEARCH THESIS I","064","10530","",""," ","Closed","0","0","Zhou, Xianlian","Face-to-Face","3","https://www.bkstr.com/webapp/wcs/stores/servlet/booklookServlet?bookstore_id-1=584&term_id-1=2022 Spring&crn-1=10530","Honors Course"
"202210","BME493","HONORS RESEARCH THESIS I","071","10531","",""," ","Closed","0","0","","Face-to-Face","3","https://www.bkstr.com/webapp/wcs/stores/servlet/booklookServlet?bookstore_id-1=584&term_id-1=2022 Spring&crn-1=10531","Honors Course"
"202210","BME493","HONORS RESEARCH THESIS I","075","10532","",""," ","Closed","0","0","Sahin, Mesut","Face-to-Face","3","https://www.bkstr.com/webapp/wcs/stores/servlet/booklookServlet?bookstore_id-1=584&term_id-1=2022 Spring&crn-1=10532","Honors Course"
"202210","BME493","HONORS RESEARCH THESIS I","076","10533","",""," ","Closed","0","0","Pfister, Bryan","Face-to-Face","3","https://www.bkstr.com/webapp/wcs/stores/servlet/booklookServlet?bookstore_id-1=584&term_id-1=2022 Spring&crn-1=10533","Honors Course"
"202210","BME493","HONORS RESEARCH THESIS I","077","10534","",""," ","Closed","0","0","Erdi, Alev","Face-to-Face","3","https://www.bkstr.com/webapp/wcs/stores/servlet/booklookServlet?bookstore_id-1=584&term_id-1=2022 Spring&crn-1=10534","Honors Course"
"202210","BME493","HONORS RESEARCH THESIS I","079","10535","",""," ","Closed","0","0","","Face-to-Face","3","https://www.bkstr.com/webapp/wcs/stores/servlet/booklookServlet?bookstore_id-1=584&term_id-1=2022 Spring&crn-1=10535","Honors Course"
"202210","BME493","HONORS RESEARCH THESIS I","264","10536","",""," ","Closed","0","0","","Face-to-Face","3","https://www.bkstr.com/webapp/wcs/stores/servlet/booklookServlet?bookstore_id-1=584&term_id-1=2022 Spring&crn-1=10536","Honors Course"
"202210","BME493","HONORS RESEARCH THESIS I","303","10537","",""," ","Closed","0","0","Alvarez, Tara","Face-to-Face","3","https://www.bkstr.com/webapp/wcs/stores/servlet/booklookServlet?bookstore_id-1=584&term_id-1=2022 Spring&crn-1=10537","Honors Course"
"202210","BME493","HONORS RESEARCH THESIS I","304","10538","",""," ","Closed","0","0","Arinzeh, Treena","Face-to-Face","3","https://www.bkstr.com/webapp/wcs/stores/servlet/booklookServlet?bookstore_id-1=584&term_id-1=2022 Spring&crn-1=10538","Honors Course"
"202210","BME493","HONORS RESEARCH THESIS I","310","10539","",""," ","Closed","0","0","Adamovich, Sergei","Face-to-Face","3","https://www.bkstr.com/webapp/wcs/stores/servlet/booklookServlet?bookstore_id-1=584&term_id-1=2022 Spring&crn-1=10539","Honors Course"
"202210","BME493","HONORS RESEARCH THESIS I","311","10540","",""," ","Closed","0","0","Biswal, Bharat","Face-to-Face","3","https://www.bkstr.com/webapp/wcs/stores/servlet/booklookServlet?bookstore_id-1=584&term_id-1=2022 Spring&crn-1=10540","Honors Course"
"202210","BME493","HONORS RESEARCH THESIS I","569","10541","",""," ","Closed","0","0","","Face-to-Face","3","https://www.bkstr.com/webapp/wcs/stores/servlet/booklookServlet?bookstore_id-1=584&term_id-1=2022 Spring&crn-1=10541","Honors Course"
"202210","BME493","HONORS RESEARCH THESIS I","730","10542","",""," ","Closed","0","0","Lee, Eun Jung","Face-to-Face","3","https://www.bkstr.com/webapp/wcs/stores/servlet/booklookServlet?bookstore_id-1=584&term_id-1=2022 Spring&crn-1=10542","Honors Course"
"202210","BME493","HONORS RESEARCH THESIS I","792","10543","",""," ","Closed","0","0","Li, Xiaobo","Face-to-Face","3","https://www.bkstr.com/webapp/wcs/stores/servlet/booklookServlet?bookstore_id-1=584&term_id-1=2022 Spring&crn-1=10543","Honors Course"
"202210","BME494","HONORS RESEARCH THESIS II","061","10544","",""," ","Closed","0","0","","Face-to-Face","3","https://www.bkstr.com/webapp/wcs/stores/servlet/booklookServlet?bookstore_id-1=584&term_id-1=2022 Spring&crn-1=10544","Honors Course"
"202210","BME494","HONORS RESEARCH THESIS II","062","10545","",""," ","Closed","0","0","","Face-to-Face","3","https://www.bkstr.com/webapp/wcs/stores/servlet/booklookServlet?bookstore_id-1=584&term_id-1=2022 Spring&crn-1=10545","Honors Course"
"202210","BME494","HONORS RESEARCH THESIS II","063","10546","",""," ","Closed","0","0","","Face-to-Face","3","https://www.bkstr.com/webapp/wcs/stores/servlet/booklookServlet?bookstore_id-1=584&term_id-1=2022 Spring&crn-1=10546","Honors Course"
"202210","BME494","HONORS RESEARCH THESIS II","064","10547","",""," ","Closed","0","0","Zhou, Xianlian","Face-to-Face","3","https://www.bkstr.com/webapp/wcs/stores/servlet/booklookServlet?bookstore_id-1=584&term_id-1=2022 Spring&crn-1=10547","Honors Course"
"202210","BME494","HONORS RESEARCH THESIS II","071","10548","",""," ","Closed","0","0","","Face-to-Face","3","https://www.bkstr.com/webapp/wcs/stores/servlet/booklookServlet?bookstore_id-1=584&term_id-1=2022 Spring&crn-1=10548","Honors Course"
"202210","BME494","HONORS RESEARCH THESIS II","075","10549","",""," ","Closed","0","0","Sahin, Mesut","Face-to-Face","3","https://www.bkstr.com/webapp/wcs/stores/servlet/booklookServlet?bookstore_id-1=584&term_id-1=2022 Spring&crn-1=10549","Honors Course"
"202210","BME494","HONORS RESEARCH THESIS II","076","10550","",""," ","Closed","0","0","Pfister, Bryan","Face-to-Face","3","https://www.bkstr.com/webapp/wcs/stores/servlet/booklookServlet?bookstore_id-1=584&term_id-1=2022 Spring&crn-1=10550","Honors Course"
"202210","BME494","HONORS RESEARCH THESIS II","079","10551","",""," ","Closed","0","0","","Face-to-Face","3","https://www.bkstr.com/webapp/wcs/stores/servlet/booklookServlet?bookstore_id-1=584&term_id-1=2022 Spring&crn-1=10551","Honors Course"
"202210","BME494","HONORS RESEARCH THESIS II","264","10552","",""," ","Closed","0","0","","Face-to-Face","3","https://www.bkstr.com/webapp/wcs/stores/servlet/booklookServlet?bookstore_id-1=584&term_id-1=2022 Spring&crn-1=10552","Honors Course"
"202210","BME494","HONORS RESEARCH THESIS II","303","10553","",""," ","Closed","0","0","Alvarez, Tara","Face-to-Face","3","https://www.bkstr.com/webapp/wcs/stores/servlet/booklookServlet?bookstore_id-1=584&term_id-1=2022 Spring&crn-1=10553","Honors Course"
"202210","BME494","HONORS RESEARCH THESIS II","304","10554","",""," ","Closed","0","0","Arinzeh, Treena","Face-to-Face","3","https://www.bkstr.com/webapp/wcs/stores/servlet/booklookServlet?bookstore_id-1=584&term_id-1=2022 Spring&crn-1=10554","Honors Course"
"202210","BME494","HONORS RESEARCH THESIS II","310","10555","",""," ","Closed","0","0","Adamovich, Sergei","Face-to-Face","3","https://www.bkstr.com/webapp/wcs/stores/servlet/booklookServlet?bookstore_id-1=584&term_id-1=2022 Spring&crn-1=10555","Honors Course"
"202210","BME494","HONORS RESEARCH THESIS II","311","10556","",""," ","Closed","0","0","Biswal, Bharat","Face-to-Face","3","https://www.bkstr.com/webapp/wcs/stores/servlet/booklookServlet?bookstore_id-1=584&term_id-1=2022 Spring&crn-1=10556","Honors Course"
"202210","BME494","HONORS RESEARCH THESIS II","342","15565","",""," ","Closed","0","1","Yaramothu, Chang","Face-to-Face","3","https://www.bkstr.com/webapp/wcs/stores/servlet/booklookServlet?bookstore_id-1=584&term_id-1=2022 Spring&crn-1=15565",""
"202210","BME494","HONORS RESEARCH THESIS II","569","10557","",""," ","Closed","0","0","","Face-to-Face","3","https://www.bkstr.com/webapp/wcs/stores/servlet/booklookServlet?bookstore_id-1=584&term_id-1=2022 Spring&crn-1=10557","Honors Course"
"202210","BME494","HONORS RESEARCH THESIS II","730","10558","",""," ","Closed","0","0","Lee, Eun Jung","Face-to-Face","3","https://www.bkstr.com/webapp/wcs/stores/servlet/booklookServlet?bookstore_id-1=584&term_id-1=2022 Spring&crn-1=10558","Honors Course"
"202210","BME494","HONORS RESEARCH THESIS II","792","10559","",""," ","Closed","0","0","Li, Xiaobo","Face-to-Face","3","https://www.bkstr.com/webapp/wcs/stores/servlet/booklookServlet?bookstore_id-1=584&term_id-1=2022 Spring&crn-1=10559","Honors Course"
"202210","BME495","CAPSTONE I","002","10560","F","1:00 PM - 2:20 PM","FENS 698","Closed","20","22","Collins, George","Face-to-Face","2","https://www.bkstr.com/webapp/wcs/stores/servlet/booklookServlet?bookstore_id-1=584&term_id-1=2022 Spring&crn-1=10560",""
"202210","BME495","CAPSTONE I","002","10560","T","1:00 PM - 3:50 PM","FENS 698","Closed","20","22","Collins, George","Face-to-Face","2","https://www.bkstr.com/webapp/wcs/stores/servlet/booklookServlet?bookstore_id-1=584&term_id-1=2022 Spring&crn-1=10560",""
"202210","BME495","CAPSTONE I - HONORS","HM2","10561","F","1:00 PM - 2:20 PM","FENS 698","Open","10","4","Collins, George","Face-to-Face","2","https://www.bkstr.com/webapp/wcs/stores/servlet/booklookServlet?bookstore_id-1=584&term_id-1=2022 Spring&crn-1=10561","Honors Course"
"202210","BME495","CAPSTONE I - HONORS","HM2","10561","F","1:00 PM - 2:20 PM","FENS 698","Open","10","4","Erdi, Alev","Face-to-Face","2","https://www.bkstr.com/webapp/wcs/stores/servlet/booklookServlet?bookstore_id-1=584&term_id-1=2022 Spring&crn-1=10561","Honors Course"
"202210","BME495","CAPSTONE I - HONORS","HM2","10561","T","1:00 PM - 3:50 PM","FENS 698","Open","10","4","Collins, George","Face-to-Face","2","https://www.bkstr.com/webapp/wcs/stores/servlet/booklookServlet?bookstore_id-1=584&term_id-1=2022 Spring&crn-1=10561","Honors Course"
"202210","BME495","CAPSTONE I - HONORS","HM2","10561","T","1:00 PM - 3:50 PM","FENS 698","Open","10","4","Erdi, Alev","Face-to-Face","2","https://www.bkstr.com/webapp/wcs/stores/servlet/booklookServlet?bookstore_id-1=584&term_id-1=2022 Spring&crn-1=10561","Honors Course"
"202210","BME496","CAPSTONE DESIGN II","002","10562","R","2:30 PM - 5:20 PM","FMH 108","Open","20","18","Schesser, Joel","Face-to-Face","3","https://www.bkstr.com/webapp/wcs/stores/servlet/booklookServlet?bookstore_id-1=584&term_id-1=2022 Spring&crn-1=10562",""
"202210","BME496","CAPSTONE DESIGN II","002","10562","T","4:00 PM - 5:20 PM","CKB 303","Open","20","18","Schesser, Joel","Face-to-Face","3","https://www.bkstr.com/webapp/wcs/stores/servlet/booklookServlet?bookstore_id-1=584&term_id-1=2022 Spring&crn-1=10562",""
"202210","BME496","CAPSTONE DESIGN II","004","10563","F","2:30 PM - 5:20 PM","FENS 698","Open","20","17","Schesser, Joel","Face-to-Face","3","https://www.bkstr.com/webapp/wcs/stores/servlet/booklookServlet?bookstore_id-1=584&term_id-1=2022 Spring&crn-1=10563",""
"202210","BME496","CAPSTONE DESIGN II","004","10563","T","4:00 PM - 5:20 PM","CKB 303","Open","20","17","Schesser, Joel","Face-to-Face","3","https://www.bkstr.com/webapp/wcs/stores/servlet/booklookServlet?bookstore_id-1=584&term_id-1=2022 Spring&crn-1=10563",""
"202210","BME496","CAPSTONE DESIGN II","006","10564","T","4:00 PM - 5:20 PM","CKB 303","Closed","20","21","Schesser, Joel","Face-to-Face","3","https://www.bkstr.com/webapp/wcs/stores/servlet/booklookServlet?bookstore_id-1=584&term_id-1=2022 Spring&crn-1=10564",""
"202210","BME496","CAPSTONE DESIGN II","006","10564","T","8:30 AM - 11:20 AM","TIER 107","Closed","20","21","Schesser, Joel","Face-to-Face","3","https://www.bkstr.com/webapp/wcs/stores/servlet/booklookServlet?bookstore_id-1=584&term_id-1=2022 Spring&crn-1=10564",""
"202210","BME496","CAPSTONE DESIGN II - HONORS","HM2","10565","R","2:30 PM - 5:20 PM","FMH 108","Open","10","6","Schesser, Joel","Face-to-Face","3","https://www.bkstr.com/webapp/wcs/stores/servlet/booklookServlet?bookstore_id-1=584&term_id-1=2022 Spring&crn-1=10565","Honors Course"
"202210","BME496","CAPSTONE DESIGN II - HONORS","HM2","10565","T","4:00 PM - 5:20 PM","CKB 303","Open","10","6","Schesser, Joel","Face-to-Face","3","https://www.bkstr.com/webapp/wcs/stores/servlet/booklookServlet?bookstore_id-1=584&term_id-1=2022 Spring&crn-1=10565","Honors Course"
"202210","BME496","CAPSTONE DESIGN II - HONORS","HM4","10566","F","2:30 PM - 5:20 PM","FENS 698","Open","10","6","Schesser, Joel","Face-to-Face","3","https://www.bkstr.com/webapp/wcs/stores/servlet/booklookServlet?bookstore_id-1=584&term_id-1=2022 Spring&crn-1=10566","Honors Course"
"202210","BME496","CAPSTONE DESIGN II - HONORS","HM4","10566","T","4:00 PM - 5:20 PM","CKB 303","Open","10","6","Schesser, Joel","Face-to-Face","3","https://www.bkstr.com/webapp/wcs/stores/servlet/booklookServlet?bookstore_id-1=584&term_id-1=2022 Spring&crn-1=10566","Honors Course"
"202210","BME496","CAPSTONE DESIGN II - HONORS","HM6","10567","T","4:00 PM - 5:20 PM","CKB 303","Open","10","6","Schesser, Joel","Face-to-Face","3","https://www.bkstr.com/webapp/wcs/stores/servlet/booklookServlet?bookstore_id-1=584&term_id-1=2022 Spring&crn-1=10567","Honors Course"
"202210","BME496","CAPSTONE DESIGN II - HONORS","HM6","10567","T","8:30 AM - 11:20 AM","TIER 107","Open","10","6","Schesser, Joel","Face-to-Face","3","https://www.bkstr.com/webapp/wcs/stores/servlet/booklookServlet?bookstore_id-1=584&term_id-1=2022 Spring&crn-1=10567","Honors Course"
"202210","BME590","GRADUATE CO-OP WORK EXPER I","113","10568","",""," ","Closed","0","0","","Face-to-Face","1","https://www.bkstr.com/webapp/wcs/stores/servlet/booklookServlet?bookstore_id-1=584&term_id-1=2022 Spring&crn-1=10568",""
"202210","BME593","GRADUATE CO-OP WORK EXP IV","113","10569","",""," ","Closed","0","0","","Face-to-Face","0","https://www.bkstr.com/webapp/wcs/stores/servlet/booklookServlet?bookstore_id-1=584&term_id-1=2022 Spring&crn-1=10569",""
"202210","BME601","SEMINAR BIOMEDICAL ENGR","002","10570","F","11:30 AM - 12:50 PM","CKB 303","Closed","0","5","Zhou, Xianlian","Face-to-Face","1","https://www.bkstr.com/webapp/wcs/stores/servlet/booklookServlet?bookstore_id-1=584&term_id-1=2022 Spring&crn-1=10570",""
"202210","BME650","CLINICAL PHYSIOLOGY & NEUROPHY","102","10571","W","6:00 PM - 8:50 PM","FENS 698","Closed","15","28","Swietek, Bogumila","Face-to-Face","3","https://www.bkstr.com/webapp/wcs/stores/servlet/booklookServlet?bookstore_id-1=584&term_id-1=2022 Spring&crn-1=10571",""
"202210","BME651","PRINCPL OF TISSUE ENGINEERING","002","10572","T","1:00 PM - 3:50 PM","FMH 307","Closed","15","26","Arinzeh, Treena","Face-to-Face","3","https://www.bkstr.com/webapp/wcs/stores/servlet/booklookServlet?bookstore_id-1=584&term_id-1=2022 Spring&crn-1=10572",""
"202210","BME655","ADV SYNTHESIS & CHARACTERIZATI","102","10573","T","6:00 PM - 8:50 PM"," ","Cancelled","15","0","","Face-to-Face","3","https://www.bkstr.com/webapp/wcs/stores/servlet/booklookServlet?bookstore_id-1=584&term_id-1=2022 Spring&crn-1=10573","Cancelled 11/29/21"
"202210","BME668","MEDICAL IMAGING SYSTEMS","102","10574","R","6:00 PM - 8:50 PM","FENS 698","Closed","15","29","Biswal, Bharat","Face-to-Face","3","https://www.bkstr.com/webapp/wcs/stores/servlet/booklookServlet?bookstore_id-1=584&term_id-1=2022 Spring&crn-1=10574",""
"202210","BME671","BIOMECH OF HUM STR MOTN","102","10575","M","6:00 PM - 8:50 PM","CKB 207","Closed","15","20","Pal, Saikat","Face-to-Face","3","https://www.bkstr.com/webapp/wcs/stores/servlet/booklookServlet?bookstore_id-1=584&term_id-1=2022 Spring&crn-1=10575","Please note: This section will run<br />Synchronous Online through February 28, 2022"
"202210","BME676","COMPUTATIONAL BIOMECHANICS","102","10576","W","6:00 PM - 8:50 PM","FENS 640","Open","15","14","Zhou, Xianlian","Face-to-Face","3","https://www.bkstr.com/webapp/wcs/stores/servlet/booklookServlet?bookstore_id-1=584&term_id-1=2022 Spring&crn-1=10576",""
"202210","BME678","DESIGN OF ORTHO IMPLANTS","102","10577","R","6:00 PM - 8:50 PM","FENS 640","Closed","15","19","Makris, Georghios","Face-to-Face","3","https://www.bkstr.com/webapp/wcs/stores/servlet/booklookServlet?bookstore_id-1=584&term_id-1=2022 Spring&crn-1=10577",""
"202210","BME682","SYSTEM MGMT FOR MEDICAL DEVICE","852","10578","",""," ","Closed","15","31","Simon, Joshua","","3","https://www.bkstr.com/webapp/wcs/stores/servlet/booklookServlet?bookstore_id-1=584&term_id-1=2022 Spring&crn-1=10578","Restricted to Newark Campus Students Only<br />Online Course"
"202210","BME687","MEDICAL INSTRUMENTATION","002","10579","R","2:30 PM - 5:20 PM"," ","Cancelled","15","0","","Face-to-Face","3","https://www.bkstr.com/webapp/wcs/stores/servlet/booklookServlet?bookstore_id-1=584&term_id-1=2022 Spring&crn-1=10579","Cancelled 11/8/21"
"202210","BME698","ST: ADVANCED VIRTUAL BME INSTRUMENTATION (LABVIEW)","102","10580","M","6:00 PM - 8:50 PM","FENS 640","Open","15","12","DeMarco, Robert","Face-to-Face","3","https://www.bkstr.com/webapp/wcs/stores/servlet/booklookServlet?bookstore_id-1=584&term_id-1=2022 Spring&crn-1=10580",""
"202210","BME700B","MASTER'S PROJECT","061","10581","",""," ","Closed","0","0","","Face-to-Face","3","https://www.bkstr.com/webapp/wcs/stores/servlet/booklookServlet?bookstore_id-1=584&term_id-1=2022 Spring&crn-1=10581",""
"202210","BME700B","MASTER'S PROJECT","062","10582","",""," ","Closed","0","0","","Face-to-Face","3","https://www.bkstr.com/webapp/wcs/stores/servlet/booklookServlet?bookstore_id-1=584&term_id-1=2022 Spring&crn-1=10582",""
"202210","BME700B","MASTER'S PROJECT","063","10583","",""," ","Closed","0","0","","Face-to-Face","3","https://www.bkstr.com/webapp/wcs/stores/servlet/booklookServlet?bookstore_id-1=584&term_id-1=2022 Spring&crn-1=10583",""
"202210","BME700B","MASTER'S PROJECT","064","10584","",""," ","Closed","0","0","Zhou, Xianlian","Face-to-Face","3","https://www.bkstr.com/webapp/wcs/stores/servlet/booklookServlet?bookstore_id-1=584&term_id-1=2022 Spring&crn-1=10584",""
"202210","BME700B","MASTER'S PROJECT","071","10585","",""," ","Closed","0","0","","Face-to-Face","3","https://www.bkstr.com/webapp/wcs/stores/servlet/booklookServlet?bookstore_id-1=584&term_id-1=2022 Spring&crn-1=10585",""
"202210","BME700B","MASTER'S PROJECT","075","10586","",""," ","Closed","0","0","","Face-to-Face","3","https://www.bkstr.com/webapp/wcs/stores/servlet/booklookServlet?bookstore_id-1=584&term_id-1=2022 Spring&crn-1=10586",""
"202210","BME700B","MASTER'S PROJECT","076","10587","",""," ","Closed","0","0","","Face-to-Face","3","https://www.bkstr.com/webapp/wcs/stores/servlet/booklookServlet?bookstore_id-1=584&term_id-1=2022 Spring&crn-1=10587",""
"202210","BME700B","MASTER'S PROJECT","077","10588","",""," ","Closed","0","0","","Face-to-Face","3","https://www.bkstr.com/webapp/wcs/stores/servlet/booklookServlet?bookstore_id-1=584&term_id-1=2022 Spring&crn-1=10588",""
"202210","BME700B","MASTER'S PROJECT","079","10589","",""," ","Closed","0","0","","Face-to-Face","3","https://www.bkstr.com/webapp/wcs/stores/servlet/booklookServlet?bookstore_id-1=584&term_id-1=2022 Spring&crn-1=10589",""
"202210","BME700B","MASTER'S PROJECT","113","10590","",""," ","Closed","0","2","Roman, Max","Face-to-Face","3","https://www.bkstr.com/webapp/wcs/stores/servlet/booklookServlet?bookstore_id-1=584&term_id-1=2022 Spring&crn-1=10590",""
"202210","BME700B","MASTER'S PROJECT","264","10591","",""," ","Closed","0","0","","Face-to-Face","3","https://www.bkstr.com/webapp/wcs/stores/servlet/booklookServlet?bookstore_id-1=584&term_id-1=2022 Spring&crn-1=10591",""
"202210","BME700B","MASTER'S PROJECT","303","10592","",""," ","Closed","0","0","","Face-to-Face","3","https://www.bkstr.com/webapp/wcs/stores/servlet/booklookServlet?bookstore_id-1=584&term_id-1=2022 Spring&crn-1=10592",""
"202210","BME700B","MASTER'S PROJECT","304","10593","",""," ","Closed","0","0","","Face-to-Face","3","https://www.bkstr.com/webapp/wcs/stores/servlet/booklookServlet?bookstore_id-1=584&term_id-1=2022 Spring&crn-1=10593",""
"202210","BME700B","MASTER'S PROJECT","310","10594","",""," ","Closed","0","0","","Face-to-Face","3","https://www.bkstr.com/webapp/wcs/stores/servlet/booklookServlet?bookstore_id-1=584&term_id-1=2022 Spring&crn-1=10594",""
"202210","BME700B","MASTER'S PROJECT","311","10595","",""," ","Closed","0","0","","Face-to-Face","3","https://www.bkstr.com/webapp/wcs/stores/servlet/booklookServlet?bookstore_id-1=584&term_id-1=2022 Spring&crn-1=10595",""
"202210","BME700B","MASTER'S PROJECT","402","10596","",""," ","Closed","0","0","","Face-to-Face","3","https://www.bkstr.com/webapp/wcs/stores/servlet/booklookServlet?bookstore_id-1=584&term_id-1=2022 Spring&crn-1=10596",""
"202210","BME700B","MASTER'S PROJECT","730","10597","",""," ","Closed","0","0","","Face-to-Face","3","https://www.bkstr.com/webapp/wcs/stores/servlet/booklookServlet?bookstore_id-1=584&term_id-1=2022 Spring&crn-1=10597",""
"202210","BME700B","MASTER'S PROJECT","746","10598","",""," ","Closed","0","0","","Face-to-Face","3","https://www.bkstr.com/webapp/wcs/stores/servlet/booklookServlet?bookstore_id-1=584&term_id-1=2022 Spring&crn-1=10598",""
"202210","BME700B","MASTER'S PROJECT","792","10599","",""," ","Closed","0","0","Li, Xiaobo","Face-to-Face","3","https://www.bkstr.com/webapp/wcs/stores/servlet/booklookServlet?bookstore_id-1=584&term_id-1=2022 Spring&crn-1=10599",""
"202210","BME701B","MASTER'S THESIS","061","10600","",""," ","Closed","0","0","Kumar, Vivek","Face-to-Face","3","https://www.bkstr.com/webapp/wcs/stores/servlet/booklookServlet?bookstore_id-1=584&term_id-1=2022 Spring&crn-1=10600",""
"202210","BME701B","MASTER'S THESIS","062","10601","",""," ","Closed","0","0","Pal, Saikat","Face-to-Face","3","https://www.bkstr.com/webapp/wcs/stores/servlet/booklookServlet?bookstore_id-1=584&term_id-1=2022 Spring&crn-1=10601",""
"202210","BME701B","MASTER'S THESIS","063","10602","",""," ","Closed","0","0","","Face-to-Face","3","https://www.bkstr.com/webapp/wcs/stores/servlet/booklookServlet?bookstore_id-1=584&term_id-1=2022 Spring&crn-1=10602",""
"202210","BME701B","MASTER'S THESIS","064","10603","",""," ","Closed","0","0","Zhou, Xianlian","Face-to-Face","3","https://www.bkstr.com/webapp/wcs/stores/servlet/booklookServlet?bookstore_id-1=584&term_id-1=2022 Spring&crn-1=10603",""
"202210","BME701B","MASTER'S THESIS","065","10604","",""," ","Closed","0","0","Grasman, Jonathan","Face-to-Face","3","https://www.bkstr.com/webapp/wcs/stores/servlet/booklookServlet?bookstore_id-1=584&term_id-1=2022 Spring&crn-1=10604",""
"202210","BME701B","MASTER'S THESIS","071","10605","",""," ","Closed","0","0","","Face-to-Face","3","https://www.bkstr.com/webapp/wcs/stores/servlet/booklookServlet?bookstore_id-1=584&term_id-1=2022 Spring&crn-1=10605",""
"202210","BME701B","MASTER'S THESIS","075","10606","",""," ","Closed","0","0","Sahin, Mesut","Face-to-Face","3","https://www.bkstr.com/webapp/wcs/stores/servlet/booklookServlet?bookstore_id-1=584&term_id-1=2022 Spring&crn-1=10606",""
"202210","BME701B","MASTER'S THESIS","076","10607","",""," ","Closed","0","0","Pfister, Bryan","Face-to-Face","3","https://www.bkstr.com/webapp/wcs/stores/servlet/booklookServlet?bookstore_id-1=584&term_id-1=2022 Spring&crn-1=10607",""
"202210","BME701B","MASTER'S THESIS","079","10608","",""," ","Closed","0","0","","Face-to-Face","3","https://www.bkstr.com/webapp/wcs/stores/servlet/booklookServlet?bookstore_id-1=584&term_id-1=2022 Spring&crn-1=10608",""
"202210","BME701B","MASTER'S THESIS","113","10609","",""," ","Closed","0","0","","Face-to-Face","3","https://www.bkstr.com/webapp/wcs/stores/servlet/booklookServlet?bookstore_id-1=584&term_id-1=2022 Spring&crn-1=10609",""
"202210","BME701B","MASTER'S THESIS","217","15747","",""," ","Closed","0","1","Guvendiren, Murat","Face-to-Face","3","https://www.bkstr.com/webapp/wcs/stores/servlet/booklookServlet?bookstore_id-1=584&term_id-1=2022 Spring&crn-1=15747",""
"202210","BME701B","MASTER'S THESIS","264","10610","",""," ","Closed","0","0","","Face-to-Face","3","https://www.bkstr.com/webapp/wcs/stores/servlet/booklookServlet?bookstore_id-1=584&term_id-1=2022 Spring&crn-1=10610",""
"202210","BME701B","MASTER'S THESIS","303","10611","",""," ","Closed","0","0","Alvarez, Tara","Face-to-Face","3","https://www.bkstr.com/webapp/wcs/stores/servlet/booklookServlet?bookstore_id-1=584&term_id-1=2022 Spring&crn-1=10611",""
"202210","BME701B","MASTER'S THESIS","304","10612","",""," ","Closed","0","1","Arinzeh, Treena","Face-to-Face","3","https://www.bkstr.com/webapp/wcs/stores/servlet/booklookServlet?bookstore_id-1=584&term_id-1=2022 Spring&crn-1=10612",""
"202210","BME701B","MASTER'S THESIS","310","10613","",""," ","Closed","0","0","Adamovich, Sergei","Face-to-Face","3","https://www.bkstr.com/webapp/wcs/stores/servlet/booklookServlet?bookstore_id-1=584&term_id-1=2022 Spring&crn-1=10613",""
"202210","BME701B","MASTER'S THESIS","311","10614","",""," ","Closed","0","0","Biswal, Bharat","Face-to-Face","3","https://www.bkstr.com/webapp/wcs/stores/servlet/booklookServlet?bookstore_id-1=584&term_id-1=2022 Spring&crn-1=10614",""
"202210","BME701B","MASTER'S THESIS","342","15568","",""," ","Closed","0","1","Yaramothu, Chang","Face-to-Face","3","https://www.bkstr.com/webapp/wcs/stores/servlet/booklookServlet?bookstore_id-1=584&term_id-1=2022 Spring&crn-1=15568",""
"202210","BME701B","MASTER'S THESIS","730","10615","",""," ","Closed","0","0","Lee, Eun Jung","Face-to-Face","3","https://www.bkstr.com/webapp/wcs/stores/servlet/booklookServlet?bookstore_id-1=584&term_id-1=2022 Spring&crn-1=10615",""
"202210","BME701B","MASTER'S THESIS","792","10616","",""," ","Closed","0","0","Li, Xiaobo","Face-to-Face","3","https://www.bkstr.com/webapp/wcs/stores/servlet/booklookServlet?bookstore_id-1=584&term_id-1=2022 Spring&crn-1=10616",""
"202210","BME701C","MASTER'S THESIS","061","10617","",""," ","Closed","0","0","","Face-to-Face","6","https://www.bkstr.com/webapp/wcs/stores/servlet/booklookServlet?bookstore_id-1=584&term_id-1=2022 Spring&crn-1=10617",""
"202210","BME701C","MASTER'S THESIS","062","10618","",""," ","Closed","0","0","","Face-to-Face","6","https://www.bkstr.com/webapp/wcs/stores/servlet/booklookServlet?bookstore_id-1=584&term_id-1=2022 Spring&crn-1=10618",""
"202210","BME701C","MASTER'S THESIS","063","10619","",""," ","Closed","0","0","","Face-to-Face","6","https://www.bkstr.com/webapp/wcs/stores/servlet/booklookServlet?bookstore_id-1=584&term_id-1=2022 Spring&crn-1=10619",""
"202210","BME701C","MASTER'S THESIS","064","10620","",""," ","Closed","0","0","Zhou, Xianlian","Face-to-Face","6","https://www.bkstr.com/webapp/wcs/stores/servlet/booklookServlet?bookstore_id-1=584&term_id-1=2022 Spring&crn-1=10620",""
"202210","BME701C","MASTER'S THESIS","071","10621","",""," ","Closed","0","0","","Face-to-Face","6","https://www.bkstr.com/webapp/wcs/stores/servlet/booklookServlet?bookstore_id-1=584&term_id-1=2022 Spring&crn-1=10621",""
"202210","BME701C","MASTER'S THESIS","072","10622","",""," ","Closed","0","0","","Face-to-Face","6","https://www.bkstr.com/webapp/wcs/stores/servlet/booklookServlet?bookstore_id-1=584&term_id-1=2022 Spring&crn-1=10622",""
"202210","BME701C","MASTER'S THESIS","075","10623","",""," ","Closed","0","0","","Face-to-Face","6","https://www.bkstr.com/webapp/wcs/stores/servlet/booklookServlet?bookstore_id-1=584&term_id-1=2022 Spring&crn-1=10623",""
"202210","BME701C","MASTER'S THESIS","076","10624","",""," ","Closed","0","0","","Face-to-Face","6","https://www.bkstr.com/webapp/wcs/stores/servlet/booklookServlet?bookstore_id-1=584&term_id-1=2022 Spring&crn-1=10624",""
"202210","BME701C","MASTER'S THESIS","079","10625","",""," ","Closed","0","0","","Face-to-Face","6","https://www.bkstr.com/webapp/wcs/stores/servlet/booklookServlet?bookstore_id-1=584&term_id-1=2022 Spring&crn-1=10625",""
"202210","BME701C","MASTER'S THESIS","264","10626","",""," ","Closed","0","0","","Face-to-Face","6","https://www.bkstr.com/webapp/wcs/stores/servlet/booklookServlet?bookstore_id-1=584&term_id-1=2022 Spring&crn-1=10626",""
"202210","BME701C","MASTER'S THESIS","303","10627","",""," ","Closed","0","0","","Face-to-Face","6","https://www.bkstr.com/webapp/wcs/stores/servlet/booklookServlet?bookstore_id-1=584&term_id-1=2022 Spring&crn-1=10627",""
"202210","BME701C","MASTER'S THESIS","304","10628","",""," ","Closed","0","0","","Face-to-Face","6","https://www.bkstr.com/webapp/wcs/stores/servlet/booklookServlet?bookstore_id-1=584&term_id-1=2022 Spring&crn-1=10628",""
"202210","BME701C","MASTER'S THESIS","310","10629","",""," ","Closed","0","0","","Face-to-Face","6","https://www.bkstr.com/webapp/wcs/stores/servlet/booklookServlet?bookstore_id-1=584&term_id-1=2022 Spring&crn-1=10629",""
"202210","BME701C","MASTER'S THESIS","311","10630","",""," ","Closed","0","0","","Face-to-Face","6","https://www.bkstr.com/webapp/wcs/stores/servlet/booklookServlet?bookstore_id-1=584&term_id-1=2022 Spring&crn-1=10630",""
"202210","BME701C","MASTER'S THESIS","730","10631","",""," ","Closed","0","0","","Face-to-Face","6","https://www.bkstr.com/webapp/wcs/stores/servlet/booklookServlet?bookstore_id-1=584&term_id-1=2022 Spring&crn-1=10631",""
"202210","BME701C","MASTER'S THESIS","792","10632","",""," ","Closed","0","0","Li, Xiaobo","Face-to-Face","6","https://www.bkstr.com/webapp/wcs/stores/servlet/booklookServlet?bookstore_id-1=584&term_id-1=2022 Spring&crn-1=10632",""
"202210","BME725","INDEPENDENT STUDY","061","10633","",""," ","Closed","0","0","","Face-to-Face","3","https://www.bkstr.com/webapp/wcs/stores/servlet/booklookServlet?bookstore_id-1=584&term_id-1=2022 Spring&crn-1=10633",""
"202210","BME725","INDEPENDENT STUDY","062","10634","",""," ","Closed","0","0","","Face-to-Face","3","https://www.bkstr.com/webapp/wcs/stores/servlet/booklookServlet?bookstore_id-1=584&term_id-1=2022 Spring&crn-1=10634",""
"202210","BME725","INDEPENDENT STUDY","063","10635","",""," ","Closed","0","0","","Face-to-Face","3","https://www.bkstr.com/webapp/wcs/stores/servlet/booklookServlet?bookstore_id-1=584&term_id-1=2022 Spring&crn-1=10635",""
"202210","BME725","INDEPENDENT STUDY","064","10636","",""," ","Closed","0","0","Zhou, Xianlian","Face-to-Face","3","https://www.bkstr.com/webapp/wcs/stores/servlet/booklookServlet?bookstore_id-1=584&term_id-1=2022 Spring&crn-1=10636",""
"202210","BME725","INDEPENDENT STUDY","065","10637","",""," ","Closed","0","0","Grasman, Jonathan","Face-to-Face","3","https://www.bkstr.com/webapp/wcs/stores/servlet/booklookServlet?bookstore_id-1=584&term_id-1=2022 Spring&crn-1=10637",""
"202210","BME725","INDEPENDENT STUDY","071","10638","",""," ","Closed","0","0","","Face-to-Face","3","https://www.bkstr.com/webapp/wcs/stores/servlet/booklookServlet?bookstore_id-1=584&term_id-1=2022 Spring&crn-1=10638",""
"202210","BME725","INDEPENDENT STUDY","075","10639","",""," ","Closed","0","0","","Face-to-Face","3","https://www.bkstr.com/webapp/wcs/stores/servlet/booklookServlet?bookstore_id-1=584&term_id-1=2022 Spring&crn-1=10639",""
"202210","BME725","INDEPENDENT STUDY","076","10640","",""," ","Closed","0","0","","Face-to-Face","3","https://www.bkstr.com/webapp/wcs/stores/servlet/booklookServlet?bookstore_id-1=584&term_id-1=2022 Spring&crn-1=10640",""
"202210","BME725","INDEPENDENT STUDY","079","10641","",""," ","Closed","0","0","","Face-to-Face","3","https://www.bkstr.com/webapp/wcs/stores/servlet/booklookServlet?bookstore_id-1=584&term_id-1=2022 Spring&crn-1=10641",""
"202210","BME725","INDEPENDENT STUDY","264","10642","",""," ","Closed","0","0","","Face-to-Face","3","https://www.bkstr.com/webapp/wcs/stores/servlet/booklookServlet?bookstore_id-1=584&term_id-1=2022 Spring&crn-1=10642",""
"202210","BME725","INDEPENDENT STUDY","303","10643","",""," ","Closed","0","0","","Face-to-Face","3","https://www.bkstr.com/webapp/wcs/stores/servlet/booklookServlet?bookstore_id-1=584&term_id-1=2022 Spring&crn-1=10643",""
"202210","BME725","INDEPENDENT STUDY","304","10644","",""," ","Closed","0","0","","Face-to-Face","3","https://www.bkstr.com/webapp/wcs/stores/servlet/booklookServlet?bookstore_id-1=584&term_id-1=2022 Spring&crn-1=10644",""
"202210","BME725","INDEPENDENT STUDY","310","10645","",""," ","Closed","0","0","","Face-to-Face","3","https://www.bkstr.com/webapp/wcs/stores/servlet/booklookServlet?bookstore_id-1=584&term_id-1=2022 Spring&crn-1=10645",""
"202210","BME725","INDEPENDENT STUDY","311","10646","",""," ","Closed","0","0","","Face-to-Face","3","https://www.bkstr.com/webapp/wcs/stores/servlet/booklookServlet?bookstore_id-1=584&term_id-1=2022 Spring&crn-1=10646",""
"202210","BME725","INDEPENDENT STUDY","730","10647","",""," ","Closed","0","0","","Face-to-Face","3","https://www.bkstr.com/webapp/wcs/stores/servlet/booklookServlet?bookstore_id-1=584&term_id-1=2022 Spring&crn-1=10647",""
"202210","BME725","INDEPENDENT STUDY","792","10648","",""," ","Closed","0","0","Li, Xiaobo","Face-to-Face","3","https://www.bkstr.com/webapp/wcs/stores/servlet/booklookServlet?bookstore_id-1=584&term_id-1=2022 Spring&crn-1=10648",""
"202210","BME726","INDEPENDENT STUDY II","072","10649","",""," ","Closed","0","0","","Face-to-Face","3","https://www.bkstr.com/webapp/wcs/stores/servlet/booklookServlet?bookstore_id-1=584&term_id-1=2022 Spring&crn-1=10649",""
"202210","BME726","INDEPENDENT STUDY II","120","10650","",""," ","Closed","0","0","","Face-to-Face","3","https://www.bkstr.com/webapp/wcs/stores/servlet/booklookServlet?bookstore_id-1=584&term_id-1=2022 Spring&crn-1=10650",""
"202210","BME790A","DOCTORAL DISSERTATION","061","10651","",""," ","Closed","0","3","Kumar, Vivek","Face-to-Face","1","https://www.bkstr.com/webapp/wcs/stores/servlet/booklookServlet?bookstore_id-1=584&term_id-1=2022 Spring&crn-1=10651",""
"202210","BME790A","DOCTORAL DISSERTATION","062","10652","",""," ","Closed","0","1","Pal, Saikat","Face-to-Face","1","https://www.bkstr.com/webapp/wcs/stores/servlet/booklookServlet?bookstore_id-1=584&term_id-1=2022 Spring&crn-1=10652",""
"202210","BME790A","DOCTORAL DISSERTATION","063","10653","",""," ","Closed","0","0","","Face-to-Face","1","https://www.bkstr.com/webapp/wcs/stores/servlet/booklookServlet?bookstore_id-1=584&term_id-1=2022 Spring&crn-1=10653",""
"202210","BME790A","DOCTORAL DISSERTATION","064","10654","",""," ","Closed","0","0","Zhou, Xianlian","Face-to-Face","1","https://www.bkstr.com/webapp/wcs/stores/servlet/booklookServlet?bookstore_id-1=584&term_id-1=2022 Spring&crn-1=10654",""
"202210","BME790A","DOCTORAL DISSERTATION","065","10655","",""," ","Closed","0","0","Grasman, Jonathan","Face-to-Face","1","https://www.bkstr.com/webapp/wcs/stores/servlet/booklookServlet?bookstore_id-1=584&term_id-1=2022 Spring&crn-1=10655",""
"202210","BME790A","DOCTORAL DISSERTATION","071","10656","",""," ","Closed","0","0","","Face-to-Face","1","https://www.bkstr.com/webapp/wcs/stores/servlet/booklookServlet?bookstore_id-1=584&term_id-1=2022 Spring&crn-1=10656",""
"202210","BME790A","DOCTORAL DISSERTATION","075","10657","",""," ","Closed","0","2","Sahin, Mesut","Face-to-Face","1","https://www.bkstr.com/webapp/wcs/stores/servlet/booklookServlet?bookstore_id-1=584&term_id-1=2022 Spring&crn-1=10657",""
"202210","BME790A","DOCTORAL DISSERTATION","076","10658","",""," ","Closed","0","2","Pfister, Bryan","Face-to-Face","1","https://www.bkstr.com/webapp/wcs/stores/servlet/booklookServlet?bookstore_id-1=584&term_id-1=2022 Spring&crn-1=10658",""
"202210","BME790A","DOCTORAL DISSERTATION","079","10659","",""," ","Closed","0","0","","Face-to-Face","1","https://www.bkstr.com/webapp/wcs/stores/servlet/booklookServlet?bookstore_id-1=584&term_id-1=2022 Spring&crn-1=10659",""
"202210","BME790A","DOCTORAL DISSERTATION","264","10660","",""," ","Closed","0","0","","Face-to-Face","1","https://www.bkstr.com/webapp/wcs/stores/servlet/booklookServlet?bookstore_id-1=584&term_id-1=2022 Spring&crn-1=10660",""
"202210","BME790A","DOCTORAL DISSERTATION","303","10661","",""," ","Closed","0","0","Alvarez, Tara","Face-to-Face","1","https://www.bkstr.com/webapp/wcs/stores/servlet/booklookServlet?bookstore_id-1=584&term_id-1=2022 Spring&crn-1=10661",""
"202210","BME790A","DOCTORAL DISSERTATION","304","10662","",""," ","Closed","0","5","Arinzeh, Treena","Face-to-Face","1","https://www.bkstr.com/webapp/wcs/stores/servlet/booklookServlet?bookstore_id-1=584&term_id-1=2022 Spring&crn-1=10662",""
"202210","BME790A","DOCTORAL DISSERTATION","310","10663","",""," ","Closed","0","3","Adamovich, Sergei","Face-to-Face","1","https://www.bkstr.com/webapp/wcs/stores/servlet/booklookServlet?bookstore_id-1=584&term_id-1=2022 Spring&crn-1=10663",""
"202210","BME790A","DOCTORAL DISSERTATION","311","10664","",""," ","Closed","0","2","Biswal, Bharat","Face-to-Face","1","https://www.bkstr.com/webapp/wcs/stores/servlet/booklookServlet?bookstore_id-1=584&term_id-1=2022 Spring&crn-1=10664",""
"202210","BME790A","DOCTORAL DISSERTATION","730","10665","",""," ","Closed","0","0","Lee, Eun Jung","Face-to-Face","1","https://www.bkstr.com/webapp/wcs/stores/servlet/booklookServlet?bookstore_id-1=584&term_id-1=2022 Spring&crn-1=10665",""
"202210","BME790A","DOCTORAL DISSERTATION","792","10666","",""," ","Closed","0","1","Li, Xiaobo","Face-to-Face","1","https://www.bkstr.com/webapp/wcs/stores/servlet/booklookServlet?bookstore_id-1=584&term_id-1=2022 Spring&crn-1=10666",""
"202210","BME790B","DOCTORAL DISSERTATION","061","10667","",""," ","Closed","0","0","Kumar, Vivek","Face-to-Face","3","https://www.bkstr.com/webapp/wcs/stores/servlet/booklookServlet?bookstore_id-1=584&term_id-1=2022 Spring&crn-1=10667",""
"202210","BME790B","DOCTORAL DISSERTATION","062","10668","",""," ","Closed","0","1","Pal, Saikat","Face-to-Face","3","https://www.bkstr.com/webapp/wcs/stores/servlet/booklookServlet?bookstore_id-1=584&term_id-1=2022 Spring&crn-1=10668",""
"202210","BME790B","DOCTORAL DISSERTATION","063","10669","",""," ","Closed","0","0","","Face-to-Face","3","https://www.bkstr.com/webapp/wcs/stores/servlet/booklookServlet?bookstore_id-1=584&term_id-1=2022 Spring&crn-1=10669",""
"202210","BME790B","DOCTORAL DISSERTATION","064","10670","",""," ","Closed","0","2","Zhou, Xianlian","Face-to-Face","3","https://www.bkstr.com/webapp/wcs/stores/servlet/booklookServlet?bookstore_id-1=584&term_id-1=2022 Spring&crn-1=10670",""
"202210","BME790B","DOCTORAL DISSERTATION","065","10671","",""," ","Closed","0","0","Grasman, Jonathan","Face-to-Face","3","https://www.bkstr.com/webapp/wcs/stores/servlet/booklookServlet?bookstore_id-1=584&term_id-1=2022 Spring&crn-1=10671",""
"202210","BME790B","DOCTORAL DISSERTATION","071","10672","",""," ","Closed","0","0","","Face-to-Face","3","https://www.bkstr.com/webapp/wcs/stores/servlet/booklookServlet?bookstore_id-1=584&term_id-1=2022 Spring&crn-1=10672",""
"202210","BME790B","DOCTORAL DISSERTATION","075","10673","",""," ","Closed","0","0","Sahin, Mesut","Face-to-Face","3","https://www.bkstr.com/webapp/wcs/stores/servlet/booklookServlet?bookstore_id-1=584&term_id-1=2022 Spring&crn-1=10673",""
"202210","BME790B","DOCTORAL DISSERTATION","076","10674","",""," ","Closed","0","0","Pfister, Bryan","Face-to-Face","3","https://www.bkstr.com/webapp/wcs/stores/servlet/booklookServlet?bookstore_id-1=584&term_id-1=2022 Spring&crn-1=10674",""
"202210","BME790B","DOCTORAL DISSERTATION","079","10675","",""," ","Closed","0","0","","Face-to-Face","3","https://www.bkstr.com/webapp/wcs/stores/servlet/booklookServlet?bookstore_id-1=584&term_id-1=2022 Spring&crn-1=10675",""
"202210","BME790B","DOCTORAL DISSERTATION","264","10676","",""," ","Closed","0","0","","Face-to-Face","3","https://www.bkstr.com/webapp/wcs/stores/servlet/booklookServlet?bookstore_id-1=584&term_id-1=2022 Spring&crn-1=10676",""
"202210","BME790B","DOCTORAL DISSERTATION","303","10677","",""," ","Closed","0","3","Alvarez, Tara","Face-to-Face","3","https://www.bkstr.com/webapp/wcs/stores/servlet/booklookServlet?bookstore_id-1=584&term_id-1=2022 Spring&crn-1=10677",""
"202210","BME790B","DOCTORAL DISSERTATION","304","10678","",""," ","Closed","0","0","Arinzeh, Treena","Face-to-Face","3","https://www.bkstr.com/webapp/wcs/stores/servlet/booklookServlet?bookstore_id-1=584&term_id-1=2022 Spring&crn-1=10678",""
"202210","BME790B","DOCTORAL DISSERTATION","310","10679","",""," ","Closed","0","1","Adamovich, Sergei","Face-to-Face","3","https://www.bkstr.com/webapp/wcs/stores/servlet/booklookServlet?bookstore_id-1=584&term_id-1=2022 Spring&crn-1=10679",""
"202210","BME790B","DOCTORAL DISSERTATION","311","10680","",""," ","Closed","0","1","Biswal, Bharat","Face-to-Face","3","https://www.bkstr.com/webapp/wcs/stores/servlet/booklookServlet?bookstore_id-1=584&term_id-1=2022 Spring&crn-1=10680",""
"202210","BME790B","DOCTORAL DISSERTATION","730","10681","",""," ","Closed","0","1","Lee, Eun Jung","Face-to-Face","3","https://www.bkstr.com/webapp/wcs/stores/servlet/booklookServlet?bookstore_id-1=584&term_id-1=2022 Spring&crn-1=10681",""
"202210","BME790B","DOCTORAL DISSERTATION","792","10682","",""," ","Closed","0","1","Li, Xiaobo","Face-to-Face","3","https://www.bkstr.com/webapp/wcs/stores/servlet/booklookServlet?bookstore_id-1=584&term_id-1=2022 Spring&crn-1=10682",""
"202210","BME790C","DOCTORAL DISSERTATION","061","10683","",""," ","Closed","0","0","Kumar, Vivek","Face-to-Face","6","https://www.bkstr.com/webapp/wcs/stores/servlet/booklookServlet?bookstore_id-1=584&term_id-1=2022 Spring&crn-1=10683",""
"202210","BME790C","DOCTORAL DISSERTATION","062","10684","",""," ","Closed","0","0","Pal, Saikat","Face-to-Face","6","https://www.bkstr.com/webapp/wcs/stores/servlet/booklookServlet?bookstore_id-1=584&term_id-1=2022 Spring&crn-1=10684",""
"202210","BME790C","DOCTORAL DISSERTATION","063","10685","",""," ","Closed","0","0","","Face-to-Face","6","https://www.bkstr.com/webapp/wcs/stores/servlet/booklookServlet?bookstore_id-1=584&term_id-1=2022 Spring&crn-1=10685",""
"202210","BME790C","DOCTORAL DISSERTATION","064","10686","",""," ","Closed","0","0","Zhou, Xianlian","Face-to-Face","6","https://www.bkstr.com/webapp/wcs/stores/servlet/booklookServlet?bookstore_id-1=584&term_id-1=2022 Spring&crn-1=10686",""
"202210","BME790C","DOCTORAL DISSERTATION","065","10687","",""," ","Closed","0","0","Grasman, Jonathan","Face-to-Face","6","https://www.bkstr.com/webapp/wcs/stores/servlet/booklookServlet?bookstore_id-1=584&term_id-1=2022 Spring&crn-1=10687",""
"202210","BME790C","DOCTORAL DISSERTATION","071","10688","",""," ","Closed","0","0","","Face-to-Face","6","https://www.bkstr.com/webapp/wcs/stores/servlet/booklookServlet?bookstore_id-1=584&term_id-1=2022 Spring&crn-1=10688",""
"202210","BME790C","DOCTORAL DISSERTATION","075","10689","",""," ","Closed","0","0","Sahin, Mesut","Face-to-Face","6","https://www.bkstr.com/webapp/wcs/stores/servlet/booklookServlet?bookstore_id-1=584&term_id-1=2022 Spring&crn-1=10689",""
"202210","BME790C","DOCTORAL DISSERTATION","076","10690","",""," ","Closed","0","0","Pfister, Bryan","Face-to-Face","6","https://www.bkstr.com/webapp/wcs/stores/servlet/booklookServlet?bookstore_id-1=584&term_id-1=2022 Spring&crn-1=10690",""
"202210","BME790C","DOCTORAL DISSERTATION","079","10691","",""," ","Closed","0","0","","Face-to-Face","6","https://www.bkstr.com/webapp/wcs/stores/servlet/booklookServlet?bookstore_id-1=584&term_id-1=2022 Spring&crn-1=10691",""
"202210","BME790C","DOCTORAL DISSERTATION","264","10692","",""," ","Closed","0","0","","Face-to-Face","6","https://www.bkstr.com/webapp/wcs/stores/servlet/booklookServlet?bookstore_id-1=584&term_id-1=2022 Spring&crn-1=10692",""
"202210","BME790C","DOCTORAL DISSERTATION","303","10693","",""," ","Closed","0","0","Alvarez, Tara","Face-to-Face","6","https://www.bkstr.com/webapp/wcs/stores/servlet/booklookServlet?bookstore_id-1=584&term_id-1=2022 Spring&crn-1=10693",""
"202210","BME790C","DOCTORAL DISSERTATION","304","10694","",""," ","Closed","0","0","Arinzeh, Treena","Face-to-Face","6","https://www.bkstr.com/webapp/wcs/stores/servlet/booklookServlet?bookstore_id-1=584&term_id-1=2022 Spring&crn-1=10694",""
"202210","BME790C","DOCTORAL DISSERTATION","310","10695","",""," ","Closed","0","0","Adamovich, Sergei","Face-to-Face","6","https://www.bkstr.com/webapp/wcs/stores/servlet/booklookServlet?bookstore_id-1=584&term_id-1=2022 Spring&crn-1=10695",""
"202210","BME790C","DOCTORAL DISSERTATION","311","10696","",""," ","Closed","0","0","Biswal, Bharat","Face-to-Face","6","https://www.bkstr.com/webapp/wcs/stores/servlet/booklookServlet?bookstore_id-1=584&term_id-1=2022 Spring&crn-1=10696",""
"202210","BME790C","DOCTORAL DISSERTATION","730","10697","",""," ","Closed","0","0","Lee, Eun Jung","Face-to-Face","6","https://www.bkstr.com/webapp/wcs/stores/servlet/booklookServlet?bookstore_id-1=584&term_id-1=2022 Spring&crn-1=10697",""
"202210","BME790C","DOCTORAL DISSERTATION","792","10698","",""," ","Closed","0","0","Li, Xiaobo","Face-to-Face","6","https://www.bkstr.com/webapp/wcs/stores/servlet/booklookServlet?bookstore_id-1=584&term_id-1=2022 Spring&crn-1=10698",""
"202210","BME791","GRADUATE SEMINAR","002","10699","F","11:30 AM - 12:50 PM","CKB 303","Open","80","40","Zhou, Xianlian","Face-to-Face","0","https://www.bkstr.com/webapp/wcs/stores/servlet/booklookServlet?bookstore_id-1=584&term_id-1=2022 Spring&crn-1=10699",""
"202210","BME792","PRE-DOCTORAL RESEARCH","061","10700","",""," ","Closed","0","0","Kumar, Vivek","Face-to-Face","3","https://www.bkstr.com/webapp/wcs/stores/servlet/booklookServlet?bookstore_id-1=584&term_id-1=2022 Spring&crn-1=10700",""
"202210","BME792","PRE-DOCTORAL RESEARCH","062","10701","",""," ","Closed","0","0","Pal, Saikat","Face-to-Face","3","https://www.bkstr.com/webapp/wcs/stores/servlet/booklookServlet?bookstore_id-1=584&term_id-1=2022 Spring&crn-1=10701",""
"202210","BME792","PRE-DOCTORAL RESEARCH","063","10702","",""," ","Closed","0","0","","Face-to-Face","3","https://www.bkstr.com/webapp/wcs/stores/servlet/booklookServlet?bookstore_id-1=584&term_id-1=2022 Spring&crn-1=10702",""
"202210","BME792","PRE-DOCTORAL RESEARCH","064","10703","",""," ","Closed","0","1","Zhou, Xianlian","Face-to-Face","3","https://www.bkstr.com/webapp/wcs/stores/servlet/booklookServlet?bookstore_id-1=584&term_id-1=2022 Spring&crn-1=10703",""
"202210","BME792","PRE-DOCTORAL RESEARCH","065","10704","",""," ","Closed","0","1","Grasman, Jonathan","Face-to-Face","3","https://www.bkstr.com/webapp/wcs/stores/servlet/booklookServlet?bookstore_id-1=584&term_id-1=2022 Spring&crn-1=10704",""
"202210","BME792","PRE-DOCTORAL RESEARCH","071","10705","",""," ","Closed","0","0","","Face-to-Face","3","https://www.bkstr.com/webapp/wcs/stores/servlet/booklookServlet?bookstore_id-1=584&term_id-1=2022 Spring&crn-1=10705",""
"202210","BME792","PRE-DOCTORAL RESEARCH","075","10706","",""," ","Closed","0","0","Sahin, Mesut","Face-to-Face","3","https://www.bkstr.com/webapp/wcs/stores/servlet/booklookServlet?bookstore_id-1=584&term_id-1=2022 Spring&crn-1=10706",""
"202210","BME792","PRE-DOCTORAL RESEARCH","076","10707","",""," ","Closed","0","1","Pfister, Bryan","Face-to-Face","3","https://www.bkstr.com/webapp/wcs/stores/servlet/booklookServlet?bookstore_id-1=584&term_id-1=2022 Spring&crn-1=10707",""
"202210","BME792","PRE-DOCTORAL RESEARCH","079","10708","",""," ","Closed","0","0","","Face-to-Face","3","https://www.bkstr.com/webapp/wcs/stores/servlet/booklookServlet?bookstore_id-1=584&term_id-1=2022 Spring&crn-1=10708",""
"202210","BME792","PRE-DOCTORAL RESEARCH","264","10709","",""," ","Closed","0","0","","Face-to-Face","3","https://www.bkstr.com/webapp/wcs/stores/servlet/booklookServlet?bookstore_id-1=584&term_id-1=2022 Spring&crn-1=10709",""
"202210","BME792","PRE-DOCTORAL RESEARCH","303","10710","",""," ","Closed","0","0","Alvarez, Tara","Face-to-Face","3","https://www.bkstr.com/webapp/wcs/stores/servlet/booklookServlet?bookstore_id-1=584&term_id-1=2022 Spring&crn-1=10710",""
"202210","BME792","PRE-DOCTORAL RESEARCH","304","10711","",""," ","Closed","0","1","Arinzeh, Treena","Face-to-Face","3","https://www.bkstr.com/webapp/wcs/stores/servlet/booklookServlet?bookstore_id-1=584&term_id-1=2022 Spring&crn-1=10711",""
"202210","BME792","PRE-DOCTORAL RESEARCH","310","10712","",""," ","Closed","0","0","Adamovich, Sergei","Face-to-Face","3","https://www.bkstr.com/webapp/wcs/stores/servlet/booklookServlet?bookstore_id-1=584&term_id-1=2022 Spring&crn-1=10712",""
"202210","BME792","PRE-DOCTORAL RESEARCH","311","10713","",""," ","Closed","0","1","Biswal, Bharat","Face-to-Face","3","https://www.bkstr.com/webapp/wcs/stores/servlet/booklookServlet?bookstore_id-1=584&term_id-1=2022 Spring&crn-1=10713",""
"202210","BME792","PRE-DOCTORAL RESEARCH","730","10714","",""," ","Closed","0","0","Lee, Eun Jung","Face-to-Face","3","https://www.bkstr.com/webapp/wcs/stores/servlet/booklookServlet?bookstore_id-1=584&term_id-1=2022 Spring&crn-1=10714",""
"202210","BME792","PRE-DOCTORAL RESEARCH","792","10715","",""," ","Closed","0","1","Li, Xiaobo","Face-to-Face","3","https://www.bkstr.com/webapp/wcs/stores/servlet/booklookServlet?bookstore_id-1=584&term_id-1=2022 Spring&crn-1=10715",""
