"Term","Course","Title","Section","CRN","Days","Times","Location","Status","Max","Now","Instructor","Delivery Mode","Credits","Info","Comments"
"202210","CE101","CE COMPUTER AIDED DESIGN","002","10718","M","11:30 AM - 1:25 PM","FENS 160","Open","40","26","Santos, Stephanie","Face-to-Face","1","https://www.bkstr.com/webapp/wcs/stores/servlet/booklookServlet?bookstore_id-1=584&term_id-1=2022 Spring&crn-1=10718",""
"202210","CE101","CE COMPUTER AIDED DESIGN","004","10719","T","3:15 PM - 5:10 PM","MALL PC37","Open","28","16","Santos, Stephanie","Face-to-Face","1","https://www.bkstr.com/webapp/wcs/stores/servlet/booklookServlet?bookstore_id-1=584&term_id-1=2022 Spring&crn-1=10719",""
"202210","CE101","CE COMPUTER AIDED DESIGN","006","10720","R","8:30 AM - 10:25 AM","FENS 160","Open","28","17","Santos, Stephanie","Face-to-Face","1","https://www.bkstr.com/webapp/wcs/stores/servlet/booklookServlet?bookstore_id-1=584&term_id-1=2022 Spring&crn-1=10720",""
"202210","CE101","CE COMPUTER AIDED DESIGN","102","15607","S","9:00 AM - 10:55 AM"," ","Cancelled","25","0","","Face-to-Face","1","https://www.bkstr.com/webapp/wcs/stores/servlet/booklookServlet?bookstore_id-1=584&term_id-1=2022 Spring&crn-1=15607","Cancelled 1/11/22"
"202210","CE200","SURVEYING","102","10721","R","6:00 PM - 8:50 PM","CKB 303","Open","120","42","Lapatka, Allison","Face-to-Face","2","https://www.bkstr.com/webapp/wcs/stores/servlet/booklookServlet?bookstore_id-1=584&term_id-1=2022 Spring&crn-1=10721",""
"202210","CE200A","SURVEYING LAB","002","10722","R","10:00 AM - 12:50 PM","GITC 2315A","Closed","20","20","Lapatka, Allison","Face-to-Face","1","https://www.bkstr.com/webapp/wcs/stores/servlet/booklookServlet?bookstore_id-1=584&term_id-1=2022 Spring&crn-1=10722",""
"202210","CE200A","SURVEYING LAB","004","10723","R","1:00 PM - 3:50 PM","GITC 2315A","Closed","20","21","Lapatka, Allison","Face-to-Face","1","https://www.bkstr.com/webapp/wcs/stores/servlet/booklookServlet?bookstore_id-1=584&term_id-1=2022 Spring&crn-1=10723",""
"202210","CE200A","SURVEYING LAB","102","10724","S","9:00 AM - 2:50 PM"," ","Cancelled","20","0","","Hybrid","1","https://www.bkstr.com/webapp/wcs/stores/servlet/booklookServlet?bookstore_id-1=584&term_id-1=2022 Spring&crn-1=10724","Cancelled 1/11/22"
"202210","CE210","CONSTRN MATRLS & PROCDRS","002","10725","MW","10:00 AM - 11:20 AM","COLT 416","Closed","43","43","Golon, Frank","Face-to-Face","3","https://www.bkstr.com/webapp/wcs/stores/servlet/booklookServlet?bookstore_id-1=584&term_id-1=2022 Spring&crn-1=10725",""
"202210","CE210","CONSTRN MATRLS & PROCDRS","102","10726","W","6:00 PM - 8:50 PM","COLT 416","Open","35","31","Kiani, Behnam","Face-to-Face","3","https://www.bkstr.com/webapp/wcs/stores/servlet/booklookServlet?bookstore_id-1=584&term_id-1=2022 Spring&crn-1=10726",""
"202210","CE210","CONSTRN MATRLS & PROCDRS","104","10727","S","9:00 AM - 11:50 AM"," ","Cancelled","43","0","","Face-to-Face","3","https://www.bkstr.com/webapp/wcs/stores/servlet/booklookServlet?bookstore_id-1=584&term_id-1=2022 Spring&crn-1=10727","Cancelled 1/11/22"
"202210","CE210","CONSTRN MATRLS & PROCDRS - HONORS","HM2","10728","W","6:00 PM - 8:50 PM","COLT 416","Closed","5","5","Kiani, Behnam","Face-to-Face","3","https://www.bkstr.com/webapp/wcs/stores/servlet/booklookServlet?bookstore_id-1=584&term_id-1=2022 Spring&crn-1=10728","Honors Course"
"202210","CE260","CIVIL ENGINEERNG METHODS","002","10729","W","11:30 AM - 2:20 PM","FENS 160","Closed","40","40","Santos, Stephanie","Face-to-Face","2","https://www.bkstr.com/webapp/wcs/stores/servlet/booklookServlet?bookstore_id-1=584&term_id-1=2022 Spring&crn-1=10729",""
"202210","CE260","CIVIL ENGINEERNG METHODS","004","10730","M","2:30 PM - 5:20 PM","FENS 160","Open","40","39","Santos, Stephanie","Face-to-Face","2","https://www.bkstr.com/webapp/wcs/stores/servlet/booklookServlet?bookstore_id-1=584&term_id-1=2022 Spring&crn-1=10730",""
"202210","CE260","CIVIL ENGINEERNG METHODS","102","10731","F","6:00 PM - 8:50 PM"," ","Cancelled","24","0","","Face-to-Face","2","https://www.bkstr.com/webapp/wcs/stores/servlet/booklookServlet?bookstore_id-1=584&term_id-1=2022 Spring&crn-1=10731","Cancelled 12/6/21"
"202210","CE260","CIVIL ENGINEERNG METHODS","104","15749","M","6:00 PM - 8:50 PM","FENS 160","Open","24","19","Santos, Stephanie","Face-to-Face","2","https://www.bkstr.com/webapp/wcs/stores/servlet/booklookServlet?bookstore_id-1=584&term_id-1=2022 Spring&crn-1=15749",""
"202210","CE260","CIVIL ENGINEERNG METHODS - HONORS","HM2","10732","M","6:00 PM - 8:50 PM","FENS 160","Open","10","1","Santos, Stephanie","Face-to-Face","2","https://www.bkstr.com/webapp/wcs/stores/servlet/booklookServlet?bookstore_id-1=584&term_id-1=2022 Spring&crn-1=10732","Honors Course"
"202210","CE307","GEOMETRC DGN FOR HIGHWAY","102","10733","W","6:00 PM - 8:50 PM","KUPF 209","Open","35","34","Choudhry, Maaz","Face-to-Face","3","https://www.bkstr.com/webapp/wcs/stores/servlet/booklookServlet?bookstore_id-1=584&term_id-1=2022 Spring&crn-1=10733",""
"202210","CE320","FLUID MECHANICS","002","10734","R","3:15 PM - 5:10 PM","CULM LECT 2","Open","55","41","Olenik, Thomas","Hybrid","3","https://www.bkstr.com/webapp/wcs/stores/servlet/booklookServlet?bookstore_id-1=584&term_id-1=2022 Spring&crn-1=10734","Hybrid Course<br />https://www.njit.edu/registrar/instructionaldelivery/"
"202210","CE320","FLUID MECHANICS","002","10734","T","3:15 PM - 5:10 PM"," ","Open","55","41","Olenik, Thomas","Hybrid","3","https://www.bkstr.com/webapp/wcs/stores/servlet/booklookServlet?bookstore_id-1=584&term_id-1=2022 Spring&crn-1=10734","Hybrid Course<br />https://www.njit.edu/registrar/instructionaldelivery/"
"202210","CE320","FLUID MECHANICS","102","10735","T","6:00 PM - 10:05 PM"," ","Cancelled","55","0","","Face-to-Face","3","https://www.bkstr.com/webapp/wcs/stores/servlet/booklookServlet?bookstore_id-1=584&term_id-1=2022 Spring&crn-1=10735","Cancelled 11/29/21"
"202210","CE320","FLUID MECHANICS","104","15646","R","6:00 PM - 10:05 PM","KUPF 206","Open","45","31","Olenik, Thomas","Face-to-Face","3","https://www.bkstr.com/webapp/wcs/stores/servlet/booklookServlet?bookstore_id-1=584&term_id-1=2022 Spring&crn-1=15646",""
"202210","CE320A","HYDRAULICS LABORATORY","002","10736","R","1:00 PM - 3:50 PM","COLT 311","Closed","20","20","Borgaonkar, Ashish","Face-to-Face","1","https://www.bkstr.com/webapp/wcs/stores/servlet/booklookServlet?bookstore_id-1=584&term_id-1=2022 Spring&crn-1=10736",""
"202210","CE320A","HYDRAULICS LABORATORY","102","10737","R","6:00 PM - 8:50 PM","COLT 311","Closed","20","20","Wiszowaty, Piotr","Face-to-Face","1","https://www.bkstr.com/webapp/wcs/stores/servlet/booklookServlet?bookstore_id-1=584&term_id-1=2022 Spring&crn-1=10737",""
"202210","CE320A","HYDRAULICS LABORATORY","104","10738","M","6:00 PM - 8:50 PM","COLT 311","Closed","20","20","Shiels, Brian","Face-to-Face","1","https://www.bkstr.com/webapp/wcs/stores/servlet/booklookServlet?bookstore_id-1=584&term_id-1=2022 Spring&crn-1=10738",""
"202210","CE320A","HYDRAULICS LABORATORY","106","10739","S","1:00 PM - 3:50 PM","COLT 311","Closed","20","21","Shabarek, Abdullah","Face-to-Face","1","https://www.bkstr.com/webapp/wcs/stores/servlet/booklookServlet?bookstore_id-1=584&term_id-1=2022 Spring&crn-1=10739",""
"202210","CE321","WATER RESOURCES ENGR","002","10740","R","1:00 PM - 2:20 PM","ECEC 100","Open","55","28","Olenik, Thomas","Hybrid","3","https://www.bkstr.com/webapp/wcs/stores/servlet/booklookServlet?bookstore_id-1=584&term_id-1=2022 Spring&crn-1=10740","Hybrid Course<br />https://www.njit.edu/registrar/instructionaldelivery/"
"202210","CE321","WATER RESOURCES ENGR","002","10740","T","1:00 PM - 2:20 PM"," ","Open","55","28","Olenik, Thomas","Hybrid","3","https://www.bkstr.com/webapp/wcs/stores/servlet/booklookServlet?bookstore_id-1=584&term_id-1=2022 Spring&crn-1=10740","Hybrid Course<br />https://www.njit.edu/registrar/instructionaldelivery/"
"202210","CE321","WATER RESOURCES ENGR","004","10741","R","11:30 AM - 12:50 PM"," ","Closed","55","55","Ding, Yuan","Hybrid","3","https://www.bkstr.com/webapp/wcs/stores/servlet/booklookServlet?bookstore_id-1=584&term_id-1=2022 Spring&crn-1=10741","Hybrid Course<br />https://www.njit.edu/registrar/instructionaldelivery/"
"202210","CE321","WATER RESOURCES ENGR","004","10741","T","11:30 AM - 12:50 PM","ECEC 100","Closed","55","55","Ding, Yuan","Hybrid","3","https://www.bkstr.com/webapp/wcs/stores/servlet/booklookServlet?bookstore_id-1=584&term_id-1=2022 Spring&crn-1=10741","Hybrid Course<br />https://www.njit.edu/registrar/instructionaldelivery/"
"202210","CE322","HYDRAULIC ENGINEERING","102","10742","M","6:00 PM - 8:50 PM","CULM LECT 2","Open","43","17","Pennock, William","Face-to-Face","3","https://www.bkstr.com/webapp/wcs/stores/servlet/booklookServlet?bookstore_id-1=584&term_id-1=2022 Spring&crn-1=10742",""
"202210","CE332","STRUCTURAL ANALYSIS","002","10743","MW","11:30 AM - 12:50 PM","KUPF 117","Open","50","44","Saadeghvaziri, Mohamad","Face-to-Face","3","https://www.bkstr.com/webapp/wcs/stores/servlet/booklookServlet?bookstore_id-1=584&term_id-1=2022 Spring&crn-1=10743",""
"202210","CE332","STRUCTURAL ANALYSIS","102","10744","W","6:00 PM - 8:50 PM","TIER 108","Open","39","24","Saigal, Sunil","Synchronous Online","3","https://www.bkstr.com/webapp/wcs/stores/servlet/booklookServlet?bookstore_id-1=584&term_id-1=2022 Spring&crn-1=10744","Please note: This section will run<br />Synchronous Online through February 28, 2022,<br />and revert to Hybrid March 1, 2022"
"202210","CE333","REINFORCED CONCRETE DESIGN","002","10745","MW","11:30 AM - 12:50 PM","KUPF 107","Open","43","26","Bandelt, Matthew","Face-to-Face","2","https://www.bkstr.com/webapp/wcs/stores/servlet/booklookServlet?bookstore_id-1=584&term_id-1=2022 Spring&crn-1=10745",""
"202210","CE333","REINFORCED CONCRETE DESIGN","004","10746","TR","11:30 AM - 12:50 PM","CKB 204","Closed","45","46","Wecharatana, Methi","Face-to-Face","2","https://www.bkstr.com/webapp/wcs/stores/servlet/booklookServlet?bookstore_id-1=584&term_id-1=2022 Spring&crn-1=10746",""
"202210","CE333","REINFORCED CONCRETE DESIGN","102","10747","W","6:00 PM - 8:50 PM","ECEC 100","Open","43","13","Castro, Eduardo","Face-to-Face","2","https://www.bkstr.com/webapp/wcs/stores/servlet/booklookServlet?bookstore_id-1=584&term_id-1=2022 Spring&crn-1=10747",""
"202210","CE341","SOIL MECHANICS","002","10748","TR","2:30 PM - 3:50 PM","KUPF 209","Open","54","50","Ciancia, Andrew","Face-to-Face","3","https://www.bkstr.com/webapp/wcs/stores/servlet/booklookServlet?bookstore_id-1=584&term_id-1=2022 Spring&crn-1=10748","Students must also register for LAB."
"202210","CE341","SOIL MECHANICS","004","10749","TF","10:00 AM - 11:20 AM","WEST LECT 2","Open","45","34","Ciancia, Andrew","Face-to-Face","3","https://www.bkstr.com/webapp/wcs/stores/servlet/booklookServlet?bookstore_id-1=584&term_id-1=2022 Spring&crn-1=10749","Students must also register for LAB."
"202210","CE341A","SOIL MECHANICS LAB","002","10750","F","1:00 PM - 3:50 PM","COLT 314","Closed","20","20","Baptista Pereira, Catarina","Face-to-Face","1","https://www.bkstr.com/webapp/wcs/stores/servlet/booklookServlet?bookstore_id-1=584&term_id-1=2022 Spring&crn-1=10750","Students must also register for LEC."
"202210","CE341A","SOIL MECHANICS LAB","004","10751","M","8:30 AM - 11:20 AM","COLT 314","Closed","20","21","Baptista Pereira, Catarina","Face-to-Face","1","https://www.bkstr.com/webapp/wcs/stores/servlet/booklookServlet?bookstore_id-1=584&term_id-1=2022 Spring&crn-1=10751","Students must also register for LEC."
"202210","CE341A","SOIL MECHANICS LAB","006","10752","W","10:00 AM - 12:50 PM","COLT 311","Closed","20","20","Baptista Pereira, Catarina","Face-to-Face","1","https://www.bkstr.com/webapp/wcs/stores/servlet/booklookServlet?bookstore_id-1=584&term_id-1=2022 Spring&crn-1=10752","Students must also register for LEC."
"202210","CE341A","SOIL MECHANICS LAB","102","10753","T","6:00 PM - 8:50 PM","COLT 314","Closed","20","22","Baptista Pereira, Catarina","Face-to-Face","1","https://www.bkstr.com/webapp/wcs/stores/servlet/booklookServlet?bookstore_id-1=584&term_id-1=2022 Spring&crn-1=10753","Students must also register for LEC."
"202210","CE342","GEOLOGY","002","10754","W","10:00 AM - 12:50 PM"," ","Cancelled","24","0","","Hybrid","3","https://www.bkstr.com/webapp/wcs/stores/servlet/booklookServlet?bookstore_id-1=584&term_id-1=2022 Spring&crn-1=10754","Cancelled 11/9/21"
"202210","CE342","GEOLOGY","004","10755","W","10:00 AM - 11:20 AM","WEST LECT 2","Closed","24","24","Schuring, John","Face-to-Face","3","https://www.bkstr.com/webapp/wcs/stores/servlet/booklookServlet?bookstore_id-1=584&term_id-1=2022 Spring&crn-1=10755",""
"202210","CE342","GEOLOGY","004","10755","W","1:00 PM - 2:20 PM","COLT 416","Closed","24","24","Schuring, John","Face-to-Face","3","https://www.bkstr.com/webapp/wcs/stores/servlet/booklookServlet?bookstore_id-1=584&term_id-1=2022 Spring&crn-1=10755",""
"202210","CE342","GEOLOGY","006","10756","W","10:00 AM - 11:20 AM","WEST LECT 2","Closed","24","24","Schuring, John","Face-to-Face","3","https://www.bkstr.com/webapp/wcs/stores/servlet/booklookServlet?bookstore_id-1=584&term_id-1=2022 Spring&crn-1=10756",""
"202210","CE342","GEOLOGY","006","10756","W","11:30 AM - 12:50 PM","COLT 416","Closed","24","24","Schuring, John","Face-to-Face","3","https://www.bkstr.com/webapp/wcs/stores/servlet/booklookServlet?bookstore_id-1=584&term_id-1=2022 Spring&crn-1=10756",""
"202210","CE342","GEOLOGY","102","15782","T","6:00 PM - 8:50 PM","COLT 416","Closed","24","24","Riegel, Matthew","Face-to-Face","3","https://www.bkstr.com/webapp/wcs/stores/servlet/booklookServlet?bookstore_id-1=584&term_id-1=2022 Spring&crn-1=15782",""
"202210","CE342","GEOLOGY","104","15915","R","6:00 PM - 8:50 PM"," ","Cancelled","24","0","","Face-to-Face","3","https://www.bkstr.com/webapp/wcs/stores/servlet/booklookServlet?bookstore_id-1=584&term_id-1=2022 Spring&crn-1=15915","Cancelled 01/11/22"
"202210","CE350","TRANSPORTATION ENGR","002","10757","MW","10:00 AM - 11:20 AM","KUPF 103","Open","45","28","Dimitrijevic, Branislav","Face-to-Face","3","https://www.bkstr.com/webapp/wcs/stores/servlet/booklookServlet?bookstore_id-1=584&term_id-1=2022 Spring&crn-1=10757",""
"202210","CE350","TRANSPORTATION ENGR","004","10758","TR","1:00 PM - 2:20 PM"," ","Cancelled","43","0","","Face-to-Face","3","https://www.bkstr.com/webapp/wcs/stores/servlet/booklookServlet?bookstore_id-1=584&term_id-1=2022 Spring&crn-1=10758","Cancelled 11/8/21"
"202210","CE350","TRANSPORTATION ENGR","102","10759","M","6:00 PM - 8:50 PM","KUPF 209","Open","45","42","Shabarek, Abdullah","Face-to-Face","3","https://www.bkstr.com/webapp/wcs/stores/servlet/booklookServlet?bookstore_id-1=584&term_id-1=2022 Spring&crn-1=10759",""
"202210","CE350","TRANSPORTATION ENGR","104","15590","W","6:00 PM - 8:50 PM","TIER 105","Open","35","16","Besenski, Dejan","Face-to-Face","3","https://www.bkstr.com/webapp/wcs/stores/servlet/booklookServlet?bookstore_id-1=584&term_id-1=2022 Spring&crn-1=15590",""
"202210","CE350","TRANSPORTATION ENGR - HONORS","HM2","10760","M","6:00 PM - 8:50 PM","KUPF 209","Open","5","0","Shabarek, Abdullah","Face-to-Face","3","https://www.bkstr.com/webapp/wcs/stores/servlet/booklookServlet?bookstore_id-1=584&term_id-1=2022 Spring&crn-1=10760","Honors Course"
"202210","CE360","SUSTAINABLE CIVIL ENGR MAT","002","15587","MW","11:30 AM - 12:50 PM","CULM LECT 1","Open","43","28","Adams, Matthew","Face-to-Face","3","https://www.bkstr.com/webapp/wcs/stores/servlet/booklookServlet?bookstore_id-1=584&term_id-1=2022 Spring&crn-1=15587",""
"202210","CE360","SUSTAINABLE CIVIL ENGR MAT","102","10761","T","6:00 PM - 8:50 PM","GITC 1400","Open","75","71","Korayem, Marwa Mohsen","Face-to-Face","3","https://www.bkstr.com/webapp/wcs/stores/servlet/booklookServlet?bookstore_id-1=584&term_id-1=2022 Spring&crn-1=10761",""
"202210","CE410","CONSTR SCHEDLNG/ESTIMTNG","102","10762","T","6:00 PM - 8:50 PM"," ","Cancelled","45","0","","Face-to-Face","3","https://www.bkstr.com/webapp/wcs/stores/servlet/booklookServlet?bookstore_id-1=584&term_id-1=2022 Spring&crn-1=10762","Cancelled 11/24/21"
"202210","CE410","CONSTR SCHEDLNG/ESTIMTNG","104","15559","R","6:00 PM - 8:50 PM","CKB 106","Closed","25","25","Meneses, Carlos","Hybrid","3","https://www.bkstr.com/webapp/wcs/stores/servlet/booklookServlet?bookstore_id-1=584&term_id-1=2022 Spring&crn-1=15559","Hybrid Course - Meets Alternate Weeks<br />https://www.njit.edu/registrar/instructionaldelivery/"
"202210","CE414","ENGINEERED CONSTRUCTION","002","10763","F","2:30 PM - 5:20 PM","KUPF 202","Closed","45","45","Roessner, Chrissa","Face-to-Face","3","https://www.bkstr.com/webapp/wcs/stores/servlet/booklookServlet?bookstore_id-1=584&term_id-1=2022 Spring&crn-1=10763",""
"202210","CE431","CONTRUCTION MATERIALS LAB","102","10764","M","6:00 PM - 8:50 PM","FMH 411","Closed","20","20","Granitzki, Patrick","Face-to-Face","1","https://www.bkstr.com/webapp/wcs/stores/servlet/booklookServlet?bookstore_id-1=584&term_id-1=2022 Spring&crn-1=10764",""
"202210","CE431","CONTRUCTION MATERIALS LAB","104","10765","T","6:00 PM - 8:50 PM","FMH 106","Open","20","19","Granitzki, Patrick","Face-to-Face","1","https://www.bkstr.com/webapp/wcs/stores/servlet/booklookServlet?bookstore_id-1=584&term_id-1=2022 Spring&crn-1=10765",""
"202210","CE431","CONTRUCTION MATERIALS LAB","106","10766","W","6:00 PM - 8:50 PM","FMH 411","Closed","20","20","George, Stephen","Face-to-Face","1","https://www.bkstr.com/webapp/wcs/stores/servlet/booklookServlet?bookstore_id-1=584&term_id-1=2022 Spring&crn-1=10766",""
"202210","CE431","CONTRUCTION MATERIALS LAB","108","10767","S","9:00 AM - 11:50 AM","CKB 126","Open","20","15","Zhang, Di","Face-to-Face","1","https://www.bkstr.com/webapp/wcs/stores/servlet/booklookServlet?bookstore_id-1=584&term_id-1=2022 Spring&crn-1=10767",""
"202210","CE432","STEEL DESIGN","002","10768","TR","8:30 AM - 9:50 AM","FMH 408","Closed","43","43","Wecharatana, Methi","Face-to-Face","2","https://www.bkstr.com/webapp/wcs/stores/servlet/booklookServlet?bookstore_id-1=584&term_id-1=2022 Spring&crn-1=10768",""
"202210","CE432","STEEL DESIGN","102","10769","M","6:00 PM - 8:50 PM","KUPF 117","Open","45","32","Navalurkar, Rajendra","Face-to-Face","2","https://www.bkstr.com/webapp/wcs/stores/servlet/booklookServlet?bookstore_id-1=584&term_id-1=2022 Spring&crn-1=10769",""
"202210","CE432","STEEL DESIGN - HONORS","HM2","10770","TR","8:30 AM - 9:50 AM","FMH 408","Open","5","0","Wecharatana, Methi","Face-to-Face","2","https://www.bkstr.com/webapp/wcs/stores/servlet/booklookServlet?bookstore_id-1=584&term_id-1=2022 Spring&crn-1=10770","Honors Course"
"202210","CE443","FOUNDATION DESIGN","002","10771","TR","1:00 PM - 2:20 PM","KUPF 205","Open","43","42","Ciancia, Andrew","Face-to-Face","3","https://www.bkstr.com/webapp/wcs/stores/servlet/booklookServlet?bookstore_id-1=584&term_id-1=2022 Spring&crn-1=10771",""
"202210","CE443","FOUNDATION DESIGN","102","10772","R","6:00 PM - 8:50 PM","TIER 111","Closed","30","33","Shah, Vatsal","Face-to-Face","3","https://www.bkstr.com/webapp/wcs/stores/servlet/booklookServlet?bookstore_id-1=584&term_id-1=2022 Spring&crn-1=10772",""
"202210","CE443","FOUNDATION DESIGN","104","15585","T","6:00 PM - 8:50 PM"," ","Cancelled","30","0","","Face-to-Face","3","https://www.bkstr.com/webapp/wcs/stores/servlet/booklookServlet?bookstore_id-1=584&term_id-1=2022 Spring&crn-1=15585","Cancelled 1/12/22"
"202210","CE450","URBAN PLANNING","002","10773","R","1:00 PM - 3:50 PM","KUPF 203","Open","44","43","Nader, Wassim","Face-to-Face","3","https://www.bkstr.com/webapp/wcs/stores/servlet/booklookServlet?bookstore_id-1=584&term_id-1=2022 Spring&crn-1=10773",""
"202210","CE485","ST: ENGINEERING AND DEVELOPMENT OF SUSTAINABLE REAL ESTATE PROJECTS","002","10774","F","8:30 AM - 11:20 AM"," ","Cancelled","43","0","","Face-to-Face","3","https://www.bkstr.com/webapp/wcs/stores/servlet/booklookServlet?bookstore_id-1=584&term_id-1=2022 Spring&crn-1=10774","Cancelled 1/12/22"
"202210","CE485","ST: MACHINE LEARNING & DATA ANALYTICS FOR CIVIL ENGINEERING SYSTEMS","004","15628","R","2:30 PM - 5:20 PM","COLT 416","Open","43","16","Hassane Assaad, Rayan","Face-to-Face","3","https://www.bkstr.com/webapp/wcs/stores/servlet/booklookServlet?bookstore_id-1=584&term_id-1=2022 Spring&crn-1=15628",""
"202210","CE490","CIVIL ENGR PROJECTS","181","10775","",""," ","Closed","0","0","Pennock, William","Face-to-Face","3","https://www.bkstr.com/webapp/wcs/stores/servlet/booklookServlet?bookstore_id-1=584&term_id-1=2022 Spring&crn-1=10775",""
"202210","CE490","CIVIL ENGR PROJECTS","182","10776","",""," ","Closed","0","0","Boufadel, Michel","Face-to-Face","3","https://www.bkstr.com/webapp/wcs/stores/servlet/booklookServlet?bookstore_id-1=584&term_id-1=2022 Spring&crn-1=10776",""
"202210","CE490","CIVIL ENGR PROJECTS","187","10777","",""," ","Closed","0","0","Brito, Sylvana","Face-to-Face","3","https://www.bkstr.com/webapp/wcs/stores/servlet/booklookServlet?bookstore_id-1=584&term_id-1=2022 Spring&crn-1=10777",""
"202210","CE490","CIVIL ENGR PROJECTS","188","10778","",""," ","Closed","0","0","Brito, Sylvana","Face-to-Face","3","https://www.bkstr.com/webapp/wcs/stores/servlet/booklookServlet?bookstore_id-1=584&term_id-1=2022 Spring&crn-1=10778",""
"202210","CE490","CIVIL ENGR PROJECTS","189","10779","",""," ","Closed","0","0","Brito, Sylvana","Face-to-Face","3","https://www.bkstr.com/webapp/wcs/stores/servlet/booklookServlet?bookstore_id-1=584&term_id-1=2022 Spring&crn-1=10779",""
"202210","CE490","CIVIL ENGR PROJECTS","191","10780","",""," ","Closed","0","0","Hsieh, Hsin-Neng","Face-to-Face","3","https://www.bkstr.com/webapp/wcs/stores/servlet/booklookServlet?bookstore_id-1=584&term_id-1=2022 Spring&crn-1=10780",""
"202210","CE490","CIVIL ENGR PROJECTS","192","10781","",""," ","Closed","0","1","Bandelt, Matthew","Face-to-Face","3","https://www.bkstr.com/webapp/wcs/stores/servlet/booklookServlet?bookstore_id-1=584&term_id-1=2022 Spring&crn-1=10781",""
"202210","CE490","CIVIL ENGR PROJECTS","194","10782","",""," ","Closed","0","0","Konon, Walter","Face-to-Face","3","https://www.bkstr.com/webapp/wcs/stores/servlet/booklookServlet?bookstore_id-1=584&term_id-1=2022 Spring&crn-1=10782",""
"202210","CE490","CIVIL ENGR PROJECTS","196","10783","",""," ","Closed","0","0","Meegoda, Jay","Face-to-Face","3","https://www.bkstr.com/webapp/wcs/stores/servlet/booklookServlet?bookstore_id-1=584&term_id-1=2022 Spring&crn-1=10783",""
"202210","CE490","CIVIL ENGR PROJECTS","197","10784","",""," ","Closed","0","0","Olenik, Thomas","Face-to-Face","3","https://www.bkstr.com/webapp/wcs/stores/servlet/booklookServlet?bookstore_id-1=584&term_id-1=2022 Spring&crn-1=10784",""
"202210","CE490","CIVIL ENGR PROJECTS","198","10785","",""," ","Closed","0","0","Zhang, Wen","Face-to-Face","3","https://www.bkstr.com/webapp/wcs/stores/servlet/booklookServlet?bookstore_id-1=584&term_id-1=2022 Spring&crn-1=10785",""
"202210","CE490","CIVIL ENGR PROJECTS","199","10786","",""," ","Closed","0","0","Rodriguez Freire, Lucia","Face-to-Face","3","https://www.bkstr.com/webapp/wcs/stores/servlet/booklookServlet?bookstore_id-1=584&term_id-1=2022 Spring&crn-1=10786",""
"202210","CE490","CIVIL ENGR PROJECTS","200","10787","",""," ","Closed","0","0","Saadeghvaziri, Mohamad","Face-to-Face","3","https://www.bkstr.com/webapp/wcs/stores/servlet/booklookServlet?bookstore_id-1=584&term_id-1=2022 Spring&crn-1=10787",""
"202210","CE490","CIVIL ENGR PROJECTS","202","10788","",""," ","Closed","0","0","Lee, Joyoung","Face-to-Face","3","https://www.bkstr.com/webapp/wcs/stores/servlet/booklookServlet?bookstore_id-1=584&term_id-1=2022 Spring&crn-1=10788",""
"202210","CE490","CIVIL ENGR PROJECTS","203","10789","",""," ","Closed","0","0","Dimitrijevic, Branislav","Face-to-Face","3","https://www.bkstr.com/webapp/wcs/stores/servlet/booklookServlet?bookstore_id-1=584&term_id-1=2022 Spring&crn-1=10789",""
"202210","CE490","CIVIL ENGR PROJECTS","204","10790","",""," ","Closed","0","0","Adams, Matthew","Face-to-Face","3","https://www.bkstr.com/webapp/wcs/stores/servlet/booklookServlet?bookstore_id-1=584&term_id-1=2022 Spring&crn-1=10790",""
"202210","CE490","CIVIL ENGR PROJECTS","205","10791","",""," ","Closed","0","0","Wecharatana, Methi","Face-to-Face","3","https://www.bkstr.com/webapp/wcs/stores/servlet/booklookServlet?bookstore_id-1=584&term_id-1=2022 Spring&crn-1=10791",""
"202210","CE490","CIVIL ENGR PROJECTS","210","10792","",""," ","Closed","0","0","Brito, Sylvana","Face-to-Face","3","https://www.bkstr.com/webapp/wcs/stores/servlet/booklookServlet?bookstore_id-1=584&term_id-1=2022 Spring&crn-1=10792",""
"202210","CE490","CIVIL ENGR PROJECTS","211","10793","",""," ","Closed","0","0","Marhaba, Taha","Face-to-Face","3","https://www.bkstr.com/webapp/wcs/stores/servlet/booklookServlet?bookstore_id-1=584&term_id-1=2022 Spring&crn-1=10793",""
"202210","CE490","CIVIL ENGR PROJECTS","213","10794","",""," ","Closed","0","0","Chien, I Jy","Face-to-Face","3","https://www.bkstr.com/webapp/wcs/stores/servlet/booklookServlet?bookstore_id-1=584&term_id-1=2022 Spring&crn-1=10794",""
"202210","CE490","CIVIL ENGR PROJECTS","214","10795","",""," ","Closed","0","0","Ding, Yuan","Face-to-Face","3","https://www.bkstr.com/webapp/wcs/stores/servlet/booklookServlet?bookstore_id-1=584&term_id-1=2022 Spring&crn-1=10795",""
"202210","CE490","CIVIL ENGR PROJECTS","216","10796","",""," ","Closed","0","0","Daniel, Janice","Face-to-Face","3","https://www.bkstr.com/webapp/wcs/stores/servlet/booklookServlet?bookstore_id-1=584&term_id-1=2022 Spring&crn-1=10796",""
"202210","CE490","CIVIL ENGR PROJECTS","217","10797","",""," ","Closed","0","0","Liu, Rongfang","Face-to-Face","3","https://www.bkstr.com/webapp/wcs/stores/servlet/booklookServlet?bookstore_id-1=584&term_id-1=2022 Spring&crn-1=10797",""
"202210","CE490","CIVIL ENGR PROJECTS","219","10798","",""," ","Closed","0","0","Karaa, Fadi","Face-to-Face","3","https://www.bkstr.com/webapp/wcs/stores/servlet/booklookServlet?bookstore_id-1=584&term_id-1=2022 Spring&crn-1=10798",""
"202210","CE490","CIVIL ENGR PROJECTS","350","10799","",""," ","Closed","0","0","Saigal, Sunil","Face-to-Face","3","https://www.bkstr.com/webapp/wcs/stores/servlet/booklookServlet?bookstore_id-1=584&term_id-1=2022 Spring&crn-1=10799",""
"202210","CE490","CIVIL ENGR PROJECTS","882","10800","",""," ","Closed","0","0","Spasovic, Lazar","Face-to-Face","3","https://www.bkstr.com/webapp/wcs/stores/servlet/booklookServlet?bookstore_id-1=584&term_id-1=2022 Spring&crn-1=10800",""
"202210","CE491","RESEARCH EXPER-CIVIL ENGR","181","10801","",""," ","Closed","0","1","Pennock, William","Face-to-Face","3","https://www.bkstr.com/webapp/wcs/stores/servlet/booklookServlet?bookstore_id-1=584&term_id-1=2022 Spring&crn-1=10801",""
"202210","CE491","RESEARCH EXPER-CIVIL ENGR","182","10802","",""," ","Closed","0","0","Boufadel, Michel","Face-to-Face","3","https://www.bkstr.com/webapp/wcs/stores/servlet/booklookServlet?bookstore_id-1=584&term_id-1=2022 Spring&crn-1=10802",""
"202210","CE491","RESEARCH EXPER-CIVIL ENGR","187","10803","",""," ","Closed","0","0","Brito, Sylvana","Face-to-Face","3","https://www.bkstr.com/webapp/wcs/stores/servlet/booklookServlet?bookstore_id-1=584&term_id-1=2022 Spring&crn-1=10803",""
"202210","CE491","RESEARCH EXPER-CIVIL ENGR","191","10804","",""," ","Closed","0","0","Brito, Sylvana","Face-to-Face","3","https://www.bkstr.com/webapp/wcs/stores/servlet/booklookServlet?bookstore_id-1=584&term_id-1=2022 Spring&crn-1=10804",""
"202210","CE491","RESEARCH EXPER-CIVIL ENGR","192","10805","",""," ","Closed","0","0","Brito, Sylvana","Face-to-Face","3","https://www.bkstr.com/webapp/wcs/stores/servlet/booklookServlet?bookstore_id-1=584&term_id-1=2022 Spring&crn-1=10805",""
"202210","CE491","RESEARCH EXPER-CIVIL ENGR","194","10806","",""," ","Closed","0","0","Konon, Walter","Face-to-Face","3","https://www.bkstr.com/webapp/wcs/stores/servlet/booklookServlet?bookstore_id-1=584&term_id-1=2022 Spring&crn-1=10806",""
"202210","CE491","RESEARCH EXPER-CIVIL ENGR","196","10807","",""," ","Closed","0","0","Meegoda, Jay","Face-to-Face","3","https://www.bkstr.com/webapp/wcs/stores/servlet/booklookServlet?bookstore_id-1=584&term_id-1=2022 Spring&crn-1=10807",""
"202210","CE491","RESEARCH EXPER-CIVIL ENGR","197","10808","",""," ","Closed","0","0","Olenik, Thomas","Face-to-Face","3","https://www.bkstr.com/webapp/wcs/stores/servlet/booklookServlet?bookstore_id-1=584&term_id-1=2022 Spring&crn-1=10808",""
"202210","CE491","RESEARCH EXPER-CIVIL ENGR","198","10809","",""," ","Closed","0","0","Zhang, Wen","Face-to-Face","3","https://www.bkstr.com/webapp/wcs/stores/servlet/booklookServlet?bookstore_id-1=584&term_id-1=2022 Spring&crn-1=10809",""
"202210","CE491","RESEARCH EXPER-CIVIL ENGR","199","10810","",""," ","Closed","0","0","Rodriguez Freire, Lucia","Face-to-Face","3","https://www.bkstr.com/webapp/wcs/stores/servlet/booklookServlet?bookstore_id-1=584&term_id-1=2022 Spring&crn-1=10810",""
"202210","CE491","RESEARCH EXPER-CIVIL ENGR","200","10811","",""," ","Closed","0","0","Saadeghvaziri, Mohamad","Face-to-Face","3","https://www.bkstr.com/webapp/wcs/stores/servlet/booklookServlet?bookstore_id-1=584&term_id-1=2022 Spring&crn-1=10811",""
"202210","CE491","RESEARCH EXPER-CIVIL ENGR","202","10812","",""," ","Closed","0","0","Lee, Joyoung","Face-to-Face","3","https://www.bkstr.com/webapp/wcs/stores/servlet/booklookServlet?bookstore_id-1=584&term_id-1=2022 Spring&crn-1=10812",""
"202210","CE491","RESEARCH EXPER-CIVIL ENGR","203","10813","",""," ","Closed","0","0","Dimitrijevic, Branislav","Face-to-Face","3","https://www.bkstr.com/webapp/wcs/stores/servlet/booklookServlet?bookstore_id-1=584&term_id-1=2022 Spring&crn-1=10813",""
"202210","CE491","RESEARCH EXPER-CIVIL ENGR","204","10814","",""," ","Closed","0","0","Adams, Matthew","Face-to-Face","3","https://www.bkstr.com/webapp/wcs/stores/servlet/booklookServlet?bookstore_id-1=584&term_id-1=2022 Spring&crn-1=10814",""
"202210","CE491","RESEARCH EXPER-CIVIL ENGR","205","10815","",""," ","Closed","0","0","Wecharatana, Methi","Face-to-Face","3","https://www.bkstr.com/webapp/wcs/stores/servlet/booklookServlet?bookstore_id-1=584&term_id-1=2022 Spring&crn-1=10815",""
"202210","CE491","RESEARCH EXPER-CIVIL ENGR","211","10816","",""," ","Closed","0","0","Marhaba, Taha","Face-to-Face","3","https://www.bkstr.com/webapp/wcs/stores/servlet/booklookServlet?bookstore_id-1=584&term_id-1=2022 Spring&crn-1=10816",""
"202210","CE491","RESEARCH EXPER-CIVIL ENGR","213","10817","",""," ","Closed","0","0","Chien, I Jy","Face-to-Face","3","https://www.bkstr.com/webapp/wcs/stores/servlet/booklookServlet?bookstore_id-1=584&term_id-1=2022 Spring&crn-1=10817",""
"202210","CE491","RESEARCH EXPER-CIVIL ENGR","214","10818","",""," ","Closed","0","0","Ding, Yuan","Face-to-Face","3","https://www.bkstr.com/webapp/wcs/stores/servlet/booklookServlet?bookstore_id-1=584&term_id-1=2022 Spring&crn-1=10818",""
"202210","CE491","RESEARCH EXPER-CIVIL ENGR","216","10819","",""," ","Closed","0","0","Daniel, Janice","Face-to-Face","3","https://www.bkstr.com/webapp/wcs/stores/servlet/booklookServlet?bookstore_id-1=584&term_id-1=2022 Spring&crn-1=10819",""
"202210","CE491","RESEARCH EXPER-CIVIL ENGR","217","10820","",""," ","Closed","0","0","Liu, Rongfang","Face-to-Face","3","https://www.bkstr.com/webapp/wcs/stores/servlet/booklookServlet?bookstore_id-1=584&term_id-1=2022 Spring&crn-1=10820",""
"202210","CE491","RESEARCH EXPER-CIVIL ENGR","219","10821","",""," ","Closed","0","0","Karaa, Fadi","Face-to-Face","3","https://www.bkstr.com/webapp/wcs/stores/servlet/booklookServlet?bookstore_id-1=584&term_id-1=2022 Spring&crn-1=10821",""
"202210","CE491","RESEARCH EXPER-CIVIL ENGR","350","10822","",""," ","Closed","0","0","Saigal, Sunil","Face-to-Face","3","https://www.bkstr.com/webapp/wcs/stores/servlet/booklookServlet?bookstore_id-1=584&term_id-1=2022 Spring&crn-1=10822",""
"202210","CE491","RESEARCH EXPER-CIVIL ENGR","882","10823","",""," ","Closed","0","0","Spasovic, Lazar","Face-to-Face","3","https://www.bkstr.com/webapp/wcs/stores/servlet/booklookServlet?bookstore_id-1=584&term_id-1=2022 Spring&crn-1=10823",""
"202210","CE494","CIVIL ENGR DESIGN I","102","10824","W","6:00 PM - 8:50 PM","FMH 203","Closed","25","25","Mayo, John","Face-to-Face","3","https://www.bkstr.com/webapp/wcs/stores/servlet/booklookServlet?bookstore_id-1=584&term_id-1=2022 Spring&crn-1=10824",""
"202210","CE494","CIVIL ENGR DESIGN I","104","10825","S","9:00 AM - 11:50 AM","COLT 416","Closed","25","26","Baladi, Joseph","Face-to-Face","3","https://www.bkstr.com/webapp/wcs/stores/servlet/booklookServlet?bookstore_id-1=584&term_id-1=2022 Spring&crn-1=10825",""
"202210","CE494","CIVIL ENGR DESIGN I","106","10826","M","6:00 PM - 8:50 PM","CULM 111","Closed","25","25","Baladi, Joseph","Face-to-Face","3","https://www.bkstr.com/webapp/wcs/stores/servlet/booklookServlet?bookstore_id-1=584&term_id-1=2022 Spring&crn-1=10826",""
"202210","CE494","CIVIL ENGR DESIGN I","108","15776","T","6:00 PM - 8:50 PM"," ","Cancelled","25","0","","Face-to-Face","3","https://www.bkstr.com/webapp/wcs/stores/servlet/booklookServlet?bookstore_id-1=584&term_id-1=2022 Spring&crn-1=15776","Cancelled 1/11/22"
"202210","CE494","CIVIL ENGR DESIGN I - HONORS","HM2","10827","M","6:00 PM - 8:50 PM","CULM 111","Open","5","0","Baladi, Joseph","Face-to-Face","3","https://www.bkstr.com/webapp/wcs/stores/servlet/booklookServlet?bookstore_id-1=584&term_id-1=2022 Spring&crn-1=10827","Honors Course"
"202210","CE495","CIVIL ENGR DESIGN II","002","10828","M","8:30 AM - 11:20 AM"," ","Cancelled","25","0","","Hybrid","3","https://www.bkstr.com/webapp/wcs/stores/servlet/booklookServlet?bookstore_id-1=584&term_id-1=2022 Spring&crn-1=10828","Cancelled 11/24/21"
"202210","CE495","CIVIL ENGR DESIGN II","004","10829","R","10:00 AM - 12:50 PM","CKB 313","Closed","20","23","Shim, Simon","Hybrid","3","https://www.bkstr.com/webapp/wcs/stores/servlet/booklookServlet?bookstore_id-1=584&term_id-1=2022 Spring&crn-1=10829","Structural Focus<br />Hybrid Course - Meets Alternate Weeks<br />https://www.njit.edu/registrar/instructionaldelivery/"
"202210","CE495","CIVIL ENGR DESIGN II","102","10830","S","9:00 AM - 11:50 AM","CKB 220","Open","20","19","Luu, Tai","Hybrid","3","https://www.bkstr.com/webapp/wcs/stores/servlet/booklookServlet?bookstore_id-1=584&term_id-1=2022 Spring&crn-1=10830","Geotechnical Focus<br />Hybrid Course - Meets Alternate Weeks<br />https://www.njit.edu/registrar/instructionaldelivery/"
"202210","CE495","CIVIL ENGR DESIGN II","104","10831","W","6:00 PM - 8:50 PM","CKB 219","Closed","20","22","Baladi, Joseph","Hybrid","3","https://www.bkstr.com/webapp/wcs/stores/servlet/booklookServlet?bookstore_id-1=584&term_id-1=2022 Spring&crn-1=10831","Transportation Focus<br />Hybrid Course - Meets Alternate Weeks<br />https://www.njit.edu/registrar/instructionaldelivery/"
"202210","CE495","CIVIL ENGR DESIGN II","106","15812","W","6:00 PM - 8:50 PM","CKB 212","Open","20","17","Veeregowda, Babu","Face-to-Face","3","https://www.bkstr.com/webapp/wcs/stores/servlet/booklookServlet?bookstore_id-1=584&term_id-1=2022 Spring&crn-1=15812","Transportation Focus"
"202210","CE495","CIVIL ENGR DESIGN II - HONORS","HM2","10832","R","10:00 AM - 12:50 PM","CKB 313","Open","10","1","Shim, Simon","Hybrid","3","https://www.bkstr.com/webapp/wcs/stores/servlet/booklookServlet?bookstore_id-1=584&term_id-1=2022 Spring&crn-1=10832","Honors Course<br />Structural Focus<br />Hybrid Course - Meets Alternate Weeks<br />https://www.njit.edu/registrar/instructionaldelivery/"
"202210","CE590","GRAD COOP WORK EXPERIENCE I","194","10833","",""," ","Closed","0","2","Konon, Walter","Face-to-Face","1","https://www.bkstr.com/webapp/wcs/stores/servlet/booklookServlet?bookstore_id-1=584&term_id-1=2022 Spring&crn-1=10833",""
"202210","CE590","GRAD COOP WORK EXPERIENCE I","211","10834","",""," ","Closed","0","0","Marhaba, Taha","Face-to-Face","1","https://www.bkstr.com/webapp/wcs/stores/servlet/booklookServlet?bookstore_id-1=584&term_id-1=2022 Spring&crn-1=10834",""
"202210","CE590","GRAD COOP WORK EXPERIENCE I","213","10835","",""," ","Closed","0","1","Chien, I Jy","Face-to-Face","1","https://www.bkstr.com/webapp/wcs/stores/servlet/booklookServlet?bookstore_id-1=584&term_id-1=2022 Spring&crn-1=10835",""
"202210","CE591","GRAD COOP WORK EXPERIENCE II","194","10836","",""," ","Closed","0","0","Konon, Walter","Face-to-Face","1","https://www.bkstr.com/webapp/wcs/stores/servlet/booklookServlet?bookstore_id-1=584&term_id-1=2022 Spring&crn-1=10836",""
"202210","CE591","GRAD COOP WORK EXPERIENCE II","211","10837","",""," ","Closed","0","0","Marhaba, Taha","Face-to-Face","1","https://www.bkstr.com/webapp/wcs/stores/servlet/booklookServlet?bookstore_id-1=584&term_id-1=2022 Spring&crn-1=10837",""
"202210","CE591","GRAD COOP WORK EXPERIENCE II","213","10838","",""," ","Closed","0","0","Chien, I Jy","Face-to-Face","1","https://www.bkstr.com/webapp/wcs/stores/servlet/booklookServlet?bookstore_id-1=584&term_id-1=2022 Spring&crn-1=10838",""
"202210","CE592","GRAD COOP WORK EXPERIENCE III","194","10839","",""," ","Closed","0","0","Konon, Walter","Face-to-Face","1","https://www.bkstr.com/webapp/wcs/stores/servlet/booklookServlet?bookstore_id-1=584&term_id-1=2022 Spring&crn-1=10839",""
"202210","CE592","GRAD COOP WORK EXPERIENCE III","213","10840","",""," ","Closed","0","0","Chien, I Jy","Face-to-Face","1","https://www.bkstr.com/webapp/wcs/stores/servlet/booklookServlet?bookstore_id-1=584&term_id-1=2022 Spring&crn-1=10840",""
"202210","CE593","GRADUATE CO-OP WORK EXP IV","194","10841","",""," ","Closed","0","0","Konon, Walter","Face-to-Face","0","https://www.bkstr.com/webapp/wcs/stores/servlet/booklookServlet?bookstore_id-1=584&term_id-1=2022 Spring&crn-1=10841",""
"202210","CE593","GRADUATE CO-OP WORK EXP IV","211","10842","",""," ","Closed","0","0","Marhaba, Taha","Face-to-Face","0","https://www.bkstr.com/webapp/wcs/stores/servlet/booklookServlet?bookstore_id-1=584&term_id-1=2022 Spring&crn-1=10842",""
"202210","CE593","GRADUATE CO-OP WORK EXP IV","213","10843","",""," ","Closed","0","0","Chien, I Jy","Face-to-Face","0","https://www.bkstr.com/webapp/wcs/stores/servlet/booklookServlet?bookstore_id-1=584&term_id-1=2022 Spring&crn-1=10843",""
"202210","CE610","CONSTRUCTION MGT","102","10844","F","6:00 PM - 8:50 PM","TIER 108","Open","39","33","Roessner, Chrissa","Face-to-Face","3","https://www.bkstr.com/webapp/wcs/stores/servlet/booklookServlet?bookstore_id-1=584&term_id-1=2022 Spring&crn-1=10844",""
"202210","CE610","CONSTRUCTION MGT","852","10845","",""," ","Open","43","31","Wynn, Kevin","Online","3","https://www.bkstr.com/webapp/wcs/stores/servlet/booklookServlet?bookstore_id-1=584&term_id-1=2022 Spring&crn-1=10845","Restricted to Virtual Campus Students Only<br />Online Course"
"202210","CE611","PROJ PLANNING & CONTROL","852","10846","",""," ","Open","43","22","Hanna, Christopher","Online","3","https://www.bkstr.com/webapp/wcs/stores/servlet/booklookServlet?bookstore_id-1=584&term_id-1=2022 Spring&crn-1=10846","Restricted to Virtual Campus Students Only<br />Online Course"
"202210","CE611","PROJ PLANNING & CONTROL","854","15636","",""," ","Open","25","18","Hanna, Christopher","","3","https://www.bkstr.com/webapp/wcs/stores/servlet/booklookServlet?bookstore_id-1=584&term_id-1=2022 Spring&crn-1=15636","Restricted to Newark Campus Students Only<br />Online Course"
"202210","CE614","UNDERGROUND CONSTRUCTION","102","15638","R","6:00 PM - 8:50 PM","CKB 220","Closed","25","25","Slaughter, Alan","Face-to-Face","3","https://www.bkstr.com/webapp/wcs/stores/servlet/booklookServlet?bookstore_id-1=584&term_id-1=2022 Spring&crn-1=15638",""
"202210","CE614","UNDERGROUND CONSTRUCTION","852","10847","",""," ","Open","30","24","Slaughter, Alan","Online","3","https://www.bkstr.com/webapp/wcs/stores/servlet/booklookServlet?bookstore_id-1=584&term_id-1=2022 Spring&crn-1=10847","Restricted to Virtual Campus Students Only<br />Online Course"
"202210","CE616","CONSTRUCTION COST ESTMT","102","15637","M","6:00 PM - 8:50 PM","CKB 214","Open","25","18","Venkiteela, Giri","Face-to-Face","3","https://www.bkstr.com/webapp/wcs/stores/servlet/booklookServlet?bookstore_id-1=584&term_id-1=2022 Spring&crn-1=15637",""
"202210","CE616","CONSTRUCTION COST ESTMT","852","10848","",""," ","Open","45","21","Oraedu, Godson","Online","3","https://www.bkstr.com/webapp/wcs/stores/servlet/booklookServlet?bookstore_id-1=584&term_id-1=2022 Spring&crn-1=10848","Restricted to Virtual Campus Students Only<br />Online Course"
"202210","CE630","MATRIX ANALYSIS OF STRUCTURES","102","10849","M","6:00 PM - 8:50 PM"," ","Cancelled","30","0","","Face-to-Face","3","https://www.bkstr.com/webapp/wcs/stores/servlet/booklookServlet?bookstore_id-1=584&term_id-1=2022 Spring&crn-1=10849","Cancelled 11/8/21"
"202210","CE634","STRUCTURAL DYNAMICS","102","10850","T","6:00 PM - 8:50 PM"," ","Cancelled","25","0","","Face-to-Face","3","https://www.bkstr.com/webapp/wcs/stores/servlet/booklookServlet?bookstore_id-1=584&term_id-1=2022 Spring&crn-1=10850","Cancelled 12/14/21"
"202210","CE634","STRUCTURAL DYNAMICS","104","15804","W","6:00 PM - 8:50 PM","CKB 207","Open","30","17","Saadeghvaziri, Mohamad","Face-to-Face","3","https://www.bkstr.com/webapp/wcs/stores/servlet/booklookServlet?bookstore_id-1=584&term_id-1=2022 Spring&crn-1=15804",""
"202210","CE634","STRUCTURAL DYNAMICS","852","10851","",""," ","Open","45","7","Jampole, Ezra","Online","3","https://www.bkstr.com/webapp/wcs/stores/servlet/booklookServlet?bookstore_id-1=584&term_id-1=2022 Spring&crn-1=10851","Restricted to Virtual Campus Students Only<br />Online Course"
"202210","CE636","MECH & STABILITY OF STRUCTURES","852","10852","",""," ","Cancelled","45","0","","Online","3","https://www.bkstr.com/webapp/wcs/stores/servlet/booklookServlet?bookstore_id-1=584&term_id-1=2022 Spring&crn-1=10852","Cancelled 1/12/22"
"202210","CE638","NONDESTRUCT TEST METHODS","102","10853","R","6:00 PM - 8:50 PM","FMH 313","Open","30","24","Vataj, Esmeralda","Face-to-Face","3","https://www.bkstr.com/webapp/wcs/stores/servlet/booklookServlet?bookstore_id-1=584&term_id-1=2022 Spring&crn-1=10853",""
"202210","CE639","APPLIED FINITE ELEMENT METHODS","102","10854","T","6:00 PM - 8:50 PM"," ","Cancelled","25","0","","Face-to-Face","3","https://www.bkstr.com/webapp/wcs/stores/servlet/booklookServlet?bookstore_id-1=584&term_id-1=2022 Spring&crn-1=10854","Cancelled 11/19/21"
"202210","CE641","ENGR PROPERTIES OF SOIL","102","10855","F","6:00 PM - 8:50 PM"," ","Cancelled","30","0","","Face-to-Face","3","https://www.bkstr.com/webapp/wcs/stores/servlet/booklookServlet?bookstore_id-1=584&term_id-1=2022 Spring&crn-1=10855","Cancelled 11/19/21"
"202210","CE645","ROCK MECHANICS","102","10856","W","6:00 PM - 8:50 PM"," ","Cancelled","30","0","","Face-to-Face","3","https://www.bkstr.com/webapp/wcs/stores/servlet/booklookServlet?bookstore_id-1=584&term_id-1=2022 Spring&crn-1=10856","Cancelled 11/19/21"
"202210","CE659","FLEXIBLE/RIGID PAVEMENTS","102","15639","T","6:00 PM - 8:50 PM"," ","Cancelled","25","0","","Face-to-Face","3","https://www.bkstr.com/webapp/wcs/stores/servlet/booklookServlet?bookstore_id-1=584&term_id-1=2022 Spring&crn-1=15639","Cancelled 1/6/22"
"202210","CE671","PERFORM & ANALYS INFRAST SYST","102","10857","W","6:00 PM - 8:50 PM","WEST LECT 1","Open","43","39","Karaa, Fadi","Face-to-Face","3","https://www.bkstr.com/webapp/wcs/stores/servlet/booklookServlet?bookstore_id-1=584&term_id-1=2022 Spring&crn-1=10857",""
"202210","CE700B","MASTERS PROJECT","181","10858","",""," ","Closed","0","0","Pennock, William","Face-to-Face","3","https://www.bkstr.com/webapp/wcs/stores/servlet/booklookServlet?bookstore_id-1=584&term_id-1=2022 Spring&crn-1=10858",""
"202210","CE700B","MASTERS PROJECT","182","10859","",""," ","Closed","0","0","Boufadel, Michel","Face-to-Face","3","https://www.bkstr.com/webapp/wcs/stores/servlet/booklookServlet?bookstore_id-1=584&term_id-1=2022 Spring&crn-1=10859",""
"202210","CE700B","MASTERS PROJECT","187","10860","",""," ","Closed","0","0","Brito, Sylvana","Face-to-Face","3","https://www.bkstr.com/webapp/wcs/stores/servlet/booklookServlet?bookstore_id-1=584&term_id-1=2022 Spring&crn-1=10860",""
"202210","CE700B","MASTERS PROJECT","191","10861","",""," ","Closed","0","0","Brito, Sylvana","Face-to-Face","3","https://www.bkstr.com/webapp/wcs/stores/servlet/booklookServlet?bookstore_id-1=584&term_id-1=2022 Spring&crn-1=10861",""
"202210","CE700B","MASTERS PROJECT","192","10862","",""," ","Closed","0","0","Bandelt, Matthew","Face-to-Face","3","https://www.bkstr.com/webapp/wcs/stores/servlet/booklookServlet?bookstore_id-1=584&term_id-1=2022 Spring&crn-1=10862",""
"202210","CE700B","MASTERS PROJECT","193","10863","",""," ","Closed","0","0","Washington, David","Face-to-Face","3","https://www.bkstr.com/webapp/wcs/stores/servlet/booklookServlet?bookstore_id-1=584&term_id-1=2022 Spring&crn-1=10863",""
"202210","CE700B","MASTERS PROJECT","194","10864","",""," ","Closed","0","0","Konon, Walter","Face-to-Face","3","https://www.bkstr.com/webapp/wcs/stores/servlet/booklookServlet?bookstore_id-1=584&term_id-1=2022 Spring&crn-1=10864",""
"202210","CE700B","MASTERS PROJECT","196","10865","",""," ","Closed","0","0","Meegoda, Jay","Face-to-Face","3","https://www.bkstr.com/webapp/wcs/stores/servlet/booklookServlet?bookstore_id-1=584&term_id-1=2022 Spring&crn-1=10865",""
"202210","CE700B","MASTERS PROJECT","197","10866","",""," ","Closed","0","0","Olenik, Thomas","Face-to-Face","3","https://www.bkstr.com/webapp/wcs/stores/servlet/booklookServlet?bookstore_id-1=584&term_id-1=2022 Spring&crn-1=10866",""
"202210","CE700B","MASTERS PROJECT","198","10867","",""," ","Closed","0","0","Zhang, Wen","Face-to-Face","3","https://www.bkstr.com/webapp/wcs/stores/servlet/booklookServlet?bookstore_id-1=584&term_id-1=2022 Spring&crn-1=10867",""
"202210","CE700B","MASTERS PROJECT","203","10868","",""," ","Closed","0","0","Dimitrijevic, Branislav","Face-to-Face","3","https://www.bkstr.com/webapp/wcs/stores/servlet/booklookServlet?bookstore_id-1=584&term_id-1=2022 Spring&crn-1=10868",""
"202210","CE700B","MASTERS PROJECT","213","10869","",""," ","Closed","0","0","Chien, I Jy","Face-to-Face","3","https://www.bkstr.com/webapp/wcs/stores/servlet/booklookServlet?bookstore_id-1=584&term_id-1=2022 Spring&crn-1=10869",""
"202210","CE700B","MASTERS PROJECT","217","10870","",""," ","Closed","0","0","Liu, Rongfang","Face-to-Face","3","https://www.bkstr.com/webapp/wcs/stores/servlet/booklookServlet?bookstore_id-1=584&term_id-1=2022 Spring&crn-1=10870",""
"202210","CE700B","MASTERS PROJECT","344","10871","",""," ","Closed","0","0","Mahgoub, Mohamed","Face-to-Face","3","https://www.bkstr.com/webapp/wcs/stores/servlet/booklookServlet?bookstore_id-1=584&term_id-1=2022 Spring&crn-1=10871",""
"202210","CE701B","MASTER'S THESIS","141","10872","",""," ","Closed","0","0","Brito, Sylvana","Face-to-Face","3","https://www.bkstr.com/webapp/wcs/stores/servlet/booklookServlet?bookstore_id-1=584&term_id-1=2022 Spring&crn-1=10872",""
"202210","CE701B","MASTER'S THESIS","181","10873","",""," ","Closed","0","0","Pennock, William","Face-to-Face","3","https://www.bkstr.com/webapp/wcs/stores/servlet/booklookServlet?bookstore_id-1=584&term_id-1=2022 Spring&crn-1=10873",""
"202210","CE701B","MASTER'S THESIS","188","10874","",""," ","Closed","0","0","Brito, Sylvana","Face-to-Face","3","https://www.bkstr.com/webapp/wcs/stores/servlet/booklookServlet?bookstore_id-1=584&term_id-1=2022 Spring&crn-1=10874",""
"202210","CE701B","MASTER'S THESIS","189","10875","",""," ","Closed","0","0","Brito, Sylvana","Face-to-Face","3","https://www.bkstr.com/webapp/wcs/stores/servlet/booklookServlet?bookstore_id-1=584&term_id-1=2022 Spring&crn-1=10875",""
"202210","CE701B","MASTER'S THESIS","190","10876","",""," ","Closed","0","0","Brito, Sylvana","Face-to-Face","3","https://www.bkstr.com/webapp/wcs/stores/servlet/booklookServlet?bookstore_id-1=584&term_id-1=2022 Spring&crn-1=10876",""
"202210","CE701B","MASTER'S THESIS","191","10877","",""," ","Closed","0","0","Hsieh, Hsin-Neng","Face-to-Face","3","https://www.bkstr.com/webapp/wcs/stores/servlet/booklookServlet?bookstore_id-1=584&term_id-1=2022 Spring&crn-1=10877",""
"202210","CE701B","MASTER'S THESIS","192","10878","",""," ","Closed","0","0","Bandelt, Matthew","Face-to-Face","3","https://www.bkstr.com/webapp/wcs/stores/servlet/booklookServlet?bookstore_id-1=584&term_id-1=2022 Spring&crn-1=10878",""
"202210","CE701B","MASTER'S THESIS","194","10879","",""," ","Closed","0","0","Konon, Walter","Face-to-Face","3","https://www.bkstr.com/webapp/wcs/stores/servlet/booklookServlet?bookstore_id-1=584&term_id-1=2022 Spring&crn-1=10879",""
"202210","CE701B","MASTER'S THESIS","196","10880","",""," ","Closed","0","1","Meegoda, Jay","Face-to-Face","3","https://www.bkstr.com/webapp/wcs/stores/servlet/booklookServlet?bookstore_id-1=584&term_id-1=2022 Spring&crn-1=10880",""
"202210","CE701B","MASTER'S THESIS","197","10881","",""," ","Closed","0","0","Olenik, Thomas","Face-to-Face","3","https://www.bkstr.com/webapp/wcs/stores/servlet/booklookServlet?bookstore_id-1=584&term_id-1=2022 Spring&crn-1=10881",""
"202210","CE701B","MASTER'S THESIS","199","10882","",""," ","Closed","0","0","Rodriguez Freire, Lucia","Face-to-Face","3","https://www.bkstr.com/webapp/wcs/stores/servlet/booklookServlet?bookstore_id-1=584&term_id-1=2022 Spring&crn-1=10882",""
"202210","CE701B","MASTER'S THESIS","200","10883","",""," ","Closed","0","0","Saadeghvaziri, Mohamad","Face-to-Face","3","https://www.bkstr.com/webapp/wcs/stores/servlet/booklookServlet?bookstore_id-1=584&term_id-1=2022 Spring&crn-1=10883",""
"202210","CE701B","MASTER'S THESIS","203","10884","",""," ","Closed","0","0","Dimitrijevic, Branislav","Face-to-Face","3","https://www.bkstr.com/webapp/wcs/stores/servlet/booklookServlet?bookstore_id-1=584&term_id-1=2022 Spring&crn-1=10884",""
"202210","CE701B","MASTER'S THESIS","204","10885","",""," ","Closed","0","0","Adams, Matthew","Face-to-Face","3","https://www.bkstr.com/webapp/wcs/stores/servlet/booklookServlet?bookstore_id-1=584&term_id-1=2022 Spring&crn-1=10885",""
"202210","CE701B","MASTER'S THESIS","205","10886","",""," ","Closed","0","0","Wecharatana, Methi","Face-to-Face","3","https://www.bkstr.com/webapp/wcs/stores/servlet/booklookServlet?bookstore_id-1=584&term_id-1=2022 Spring&crn-1=10886",""
"202210","CE701B","MASTER'S THESIS","211","10887","",""," ","Closed","0","0","Marhaba, Taha","Face-to-Face","3","https://www.bkstr.com/webapp/wcs/stores/servlet/booklookServlet?bookstore_id-1=584&term_id-1=2022 Spring&crn-1=10887",""
"202210","CE701B","MASTER'S THESIS","214","10888","",""," ","Closed","0","0","Ding, Yuan","Face-to-Face","3","https://www.bkstr.com/webapp/wcs/stores/servlet/booklookServlet?bookstore_id-1=584&term_id-1=2022 Spring&crn-1=10888",""
"202210","CE701B","MASTER'S THESIS","216","10889","",""," ","Closed","0","0","Daniel, Janice","Face-to-Face","3","https://www.bkstr.com/webapp/wcs/stores/servlet/booklookServlet?bookstore_id-1=584&term_id-1=2022 Spring&crn-1=10889",""
"202210","CE701B","MASTER'S THESIS","219","10890","",""," ","Closed","0","0","Karaa, Fadi","Face-to-Face","3","https://www.bkstr.com/webapp/wcs/stores/servlet/booklookServlet?bookstore_id-1=584&term_id-1=2022 Spring&crn-1=10890",""
"202210","CE701C","MASTER'S THESIS","141","10891","",""," ","Closed","0","0","Brito, Sylvana","Face-to-Face","6","https://www.bkstr.com/webapp/wcs/stores/servlet/booklookServlet?bookstore_id-1=584&term_id-1=2022 Spring&crn-1=10891",""
"202210","CE701C","MASTER'S THESIS","188","10892","",""," ","Closed","0","0","Brito, Sylvana","Face-to-Face","6","https://www.bkstr.com/webapp/wcs/stores/servlet/booklookServlet?bookstore_id-1=584&term_id-1=2022 Spring&crn-1=10892",""
"202210","CE701C","MASTER'S THESIS","191","10893","",""," ","Closed","0","0","Brito, Sylvana","Face-to-Face","6","https://www.bkstr.com/webapp/wcs/stores/servlet/booklookServlet?bookstore_id-1=584&term_id-1=2022 Spring&crn-1=10893",""
"202210","CE701C","MASTER'S THESIS","192","10894","",""," ","Closed","0","0","Bandelt, Matthew","Face-to-Face","6","https://www.bkstr.com/webapp/wcs/stores/servlet/booklookServlet?bookstore_id-1=584&term_id-1=2022 Spring&crn-1=10894",""
"202210","CE701C","MASTER'S THESIS","196","10895","",""," ","Closed","0","0","Meegoda, Jay","Face-to-Face","6","https://www.bkstr.com/webapp/wcs/stores/servlet/booklookServlet?bookstore_id-1=584&term_id-1=2022 Spring&crn-1=10895",""
"202210","CE701C","MASTER'S THESIS","199","10896","",""," ","Closed","0","0","Rodriguez Freire, Lucia","Face-to-Face","6","https://www.bkstr.com/webapp/wcs/stores/servlet/booklookServlet?bookstore_id-1=584&term_id-1=2022 Spring&crn-1=10896",""
"202210","CE701C","MASTER'S THESIS","203","10897","",""," ","Closed","0","0","Dimitrijevic, Branislav","Face-to-Face","6","https://www.bkstr.com/webapp/wcs/stores/servlet/booklookServlet?bookstore_id-1=584&term_id-1=2022 Spring&crn-1=10897",""
"202210","CE701C","MASTER'S THESIS","213","10898","",""," ","Closed","0","0","Chien, I Jy","Face-to-Face","6","https://www.bkstr.com/webapp/wcs/stores/servlet/booklookServlet?bookstore_id-1=584&term_id-1=2022 Spring&crn-1=10898",""
"202210","CE701C","MASTER'S THESIS","219","10899","",""," ","Closed","0","0","Karaa, Fadi","Face-to-Face","6","https://www.bkstr.com/webapp/wcs/stores/servlet/booklookServlet?bookstore_id-1=584&term_id-1=2022 Spring&crn-1=10899",""
"202210","CE701C","MASTER'S THESIS","344","10900","",""," ","Closed","0","0","Mahgoub, Mohamed","Face-to-Face","6","https://www.bkstr.com/webapp/wcs/stores/servlet/booklookServlet?bookstore_id-1=584&term_id-1=2022 Spring&crn-1=10900",""
"202210","CE703","CONCRETE DURABILITY","102","10901","R","6:00 PM - 8:50 PM"," ","Cancelled","43","0","","Face-to-Face","3","https://www.bkstr.com/webapp/wcs/stores/servlet/booklookServlet?bookstore_id-1=584&term_id-1=2022 Spring&crn-1=10901","Cancelled 11/8/21"
"202210","CE711","METHODS IMPMNT IN CONSTR","852","10902","",""," ","Open","45","15","Slaughter, Alan","Online","3","https://www.bkstr.com/webapp/wcs/stores/servlet/booklookServlet?bookstore_id-1=584&term_id-1=2022 Spring&crn-1=10902","Restricted to Virtual Campus Students Only<br />Online Course"
"202210","CE725","INDEPENDENT STUDY I","181","10903","",""," ","Closed","0","0","Pennock, William","Face-to-Face","3","https://www.bkstr.com/webapp/wcs/stores/servlet/booklookServlet?bookstore_id-1=584&term_id-1=2022 Spring&crn-1=10903",""
"202210","CE725","INDEPENDENT STUDY I","188","10904","",""," ","Closed","0","0","Brito, Sylvana","Face-to-Face","3","https://www.bkstr.com/webapp/wcs/stores/servlet/booklookServlet?bookstore_id-1=584&term_id-1=2022 Spring&crn-1=10904",""
"202210","CE725","INDEPENDENT STUDY I","189","10905","",""," ","Closed","0","0","Brito, Sylvana","Face-to-Face","3","https://www.bkstr.com/webapp/wcs/stores/servlet/booklookServlet?bookstore_id-1=584&term_id-1=2022 Spring&crn-1=10905",""
"202210","CE725","INDEPENDENT STUDY I","190","10906","",""," ","Closed","0","0","Brito, Sylvana","Face-to-Face","3","https://www.bkstr.com/webapp/wcs/stores/servlet/booklookServlet?bookstore_id-1=584&term_id-1=2022 Spring&crn-1=10906",""
"202210","CE725","INDEPENDENT STUDY I","191","10907","",""," ","Closed","0","0","Brito, Sylvana","Face-to-Face","3","https://www.bkstr.com/webapp/wcs/stores/servlet/booklookServlet?bookstore_id-1=584&term_id-1=2022 Spring&crn-1=10907",""
"202210","CE725","INDEPENDENT STUDY I","192","10908","",""," ","Closed","0","0","Bandelt, Matthew","Face-to-Face","3","https://www.bkstr.com/webapp/wcs/stores/servlet/booklookServlet?bookstore_id-1=584&term_id-1=2022 Spring&crn-1=10908",""
"202210","CE725","INDEPENDENT STUDY I","193","10909","",""," ","Closed","0","0","Washington, David","Face-to-Face","3","https://www.bkstr.com/webapp/wcs/stores/servlet/booklookServlet?bookstore_id-1=584&term_id-1=2022 Spring&crn-1=10909",""
"202210","CE725","INDEPENDENT STUDY I","194","10910","",""," ","Closed","0","0","Konon, Walter","Face-to-Face","3","https://www.bkstr.com/webapp/wcs/stores/servlet/booklookServlet?bookstore_id-1=584&term_id-1=2022 Spring&crn-1=10910",""
"202210","CE725","INDEPENDENT STUDY I","196","10911","",""," ","Closed","0","1","Meegoda, Jay","Face-to-Face","3","https://www.bkstr.com/webapp/wcs/stores/servlet/booklookServlet?bookstore_id-1=584&term_id-1=2022 Spring&crn-1=10911",""
"202210","CE725","INDEPENDENT STUDY I","199","10912","",""," ","Closed","0","0","Rodriguez Freire, Lucia","Face-to-Face","3","https://www.bkstr.com/webapp/wcs/stores/servlet/booklookServlet?bookstore_id-1=584&term_id-1=2022 Spring&crn-1=10912",""
"202210","CE725","INDEPENDENT STUDY I","200","10913","",""," ","Closed","0","0","Saadeghvaziri, Mohamad","Face-to-Face","3","https://www.bkstr.com/webapp/wcs/stores/servlet/booklookServlet?bookstore_id-1=584&term_id-1=2022 Spring&crn-1=10913",""
"202210","CE725","INDEPENDENT STUDY I","203","10914","",""," ","Closed","0","0","Dimitrijevic, Branislav","Face-to-Face","3","https://www.bkstr.com/webapp/wcs/stores/servlet/booklookServlet?bookstore_id-1=584&term_id-1=2022 Spring&crn-1=10914",""
"202210","CE725","INDEPENDENT STUDY I","204","10915","",""," ","Closed","0","0","Adams, Matthew","Face-to-Face","3","https://www.bkstr.com/webapp/wcs/stores/servlet/booklookServlet?bookstore_id-1=584&term_id-1=2022 Spring&crn-1=10915",""
"202210","CE725","INDEPENDENT STUDY I","205","10916","",""," ","Closed","0","0","Wecharatana, Methi","Face-to-Face","3","https://www.bkstr.com/webapp/wcs/stores/servlet/booklookServlet?bookstore_id-1=584&term_id-1=2022 Spring&crn-1=10916",""
"202210","CE725","INDEPENDENT STUDY I","211","10917","",""," ","Closed","0","0","Marhaba, Taha","Face-to-Face","3","https://www.bkstr.com/webapp/wcs/stores/servlet/booklookServlet?bookstore_id-1=584&term_id-1=2022 Spring&crn-1=10917",""
"202210","CE725","INDEPENDENT STUDY I","213","10918","",""," ","Closed","0","0","Chien, I Jy","Face-to-Face","3","https://www.bkstr.com/webapp/wcs/stores/servlet/booklookServlet?bookstore_id-1=584&term_id-1=2022 Spring&crn-1=10918",""
"202210","CE725","INDEPENDENT STUDY I","214","10919","",""," ","Closed","0","0","Ding, Yuan","Face-to-Face","3","https://www.bkstr.com/webapp/wcs/stores/servlet/booklookServlet?bookstore_id-1=584&term_id-1=2022 Spring&crn-1=10919",""
"202210","CE725","INDEPENDENT STUDY I","216","10920","",""," ","Closed","0","0","Daniel, Janice","Face-to-Face","3","https://www.bkstr.com/webapp/wcs/stores/servlet/booklookServlet?bookstore_id-1=584&term_id-1=2022 Spring&crn-1=10920",""
"202210","CE725","INDEPENDENT STUDY I","219","10921","",""," ","Closed","0","1","Karaa, Fadi","Face-to-Face","3","https://www.bkstr.com/webapp/wcs/stores/servlet/booklookServlet?bookstore_id-1=584&term_id-1=2022 Spring&crn-1=10921",""
"202210","CE725","INDEPENDENT STUDY I","220","10922","",""," ","Closed","0","0","Brito, Sylvana","Face-to-Face","3","https://www.bkstr.com/webapp/wcs/stores/servlet/booklookServlet?bookstore_id-1=584&term_id-1=2022 Spring&crn-1=10922",""
"202210","CE725","INDEPENDENT STUDY I","852","15881","",""," ","Closed","0","0","Marhaba, Taha","Face-to-Face","3","https://www.bkstr.com/webapp/wcs/stores/servlet/booklookServlet?bookstore_id-1=584&term_id-1=2022 Spring&crn-1=15881",""
"202210","CE726","INDEPENDENT STUDY II","181","10923","",""," ","Closed","0","0","Pennock, William","Face-to-Face","3","https://www.bkstr.com/webapp/wcs/stores/servlet/booklookServlet?bookstore_id-1=584&term_id-1=2022 Spring&crn-1=10923",""
"202210","CE726","INDEPENDENT STUDY II","187","10924","",""," ","Closed","0","0","Brito, Sylvana","Face-to-Face","3","https://www.bkstr.com/webapp/wcs/stores/servlet/booklookServlet?bookstore_id-1=584&term_id-1=2022 Spring&crn-1=10924",""
"202210","CE726","INDEPENDENT STUDY II","188","10925","",""," ","Closed","0","0","Brito, Sylvana","Face-to-Face","3","https://www.bkstr.com/webapp/wcs/stores/servlet/booklookServlet?bookstore_id-1=584&term_id-1=2022 Spring&crn-1=10925",""
"202210","CE726","INDEPENDENT STUDY II","189","10926","",""," ","Closed","0","0","Brito, Sylvana","Face-to-Face","3","https://www.bkstr.com/webapp/wcs/stores/servlet/booklookServlet?bookstore_id-1=584&term_id-1=2022 Spring&crn-1=10926",""
"202210","CE726","INDEPENDENT STUDY II","190","10927","",""," ","Closed","0","0","Brito, Sylvana","Face-to-Face","3","https://www.bkstr.com/webapp/wcs/stores/servlet/booklookServlet?bookstore_id-1=584&term_id-1=2022 Spring&crn-1=10927",""
"202210","CE726","INDEPENDENT STUDY II","191","10928","",""," ","Closed","0","0","Brito, Sylvana","Face-to-Face","3","https://www.bkstr.com/webapp/wcs/stores/servlet/booklookServlet?bookstore_id-1=584&term_id-1=2022 Spring&crn-1=10928",""
"202210","CE726","INDEPENDENT STUDY II","192","10929","",""," ","Closed","0","0","Bandelt, Matthew","Face-to-Face","3","https://www.bkstr.com/webapp/wcs/stores/servlet/booklookServlet?bookstore_id-1=584&term_id-1=2022 Spring&crn-1=10929",""
"202210","CE726","INDEPENDENT STUDY II","193","10930","",""," ","Closed","0","0","Washington, David","Face-to-Face","3","https://www.bkstr.com/webapp/wcs/stores/servlet/booklookServlet?bookstore_id-1=584&term_id-1=2022 Spring&crn-1=10930",""
"202210","CE726","INDEPENDENT STUDY II","194","10931","",""," ","Closed","0","0","Konon, Walter","Face-to-Face","3","https://www.bkstr.com/webapp/wcs/stores/servlet/booklookServlet?bookstore_id-1=584&term_id-1=2022 Spring&crn-1=10931",""
"202210","CE726","INDEPENDENT STUDY II","196","10932","",""," ","Closed","0","1","Meegoda, Jay","Face-to-Face","3","https://www.bkstr.com/webapp/wcs/stores/servlet/booklookServlet?bookstore_id-1=584&term_id-1=2022 Spring&crn-1=10932",""
"202210","CE726","INDEPENDENT STUDY II","199","10933","",""," ","Closed","0","0","Rodriguez Freire, Lucia","Face-to-Face","3","https://www.bkstr.com/webapp/wcs/stores/servlet/booklookServlet?bookstore_id-1=584&term_id-1=2022 Spring&crn-1=10933",""
"202210","CE726","INDEPENDENT STUDY II","200","10934","",""," ","Closed","0","0","Saadeghvaziri, Mohamad","Face-to-Face","3","https://www.bkstr.com/webapp/wcs/stores/servlet/booklookServlet?bookstore_id-1=584&term_id-1=2022 Spring&crn-1=10934",""
"202210","CE726","INDEPENDENT STUDY II","203","10935","",""," ","Closed","0","0","Dimitrijevic, Branislav","Face-to-Face","3","https://www.bkstr.com/webapp/wcs/stores/servlet/booklookServlet?bookstore_id-1=584&term_id-1=2022 Spring&crn-1=10935",""
"202210","CE726","INDEPENDENT STUDY II","204","10936","",""," ","Closed","0","0","Adams, Matthew","Face-to-Face","3","https://www.bkstr.com/webapp/wcs/stores/servlet/booklookServlet?bookstore_id-1=584&term_id-1=2022 Spring&crn-1=10936",""
"202210","CE726","INDEPENDENT STUDY II","205","10937","",""," ","Closed","0","0","Wecharatana, Methi","Face-to-Face","3","https://www.bkstr.com/webapp/wcs/stores/servlet/booklookServlet?bookstore_id-1=584&term_id-1=2022 Spring&crn-1=10937",""
"202210","CE726","INDEPENDENT STUDY II","211","10938","",""," ","Closed","0","0","Marhaba, Taha","Face-to-Face","3","https://www.bkstr.com/webapp/wcs/stores/servlet/booklookServlet?bookstore_id-1=584&term_id-1=2022 Spring&crn-1=10938",""
"202210","CE726","INDEPENDENT STUDY II","213","10939","",""," ","Closed","0","0","Chien, I Jy","Face-to-Face","3","https://www.bkstr.com/webapp/wcs/stores/servlet/booklookServlet?bookstore_id-1=584&term_id-1=2022 Spring&crn-1=10939",""
"202210","CE726","INDEPENDENT STUDY II","214","10940","",""," ","Closed","0","0","Ding, Yuan","Face-to-Face","3","https://www.bkstr.com/webapp/wcs/stores/servlet/booklookServlet?bookstore_id-1=584&term_id-1=2022 Spring&crn-1=10940",""
"202210","CE726","INDEPENDENT STUDY II","216","10941","",""," ","Closed","0","0","Daniel, Janice","Face-to-Face","3","https://www.bkstr.com/webapp/wcs/stores/servlet/booklookServlet?bookstore_id-1=584&term_id-1=2022 Spring&crn-1=10941",""
"202210","CE726","INDEPENDENT STUDY II","219","10942","",""," ","Closed","0","0","Karaa, Fadi","Face-to-Face","3","https://www.bkstr.com/webapp/wcs/stores/servlet/booklookServlet?bookstore_id-1=584&term_id-1=2022 Spring&crn-1=10942",""
"202210","CE726","INDEPENDENT STUDY II","852","15883","",""," ","Closed","0","0","Marhaba, Taha","Face-to-Face","3","https://www.bkstr.com/webapp/wcs/stores/servlet/booklookServlet?bookstore_id-1=584&term_id-1=2022 Spring&crn-1=15883",""
"202210","CE727","INDEPENDENT RESEARCH III","192","10943","",""," ","Closed","0","0","Bandelt, Matthew","Face-to-Face","3","https://www.bkstr.com/webapp/wcs/stores/servlet/booklookServlet?bookstore_id-1=584&term_id-1=2022 Spring&crn-1=10943",""
"202210","CE727","INDEPENDENT RESEARCH III","196","10944","",""," ","Closed","0","0","Meegoda, Jay","Face-to-Face","3","https://www.bkstr.com/webapp/wcs/stores/servlet/booklookServlet?bookstore_id-1=584&term_id-1=2022 Spring&crn-1=10944",""
"202210","CE727","INDEPENDENT RESEARCH III","200","10945","",""," ","Closed","0","0","Saadeghvaziri, Mohamad","Face-to-Face","3","https://www.bkstr.com/webapp/wcs/stores/servlet/booklookServlet?bookstore_id-1=584&term_id-1=2022 Spring&crn-1=10945",""
"202210","CE727","INDEPENDENT RESEARCH III","203","10946","",""," ","Closed","0","0","Dimitrijevic, Branislav","Face-to-Face","3","https://www.bkstr.com/webapp/wcs/stores/servlet/booklookServlet?bookstore_id-1=584&term_id-1=2022 Spring&crn-1=10946",""
"202210","CE737","EARTHQUAKE ENGINEERING","102","10947","M","6:00 PM - 8:50 PM"," ","Cancelled","25","0","","Face-to-Face","3","https://www.bkstr.com/webapp/wcs/stores/servlet/booklookServlet?bookstore_id-1=584&term_id-1=2022 Spring&crn-1=10947","Cancelled 11/19/21"
"202210","CE742","GEOTECH EARTHQUAKE ENGIN","102","15629","T","6:00 PM - 8:50 PM","CKB 310","Open","25","6","Meegoda, Jay","Face-to-Face","3","https://www.bkstr.com/webapp/wcs/stores/servlet/booklookServlet?bookstore_id-1=584&term_id-1=2022 Spring&crn-1=15629",""
"202210","CE790A","DOCT DISSERTATION & RES","181","10948","",""," ","Closed","0","0","Pennock, William","Face-to-Face","1","https://www.bkstr.com/webapp/wcs/stores/servlet/booklookServlet?bookstore_id-1=584&term_id-1=2022 Spring&crn-1=10948",""
"202210","CE790A","DOCT DISSERTATION & RES","182","10949","",""," ","Closed","0","1","Boufadel, Michel","Face-to-Face","1","https://www.bkstr.com/webapp/wcs/stores/servlet/booklookServlet?bookstore_id-1=584&term_id-1=2022 Spring&crn-1=10949",""
"202210","CE790A","DOCT DISSERTATION & RES","187","10950","",""," ","Closed","0","0","Dresnack, Robert","Face-to-Face","1","https://www.bkstr.com/webapp/wcs/stores/servlet/booklookServlet?bookstore_id-1=584&term_id-1=2022 Spring&crn-1=10950",""
"202210","CE790A","DOCT DISSERTATION & RES","188","10951","",""," ","Closed","0","0","Dresnack, Robert","Face-to-Face","1","https://www.bkstr.com/webapp/wcs/stores/servlet/booklookServlet?bookstore_id-1=584&term_id-1=2022 Spring&crn-1=10951",""
"202210","CE790A","DOCT DISSERTATION & RES","189","10952","",""," ","Closed","0","0","Golub, Eugene","Face-to-Face","1","https://www.bkstr.com/webapp/wcs/stores/servlet/booklookServlet?bookstore_id-1=584&term_id-1=2022 Spring&crn-1=10952",""
"202210","CE790A","DOCT DISSERTATION & RES","191","10953","",""," ","Closed","0","0","Hsieh, Hsin-Neng","Face-to-Face","1","https://www.bkstr.com/webapp/wcs/stores/servlet/booklookServlet?bookstore_id-1=584&term_id-1=2022 Spring&crn-1=10953",""
"202210","CE790A","DOCT DISSERTATION & RES","192","10954","",""," ","Closed","0","3","Bandelt, Matthew","Face-to-Face","1","https://www.bkstr.com/webapp/wcs/stores/servlet/booklookServlet?bookstore_id-1=584&term_id-1=2022 Spring&crn-1=10954",""
"202210","CE790A","DOCT DISSERTATION & RES","194","10955","",""," ","Closed","0","0","Konon, Walter","Face-to-Face","1","https://www.bkstr.com/webapp/wcs/stores/servlet/booklookServlet?bookstore_id-1=584&term_id-1=2022 Spring&crn-1=10955",""
"202210","CE790A","DOCT DISSERTATION & RES","196","10956","",""," ","Closed","0","2","Meegoda, Jay","Face-to-Face","1","https://www.bkstr.com/webapp/wcs/stores/servlet/booklookServlet?bookstore_id-1=584&term_id-1=2022 Spring&crn-1=10956",""
"202210","CE790A","DOCT DISSERTATION & RES","198","10957","",""," ","Closed","0","0","Zhang, Wen","Face-to-Face","1","https://www.bkstr.com/webapp/wcs/stores/servlet/booklookServlet?bookstore_id-1=584&term_id-1=2022 Spring&crn-1=10957",""
"202210","CE790A","DOCT DISSERTATION & RES","200","10958","",""," ","Closed","0","0","Saadeghvaziri, Mohamad","Face-to-Face","1","https://www.bkstr.com/webapp/wcs/stores/servlet/booklookServlet?bookstore_id-1=584&term_id-1=2022 Spring&crn-1=10958",""
"202210","CE790A","DOCT DISSERTATION & RES","203","10959","",""," ","Closed","0","0","Dimitrijevic, Branislav","Face-to-Face","1","https://www.bkstr.com/webapp/wcs/stores/servlet/booklookServlet?bookstore_id-1=584&term_id-1=2022 Spring&crn-1=10959",""
"202210","CE790A","DOCT DISSERTATION & RES","204","10960","",""," ","Closed","0","2","Adams, Matthew","Face-to-Face","1","https://www.bkstr.com/webapp/wcs/stores/servlet/booklookServlet?bookstore_id-1=584&term_id-1=2022 Spring&crn-1=10960",""
"202210","CE790A","DOCT DISSERTATION & RES","205","10961","",""," ","Closed","0","0","Wecharatana, Methi","Face-to-Face","1","https://www.bkstr.com/webapp/wcs/stores/servlet/booklookServlet?bookstore_id-1=584&term_id-1=2022 Spring&crn-1=10961",""
"202210","CE790A","DOCT DISSERTATION & RES","210","10962","",""," ","Closed","0","0","Axe, Lisa","Face-to-Face","1","https://www.bkstr.com/webapp/wcs/stores/servlet/booklookServlet?bookstore_id-1=584&term_id-1=2022 Spring&crn-1=10962",""
"202210","CE790A","DOCT DISSERTATION & RES","211","10963","",""," ","Closed","0","0","Marhaba, Taha","Face-to-Face","1","https://www.bkstr.com/webapp/wcs/stores/servlet/booklookServlet?bookstore_id-1=584&term_id-1=2022 Spring&crn-1=10963",""
"202210","CE790A","DOCT DISSERTATION & RES","213","10964","",""," ","Closed","0","0","Chien, I Jy","Face-to-Face","1","https://www.bkstr.com/webapp/wcs/stores/servlet/booklookServlet?bookstore_id-1=584&term_id-1=2022 Spring&crn-1=10964",""
"202210","CE790A","DOCT DISSERTATION & RES","214","10965","",""," ","Closed","0","0","Ding, Yuan","Face-to-Face","1","https://www.bkstr.com/webapp/wcs/stores/servlet/booklookServlet?bookstore_id-1=584&term_id-1=2022 Spring&crn-1=10965",""
"202210","CE790A","DOCT DISSERTATION & RES","216","10966","",""," ","Closed","0","0","Daniel, Janice","Face-to-Face","1","https://www.bkstr.com/webapp/wcs/stores/servlet/booklookServlet?bookstore_id-1=584&term_id-1=2022 Spring&crn-1=10966",""
"202210","CE790A","DOCT DISSERTATION & RES","217","10967","",""," ","Closed","0","0","Liu, Rongfang","Face-to-Face","1","https://www.bkstr.com/webapp/wcs/stores/servlet/booklookServlet?bookstore_id-1=584&term_id-1=2022 Spring&crn-1=10967",""
"202210","CE790A","DOCT DISSERTATION & RES","219","10968","",""," ","Closed","0","1","Karaa, Fadi","Face-to-Face","1","https://www.bkstr.com/webapp/wcs/stores/servlet/booklookServlet?bookstore_id-1=584&term_id-1=2022 Spring&crn-1=10968",""
"202210","CE790A","DOCT DISSERTATION & RES","882","10969","",""," ","Closed","0","0","Spasovic, Lazar","Face-to-Face","1","https://www.bkstr.com/webapp/wcs/stores/servlet/booklookServlet?bookstore_id-1=584&term_id-1=2022 Spring&crn-1=10969",""
"202210","CE790B","DOCT DISSERTATION & RES","181","10970","",""," ","Closed","0","0","Pennock, William","Face-to-Face","3","https://www.bkstr.com/webapp/wcs/stores/servlet/booklookServlet?bookstore_id-1=584&term_id-1=2022 Spring&crn-1=10970",""
"202210","CE790B","DOCT DISSERTATION & RES","187","10971","",""," ","Closed","0","0","Brito, Sylvana","Face-to-Face","3","https://www.bkstr.com/webapp/wcs/stores/servlet/booklookServlet?bookstore_id-1=584&term_id-1=2022 Spring&crn-1=10971",""
"202210","CE790B","DOCT DISSERTATION & RES","188","10972","",""," ","Closed","0","0","Brito, Sylvana","Face-to-Face","3","https://www.bkstr.com/webapp/wcs/stores/servlet/booklookServlet?bookstore_id-1=584&term_id-1=2022 Spring&crn-1=10972",""
"202210","CE790B","DOCT DISSERTATION & RES","189","10973","",""," ","Closed","0","0","Brito, Sylvana","Face-to-Face","3","https://www.bkstr.com/webapp/wcs/stores/servlet/booklookServlet?bookstore_id-1=584&term_id-1=2022 Spring&crn-1=10973",""
"202210","CE790B","DOCT DISSERTATION & RES","191","10974","",""," ","Closed","0","0","Hsieh, Hsin-Neng","Face-to-Face","3","https://www.bkstr.com/webapp/wcs/stores/servlet/booklookServlet?bookstore_id-1=584&term_id-1=2022 Spring&crn-1=10974",""
"202210","CE790B","DOCT DISSERTATION & RES","192","10975","",""," ","Closed","0","0","Bandelt, Matthew","Face-to-Face","3","https://www.bkstr.com/webapp/wcs/stores/servlet/booklookServlet?bookstore_id-1=584&term_id-1=2022 Spring&crn-1=10975",""
"202210","CE790B","DOCT DISSERTATION & RES","196","10976","",""," ","Closed","0","0","Meegoda, Jay","Face-to-Face","3","https://www.bkstr.com/webapp/wcs/stores/servlet/booklookServlet?bookstore_id-1=584&term_id-1=2022 Spring&crn-1=10976",""
"202210","CE790B","DOCT DISSERTATION & RES","199","10977","",""," ","Closed","0","0","Rodriguez Freire, Lucia","Face-to-Face","3","https://www.bkstr.com/webapp/wcs/stores/servlet/booklookServlet?bookstore_id-1=584&term_id-1=2022 Spring&crn-1=10977",""
"202210","CE790B","DOCT DISSERTATION & RES","200","10978","",""," ","Closed","0","0","Saadeghvaziri, Mohamad","Face-to-Face","3","https://www.bkstr.com/webapp/wcs/stores/servlet/booklookServlet?bookstore_id-1=584&term_id-1=2022 Spring&crn-1=10978",""
"202210","CE790B","DOCT DISSERTATION & RES","203","10979","",""," ","Closed","0","0","Dimitrijevic, Branislav","Face-to-Face","3","https://www.bkstr.com/webapp/wcs/stores/servlet/booklookServlet?bookstore_id-1=584&term_id-1=2022 Spring&crn-1=10979",""
"202210","CE790B","DOCT DISSERTATION & RES","204","10980","",""," ","Closed","0","0","Adams, Matthew","Face-to-Face","3","https://www.bkstr.com/webapp/wcs/stores/servlet/booklookServlet?bookstore_id-1=584&term_id-1=2022 Spring&crn-1=10980",""
"202210","CE790B","DOCT DISSERTATION & RES","205","10981","",""," ","Closed","0","0","Wecharatana, Methi","Face-to-Face","3","https://www.bkstr.com/webapp/wcs/stores/servlet/booklookServlet?bookstore_id-1=584&term_id-1=2022 Spring&crn-1=10981",""
"202210","CE790B","DOCT DISSERTATION & RES","210","10982","",""," ","Closed","0","0","Axe, Lisa","Face-to-Face","3","https://www.bkstr.com/webapp/wcs/stores/servlet/booklookServlet?bookstore_id-1=584&term_id-1=2022 Spring&crn-1=10982",""
"202210","CE790B","DOCT DISSERTATION & RES","211","10983","",""," ","Closed","0","0","Marhaba, Taha","Face-to-Face","3","https://www.bkstr.com/webapp/wcs/stores/servlet/booklookServlet?bookstore_id-1=584&term_id-1=2022 Spring&crn-1=10983",""
"202210","CE790B","DOCT DISSERTATION & RES","213","10984","",""," ","Closed","0","0","Chien, I Jy","Face-to-Face","3","https://www.bkstr.com/webapp/wcs/stores/servlet/booklookServlet?bookstore_id-1=584&term_id-1=2022 Spring&crn-1=10984",""
"202210","CE790B","DOCT DISSERTATION & RES","214","10985","",""," ","Closed","0","0","Ding, Yuan","Face-to-Face","3","https://www.bkstr.com/webapp/wcs/stores/servlet/booklookServlet?bookstore_id-1=584&term_id-1=2022 Spring&crn-1=10985",""
"202210","CE790B","DOCT DISSERTATION & RES","216","10986","",""," ","Closed","0","0","Daniel, Janice","Face-to-Face","3","https://www.bkstr.com/webapp/wcs/stores/servlet/booklookServlet?bookstore_id-1=584&term_id-1=2022 Spring&crn-1=10986",""
"202210","CE790B","DOCT DISSERTATION & RES","217","10987","",""," ","Closed","0","0","Liu, Rongfang","Face-to-Face","3","https://www.bkstr.com/webapp/wcs/stores/servlet/booklookServlet?bookstore_id-1=584&term_id-1=2022 Spring&crn-1=10987",""
"202210","CE790B","DOCT DISSERTATION & RES","219","10988","",""," ","Closed","0","0","Karaa, Fadi","Face-to-Face","3","https://www.bkstr.com/webapp/wcs/stores/servlet/booklookServlet?bookstore_id-1=584&term_id-1=2022 Spring&crn-1=10988",""
"202210","CE790C","DOCT DISSERTATION & RES","181","10989","",""," ","Closed","0","0","Pennock, William","Face-to-Face","6","https://www.bkstr.com/webapp/wcs/stores/servlet/booklookServlet?bookstore_id-1=584&term_id-1=2022 Spring&crn-1=10989",""
"202210","CE790C","DOCT DISSERTATION & RES","188","10990","",""," ","Closed","0","0","Brito, Sylvana","Face-to-Face","6","https://www.bkstr.com/webapp/wcs/stores/servlet/booklookServlet?bookstore_id-1=584&term_id-1=2022 Spring&crn-1=10990",""
"202210","CE790C","DOCT DISSERTATION & RES","189","10991","",""," ","Closed","0","0","Brito, Sylvana","Face-to-Face","6","https://www.bkstr.com/webapp/wcs/stores/servlet/booklookServlet?bookstore_id-1=584&term_id-1=2022 Spring&crn-1=10991",""
"202210","CE790C","DOCT DISSERTATION & RES","191","10992","",""," ","Closed","0","0","Hsieh, Hsin-Neng","Face-to-Face","6","https://www.bkstr.com/webapp/wcs/stores/servlet/booklookServlet?bookstore_id-1=584&term_id-1=2022 Spring&crn-1=10992",""
"202210","CE790C","DOCT DISSERTATION & RES","192","10993","",""," ","Closed","0","0","Bandelt, Matthew","Face-to-Face","6","https://www.bkstr.com/webapp/wcs/stores/servlet/booklookServlet?bookstore_id-1=584&term_id-1=2022 Spring&crn-1=10993",""
"202210","CE790C","DOCT DISSERTATION & RES","196","10994","",""," ","Closed","0","0","Meegoda, Jay","Face-to-Face","6","https://www.bkstr.com/webapp/wcs/stores/servlet/booklookServlet?bookstore_id-1=584&term_id-1=2022 Spring&crn-1=10994",""
"202210","CE790C","DOCT DISSERTATION & RES","199","10995","",""," ","Closed","0","0","Rodriguez Freire, Lucia","Face-to-Face","6","https://www.bkstr.com/webapp/wcs/stores/servlet/booklookServlet?bookstore_id-1=584&term_id-1=2022 Spring&crn-1=10995",""
"202210","CE790C","DOCT DISSERTATION & RES","200","10996","",""," ","Closed","0","0","Saadeghvaziri, Mohamad","Face-to-Face","6","https://www.bkstr.com/webapp/wcs/stores/servlet/booklookServlet?bookstore_id-1=584&term_id-1=2022 Spring&crn-1=10996",""
"202210","CE790C","DOCT DISSERTATION & RES","203","10997","",""," ","Closed","0","0","Dimitrijevic, Branislav","Face-to-Face","6","https://www.bkstr.com/webapp/wcs/stores/servlet/booklookServlet?bookstore_id-1=584&term_id-1=2022 Spring&crn-1=10997",""
"202210","CE790C","DOCT DISSERTATION & RES","205","10998","",""," ","Closed","0","0","Wecharatana, Methi","Face-to-Face","6","https://www.bkstr.com/webapp/wcs/stores/servlet/booklookServlet?bookstore_id-1=584&term_id-1=2022 Spring&crn-1=10998",""
"202210","CE790C","DOCT DISSERTATION & RES","210","10999","",""," ","Closed","0","0","Axe, Lisa","Face-to-Face","6","https://www.bkstr.com/webapp/wcs/stores/servlet/booklookServlet?bookstore_id-1=584&term_id-1=2022 Spring&crn-1=10999",""
"202210","CE790C","DOCT DISSERTATION & RES","213","11000","",""," ","Closed","0","0","Chien, I Jy","Face-to-Face","6","https://www.bkstr.com/webapp/wcs/stores/servlet/booklookServlet?bookstore_id-1=584&term_id-1=2022 Spring&crn-1=11000",""
"202210","CE790C","DOCT DISSERTATION & RES","214","11001","",""," ","Closed","0","0","Ding, Yuan","Face-to-Face","6","https://www.bkstr.com/webapp/wcs/stores/servlet/booklookServlet?bookstore_id-1=584&term_id-1=2022 Spring&crn-1=11001",""
"202210","CE790C","DOCT DISSERTATION & RES","217","11002","",""," ","Closed","0","0","Liu, Rongfang","Face-to-Face","6","https://www.bkstr.com/webapp/wcs/stores/servlet/booklookServlet?bookstore_id-1=584&term_id-1=2022 Spring&crn-1=11002",""
"202210","CE790C","DOCT DISSERTATION & RES","219","11003","",""," ","Closed","0","0","Karaa, Fadi","Face-to-Face","6","https://www.bkstr.com/webapp/wcs/stores/servlet/booklookServlet?bookstore_id-1=584&term_id-1=2022 Spring&crn-1=11003",""
"202210","CE790D","DOCT DISSERTATION & RES","181","11004","",""," ","Closed","0","0","Pennock, William","Face-to-Face","9","https://www.bkstr.com/webapp/wcs/stores/servlet/booklookServlet?bookstore_id-1=584&term_id-1=2022 Spring&crn-1=11004",""
"202210","CE790D","DOCT DISSERTATION & RES","188","11005","",""," ","Closed","0","0","Brito, Sylvana","Face-to-Face","9","https://www.bkstr.com/webapp/wcs/stores/servlet/booklookServlet?bookstore_id-1=584&term_id-1=2022 Spring&crn-1=11005",""
"202210","CE790D","DOCT DISSERTATION & RES","189","11006","",""," ","Closed","0","0","Brito, Sylvana","Face-to-Face","9","https://www.bkstr.com/webapp/wcs/stores/servlet/booklookServlet?bookstore_id-1=584&term_id-1=2022 Spring&crn-1=11006",""
"202210","CE790D","DOCT DISSERTATION & RES","191","11007","",""," ","Closed","0","0","Brito, Sylvana","Face-to-Face","9","https://www.bkstr.com/webapp/wcs/stores/servlet/booklookServlet?bookstore_id-1=584&term_id-1=2022 Spring&crn-1=11007",""
"202210","CE790D","DOCT DISSERTATION & RES","192","11008","",""," ","Closed","0","0","Bandelt, Matthew","Face-to-Face","9","https://www.bkstr.com/webapp/wcs/stores/servlet/booklookServlet?bookstore_id-1=584&term_id-1=2022 Spring&crn-1=11008",""
"202210","CE790D","DOCT DISSERTATION & RES","193","11009","",""," ","Closed","0","0","Washington, David","Face-to-Face","9","https://www.bkstr.com/webapp/wcs/stores/servlet/booklookServlet?bookstore_id-1=584&term_id-1=2022 Spring&crn-1=11009",""
"202210","CE790D","DOCT DISSERTATION & RES","196","11010","",""," ","Closed","0","0","Meegoda, Jay","Face-to-Face","9","https://www.bkstr.com/webapp/wcs/stores/servlet/booklookServlet?bookstore_id-1=584&term_id-1=2022 Spring&crn-1=11010",""
"202210","CE790D","DOCT DISSERTATION & RES","199","11011","",""," ","Closed","0","0","Rodriguez Freire, Lucia","Face-to-Face","9","https://www.bkstr.com/webapp/wcs/stores/servlet/booklookServlet?bookstore_id-1=584&term_id-1=2022 Spring&crn-1=11011",""
"202210","CE790D","DOCT DISSERTATION & RES","200","11012","",""," ","Closed","0","0","Saadeghvaziri, Mohamad","Face-to-Face","9","https://www.bkstr.com/webapp/wcs/stores/servlet/booklookServlet?bookstore_id-1=584&term_id-1=2022 Spring&crn-1=11012",""
"202210","CE790D","DOCT DISSERTATION & RES","203","11013","",""," ","Closed","0","0","Dimitrijevic, Branislav","Face-to-Face","9","https://www.bkstr.com/webapp/wcs/stores/servlet/booklookServlet?bookstore_id-1=584&term_id-1=2022 Spring&crn-1=11013",""
"202210","CE790D","DOCT DISSERTATION & RES","204","11014","",""," ","Closed","0","0","Adams, Matthew","Face-to-Face","9","https://www.bkstr.com/webapp/wcs/stores/servlet/booklookServlet?bookstore_id-1=584&term_id-1=2022 Spring&crn-1=11014",""
"202210","CE790D","DOCT DISSERTATION & RES","205","11015","",""," ","Closed","0","0","Wecharatana, Methi","Face-to-Face","9","https://www.bkstr.com/webapp/wcs/stores/servlet/booklookServlet?bookstore_id-1=584&term_id-1=2022 Spring&crn-1=11015",""
"202210","CE790D","DOCT DISSERTATION & RES","206","11016","",""," ","Closed","0","0","Brito, Sylvana","Face-to-Face","9","https://www.bkstr.com/webapp/wcs/stores/servlet/booklookServlet?bookstore_id-1=584&term_id-1=2022 Spring&crn-1=11016",""
"202210","CE790D","DOCT DISSERTATION & RES","210","11017","",""," ","Closed","0","0","Axe, Lisa","Face-to-Face","9","https://www.bkstr.com/webapp/wcs/stores/servlet/booklookServlet?bookstore_id-1=584&term_id-1=2022 Spring&crn-1=11017",""
"202210","CE790D","DOCT DISSERTATION & RES","213","11018","",""," ","Closed","0","0","Chien, I Jy","Face-to-Face","9","https://www.bkstr.com/webapp/wcs/stores/servlet/booklookServlet?bookstore_id-1=584&term_id-1=2022 Spring&crn-1=11018",""
"202210","CE790D","DOCT DISSERTATION & RES","214","11019","",""," ","Closed","0","0","Ding, Yuan","Face-to-Face","9","https://www.bkstr.com/webapp/wcs/stores/servlet/booklookServlet?bookstore_id-1=584&term_id-1=2022 Spring&crn-1=11019",""
"202210","CE790D","DOCT DISSERTATION & RES","216","11020","",""," ","Closed","0","0","Daniel, Janice","Face-to-Face","9","https://www.bkstr.com/webapp/wcs/stores/servlet/booklookServlet?bookstore_id-1=584&term_id-1=2022 Spring&crn-1=11020",""
"202210","CE790D","DOCT DISSERTATION & RES","217","11021","",""," ","Closed","0","0","Liu, Rongfang","Face-to-Face","9","https://www.bkstr.com/webapp/wcs/stores/servlet/booklookServlet?bookstore_id-1=584&term_id-1=2022 Spring&crn-1=11021",""
"202210","CE790D","DOCT DISSERTATION & RES","219","11022","",""," ","Closed","0","0","Karaa, Fadi","Face-to-Face","9","https://www.bkstr.com/webapp/wcs/stores/servlet/booklookServlet?bookstore_id-1=584&term_id-1=2022 Spring&crn-1=11022",""
"202210","CE790D","DOCT DISSERTATION & RES","350","11023","",""," ","Closed","0","0","Saigal, Sunil","Face-to-Face","9","https://www.bkstr.com/webapp/wcs/stores/servlet/booklookServlet?bookstore_id-1=584&term_id-1=2022 Spring&crn-1=11023",""
"202210","CE790E","DOCT DISSERTATION & RES","188","11024","",""," ","Closed","0","0","Dresnack, Robert","Face-to-Face","12","https://www.bkstr.com/webapp/wcs/stores/servlet/booklookServlet?bookstore_id-1=584&term_id-1=2022 Spring&crn-1=11024",""
"202210","CE790E","DOCT DISSERTATION & RES","192","11025","",""," ","Closed","0","0","Bandelt, Matthew","Face-to-Face","12","https://www.bkstr.com/webapp/wcs/stores/servlet/booklookServlet?bookstore_id-1=584&term_id-1=2022 Spring&crn-1=11025",""
"202210","CE790E","DOCT DISSERTATION & RES","196","11026","",""," ","Closed","0","0","Meegoda, Jay","Face-to-Face","12","https://www.bkstr.com/webapp/wcs/stores/servlet/booklookServlet?bookstore_id-1=584&term_id-1=2022 Spring&crn-1=11026",""
"202210","CE790E","DOCT DISSERTATION & RES","199","11027","",""," ","Closed","0","0","Raghu, Dorairaja","Face-to-Face","12","https://www.bkstr.com/webapp/wcs/stores/servlet/booklookServlet?bookstore_id-1=584&term_id-1=2022 Spring&crn-1=11027",""
"202210","CE790E","DOCT DISSERTATION & RES","200","11028","",""," ","Closed","0","0","Saadeghvaziri, Mohamad","Face-to-Face","12","https://www.bkstr.com/webapp/wcs/stores/servlet/booklookServlet?bookstore_id-1=584&term_id-1=2022 Spring&crn-1=11028",""
"202210","CE790E","DOCT DISSERTATION & RES","205","11029","",""," ","Closed","0","0","Wecharatana, Methi","Face-to-Face","12","https://www.bkstr.com/webapp/wcs/stores/servlet/booklookServlet?bookstore_id-1=584&term_id-1=2022 Spring&crn-1=11029",""
"202210","CE790E","DOCT DISSERTATION & RES","210","11030","",""," ","Closed","0","0","Axe, Lisa","Face-to-Face","12","https://www.bkstr.com/webapp/wcs/stores/servlet/booklookServlet?bookstore_id-1=584&term_id-1=2022 Spring&crn-1=11030",""
"202210","CE790E","DOCT DISSERTATION & RES","211","11031","",""," ","Closed","0","0","Marhaba, Taha","Face-to-Face","12","https://www.bkstr.com/webapp/wcs/stores/servlet/booklookServlet?bookstore_id-1=584&term_id-1=2022 Spring&crn-1=11031",""
"202210","CE790E","DOCT DISSERTATION & RES","217","11032","",""," ","Closed","0","0","Liu, Rongfang","Face-to-Face","12","https://www.bkstr.com/webapp/wcs/stores/servlet/booklookServlet?bookstore_id-1=584&term_id-1=2022 Spring&crn-1=11032",""
"202210","CE790F","DOCT DISSERTATION & RES","181","11033","",""," ","Closed","0","0","Pennock, William","Face-to-Face","15","https://www.bkstr.com/webapp/wcs/stores/servlet/booklookServlet?bookstore_id-1=584&term_id-1=2022 Spring&crn-1=11033",""
"202210","CE790F","DOCT DISSERTATION & RES","191","11034","",""," ","Closed","0","0","Hsieh, Hsin-Neng","Face-to-Face","15","https://www.bkstr.com/webapp/wcs/stores/servlet/booklookServlet?bookstore_id-1=584&term_id-1=2022 Spring&crn-1=11034",""
"202210","CE790F","DOCT DISSERTATION & RES","211","11035","",""," ","Closed","0","0","Marhaba, Taha","Face-to-Face","15","https://www.bkstr.com/webapp/wcs/stores/servlet/booklookServlet?bookstore_id-1=584&term_id-1=2022 Spring&crn-1=11035",""
"202210","CE791","GRADUATE SEMINAR","002","11036","M","4:00 PM - 5:20 PM","CKB 303","Closed","0","33","Hassane Assaad, Rayan","Face-to-Face","0","https://www.bkstr.com/webapp/wcs/stores/servlet/booklookServlet?bookstore_id-1=584&term_id-1=2022 Spring&crn-1=11036",""
"202210","CE792","PRE-DOCTORAL DISSERTATION","191","15719","",""," ","Closed","0","2","Hassane Assaad, Rayan","Face-to-Face","3","https://www.bkstr.com/webapp/wcs/stores/servlet/booklookServlet?bookstore_id-1=584&term_id-1=2022 Spring&crn-1=15719",""
"202210","CE792","PRE-DOCTORAL DISSERTATION","192","15720","",""," ","Closed","0","0","Bandelt, Matthew","Face-to-Face","3","https://www.bkstr.com/webapp/wcs/stores/servlet/booklookServlet?bookstore_id-1=584&term_id-1=2022 Spring&crn-1=15720",""
"202210","CE792","PRE-DOCTORAL DISSERTATION","196","15722","",""," ","Closed","0","1","Meegoda, Jay","Face-to-Face","3","https://www.bkstr.com/webapp/wcs/stores/servlet/booklookServlet?bookstore_id-1=584&term_id-1=2022 Spring&crn-1=15722",""
"202210","CE792","PRE-DOCTORAL DISSERTATION","204","15718","",""," ","Closed","0","1","Adams, Matthew","Face-to-Face","3","https://www.bkstr.com/webapp/wcs/stores/servlet/booklookServlet?bookstore_id-1=584&term_id-1=2022 Spring&crn-1=15718",""
"202210","CE792","PRE-DOCTORAL DISSERTATION","216","11037","",""," ","Closed","0","0","Daniel, Janice","Face-to-Face","3","https://www.bkstr.com/webapp/wcs/stores/servlet/booklookServlet?bookstore_id-1=584&term_id-1=2022 Spring&crn-1=11037",""
"202210","CE792","PRE-DOCTORAL DISSERTATION","219","15721","",""," ","Closed","0","0","Karaa, Fadi","Face-to-Face","3","https://www.bkstr.com/webapp/wcs/stores/servlet/booklookServlet?bookstore_id-1=584&term_id-1=2022 Spring&crn-1=15721",""
"202210","CE793B","PROFESSIONAL PROJECT","199","11038","",""," ","Closed","0","0","Raghu, Dorairaja","Face-to-Face","3","https://www.bkstr.com/webapp/wcs/stores/servlet/booklookServlet?bookstore_id-1=584&term_id-1=2022 Spring&crn-1=11038",""
"202210","CENEXT","CE NEXT GENERATION","102","15800","R","6:00 PM - 8:50 PM","COLT 210","Open","35","15","Marhaba, Taha","Face-to-Face","0","https://www.bkstr.com/webapp/wcs/stores/servlet/booklookServlet?bookstore_id-1=584&term_id-1=2022 Spring&crn-1=15800","Department Approval Required<br />Session Dates: 1/20, 2/3, 2/17, 3/3, 3/10, 3/24, 4/7, 4/21,<br />and 4/28"
"202210","CENEXT","CE NEXT GENERATION","102","15800","R","6:00 PM - 8:50 PM","COLT 210","Open","35","15","Brito, Sylvana","Face-to-Face","0","https://www.bkstr.com/webapp/wcs/stores/servlet/booklookServlet?bookstore_id-1=584&term_id-1=2022 Spring&crn-1=15800","Department Approval Required<br />Session Dates: 1/20, 2/3, 2/17, 3/3, 3/10, 3/24, 4/7, 4/21,<br />and 4/28"
