"Term","Course","Title","Section","CRN","Days","Times","Location","Status","Max","Now","Instructor","Delivery Mode","Credits","Info","Comments"
"202210","CET314","CONSTRUCTION PROCEDURES II","002","11039","TR","11:30 AM - 12:50 PM","FMH 411","Closed","30","30","Gottko, Edward","Face-to-Face","3","https://www.bkstr.com/webapp/wcs/stores/servlet/booklookServlet?bookstore_id-1=584&term_id-1=2022 Spring&crn-1=11039",""
"202210","CET314","CONSTRUCTION PROCEDURES II","102","11040","W","6:00 PM - 8:50 PM","CKB 223","Open","25","24","Porcello, Zachary","Face-to-Face","3","https://www.bkstr.com/webapp/wcs/stores/servlet/booklookServlet?bookstore_id-1=584&term_id-1=2022 Spring&crn-1=11040",""
"202210","CET323","CONSTRUCTION SAFETY","002","11041","TR","8:30 AM - 9:50 AM","FMH 411","Open","30","20","Gottko, Edward","Face-to-Face","3","https://www.bkstr.com/webapp/wcs/stores/servlet/booklookServlet?bookstore_id-1=584&term_id-1=2022 Spring&crn-1=11041",""
"202210","CET323","CONSTRUCTION SAFETY","102","11042","T","6:00 PM - 8:50 PM","FMH 308","Closed","30","30","McCall, Paul","Face-to-Face","3","https://www.bkstr.com/webapp/wcs/stores/servlet/booklookServlet?bookstore_id-1=584&term_id-1=2022 Spring&crn-1=11042",""
"202210","CET341","SOILS AND EARTHWORK","002","11043","TR","10:00 AM - 11:20 AM","FMH 309","Open","28","16","Washington, David","Face-to-Face","3","https://www.bkstr.com/webapp/wcs/stores/servlet/booklookServlet?bookstore_id-1=584&term_id-1=2022 Spring&crn-1=11043",""
"202210","CET341","SOILS AND EARTHWORK","102","15630","T","6:00 PM - 8:50 PM"," ","Cancelled","30","0","","Face-to-Face","3","https://www.bkstr.com/webapp/wcs/stores/servlet/booklookServlet?bookstore_id-1=584&term_id-1=2022 Spring&crn-1=15630","cancelled 1/10/22"
"202210","CET413","ENVIRONMENTAL SCIENCE","002","11044","TF","4:00 PM - 5:20 PM","CKB 120","Open","25","24","Washington, David","Face-to-Face","3","https://www.bkstr.com/webapp/wcs/stores/servlet/booklookServlet?bookstore_id-1=584&term_id-1=2022 Spring&crn-1=11044",""
"202210","CET413","ENVIRONMENTAL SCIENCE","102","11045","F","6:00 PM - 8:50 PM","CKB 126","Open","25","24","Washington, David","Face-to-Face","3","https://www.bkstr.com/webapp/wcs/stores/servlet/booklookServlet?bookstore_id-1=584&term_id-1=2022 Spring&crn-1=11045",""
"202210","CET416","SENIOR CONSTRUCTION PROJ","002","11046","TF","2:30 PM - 3:50 PM","FMH 205","Open","28","7","Wiggins, John","Face-to-Face","2","https://www.bkstr.com/webapp/wcs/stores/servlet/booklookServlet?bookstore_id-1=584&term_id-1=2022 Spring&crn-1=11046",""
"202210","CET416","SENIOR CONSTRUCTION PROJ","102","11047","M","6:00 PM - 8:50 PM","CKB 320","Open","28","27","Wiggins, John","Face-to-Face","2","https://www.bkstr.com/webapp/wcs/stores/servlet/booklookServlet?bookstore_id-1=584&term_id-1=2022 Spring&crn-1=11047",""
"202210","CET421","CONSTRUCTION CONTRACTS","002","11048","TF","1:00 PM - 2:20 PM","FMH 203","Open","30","11","Wiggins, John","Face-to-Face","3","https://www.bkstr.com/webapp/wcs/stores/servlet/booklookServlet?bookstore_id-1=584&term_id-1=2022 Spring&crn-1=11048",""
"202210","CET421","CONSTRUCTION CONTRACTS","102","11049","W","6:00 PM - 8:50 PM"," ","Cancelled","30","0","","Face-to-Face","3","https://www.bkstr.com/webapp/wcs/stores/servlet/booklookServlet?bookstore_id-1=584&term_id-1=2022 Spring&crn-1=11049","cancelled 1/10/22"
"202210","CET435","DGN OF TEMPRY STRS CNSTN","102","11050","R","6:00 PM - 8:50 PM","CKB 215","Open","30","29","Wiggins, John","Face-to-Face","3","https://www.bkstr.com/webapp/wcs/stores/servlet/booklookServlet?bookstore_id-1=584&term_id-1=2022 Spring&crn-1=11050",""
"202210","CET490","SPECIAL PROJECT","352","11051","",""," ","Closed","0","0","Wiggins, John","Face-to-Face","3","https://www.bkstr.com/webapp/wcs/stores/servlet/booklookServlet?bookstore_id-1=584&term_id-1=2022 Spring&crn-1=11051",""
"202210","CET491","SPECIAL PROJECTS","352","11052","",""," ","Closed","0","0","Wiggins, John","Face-to-Face","1","https://www.bkstr.com/webapp/wcs/stores/servlet/booklookServlet?bookstore_id-1=584&term_id-1=2022 Spring&crn-1=11052",""
"202210","CET492","SPECIAL PROJECTS","352","11053","",""," ","Closed","0","0","Wiggins, John","Face-to-Face","2","https://www.bkstr.com/webapp/wcs/stores/servlet/booklookServlet?bookstore_id-1=584&term_id-1=2022 Spring&crn-1=11053",""
"202210","CET493","SPECIAL PROJECTS","352","11054","",""," ","Closed","0","1","Wiggins, John","Face-to-Face","3","https://www.bkstr.com/webapp/wcs/stores/servlet/booklookServlet?bookstore_id-1=584&term_id-1=2022 Spring&crn-1=11054",""
"202210","CET497","CO-OP INTERNSHIP","352","11055","",""," ","Closed","0","1","Wiggins, John","Face-to-Face","3","https://www.bkstr.com/webapp/wcs/stores/servlet/booklookServlet?bookstore_id-1=584&term_id-1=2022 Spring&crn-1=11055",""
