"Term","Course","Title","Section","CRN","Days","Times","Location","Status","Max","Now","Instructor","Delivery Mode","Credits","Info","Comments"
"202210","CHE101","INTRO TO CHEMICAL ENGINEERING","102","11056","R","6:00 PM - 7:00 PM","KUPF 117","Open","75","67","Axe, Lisa","Face-to-Face","0","https://www.bkstr.com/webapp/wcs/stores/servlet/booklookServlet?bookstore_id-1=584&term_id-1=2022 Spring&crn-1=11056",""
"202210","CHE210","CHEMCL PROC CALCULATIONS I","002","11057","MW","1:00 PM - 2:20 PM","FMH 213","Open","40","21","Armenante, Piero","Face-to-Face","2","https://www.bkstr.com/webapp/wcs/stores/servlet/booklookServlet?bookstore_id-1=584&term_id-1=2022 Spring&crn-1=11057",""
"202210","CHE230","CHEM ENGINEER THERMODYNAMICS I","002","11058","TR","10:00 AM - 12:05 PM","KUPF 207","Open","45","16","Reid, Nellone","Face-to-Face","3","https://www.bkstr.com/webapp/wcs/stores/servlet/booklookServlet?bookstore_id-1=584&term_id-1=2022 Spring&crn-1=11058",""
"202210","CHE240","CHEMICAL PROCESS CALCULATIONII","002","11059","F","1:00 PM - 2:20 PM","KUPF 207","Open","45","34","Khusid, Boris","Face-to-Face","2","https://www.bkstr.com/webapp/wcs/stores/servlet/booklookServlet?bookstore_id-1=584&term_id-1=2022 Spring&crn-1=11059",""
"202210","CHE240","CHEMICAL PROCESS CALCULATIONII","002","11059","W","1:00 PM - 2:20 PM","KUPF 208","Open","45","34","Khusid, Boris","Face-to-Face","2","https://www.bkstr.com/webapp/wcs/stores/servlet/booklookServlet?bookstore_id-1=584&term_id-1=2022 Spring&crn-1=11059",""
"202210","CHE260","FLUID FLOW","002","11060","TR","10:00 AM - 11:20 AM","KUPF 203","Open","45","36","Bilgili, Ecevit","Face-to-Face","3","https://www.bkstr.com/webapp/wcs/stores/servlet/booklookServlet?bookstore_id-1=584&term_id-1=2022 Spring&crn-1=11060",""
"202210","CHE312","CHEMICAL PROCESS SAFETY","002","11061","TR","8:30 AM - 9:50 AM","TIER 108","Open","30","24","Cimino, Richard","Face-to-Face","3","https://www.bkstr.com/webapp/wcs/stores/servlet/booklookServlet?bookstore_id-1=584&term_id-1=2022 Spring&crn-1=11061",""
"202210","CHE312","CHEMICAL PROCESS SAFETY - HONORS","HM2","11062","TR","8:30 AM - 9:50 AM","TIER 108","Open","5","3","Cimino, Richard","Face-to-Face","3","https://www.bkstr.com/webapp/wcs/stores/servlet/booklookServlet?bookstore_id-1=584&term_id-1=2022 Spring&crn-1=11062","Honors Course"
"202210","CHE342","CHEM ENG THERMODYNAM II","002","11063","TR","2:30 PM - 3:50 PM","KUPF 206","Open","35","32","Cimino, Richard","Face-to-Face","3","https://www.bkstr.com/webapp/wcs/stores/servlet/booklookServlet?bookstore_id-1=584&term_id-1=2022 Spring&crn-1=11063",""
"202210","CHE349","KINETICS & REACTOR DESGN","002","11064","TR","2:30 PM - 3:50 PM","CKB 204","Open","60","41","Reid, Nellone","Face-to-Face","3","https://www.bkstr.com/webapp/wcs/stores/servlet/booklookServlet?bookstore_id-1=584&term_id-1=2022 Spring&crn-1=11064",""
"202210","CHE360","SEPARATION PROCESSES I","002","11065","TR","11:30 AM - 12:50 PM","KUPF 208","Open","45","38","Cimino, Richard","Face-to-Face","3","https://www.bkstr.com/webapp/wcs/stores/servlet/booklookServlet?bookstore_id-1=584&term_id-1=2022 Spring&crn-1=11065",""
"202210","CHE365","CHEMICAL ENGR COMPUTING","102","11066","W","6:00 PM - 10:05 PM","TIER 411","Open","45","36","Voronov, Roman","Face-to-Face","3","https://www.bkstr.com/webapp/wcs/stores/servlet/booklookServlet?bookstore_id-1=584&term_id-1=2022 Spring&crn-1=11066",""
"202210","CHE370","HEAT AND MASS TRANSFER","002","11067","MW","11:30 AM - 1:35 PM","FMH 313","Open","30","24","Sebastian, Donald","Face-to-Face","4","https://www.bkstr.com/webapp/wcs/stores/servlet/booklookServlet?bookstore_id-1=584&term_id-1=2022 Spring&crn-1=11067",""
"202210","CHE375","STRCTURE PROP & PROC MATERIALS","002","11068","MW","10:00 AM - 11:20 AM","CKB 226","Open","25","15","Guvendiren, Murat","Face-to-Face","3","https://www.bkstr.com/webapp/wcs/stores/servlet/booklookServlet?bookstore_id-1=584&term_id-1=2022 Spring&crn-1=11068",""
"202210","CHE375","STRCTURE PROP & PROC MATERIALS - HONORS","HM2","11069","MW","10:00 AM - 11:20 AM","CKB 226","Open","5","1","Guvendiren, Murat","Face-to-Face","3","https://www.bkstr.com/webapp/wcs/stores/servlet/booklookServlet?bookstore_id-1=584&term_id-1=2022 Spring&crn-1=11069","Honors Course"
"202210","CHE444","INT TO POLYMER ENGR","002","11070","MW","1:00 PM - 2:20 PM","FMH 409","Open","30","11","McEnnis, Kathleen","Face-to-Face","3","https://www.bkstr.com/webapp/wcs/stores/servlet/booklookServlet?bookstore_id-1=584&term_id-1=2022 Spring&crn-1=11070",""
"202210","CHE444","INT TO POLYMER ENGR - HONORS","HM2","11071","MW","1:00 PM - 2:20 PM","FMH 409","Open","5","1","McEnnis, Kathleen","Face-to-Face","3","https://www.bkstr.com/webapp/wcs/stores/servlet/booklookServlet?bookstore_id-1=584&term_id-1=2022 Spring&crn-1=11071","Honors Course"
"202210","CHE472","PROCESS & PLANT DESIGN","002","11072","TR","4:00 PM - 5:55 PM","TIER 411","Open","45","35","Reid, Nellone","Face-to-Face","4","https://www.bkstr.com/webapp/wcs/stores/servlet/booklookServlet?bookstore_id-1=584&term_id-1=2022 Spring&crn-1=11072",""
"202210","CHE472","PROCESS AND PLANT DESIGN - HONORS","HM2","11073","TR","4:00 PM - 5:55 PM","TIER 411","Closed","5","5","Reid, Nellone","Face-to-Face","4","https://www.bkstr.com/webapp/wcs/stores/servlet/booklookServlet?bookstore_id-1=584&term_id-1=2022 Spring&crn-1=11073","Honors Course"
"202210","CHE489","PROCESS DYNAMICS AND CONTROL","002","11074","M","10:00 AM - 11:55 AM","KUPF 202","Open","45","28","Basuray, Sagnik","Face-to-Face","3","https://www.bkstr.com/webapp/wcs/stores/servlet/booklookServlet?bookstore_id-1=584&term_id-1=2022 Spring&crn-1=11074",""
"202210","CHE489","PROCESS DYNAMICS AND CONTROL","002","11074","W","10:00 AM - 11:55 AM","KUPF 207","Open","45","28","Basuray, Sagnik","Face-to-Face","3","https://www.bkstr.com/webapp/wcs/stores/servlet/booklookServlet?bookstore_id-1=584&term_id-1=2022 Spring&crn-1=11074",""
"202210","CHE490","ST - MOLECULAR SIMULATIONS IN CHEMICAL ENGINEERING - HONORS","HM2","11075","W","6:00 PM - 8:50 PM","CKB 215","Open","6","3","Gor, Gennady","Face-to-Face","3","https://www.bkstr.com/webapp/wcs/stores/servlet/booklookServlet?bookstore_id-1=584&term_id-1=2022 Spring&crn-1=11075","Honors Course"
"202210","CHE491","RESEARCH & INDEP STUDY","071","11076","",""," ","Closed","0","0","Sirkar, Kamalesh","Face-to-Face","3","https://www.bkstr.com/webapp/wcs/stores/servlet/booklookServlet?bookstore_id-1=584&term_id-1=2022 Spring&crn-1=11076",""
"202210","CHE491","RESEARCH & INDEP STUDY","080","11077","",""," ","Closed","0","1","Armenante, Piero","Face-to-Face","3","https://www.bkstr.com/webapp/wcs/stores/servlet/booklookServlet?bookstore_id-1=584&term_id-1=2022 Spring&crn-1=11077",""
"202210","CHE491","RESEARCH & INDEP STUDY","082","11078","",""," ","Closed","0","0","Chintersingh, Kerri Lee","Face-to-Face","3","https://www.bkstr.com/webapp/wcs/stores/servlet/booklookServlet?bookstore_id-1=584&term_id-1=2022 Spring&crn-1=11078",""
"202210","CHE491","RESEARCH & INDEP STUDY","083","15561","",""," ","Closed","0","4","Cimino, Richard","Face-to-Face","3","https://www.bkstr.com/webapp/wcs/stores/servlet/booklookServlet?bookstore_id-1=584&term_id-1=2022 Spring&crn-1=15561",""
"202210","CHE491","RESEARCH & INDEP STUDY","085","11079","",""," ","Closed","0","0","Young, Joshua","Face-to-Face","3","https://www.bkstr.com/webapp/wcs/stores/servlet/booklookServlet?bookstore_id-1=584&term_id-1=2022 Spring&crn-1=11079",""
"202210","CHE491","RESEARCH & INDEP STUDY","087","11080","",""," ","Closed","0","0","Sebastian, Donald","Face-to-Face","3","https://www.bkstr.com/webapp/wcs/stores/servlet/booklookServlet?bookstore_id-1=584&term_id-1=2022 Spring&crn-1=11080",""
"202210","CHE491","RESEARCH & INDEP STUDY","088","11081","",""," ","Closed","0","0","Basuray, Sagnik","Face-to-Face","3","https://www.bkstr.com/webapp/wcs/stores/servlet/booklookServlet?bookstore_id-1=584&term_id-1=2022 Spring&crn-1=11081",""
"202210","CHE491","RESEARCH & INDEP STUDY","089","11082","",""," ","Closed","0","2","Zhao, Mengqiang","Face-to-Face","3","https://www.bkstr.com/webapp/wcs/stores/servlet/booklookServlet?bookstore_id-1=584&term_id-1=2022 Spring&crn-1=11082",""
"202210","CHE491","RESEARCH & INDEP STUDY","090","11083","",""," ","Closed","0","0","Bilgili, Ecevit","Face-to-Face","3","https://www.bkstr.com/webapp/wcs/stores/servlet/booklookServlet?bookstore_id-1=584&term_id-1=2022 Spring&crn-1=11083",""
"202210","CHE491","RESEARCH & INDEP STUDY","091","11084","",""," ","Closed","0","0","Xu, Xiaoyang","Face-to-Face","3","https://www.bkstr.com/webapp/wcs/stores/servlet/booklookServlet?bookstore_id-1=584&term_id-1=2022 Spring&crn-1=11084",""
"202210","CHE491","RESEARCH & INDEP STUDY","093","11085","",""," ","Closed","0","0","McEnnis, Kathleen","Face-to-Face","3","https://www.bkstr.com/webapp/wcs/stores/servlet/booklookServlet?bookstore_id-1=584&term_id-1=2022 Spring&crn-1=11085",""
"202210","CHE491","RESEARCH & INDEP STUDY","111","11086","",""," ","Closed","0","0","Simon, Laurent","Face-to-Face","3","https://www.bkstr.com/webapp/wcs/stores/servlet/booklookServlet?bookstore_id-1=584&term_id-1=2022 Spring&crn-1=11086",""
"202210","CHE491","RESEARCH & INDEP STUDY","116","11087","",""," ","Closed","0","0","Gogos, Costas","Face-to-Face","3","https://www.bkstr.com/webapp/wcs/stores/servlet/booklookServlet?bookstore_id-1=584&term_id-1=2022 Spring&crn-1=11087",""
"202210","CHE491","RESEARCH & INDEP STUDY","119","11088","",""," ","Closed","0","0","Wang, Xianqin","Face-to-Face","3","https://www.bkstr.com/webapp/wcs/stores/servlet/booklookServlet?bookstore_id-1=584&term_id-1=2022 Spring&crn-1=11088",""
"202210","CHE491","RESEARCH & INDEP STUDY","130","11089","",""," ","Closed","0","0","Bozzelli, Joseph","Face-to-Face","3","https://www.bkstr.com/webapp/wcs/stores/servlet/booklookServlet?bookstore_id-1=584&term_id-1=2022 Spring&crn-1=11089",""
"202210","CHE491","RESEARCH & INDEP STUDY","136","11090","",""," ","Closed","0","0","Gund, Tamara","Face-to-Face","3","https://www.bkstr.com/webapp/wcs/stores/servlet/booklookServlet?bookstore_id-1=584&term_id-1=2022 Spring&crn-1=11090",""
"202210","CHE491","RESEARCH & INDEP STUDY","145","11091","",""," ","Closed","0","0","Venerus, David","Face-to-Face","3","https://www.bkstr.com/webapp/wcs/stores/servlet/booklookServlet?bookstore_id-1=584&term_id-1=2022 Spring&crn-1=11091",""
"202210","CHE491","RESEARCH & INDEP STUDY","147","11092","",""," ","Closed","0","0","Kim, Yongick","Face-to-Face","3","https://www.bkstr.com/webapp/wcs/stores/servlet/booklookServlet?bookstore_id-1=584&term_id-1=2022 Spring&crn-1=11092",""
"202210","CHE491","RESEARCH & INDEP STUDY","155","11093","",""," ","Closed","0","0","Iqbal, Zafar","Face-to-Face","3","https://www.bkstr.com/webapp/wcs/stores/servlet/booklookServlet?bookstore_id-1=584&term_id-1=2022 Spring&crn-1=11093",""
"202210","CHE491","RESEARCH & INDEP STUDY","158","11094","",""," ","Closed","0","0","Khalizov, Alexei","Face-to-Face","3","https://www.bkstr.com/webapp/wcs/stores/servlet/booklookServlet?bookstore_id-1=584&term_id-1=2022 Spring&crn-1=11094",""
"202210","CHE491","RESEARCH & INDEP STUDY","182","11095","",""," ","Closed","0","0","Boufadel, Michel","Face-to-Face","3","https://www.bkstr.com/webapp/wcs/stores/servlet/booklookServlet?bookstore_id-1=584&term_id-1=2022 Spring&crn-1=11095",""
"202210","CHE491","RESEARCH & INDEP STUDY","210","15560","",""," ","Closed","0","1","Axe, Lisa","Face-to-Face","3","https://www.bkstr.com/webapp/wcs/stores/servlet/booklookServlet?bookstore_id-1=584&term_id-1=2022 Spring&crn-1=15560",""
"202210","CHE491","RESEARCH & INDEP STUDY","212","11096","",""," ","Closed","0","6","Voronov, Roman","Face-to-Face","3","https://www.bkstr.com/webapp/wcs/stores/servlet/booklookServlet?bookstore_id-1=584&term_id-1=2022 Spring&crn-1=11096",""
"202210","CHE491","RESEARCH & INDEP STUDY","214","11097","",""," ","Closed","0","1","Gor, Gennady","Face-to-Face","3","https://www.bkstr.com/webapp/wcs/stores/servlet/booklookServlet?bookstore_id-1=584&term_id-1=2022 Spring&crn-1=11097",""
"202210","CHE491","RESEARCH & INDEP STUDY","217","11098","",""," ","Closed","0","0","Guvendiren, Murat","Face-to-Face","3","https://www.bkstr.com/webapp/wcs/stores/servlet/booklookServlet?bookstore_id-1=584&term_id-1=2022 Spring&crn-1=11098",""
"202210","CHE491","RESEARCH & INDEP STUDY","445","11099","",""," ","Closed","0","2","Dave, Rajesh","Face-to-Face","3","https://www.bkstr.com/webapp/wcs/stores/servlet/booklookServlet?bookstore_id-1=584&term_id-1=2022 Spring&crn-1=11099",""
"202210","CHE491","RESEARCH & INDEP STUDY","486","11100","",""," ","Closed","0","0","Khusid, Boris","Face-to-Face","3","https://www.bkstr.com/webapp/wcs/stores/servlet/booklookServlet?bookstore_id-1=584&term_id-1=2022 Spring&crn-1=11100",""
"202210","CHE491","RESEARCH & INDEP STUDY","487","11101","",""," ","Closed","0","1","Dreyzin, Edward","Face-to-Face","3","https://www.bkstr.com/webapp/wcs/stores/servlet/booklookServlet?bookstore_id-1=584&term_id-1=2022 Spring&crn-1=11101",""
"202210","CHE491","RESEARCH & INDEP STUDY - HONORS","H02","11102","",""," ","Closed","0","0","","Face-to-Face","3","https://www.bkstr.com/webapp/wcs/stores/servlet/booklookServlet?bookstore_id-1=584&term_id-1=2022 Spring&crn-1=11102","Honors Course"
"202210","CHE492","RESEARCH & INDEP STUDY","071","11103","",""," ","Closed","0","0","Sirkar, Kamalesh","Face-to-Face","3","https://www.bkstr.com/webapp/wcs/stores/servlet/booklookServlet?bookstore_id-1=584&term_id-1=2022 Spring&crn-1=11103",""
"202210","CHE492","RESEARCH & INDEP STUDY","080","11104","",""," ","Closed","0","0","Armenante, Piero","Face-to-Face","3","https://www.bkstr.com/webapp/wcs/stores/servlet/booklookServlet?bookstore_id-1=584&term_id-1=2022 Spring&crn-1=11104",""
"202210","CHE492","RESEARCH & INDEP STUDY","082","11105","",""," ","Closed","0","0","Chintersingh, Kerri Lee","Face-to-Face","3","https://www.bkstr.com/webapp/wcs/stores/servlet/booklookServlet?bookstore_id-1=584&term_id-1=2022 Spring&crn-1=11105",""
"202210","CHE492","RESEARCH & INDEP STUDY","085","11106","",""," ","Closed","0","0","Young, Joshua","Face-to-Face","3","https://www.bkstr.com/webapp/wcs/stores/servlet/booklookServlet?bookstore_id-1=584&term_id-1=2022 Spring&crn-1=11106",""
"202210","CHE492","RESEARCH & INDEP STUDY","087","11107","",""," ","Closed","0","0","Sebastian, Donald","Face-to-Face","3","https://www.bkstr.com/webapp/wcs/stores/servlet/booklookServlet?bookstore_id-1=584&term_id-1=2022 Spring&crn-1=11107",""
"202210","CHE492","RESEARCH & INDEP STUDY","088","11108","",""," ","Closed","0","0","Basuray, Sagnik","Face-to-Face","3","https://www.bkstr.com/webapp/wcs/stores/servlet/booklookServlet?bookstore_id-1=584&term_id-1=2022 Spring&crn-1=11108",""
"202210","CHE492","RESEARCH & INDEP STUDY","089","11109","",""," ","Closed","0","0","Zhao, Mengqiang","Face-to-Face","3","https://www.bkstr.com/webapp/wcs/stores/servlet/booklookServlet?bookstore_id-1=584&term_id-1=2022 Spring&crn-1=11109",""
"202210","CHE492","RESEARCH & INDEP STUDY","090","11110","",""," ","Closed","0","3","Bilgili, Ecevit","Face-to-Face","3","https://www.bkstr.com/webapp/wcs/stores/servlet/booklookServlet?bookstore_id-1=584&term_id-1=2022 Spring&crn-1=11110",""
"202210","CHE492","RESEARCH & INDEP STUDY","091","11111","",""," ","Closed","0","1","Xu, Xiaoyang","Face-to-Face","3","https://www.bkstr.com/webapp/wcs/stores/servlet/booklookServlet?bookstore_id-1=584&term_id-1=2022 Spring&crn-1=11111",""
"202210","CHE492","RESEARCH & INDEP STUDY","093","11112","",""," ","Closed","0","0","McEnnis, Kathleen","Face-to-Face","3","https://www.bkstr.com/webapp/wcs/stores/servlet/booklookServlet?bookstore_id-1=584&term_id-1=2022 Spring&crn-1=11112",""
"202210","CHE492","RESEARCH & INDEP STUDY","111","11113","",""," ","Closed","0","0","Simon, Laurent","Face-to-Face","3","https://www.bkstr.com/webapp/wcs/stores/servlet/booklookServlet?bookstore_id-1=584&term_id-1=2022 Spring&crn-1=11113",""
"202210","CHE492","RESEARCH & INDEP STUDY","116","11114","",""," ","Closed","0","0","Gogos, Costas","Face-to-Face","3","https://www.bkstr.com/webapp/wcs/stores/servlet/booklookServlet?bookstore_id-1=584&term_id-1=2022 Spring&crn-1=11114",""
"202210","CHE492","RESEARCH & INDEP STUDY","119","11115","",""," ","Closed","0","0","Wang, Xianqin","Face-to-Face","3","https://www.bkstr.com/webapp/wcs/stores/servlet/booklookServlet?bookstore_id-1=584&term_id-1=2022 Spring&crn-1=11115",""
"202210","CHE492","RESEARCH & INDEP STUDY","130","11116","",""," ","Closed","0","0","Bozzelli, Joseph","Face-to-Face","3","https://www.bkstr.com/webapp/wcs/stores/servlet/booklookServlet?bookstore_id-1=584&term_id-1=2022 Spring&crn-1=11116",""
"202210","CHE492","RESEARCH & INDEP STUDY","145","11117","",""," ","Closed","0","0","Venerus, David","Face-to-Face","3","https://www.bkstr.com/webapp/wcs/stores/servlet/booklookServlet?bookstore_id-1=584&term_id-1=2022 Spring&crn-1=11117",""
"202210","CHE492","RESEARCH & INDEP STUDY","150","11118","",""," ","Closed","0","0","Krasnoperov, Lev","Face-to-Face","3","https://www.bkstr.com/webapp/wcs/stores/servlet/booklookServlet?bookstore_id-1=584&term_id-1=2022 Spring&crn-1=11118",""
"202210","CHE492","RESEARCH & INDEP STUDY","155","11119","",""," ","Closed","0","0","Iqbal, Zafar","Face-to-Face","3","https://www.bkstr.com/webapp/wcs/stores/servlet/booklookServlet?bookstore_id-1=584&term_id-1=2022 Spring&crn-1=11119",""
"202210","CHE492","RESEARCH & INDEP STUDY","158","11120","",""," ","Closed","0","0","Khalizov, Alexei","Face-to-Face","3","https://www.bkstr.com/webapp/wcs/stores/servlet/booklookServlet?bookstore_id-1=584&term_id-1=2022 Spring&crn-1=11120",""
"202210","CHE492","RESEARCH & INDEP STUDY","182","11121","",""," ","Closed","0","0","Boufadel, Michel","Face-to-Face","3","https://www.bkstr.com/webapp/wcs/stores/servlet/booklookServlet?bookstore_id-1=584&term_id-1=2022 Spring&crn-1=11121",""
"202210","CHE492","RESEARCH & INDEP STUDY","212","11122","",""," ","Closed","0","1","Voronov, Roman","Face-to-Face","3","https://www.bkstr.com/webapp/wcs/stores/servlet/booklookServlet?bookstore_id-1=584&term_id-1=2022 Spring&crn-1=11122",""
"202210","CHE492","RESEARCH & INDEP STUDY","214","11123","",""," ","Closed","0","0","Gor, Gennady","Face-to-Face","3","https://www.bkstr.com/webapp/wcs/stores/servlet/booklookServlet?bookstore_id-1=584&term_id-1=2022 Spring&crn-1=11123",""
"202210","CHE492","RESEARCH & INDEP STUDY","217","11124","",""," ","Closed","0","0","Guvendiren, Murat","Face-to-Face","3","https://www.bkstr.com/webapp/wcs/stores/servlet/booklookServlet?bookstore_id-1=584&term_id-1=2022 Spring&crn-1=11124",""
"202210","CHE492","RESEARCH & INDEP STUDY","445","11125","",""," ","Closed","0","0","Dave, Rajesh","Face-to-Face","3","https://www.bkstr.com/webapp/wcs/stores/servlet/booklookServlet?bookstore_id-1=584&term_id-1=2022 Spring&crn-1=11125",""
"202210","CHE492","RESEARCH & INDEP STUDY","486","11126","",""," ","Closed","0","0","Khusid, Boris","Face-to-Face","3","https://www.bkstr.com/webapp/wcs/stores/servlet/booklookServlet?bookstore_id-1=584&term_id-1=2022 Spring&crn-1=11126",""
"202210","CHE492","RESEARCH & INDEP STUDY","487","11127","",""," ","Closed","0","0","Dreyzin, Edward","Face-to-Face","3","https://www.bkstr.com/webapp/wcs/stores/servlet/booklookServlet?bookstore_id-1=584&term_id-1=2022 Spring&crn-1=11127",""
"202210","CHE495","CHEMICAL ENGINEERING LAB I","002","11128","F","9:15 AM - 11:10 AM","TIER 411","Open","32","21","Rankin, Rees","Face-to-Face","2","https://www.bkstr.com/webapp/wcs/stores/servlet/booklookServlet?bookstore_id-1=584&term_id-1=2022 Spring&crn-1=11128",""
"202210","CHE495","CHEMICAL ENGINEERING LAB I","002","11128","M","2:30 PM - 5:20 PM","TIER 411","Open","32","21","Rankin, Rees","Face-to-Face","2","https://www.bkstr.com/webapp/wcs/stores/servlet/booklookServlet?bookstore_id-1=584&term_id-1=2022 Spring&crn-1=11128",""
"202210","CHE496","CHEMICAL ENGINEERING LAB II","002","11129","R","1:00 PM - 3:50 PM","TIER 411","Closed","20","22","Molodetsky, Irina","Face-to-Face","3","https://www.bkstr.com/webapp/wcs/stores/servlet/booklookServlet?bookstore_id-1=584&term_id-1=2022 Spring&crn-1=11129",""
"202210","CHE496","CHEMICAL ENGINEERING LAB II","002","11129","T","1:00 PM - 3:50 PM","TIER 411","Closed","20","22","Molodetsky, Irina","Face-to-Face","3","https://www.bkstr.com/webapp/wcs/stores/servlet/booklookServlet?bookstore_id-1=584&term_id-1=2022 Spring&crn-1=11129",""
"202210","CHE496","CHEMICAL ENGINEERING LAB II","004","11130","F","1:00 PM - 3:50 PM","TIER 411","Open","20","19","Molodetsky, Irina","Face-to-Face","3","https://www.bkstr.com/webapp/wcs/stores/servlet/booklookServlet?bookstore_id-1=584&term_id-1=2022 Spring&crn-1=11130",""
"202210","CHE496","CHEMICAL ENGINEERING LAB II","004","11130","T","8:30 AM - 11:20 AM","TIER 411","Open","20","19","Molodetsky, Irina","Face-to-Face","3","https://www.bkstr.com/webapp/wcs/stores/servlet/booklookServlet?bookstore_id-1=584&term_id-1=2022 Spring&crn-1=11130",""
"202210","CHE590","GRADUATE CO-OP WORK EXPER I","084","11131","",""," ","Closed","0","0","Obuskovic, Gordana","Face-to-Face","1","https://www.bkstr.com/webapp/wcs/stores/servlet/booklookServlet?bookstore_id-1=584&term_id-1=2022 Spring&crn-1=11131",""
"202210","CHE591","GRADUATE CO-OP WORK EXPER II","084","11132","",""," ","Closed","0","0","Obuskovic, Gordana","Face-to-Face","1","https://www.bkstr.com/webapp/wcs/stores/servlet/booklookServlet?bookstore_id-1=584&term_id-1=2022 Spring&crn-1=11132",""
"202210","CHE592","GRADUATE CO-OP WORK EXPER III","084","11133","",""," ","Closed","0","0","Obuskovic, Gordana","Face-to-Face","1","https://www.bkstr.com/webapp/wcs/stores/servlet/booklookServlet?bookstore_id-1=584&term_id-1=2022 Spring&crn-1=11133",""
"202210","CHE593","GRADUATE CO-OP WORK EXP IV","084","11134","",""," ","Closed","0","0","Obuskovic, Gordana","Face-to-Face","0","https://www.bkstr.com/webapp/wcs/stores/servlet/booklookServlet?bookstore_id-1=584&term_id-1=2022 Spring&crn-1=11134",""
"202210","CHE611","THERMODYNAMICS","102","11135","R","6:00 PM - 8:50 PM","CKB 313","Open","35","30","Dreyzin, Edward","Face-to-Face","3","https://www.bkstr.com/webapp/wcs/stores/servlet/booklookServlet?bookstore_id-1=584&term_id-1=2022 Spring&crn-1=11135",""
"202210","CHE624","TRANSPORT PHENOMENA","102","11136","T","6:00 PM - 8:50 PM","FMH 403","Open","35","19","Venerus, David","Face-to-Face","3","https://www.bkstr.com/webapp/wcs/stores/servlet/booklookServlet?bookstore_id-1=584&term_id-1=2022 Spring&crn-1=11136",""
"202210","CHE700B","MASTERS PROJECT","061","15979","",""," ","Closed","0","1","Kumar, Vivek","Face-to-Face","3","https://www.bkstr.com/webapp/wcs/stores/servlet/booklookServlet?bookstore_id-1=584&term_id-1=2022 Spring&crn-1=15979",""
"202210","CHE700B","MASTERS PROJECT","071","11137","",""," ","Closed","0","0","Sirkar, Kamalesh","Face-to-Face","3","https://www.bkstr.com/webapp/wcs/stores/servlet/booklookServlet?bookstore_id-1=584&term_id-1=2022 Spring&crn-1=11137",""
"202210","CHE700B","MASTERS PROJECT","080","11138","",""," ","Closed","0","0","Armenante, Piero","Face-to-Face","3","https://www.bkstr.com/webapp/wcs/stores/servlet/booklookServlet?bookstore_id-1=584&term_id-1=2022 Spring&crn-1=11138",""
"202210","CHE700B","MASTERS PROJECT","081","11139","",""," ","Closed","0","0","Baltzis, Basil","Face-to-Face","3","https://www.bkstr.com/webapp/wcs/stores/servlet/booklookServlet?bookstore_id-1=584&term_id-1=2022 Spring&crn-1=11139",""
"202210","CHE700B","MASTERS PROJECT","082","11140","",""," ","Closed","0","0","Chintersingh, Kerri Lee","Face-to-Face","3","https://www.bkstr.com/webapp/wcs/stores/servlet/booklookServlet?bookstore_id-1=584&term_id-1=2022 Spring&crn-1=11140",""
"202210","CHE700B","MASTERS PROJECT","085","11141","",""," ","Closed","0","0","Young, Joshua","Face-to-Face","3","https://www.bkstr.com/webapp/wcs/stores/servlet/booklookServlet?bookstore_id-1=584&term_id-1=2022 Spring&crn-1=11141",""
"202210","CHE700B","MASTERS PROJECT","087","11142","",""," ","Closed","0","0","Sebastian, Donald","Face-to-Face","3","https://www.bkstr.com/webapp/wcs/stores/servlet/booklookServlet?bookstore_id-1=584&term_id-1=2022 Spring&crn-1=11142",""
"202210","CHE700B","MASTERS PROJECT","088","11143","",""," ","Closed","0","0","Basuray, Sagnik","Face-to-Face","3","https://www.bkstr.com/webapp/wcs/stores/servlet/booklookServlet?bookstore_id-1=584&term_id-1=2022 Spring&crn-1=11143",""
"202210","CHE700B","MASTERS PROJECT","089","11144","",""," ","Closed","0","1","Zhao, Mengqiang","Face-to-Face","3","https://www.bkstr.com/webapp/wcs/stores/servlet/booklookServlet?bookstore_id-1=584&term_id-1=2022 Spring&crn-1=11144",""
"202210","CHE700B","MASTERS PROJECT","090","11145","",""," ","Closed","0","0","Bilgili, Ecevit","Face-to-Face","3","https://www.bkstr.com/webapp/wcs/stores/servlet/booklookServlet?bookstore_id-1=584&term_id-1=2022 Spring&crn-1=11145",""
"202210","CHE700B","MASTERS PROJECT","091","11146","",""," ","Closed","0","0","Xu, Xiaoyang","Face-to-Face","3","https://www.bkstr.com/webapp/wcs/stores/servlet/booklookServlet?bookstore_id-1=584&term_id-1=2022 Spring&crn-1=11146",""
"202210","CHE700B","MASTERS PROJECT","093","11147","",""," ","Closed","0","0","McEnnis, Kathleen","Face-to-Face","3","https://www.bkstr.com/webapp/wcs/stores/servlet/booklookServlet?bookstore_id-1=584&term_id-1=2022 Spring&crn-1=11147",""
"202210","CHE700B","MASTERS PROJECT","111","11148","",""," ","Closed","0","0","Simon, Laurent","Face-to-Face","3","https://www.bkstr.com/webapp/wcs/stores/servlet/booklookServlet?bookstore_id-1=584&term_id-1=2022 Spring&crn-1=11148",""
"202210","CHE700B","MASTERS PROJECT","114","11149","",""," ","Closed","0","0","Schoenitz, Mirko","Face-to-Face","3","https://www.bkstr.com/webapp/wcs/stores/servlet/booklookServlet?bookstore_id-1=584&term_id-1=2022 Spring&crn-1=11149",""
"202210","CHE700B","MASTERS PROJECT","116","11150","",""," ","Closed","0","0","Gogos, Costas","Face-to-Face","3","https://www.bkstr.com/webapp/wcs/stores/servlet/booklookServlet?bookstore_id-1=584&term_id-1=2022 Spring&crn-1=11150",""
"202210","CHE700B","MASTERS PROJECT","119","11151","",""," ","Closed","0","0","Wang, Xianqin","Face-to-Face","3","https://www.bkstr.com/webapp/wcs/stores/servlet/booklookServlet?bookstore_id-1=584&term_id-1=2022 Spring&crn-1=11151",""
"202210","CHE700B","MASTERS PROJECT","136","11152","",""," ","Closed","0","0","Gund, Tamara","Face-to-Face","3","https://www.bkstr.com/webapp/wcs/stores/servlet/booklookServlet?bookstore_id-1=584&term_id-1=2022 Spring&crn-1=11152",""
"202210","CHE700B","MASTERS PROJECT","145","11153","",""," ","Closed","0","0","Venerus, David","Face-to-Face","3","https://www.bkstr.com/webapp/wcs/stores/servlet/booklookServlet?bookstore_id-1=584&term_id-1=2022 Spring&crn-1=11153",""
"202210","CHE700B","MASTERS PROJECT","147","11154","",""," ","Closed","0","0","Kim, Yongick","Face-to-Face","3","https://www.bkstr.com/webapp/wcs/stores/servlet/booklookServlet?bookstore_id-1=584&term_id-1=2022 Spring&crn-1=11154",""
"202210","CHE700B","MASTERS PROJECT","148","11155","",""," ","Closed","0","0","Mitra, Somenath","Face-to-Face","3","https://www.bkstr.com/webapp/wcs/stores/servlet/booklookServlet?bookstore_id-1=584&term_id-1=2022 Spring&crn-1=11155",""
"202210","CHE700B","MASTERS PROJECT","150","11156","",""," ","Closed","0","0","","Face-to-Face","3","https://www.bkstr.com/webapp/wcs/stores/servlet/booklookServlet?bookstore_id-1=584&term_id-1=2022 Spring&crn-1=11156",""
"202210","CHE700B","MASTERS PROJECT","158","11157","",""," ","Closed","0","0","Khalizov, Alexei","Face-to-Face","3","https://www.bkstr.com/webapp/wcs/stores/servlet/booklookServlet?bookstore_id-1=584&term_id-1=2022 Spring&crn-1=11157",""
"202210","CHE700B","MASTERS PROJECT","212","11158","",""," ","Closed","0","0","Voronov, Roman","Face-to-Face","3","https://www.bkstr.com/webapp/wcs/stores/servlet/booklookServlet?bookstore_id-1=584&term_id-1=2022 Spring&crn-1=11158",""
"202210","CHE700B","MASTERS PROJECT","214","11159","",""," ","Closed","0","0","Gor, Gennady","Face-to-Face","3","https://www.bkstr.com/webapp/wcs/stores/servlet/booklookServlet?bookstore_id-1=584&term_id-1=2022 Spring&crn-1=11159",""
"202210","CHE700B","MASTERS PROJECT","217","11160","",""," ","Closed","0","0","Guvendiren, Murat","Face-to-Face","3","https://www.bkstr.com/webapp/wcs/stores/servlet/booklookServlet?bookstore_id-1=584&term_id-1=2022 Spring&crn-1=11160",""
"202210","CHE700B","MASTERS PROJECT","445","11161","",""," ","Closed","0","0","Dave, Rajesh","Face-to-Face","3","https://www.bkstr.com/webapp/wcs/stores/servlet/booklookServlet?bookstore_id-1=584&term_id-1=2022 Spring&crn-1=11161",""
"202210","CHE700B","MASTERS PROJECT","486","11162","",""," ","Closed","0","0","Khusid, Boris","Face-to-Face","3","https://www.bkstr.com/webapp/wcs/stores/servlet/booklookServlet?bookstore_id-1=584&term_id-1=2022 Spring&crn-1=11162",""
"202210","CHE700B","MASTERS PROJECT","487","11163","",""," ","Closed","0","0","Dreyzin, Edward","Face-to-Face","3","https://www.bkstr.com/webapp/wcs/stores/servlet/booklookServlet?bookstore_id-1=584&term_id-1=2022 Spring&crn-1=11163",""
"202210","CHE701B","MASTERS THESIS","071","11164","",""," ","Closed","0","0","Sirkar, Kamalesh","Face-to-Face","3","https://www.bkstr.com/webapp/wcs/stores/servlet/booklookServlet?bookstore_id-1=584&term_id-1=2022 Spring&crn-1=11164",""
"202210","CHE701B","MASTERS THESIS","080","11165","",""," ","Closed","0","0","Armenante, Piero","Face-to-Face","3","https://www.bkstr.com/webapp/wcs/stores/servlet/booklookServlet?bookstore_id-1=584&term_id-1=2022 Spring&crn-1=11165",""
"202210","CHE701B","MASTERS THESIS","081","11166","",""," ","Closed","0","0","Baltzis, Basil","Face-to-Face","3","https://www.bkstr.com/webapp/wcs/stores/servlet/booklookServlet?bookstore_id-1=584&term_id-1=2022 Spring&crn-1=11166",""
"202210","CHE701B","MASTERS THESIS","082","11167","",""," ","Closed","0","0","Chintersingh, Kerri Lee","Face-to-Face","3","https://www.bkstr.com/webapp/wcs/stores/servlet/booklookServlet?bookstore_id-1=584&term_id-1=2022 Spring&crn-1=11167",""
"202210","CHE701B","MASTERS THESIS","085","11168","",""," ","Closed","0","0","Young, Joshua","Face-to-Face","3","https://www.bkstr.com/webapp/wcs/stores/servlet/booklookServlet?bookstore_id-1=584&term_id-1=2022 Spring&crn-1=11168",""
"202210","CHE701B","MASTERS THESIS","087","11169","",""," ","Closed","0","0","Sebastian, Donald","Face-to-Face","3","https://www.bkstr.com/webapp/wcs/stores/servlet/booklookServlet?bookstore_id-1=584&term_id-1=2022 Spring&crn-1=11169",""
"202210","CHE701B","MASTERS THESIS","088","11170","",""," ","Closed","0","0","Basuray, Sagnik","Face-to-Face","3","https://www.bkstr.com/webapp/wcs/stores/servlet/booklookServlet?bookstore_id-1=584&term_id-1=2022 Spring&crn-1=11170",""
"202210","CHE701B","MASTERS THESIS","089","11171","",""," ","Closed","0","0","Zhao, Mengqiang","Face-to-Face","3","https://www.bkstr.com/webapp/wcs/stores/servlet/booklookServlet?bookstore_id-1=584&term_id-1=2022 Spring&crn-1=11171",""
"202210","CHE701B","MASTERS THESIS","090","11172","",""," ","Closed","0","0","Bilgili, Ecevit","Face-to-Face","3","https://www.bkstr.com/webapp/wcs/stores/servlet/booklookServlet?bookstore_id-1=584&term_id-1=2022 Spring&crn-1=11172",""
"202210","CHE701B","MASTERS THESIS","091","11173","",""," ","Closed","0","0","Xu, Xiaoyang","Face-to-Face","3","https://www.bkstr.com/webapp/wcs/stores/servlet/booklookServlet?bookstore_id-1=584&term_id-1=2022 Spring&crn-1=11173",""
"202210","CHE701B","MASTERS THESIS","093","11174","",""," ","Closed","0","0","McEnnis, Kathleen","Face-to-Face","3","https://www.bkstr.com/webapp/wcs/stores/servlet/booklookServlet?bookstore_id-1=584&term_id-1=2022 Spring&crn-1=11174",""
"202210","CHE701B","MASTERS THESIS","111","11175","",""," ","Closed","0","0","Simon, Laurent","Face-to-Face","3","https://www.bkstr.com/webapp/wcs/stores/servlet/booklookServlet?bookstore_id-1=584&term_id-1=2022 Spring&crn-1=11175",""
"202210","CHE701B","MASTERS THESIS","114","11176","",""," ","Closed","0","0","Schoenitz, Mirko","Face-to-Face","3","https://www.bkstr.com/webapp/wcs/stores/servlet/booklookServlet?bookstore_id-1=584&term_id-1=2022 Spring&crn-1=11176",""
"202210","CHE701B","MASTERS THESIS","116","11177","",""," ","Closed","0","0","Gogos, Costas","Face-to-Face","3","https://www.bkstr.com/webapp/wcs/stores/servlet/booklookServlet?bookstore_id-1=584&term_id-1=2022 Spring&crn-1=11177",""
"202210","CHE701B","MASTERS THESIS","119","11178","",""," ","Closed","0","0","Wang, Xianqin","Face-to-Face","3","https://www.bkstr.com/webapp/wcs/stores/servlet/booklookServlet?bookstore_id-1=584&term_id-1=2022 Spring&crn-1=11178",""
"202210","CHE701B","MASTERS THESIS","136","11179","",""," ","Closed","0","0","Gund, Tamara","Face-to-Face","3","https://www.bkstr.com/webapp/wcs/stores/servlet/booklookServlet?bookstore_id-1=584&term_id-1=2022 Spring&crn-1=11179",""
"202210","CHE701B","MASTERS THESIS","145","11180","",""," ","Closed","0","0","Venerus, David","Face-to-Face","3","https://www.bkstr.com/webapp/wcs/stores/servlet/booklookServlet?bookstore_id-1=584&term_id-1=2022 Spring&crn-1=11180",""
"202210","CHE701B","MASTERS THESIS","147","11181","",""," ","Closed","0","0","Kim, Yongick","Face-to-Face","3","https://www.bkstr.com/webapp/wcs/stores/servlet/booklookServlet?bookstore_id-1=584&term_id-1=2022 Spring&crn-1=11181",""
"202210","CHE701B","MASTERS THESIS","148","11182","",""," ","Closed","0","0","Mitra, Somenath","Face-to-Face","3","https://www.bkstr.com/webapp/wcs/stores/servlet/booklookServlet?bookstore_id-1=584&term_id-1=2022 Spring&crn-1=11182",""
"202210","CHE701B","MASTERS THESIS","150","11183","",""," ","Closed","0","0","","Face-to-Face","3","https://www.bkstr.com/webapp/wcs/stores/servlet/booklookServlet?bookstore_id-1=584&term_id-1=2022 Spring&crn-1=11183",""
"202210","CHE701B","MASTERS THESIS","158","11184","",""," ","Closed","0","0","Khalizov, Alexei","Face-to-Face","3","https://www.bkstr.com/webapp/wcs/stores/servlet/booklookServlet?bookstore_id-1=584&term_id-1=2022 Spring&crn-1=11184",""
"202210","CHE701B","MASTERS THESIS","212","11185","",""," ","Closed","0","0","Voronov, Roman","Face-to-Face","3","https://www.bkstr.com/webapp/wcs/stores/servlet/booklookServlet?bookstore_id-1=584&term_id-1=2022 Spring&crn-1=11185",""
"202210","CHE701B","MASTERS THESIS","214","11186","",""," ","Closed","0","0","Gor, Gennady","Face-to-Face","3","https://www.bkstr.com/webapp/wcs/stores/servlet/booklookServlet?bookstore_id-1=584&term_id-1=2022 Spring&crn-1=11186",""
"202210","CHE701B","MASTERS THESIS","217","11187","",""," ","Closed","0","0","Guvendiren, Murat","Face-to-Face","3","https://www.bkstr.com/webapp/wcs/stores/servlet/booklookServlet?bookstore_id-1=584&term_id-1=2022 Spring&crn-1=11187",""
"202210","CHE701B","MASTERS THESIS","445","11188","",""," ","Closed","0","0","Dave, Rajesh","Face-to-Face","3","https://www.bkstr.com/webapp/wcs/stores/servlet/booklookServlet?bookstore_id-1=584&term_id-1=2022 Spring&crn-1=11188",""
"202210","CHE701B","MASTERS THESIS","486","11189","",""," ","Closed","0","0","Khusid, Boris","Face-to-Face","3","https://www.bkstr.com/webapp/wcs/stores/servlet/booklookServlet?bookstore_id-1=584&term_id-1=2022 Spring&crn-1=11189",""
"202210","CHE701B","MASTERS THESIS","487","11190","",""," ","Closed","0","0","Dreyzin, Edward","Face-to-Face","3","https://www.bkstr.com/webapp/wcs/stores/servlet/booklookServlet?bookstore_id-1=584&term_id-1=2022 Spring&crn-1=11190",""
"202210","CHE701C","MASTERS THESIS","071","11191","",""," ","Closed","0","0","Sirkar, Kamalesh","Face-to-Face","6","https://www.bkstr.com/webapp/wcs/stores/servlet/booklookServlet?bookstore_id-1=584&term_id-1=2022 Spring&crn-1=11191",""
"202210","CHE701C","MASTERS THESIS","080","11192","",""," ","Closed","0","0","Armenante, Piero","Face-to-Face","6","https://www.bkstr.com/webapp/wcs/stores/servlet/booklookServlet?bookstore_id-1=584&term_id-1=2022 Spring&crn-1=11192",""
"202210","CHE701C","MASTERS THESIS","081","11193","",""," ","Closed","0","0","Baltzis, Basil","Face-to-Face","6","https://www.bkstr.com/webapp/wcs/stores/servlet/booklookServlet?bookstore_id-1=584&term_id-1=2022 Spring&crn-1=11193",""
"202210","CHE701C","MASTERS THESIS","082","11194","",""," ","Closed","0","0","Chintersingh, Kerri Lee","Face-to-Face","6","https://www.bkstr.com/webapp/wcs/stores/servlet/booklookServlet?bookstore_id-1=584&term_id-1=2022 Spring&crn-1=11194",""
"202210","CHE701C","MASTERS THESIS","087","11195","",""," ","Closed","0","0","Sebastian, Donald","Face-to-Face","6","https://www.bkstr.com/webapp/wcs/stores/servlet/booklookServlet?bookstore_id-1=584&term_id-1=2022 Spring&crn-1=11195",""
"202210","CHE701C","MASTERS THESIS","088","11196","",""," ","Closed","0","0","Basuray, Sagnik","Face-to-Face","6","https://www.bkstr.com/webapp/wcs/stores/servlet/booklookServlet?bookstore_id-1=584&term_id-1=2022 Spring&crn-1=11196",""
"202210","CHE701C","MASTERS THESIS","090","11197","",""," ","Closed","0","0","Bilgili, Ecevit","Face-to-Face","6","https://www.bkstr.com/webapp/wcs/stores/servlet/booklookServlet?bookstore_id-1=584&term_id-1=2022 Spring&crn-1=11197",""
"202210","CHE701C","MASTERS THESIS","091","11198","",""," ","Closed","0","0","Xu, Xiaoyang","Face-to-Face","6","https://www.bkstr.com/webapp/wcs/stores/servlet/booklookServlet?bookstore_id-1=584&term_id-1=2022 Spring&crn-1=11198",""
"202210","CHE701C","MASTERS THESIS","093","11199","",""," ","Closed","0","0","McEnnis, Kathleen","Face-to-Face","6","https://www.bkstr.com/webapp/wcs/stores/servlet/booklookServlet?bookstore_id-1=584&term_id-1=2022 Spring&crn-1=11199",""
"202210","CHE701C","MASTERS THESIS","111","11200","",""," ","Closed","0","0","Simon, Laurent","Face-to-Face","6","https://www.bkstr.com/webapp/wcs/stores/servlet/booklookServlet?bookstore_id-1=584&term_id-1=2022 Spring&crn-1=11200",""
"202210","CHE701C","MASTERS THESIS","114","11201","",""," ","Closed","0","0","Schoenitz, Mirko","Face-to-Face","6","https://www.bkstr.com/webapp/wcs/stores/servlet/booklookServlet?bookstore_id-1=584&term_id-1=2022 Spring&crn-1=11201",""
"202210","CHE701C","MASTERS THESIS","119","11202","",""," ","Closed","0","0","Wang, Xianqin","Face-to-Face","6","https://www.bkstr.com/webapp/wcs/stores/servlet/booklookServlet?bookstore_id-1=584&term_id-1=2022 Spring&crn-1=11202",""
"202210","CHE701C","MASTERS THESIS","158","11203","",""," ","Closed","0","0","Khalizov, Alexei","Face-to-Face","6","https://www.bkstr.com/webapp/wcs/stores/servlet/booklookServlet?bookstore_id-1=584&term_id-1=2022 Spring&crn-1=11203",""
"202210","CHE701C","MASTERS THESIS","212","11204","",""," ","Closed","0","0","Voronov, Roman","Face-to-Face","6","https://www.bkstr.com/webapp/wcs/stores/servlet/booklookServlet?bookstore_id-1=584&term_id-1=2022 Spring&crn-1=11204",""
"202210","CHE701C","MASTERS THESIS","214","11205","",""," ","Closed","0","0","Gor, Gennady","Face-to-Face","6","https://www.bkstr.com/webapp/wcs/stores/servlet/booklookServlet?bookstore_id-1=584&term_id-1=2022 Spring&crn-1=11205",""
"202210","CHE701C","MASTERS THESIS","217","11206","",""," ","Closed","0","0","Guvendiren, Murat","Face-to-Face","6","https://www.bkstr.com/webapp/wcs/stores/servlet/booklookServlet?bookstore_id-1=584&term_id-1=2022 Spring&crn-1=11206",""
"202210","CHE701C","MASTERS THESIS","445","11207","",""," ","Closed","0","0","Dave, Rajesh","Face-to-Face","6","https://www.bkstr.com/webapp/wcs/stores/servlet/booklookServlet?bookstore_id-1=584&term_id-1=2022 Spring&crn-1=11207",""
"202210","CHE701C","MASTERS THESIS","486","11208","",""," ","Closed","0","0","Khusid, Boris","Face-to-Face","6","https://www.bkstr.com/webapp/wcs/stores/servlet/booklookServlet?bookstore_id-1=584&term_id-1=2022 Spring&crn-1=11208",""
"202210","CHE701C","MASTERS THESIS","487","11209","",""," ","Closed","0","0","Dreyzin, Edward","Face-to-Face","6","https://www.bkstr.com/webapp/wcs/stores/servlet/booklookServlet?bookstore_id-1=584&term_id-1=2022 Spring&crn-1=11209",""
"202210","CHE702","ST: INTRODUCTION TO THERAPEUTIC DRUG DELIVERY","102","11210","M","6:00 PM - 8:50 PM","CKB 313","Open","30","13","Xu, Xiaoyang","Face-to-Face","3","https://www.bkstr.com/webapp/wcs/stores/servlet/booklookServlet?bookstore_id-1=584&term_id-1=2022 Spring&crn-1=11210",""
"202210","CHE705","INDEPENDENT STUDY I","071","11211","",""," ","Closed","0","1","Sirkar, Kamalesh","Face-to-Face","3","https://www.bkstr.com/webapp/wcs/stores/servlet/booklookServlet?bookstore_id-1=584&term_id-1=2022 Spring&crn-1=11211",""
"202210","CHE705","INDEPENDENT STUDY I","081","11212","",""," ","Closed","0","0","Baltzis, Basil","Face-to-Face","3","https://www.bkstr.com/webapp/wcs/stores/servlet/booklookServlet?bookstore_id-1=584&term_id-1=2022 Spring&crn-1=11212",""
"202210","CHE705","INDEPENDENT STUDY I","082","11213","",""," ","Closed","0","0","Chintersingh, Kerri Lee","Face-to-Face","3","https://www.bkstr.com/webapp/wcs/stores/servlet/booklookServlet?bookstore_id-1=584&term_id-1=2022 Spring&crn-1=11213",""
"202210","CHE705","INDEPENDENT STUDY I","088","11214","",""," ","Closed","0","0","Basuray, Sagnik","Face-to-Face","3","https://www.bkstr.com/webapp/wcs/stores/servlet/booklookServlet?bookstore_id-1=584&term_id-1=2022 Spring&crn-1=11214",""
"202210","CHE705","INDEPENDENT STUDY I","089","11215","",""," ","Closed","0","0","Zhao, Mengqiang","Face-to-Face","3","https://www.bkstr.com/webapp/wcs/stores/servlet/booklookServlet?bookstore_id-1=584&term_id-1=2022 Spring&crn-1=11215",""
"202210","CHE705","INDEPENDENT STUDY I","090","11216","",""," ","Closed","0","0","Bilgili, Ecevit","Face-to-Face","3","https://www.bkstr.com/webapp/wcs/stores/servlet/booklookServlet?bookstore_id-1=584&term_id-1=2022 Spring&crn-1=11216",""
"202210","CHE705","INDEPENDENT STUDY I","091","11217","",""," ","Closed","0","0","Xu, Xiaoyang","Face-to-Face","3","https://www.bkstr.com/webapp/wcs/stores/servlet/booklookServlet?bookstore_id-1=584&term_id-1=2022 Spring&crn-1=11217",""
"202210","CHE705","INDEPENDENT STUDY I","093","11218","",""," ","Closed","0","0","McEnnis, Kathleen","Face-to-Face","3","https://www.bkstr.com/webapp/wcs/stores/servlet/booklookServlet?bookstore_id-1=584&term_id-1=2022 Spring&crn-1=11218",""
"202210","CHE705","INDEPENDENT STUDY I","111","11219","",""," ","Closed","0","0","Simon, Laurent","Face-to-Face","3","https://www.bkstr.com/webapp/wcs/stores/servlet/booklookServlet?bookstore_id-1=584&term_id-1=2022 Spring&crn-1=11219",""
"202210","CHE705","INDEPENDENT STUDY I","114","11220","",""," ","Closed","0","0","Schoenitz, Mirko","Face-to-Face","3","https://www.bkstr.com/webapp/wcs/stores/servlet/booklookServlet?bookstore_id-1=584&term_id-1=2022 Spring&crn-1=11220",""
"202210","CHE705","INDEPENDENT STUDY I","116","11221","",""," ","Closed","0","0","Gogos, Costas","Face-to-Face","3","https://www.bkstr.com/webapp/wcs/stores/servlet/booklookServlet?bookstore_id-1=584&term_id-1=2022 Spring&crn-1=11221",""
"202210","CHE705","INDEPENDENT STUDY I","119","11222","",""," ","Closed","0","1","Wang, Xianqin","Face-to-Face","3","https://www.bkstr.com/webapp/wcs/stores/servlet/booklookServlet?bookstore_id-1=584&term_id-1=2022 Spring&crn-1=11222",""
"202210","CHE705","INDEPENDENT STUDY I","145","11223","",""," ","Closed","0","0","Venerus, David","Face-to-Face","3","https://www.bkstr.com/webapp/wcs/stores/servlet/booklookServlet?bookstore_id-1=584&term_id-1=2022 Spring&crn-1=11223",""
"202210","CHE705","INDEPENDENT STUDY I","155","11224","",""," ","Closed","0","0","Iqbal, Zafar","Face-to-Face","3","https://www.bkstr.com/webapp/wcs/stores/servlet/booklookServlet?bookstore_id-1=584&term_id-1=2022 Spring&crn-1=11224",""
"202210","CHE705","INDEPENDENT STUDY I","158","11225","",""," ","Closed","0","0","Khalizov, Alexei","Face-to-Face","3","https://www.bkstr.com/webapp/wcs/stores/servlet/booklookServlet?bookstore_id-1=584&term_id-1=2022 Spring&crn-1=11225",""
"202210","CHE705","INDEPENDENT STUDY I","212","11226","",""," ","Closed","0","0","Voronov, Roman","Face-to-Face","3","https://www.bkstr.com/webapp/wcs/stores/servlet/booklookServlet?bookstore_id-1=584&term_id-1=2022 Spring&crn-1=11226",""
"202210","CHE705","INDEPENDENT STUDY I","214","11227","",""," ","Closed","0","0","Gor, Gennady","Face-to-Face","3","https://www.bkstr.com/webapp/wcs/stores/servlet/booklookServlet?bookstore_id-1=584&term_id-1=2022 Spring&crn-1=11227",""
"202210","CHE705","INDEPENDENT STUDY I","217","11228","",""," ","Closed","0","0","Guvendiren, Murat","Face-to-Face","3","https://www.bkstr.com/webapp/wcs/stores/servlet/booklookServlet?bookstore_id-1=584&term_id-1=2022 Spring&crn-1=11228",""
"202210","CHE705","INDEPENDENT STUDY I","445","11229","",""," ","Closed","0","0","Dave, Rajesh","Face-to-Face","3","https://www.bkstr.com/webapp/wcs/stores/servlet/booklookServlet?bookstore_id-1=584&term_id-1=2022 Spring&crn-1=11229",""
"202210","CHE705","INDEPENDENT STUDY I","486","11230","",""," ","Closed","0","0","Khusid, Boris","Face-to-Face","3","https://www.bkstr.com/webapp/wcs/stores/servlet/booklookServlet?bookstore_id-1=584&term_id-1=2022 Spring&crn-1=11230",""
"202210","CHE705","INDEPENDENT STUDY I","487","11231","",""," ","Closed","0","0","Dreyzin, Edward","Face-to-Face","3","https://www.bkstr.com/webapp/wcs/stores/servlet/booklookServlet?bookstore_id-1=584&term_id-1=2022 Spring&crn-1=11231",""
"202210","CHE706","INDEPENDENT STUDY II","071","11232","",""," ","Closed","0","0","Sirkar, Kamalesh","Face-to-Face","3","https://www.bkstr.com/webapp/wcs/stores/servlet/booklookServlet?bookstore_id-1=584&term_id-1=2022 Spring&crn-1=11232",""
"202210","CHE706","INDEPENDENT STUDY II","082","11233","",""," ","Closed","0","0","Chintersingh, Kerri Lee","Face-to-Face","3","https://www.bkstr.com/webapp/wcs/stores/servlet/booklookServlet?bookstore_id-1=584&term_id-1=2022 Spring&crn-1=11233",""
"202210","CHE706","INDEPENDENT STUDY II","088","11234","",""," ","Closed","0","0","Basuray, Sagnik","Face-to-Face","3","https://www.bkstr.com/webapp/wcs/stores/servlet/booklookServlet?bookstore_id-1=584&term_id-1=2022 Spring&crn-1=11234",""
"202210","CHE706","INDEPENDENT STUDY II","089","11235","",""," ","Closed","0","0","Zhao, Mengqiang","Face-to-Face","3","https://www.bkstr.com/webapp/wcs/stores/servlet/booklookServlet?bookstore_id-1=584&term_id-1=2022 Spring&crn-1=11235",""
"202210","CHE706","INDEPENDENT STUDY II","090","11236","",""," ","Closed","0","0","Bilgili, Ecevit","Face-to-Face","3","https://www.bkstr.com/webapp/wcs/stores/servlet/booklookServlet?bookstore_id-1=584&term_id-1=2022 Spring&crn-1=11236",""
"202210","CHE706","INDEPENDENT STUDY II","091","11237","",""," ","Closed","0","0","Xu, Xiaoyang","Face-to-Face","3","https://www.bkstr.com/webapp/wcs/stores/servlet/booklookServlet?bookstore_id-1=584&term_id-1=2022 Spring&crn-1=11237",""
"202210","CHE706","INDEPENDENT STUDY II","093","11238","",""," ","Closed","0","0","McEnnis, Kathleen","Face-to-Face","3","https://www.bkstr.com/webapp/wcs/stores/servlet/booklookServlet?bookstore_id-1=584&term_id-1=2022 Spring&crn-1=11238",""
"202210","CHE706","INDEPENDENT STUDY II","111","11239","",""," ","Closed","0","0","Simon, Laurent","Face-to-Face","3","https://www.bkstr.com/webapp/wcs/stores/servlet/booklookServlet?bookstore_id-1=584&term_id-1=2022 Spring&crn-1=11239",""
"202210","CHE706","INDEPENDENT STUDY II","114","11240","",""," ","Closed","0","0","Schoenitz, Mirko","Face-to-Face","3","https://www.bkstr.com/webapp/wcs/stores/servlet/booklookServlet?bookstore_id-1=584&term_id-1=2022 Spring&crn-1=11240",""
"202210","CHE706","INDEPENDENT STUDY II","119","11241","",""," ","Closed","0","0","Wang, Xianqin","Face-to-Face","3","https://www.bkstr.com/webapp/wcs/stores/servlet/booklookServlet?bookstore_id-1=584&term_id-1=2022 Spring&crn-1=11241",""
"202210","CHE706","INDEPENDENT STUDY II","145","11242","",""," ","Closed","0","0","Venerus, David","Face-to-Face","3","https://www.bkstr.com/webapp/wcs/stores/servlet/booklookServlet?bookstore_id-1=584&term_id-1=2022 Spring&crn-1=11242",""
"202210","CHE706","INDEPENDENT STUDY II","158","11243","",""," ","Closed","0","0","Khalizov, Alexei","Face-to-Face","3","https://www.bkstr.com/webapp/wcs/stores/servlet/booklookServlet?bookstore_id-1=584&term_id-1=2022 Spring&crn-1=11243",""
"202210","CHE706","INDEPENDENT STUDY II","212","11244","",""," ","Closed","0","0","Voronov, Roman","Face-to-Face","3","https://www.bkstr.com/webapp/wcs/stores/servlet/booklookServlet?bookstore_id-1=584&term_id-1=2022 Spring&crn-1=11244",""
"202210","CHE706","INDEPENDENT STUDY II","214","11245","",""," ","Closed","0","0","Gor, Gennady","Face-to-Face","3","https://www.bkstr.com/webapp/wcs/stores/servlet/booklookServlet?bookstore_id-1=584&term_id-1=2022 Spring&crn-1=11245",""
"202210","CHE706","INDEPENDENT STUDY II","217","11246","",""," ","Closed","0","0","Guvendiren, Murat","Face-to-Face","3","https://www.bkstr.com/webapp/wcs/stores/servlet/booklookServlet?bookstore_id-1=584&term_id-1=2022 Spring&crn-1=11246",""
"202210","CHE706","INDEPENDENT STUDY II","445","11247","",""," ","Closed","0","0","Bilgili, Ecevit","Face-to-Face","3","https://www.bkstr.com/webapp/wcs/stores/servlet/booklookServlet?bookstore_id-1=584&term_id-1=2022 Spring&crn-1=11247",""
"202210","CHE706","INDEPENDENT STUDY II","486","11248","",""," ","Closed","0","0","Khusid, Boris","Face-to-Face","3","https://www.bkstr.com/webapp/wcs/stores/servlet/booklookServlet?bookstore_id-1=584&term_id-1=2022 Spring&crn-1=11248",""
"202210","CHE706","INDEPENDENT STUDY II","487","11249","",""," ","Closed","0","0","Dreyzin, Edward","Face-to-Face","3","https://www.bkstr.com/webapp/wcs/stores/servlet/booklookServlet?bookstore_id-1=584&term_id-1=2022 Spring&crn-1=11249",""
"202210","CHE750","ENVIRONMENTAL CATALYSIS","852","11250","",""," ","Open","30","14","Wang, Xianqin","","3","https://www.bkstr.com/webapp/wcs/stores/servlet/booklookServlet?bookstore_id-1=584&term_id-1=2022 Spring&crn-1=11250","Restricted to Newark Campus Students Only<br />Online Course"
"202210","CHE775","MOLECULAR SIMULATIONS IN CHE","102","11251","W","6:00 PM - 8:50 PM","CKB 215","Open","30","14","Gor, Gennady","Face-to-Face","3","https://www.bkstr.com/webapp/wcs/stores/servlet/booklookServlet?bookstore_id-1=584&term_id-1=2022 Spring&crn-1=11251",""
"202210","CHE790A","DOCT DISSERTATION & RES","071","11252","",""," ","Closed","0","0","Sirkar, Kamalesh","Face-to-Face","1","https://www.bkstr.com/webapp/wcs/stores/servlet/booklookServlet?bookstore_id-1=584&term_id-1=2022 Spring&crn-1=11252",""
"202210","CHE790A","DOCT DISSERTATION & RES","080","11253","",""," ","Closed","0","1","Armenante, Piero","Face-to-Face","1","https://www.bkstr.com/webapp/wcs/stores/servlet/booklookServlet?bookstore_id-1=584&term_id-1=2022 Spring&crn-1=11253",""
"202210","CHE790A","DOCT DISSERTATION & RES","082","11254","",""," ","Closed","0","0","Chintersingh, Kerri Lee","Face-to-Face","1","https://www.bkstr.com/webapp/wcs/stores/servlet/booklookServlet?bookstore_id-1=584&term_id-1=2022 Spring&crn-1=11254",""
"202210","CHE790A","DOCT DISSERTATION & RES","087","11255","",""," ","Closed","0","0","Sebastian, Donald","Face-to-Face","1","https://www.bkstr.com/webapp/wcs/stores/servlet/booklookServlet?bookstore_id-1=584&term_id-1=2022 Spring&crn-1=11255",""
"202210","CHE790A","DOCT DISSERTATION & RES","088","11256","",""," ","Closed","0","2","Basuray, Sagnik","Face-to-Face","1","https://www.bkstr.com/webapp/wcs/stores/servlet/booklookServlet?bookstore_id-1=584&term_id-1=2022 Spring&crn-1=11256",""
"202210","CHE790A","DOCT DISSERTATION & RES","089","11257","",""," ","Closed","0","0","Zhao, Mengqiang","Face-to-Face","1","https://www.bkstr.com/webapp/wcs/stores/servlet/booklookServlet?bookstore_id-1=584&term_id-1=2022 Spring&crn-1=11257",""
"202210","CHE790A","DOCT DISSERTATION & RES","090","11258","",""," ","Closed","0","2","Bilgili, Ecevit","Face-to-Face","1","https://www.bkstr.com/webapp/wcs/stores/servlet/booklookServlet?bookstore_id-1=584&term_id-1=2022 Spring&crn-1=11258",""
"202210","CHE790A","DOCT DISSERTATION & RES","091","11259","",""," ","Closed","0","3","Xu, Xiaoyang","Face-to-Face","1","https://www.bkstr.com/webapp/wcs/stores/servlet/booklookServlet?bookstore_id-1=584&term_id-1=2022 Spring&crn-1=11259",""
"202210","CHE790A","DOCT DISSERTATION & RES","093","11260","",""," ","Closed","0","1","McEnnis, Kathleen","Face-to-Face","1","https://www.bkstr.com/webapp/wcs/stores/servlet/booklookServlet?bookstore_id-1=584&term_id-1=2022 Spring&crn-1=11260",""
"202210","CHE790A","DOCT DISSERTATION & RES","111","11261","",""," ","Closed","0","0","Simon, Laurent","Face-to-Face","1","https://www.bkstr.com/webapp/wcs/stores/servlet/booklookServlet?bookstore_id-1=584&term_id-1=2022 Spring&crn-1=11261",""
"202210","CHE790A","DOCT DISSERTATION & RES","114","11262","",""," ","Closed","0","0","Schoenitz, Mirko","Face-to-Face","1","https://www.bkstr.com/webapp/wcs/stores/servlet/booklookServlet?bookstore_id-1=584&term_id-1=2022 Spring&crn-1=11262",""
"202210","CHE790A","DOCT DISSERTATION & RES","116","11263","",""," ","Closed","0","0","Gogos, Costas","Face-to-Face","1","https://www.bkstr.com/webapp/wcs/stores/servlet/booklookServlet?bookstore_id-1=584&term_id-1=2022 Spring&crn-1=11263",""
"202210","CHE790A","DOCT DISSERTATION & RES","119","11265","",""," ","Closed","0","1","Wang, Xianqin","Face-to-Face","1","https://www.bkstr.com/webapp/wcs/stores/servlet/booklookServlet?bookstore_id-1=584&term_id-1=2022 Spring&crn-1=11265",""
"202210","CHE790A","DOCT DISSERTATION & RES","130","11266","",""," ","Closed","0","0","Bozzelli, Joseph","Face-to-Face","1","https://www.bkstr.com/webapp/wcs/stores/servlet/booklookServlet?bookstore_id-1=584&term_id-1=2022 Spring&crn-1=11266",""
"202210","CHE790A","DOCT DISSERTATION & RES","136","11267","",""," ","Closed","0","0","Gund, Tamara","Face-to-Face","1","https://www.bkstr.com/webapp/wcs/stores/servlet/booklookServlet?bookstore_id-1=584&term_id-1=2022 Spring&crn-1=11267",""
"202210","CHE790A","DOCT DISSERTATION & RES","145","11268","",""," ","Closed","0","0","Venerus, David","Face-to-Face","1","https://www.bkstr.com/webapp/wcs/stores/servlet/booklookServlet?bookstore_id-1=584&term_id-1=2022 Spring&crn-1=11268",""
"202210","CHE790A","DOCT DISSERTATION & RES","155","11269","",""," ","Closed","0","0","Iqbal, Zafar","Face-to-Face","1","https://www.bkstr.com/webapp/wcs/stores/servlet/booklookServlet?bookstore_id-1=584&term_id-1=2022 Spring&crn-1=11269",""
"202210","CHE790A","DOCT DISSERTATION & RES","156","11270","",""," ","Closed","0","0","Farinas, Edgardo","Face-to-Face","1","https://www.bkstr.com/webapp/wcs/stores/servlet/booklookServlet?bookstore_id-1=584&term_id-1=2022 Spring&crn-1=11270",""
"202210","CHE790A","DOCT DISSERTATION & RES","158","11271","",""," ","Closed","0","0","Khalizov, Alexei","Face-to-Face","1","https://www.bkstr.com/webapp/wcs/stores/servlet/booklookServlet?bookstore_id-1=584&term_id-1=2022 Spring&crn-1=11271",""
"202210","CHE790A","DOCT DISSERTATION & RES","182","11272","",""," ","Closed","0","0","Boufadel, Michel","Face-to-Face","1","https://www.bkstr.com/webapp/wcs/stores/servlet/booklookServlet?bookstore_id-1=584&term_id-1=2022 Spring&crn-1=11272",""
"202210","CHE790A","DOCT DISSERTATION & RES","212","11273","",""," ","Closed","0","1","Voronov, Roman","Face-to-Face","1","https://www.bkstr.com/webapp/wcs/stores/servlet/booklookServlet?bookstore_id-1=584&term_id-1=2022 Spring&crn-1=11273",""
"202210","CHE790A","DOCT DISSERTATION & RES","214","11274","",""," ","Closed","0","2","Gor, Gennady","Face-to-Face","1","https://www.bkstr.com/webapp/wcs/stores/servlet/booklookServlet?bookstore_id-1=584&term_id-1=2022 Spring&crn-1=11274",""
"202210","CHE790A","DOCT DISSERTATION & RES","217","11275","",""," ","Closed","0","2","Guvendiren, Murat","Face-to-Face","1","https://www.bkstr.com/webapp/wcs/stores/servlet/booklookServlet?bookstore_id-1=584&term_id-1=2022 Spring&crn-1=11275",""
"202210","CHE790A","DOCT DISSERTATION & RES","445","11276","",""," ","Closed","0","3","Dave, Rajesh","Face-to-Face","1","https://www.bkstr.com/webapp/wcs/stores/servlet/booklookServlet?bookstore_id-1=584&term_id-1=2022 Spring&crn-1=11276",""
"202210","CHE790A","DOCT DISSERTATION & RES","486","11277","",""," ","Closed","0","1","Khusid, Boris","Face-to-Face","1","https://www.bkstr.com/webapp/wcs/stores/servlet/booklookServlet?bookstore_id-1=584&term_id-1=2022 Spring&crn-1=11277",""
"202210","CHE790A","DOCT DISSERTATION & RES","487","11278","",""," ","Closed","0","3","Dreyzin, Edward","Face-to-Face","1","https://www.bkstr.com/webapp/wcs/stores/servlet/booklookServlet?bookstore_id-1=584&term_id-1=2022 Spring&crn-1=11278",""
"202210","CHE790B","DOCT DISSERTATION & RES","071","11279","",""," ","Closed","0","1","Sirkar, Kamalesh","Face-to-Face","3","https://www.bkstr.com/webapp/wcs/stores/servlet/booklookServlet?bookstore_id-1=584&term_id-1=2022 Spring&crn-1=11279",""
"202210","CHE790B","DOCT DISSERTATION & RES","080","11280","",""," ","Closed","0","0","Armenante, Piero","Face-to-Face","3","https://www.bkstr.com/webapp/wcs/stores/servlet/booklookServlet?bookstore_id-1=584&term_id-1=2022 Spring&crn-1=11280",""
"202210","CHE790B","DOCT DISSERTATION & RES","082","11281","",""," ","Closed","0","0","Chintersingh, Kerri Lee","Face-to-Face","3","https://www.bkstr.com/webapp/wcs/stores/servlet/booklookServlet?bookstore_id-1=584&term_id-1=2022 Spring&crn-1=11281",""
"202210","CHE790B","DOCT DISSERTATION & RES","087","11282","",""," ","Closed","0","0","Sebastian, Donald","Face-to-Face","3","https://www.bkstr.com/webapp/wcs/stores/servlet/booklookServlet?bookstore_id-1=584&term_id-1=2022 Spring&crn-1=11282",""
"202210","CHE790B","DOCT DISSERTATION & RES","088","11283","",""," ","Closed","0","0","Basuray, Sagnik","Face-to-Face","3","https://www.bkstr.com/webapp/wcs/stores/servlet/booklookServlet?bookstore_id-1=584&term_id-1=2022 Spring&crn-1=11283",""
"202210","CHE790B","DOCT DISSERTATION & RES","089","11284","",""," ","Closed","0","0","Zhao, Mengqiang","Face-to-Face","3","https://www.bkstr.com/webapp/wcs/stores/servlet/booklookServlet?bookstore_id-1=584&term_id-1=2022 Spring&crn-1=11284",""
"202210","CHE790B","DOCT DISSERTATION & RES","090","11285","",""," ","Closed","0","0","Bilgili, Ecevit","Face-to-Face","3","https://www.bkstr.com/webapp/wcs/stores/servlet/booklookServlet?bookstore_id-1=584&term_id-1=2022 Spring&crn-1=11285",""
"202210","CHE790B","DOCT DISSERTATION & RES","091","11286","",""," ","Closed","0","0","Xu, Xiaoyang","Face-to-Face","3","https://www.bkstr.com/webapp/wcs/stores/servlet/booklookServlet?bookstore_id-1=584&term_id-1=2022 Spring&crn-1=11286",""
"202210","CHE790B","DOCT DISSERTATION & RES","093","11287","",""," ","Closed","0","1","McEnnis, Kathleen","Face-to-Face","3","https://www.bkstr.com/webapp/wcs/stores/servlet/booklookServlet?bookstore_id-1=584&term_id-1=2022 Spring&crn-1=11287",""
"202210","CHE790B","DOCT DISSERTATION & RES","111","11288","",""," ","Closed","0","0","Simon, Laurent","Face-to-Face","3","https://www.bkstr.com/webapp/wcs/stores/servlet/booklookServlet?bookstore_id-1=584&term_id-1=2022 Spring&crn-1=11288",""
"202210","CHE790B","DOCT DISSERTATION & RES","114","11289","",""," ","Closed","0","0","Schoenitz, Mirko","Face-to-Face","3","https://www.bkstr.com/webapp/wcs/stores/servlet/booklookServlet?bookstore_id-1=584&term_id-1=2022 Spring&crn-1=11289",""
"202210","CHE790B","DOCT DISSERTATION & RES","116","11290","",""," ","Closed","0","0","Gogos, Costas","Face-to-Face","3","https://www.bkstr.com/webapp/wcs/stores/servlet/booklookServlet?bookstore_id-1=584&term_id-1=2022 Spring&crn-1=11290",""
"202210","CHE790B","DOCT DISSERTATION & RES","119","11291","",""," ","Closed","0","0","Wang, Xianqin","Face-to-Face","3","https://www.bkstr.com/webapp/wcs/stores/servlet/booklookServlet?bookstore_id-1=584&term_id-1=2022 Spring&crn-1=11291",""
"202210","CHE790B","DOCT DISSERTATION & RES","130","11292","",""," ","Closed","0","0","Bozzelli, Joseph","Face-to-Face","3","https://www.bkstr.com/webapp/wcs/stores/servlet/booklookServlet?bookstore_id-1=584&term_id-1=2022 Spring&crn-1=11292",""
"202210","CHE790B","DOCT DISSERTATION & RES","136","11293","",""," ","Closed","0","0","Gund, Tamara","Face-to-Face","3","https://www.bkstr.com/webapp/wcs/stores/servlet/booklookServlet?bookstore_id-1=584&term_id-1=2022 Spring&crn-1=11293",""
"202210","CHE790B","DOCT DISSERTATION & RES","145","11294","",""," ","Closed","0","1","Venerus, David","Face-to-Face","3","https://www.bkstr.com/webapp/wcs/stores/servlet/booklookServlet?bookstore_id-1=584&term_id-1=2022 Spring&crn-1=11294",""
"202210","CHE790B","DOCT DISSERTATION & RES","150","11295","",""," ","Closed","0","0","Krasnoperov, Lev","Face-to-Face","3","https://www.bkstr.com/webapp/wcs/stores/servlet/booklookServlet?bookstore_id-1=584&term_id-1=2022 Spring&crn-1=11295",""
"202210","CHE790B","DOCT DISSERTATION & RES","155","11296","",""," ","Closed","0","0","Iqbal, Zafar","Face-to-Face","3","https://www.bkstr.com/webapp/wcs/stores/servlet/booklookServlet?bookstore_id-1=584&term_id-1=2022 Spring&crn-1=11296",""
"202210","CHE790B","DOCT DISSERTATION & RES","158","11297","",""," ","Closed","0","0","Khalizov, Alexei","Face-to-Face","3","https://www.bkstr.com/webapp/wcs/stores/servlet/booklookServlet?bookstore_id-1=584&term_id-1=2022 Spring&crn-1=11297",""
"202210","CHE790B","DOCT DISSERTATION & RES","182","11298","",""," ","Closed","0","0","Boufadel, Michel","Face-to-Face","3","https://www.bkstr.com/webapp/wcs/stores/servlet/booklookServlet?bookstore_id-1=584&term_id-1=2022 Spring&crn-1=11298",""
"202210","CHE790B","DOCT DISSERTATION & RES","212","11299","",""," ","Closed","0","0","Voronov, Roman","Face-to-Face","3","https://www.bkstr.com/webapp/wcs/stores/servlet/booklookServlet?bookstore_id-1=584&term_id-1=2022 Spring&crn-1=11299",""
"202210","CHE790B","DOCT DISSERTATION & RES","214","11300","",""," ","Closed","0","0","Gor, Gennady","Face-to-Face","3","https://www.bkstr.com/webapp/wcs/stores/servlet/booklookServlet?bookstore_id-1=584&term_id-1=2022 Spring&crn-1=11300",""
"202210","CHE790B","DOCT DISSERTATION & RES","217","11301","",""," ","Closed","0","0","Guvendiren, Murat","Face-to-Face","3","https://www.bkstr.com/webapp/wcs/stores/servlet/booklookServlet?bookstore_id-1=584&term_id-1=2022 Spring&crn-1=11301",""
"202210","CHE790B","DOCT DISSERTATION & RES","445","11302","",""," ","Closed","0","0","Dave, Rajesh","Face-to-Face","3","https://www.bkstr.com/webapp/wcs/stores/servlet/booklookServlet?bookstore_id-1=584&term_id-1=2022 Spring&crn-1=11302",""
"202210","CHE790B","DOCT DISSERTATION & RES","486","11303","",""," ","Closed","0","0","Khusid, Boris","Face-to-Face","3","https://www.bkstr.com/webapp/wcs/stores/servlet/booklookServlet?bookstore_id-1=584&term_id-1=2022 Spring&crn-1=11303",""
"202210","CHE790B","DOCT DISSERTATION & RES","487","11304","",""," ","Closed","0","1","Dreyzin, Edward","Face-to-Face","3","https://www.bkstr.com/webapp/wcs/stores/servlet/booklookServlet?bookstore_id-1=584&term_id-1=2022 Spring&crn-1=11304",""
"202210","CHE790C","DOCT DISSERTATION & RES","071","11305","",""," ","Closed","0","0","Sirkar, Kamalesh","Face-to-Face","6","https://www.bkstr.com/webapp/wcs/stores/servlet/booklookServlet?bookstore_id-1=584&term_id-1=2022 Spring&crn-1=11305",""
"202210","CHE790C","DOCT DISSERTATION & RES","080","11306","",""," ","Closed","0","0","Armenante, Piero","Face-to-Face","6","https://www.bkstr.com/webapp/wcs/stores/servlet/booklookServlet?bookstore_id-1=584&term_id-1=2022 Spring&crn-1=11306",""
"202210","CHE790C","DOCT DISSERTATION & RES","082","11307","",""," ","Closed","0","0","Chintersingh, Kerri Lee","Face-to-Face","6","https://www.bkstr.com/webapp/wcs/stores/servlet/booklookServlet?bookstore_id-1=584&term_id-1=2022 Spring&crn-1=11307",""
"202210","CHE790C","DOCT DISSERTATION & RES","087","11308","",""," ","Closed","0","0","Sebastian, Donald","Face-to-Face","6","https://www.bkstr.com/webapp/wcs/stores/servlet/booklookServlet?bookstore_id-1=584&term_id-1=2022 Spring&crn-1=11308",""
"202210","CHE790C","DOCT DISSERTATION & RES","088","11309","",""," ","Closed","0","0","Basuray, Sagnik","Face-to-Face","6","https://www.bkstr.com/webapp/wcs/stores/servlet/booklookServlet?bookstore_id-1=584&term_id-1=2022 Spring&crn-1=11309",""
"202210","CHE790C","DOCT DISSERTATION & RES","090","11310","",""," ","Closed","0","0","Bilgili, Ecevit","Face-to-Face","6","https://www.bkstr.com/webapp/wcs/stores/servlet/booklookServlet?bookstore_id-1=584&term_id-1=2022 Spring&crn-1=11310",""
"202210","CHE790C","DOCT DISSERTATION & RES","091","11311","",""," ","Closed","0","0","Xu, Xiaoyang","Face-to-Face","6","https://www.bkstr.com/webapp/wcs/stores/servlet/booklookServlet?bookstore_id-1=584&term_id-1=2022 Spring&crn-1=11311",""
"202210","CHE790C","DOCT DISSERTATION & RES","093","11312","",""," ","Closed","0","0","McEnnis, Kathleen","Face-to-Face","6","https://www.bkstr.com/webapp/wcs/stores/servlet/booklookServlet?bookstore_id-1=584&term_id-1=2022 Spring&crn-1=11312",""
"202210","CHE790C","DOCT DISSERTATION & RES","111","11313","",""," ","Closed","0","0","Simon, Laurent","Face-to-Face","6","https://www.bkstr.com/webapp/wcs/stores/servlet/booklookServlet?bookstore_id-1=584&term_id-1=2022 Spring&crn-1=11313",""
"202210","CHE790C","DOCT DISSERTATION & RES","114","11314","",""," ","Closed","0","0","Schoenitz, Mirko","Face-to-Face","6","https://www.bkstr.com/webapp/wcs/stores/servlet/booklookServlet?bookstore_id-1=584&term_id-1=2022 Spring&crn-1=11314",""
"202210","CHE790C","DOCT DISSERTATION & RES","116","11315","",""," ","Closed","0","0","Gogos, Costas","Face-to-Face","6","https://www.bkstr.com/webapp/wcs/stores/servlet/booklookServlet?bookstore_id-1=584&term_id-1=2022 Spring&crn-1=11315",""
"202210","CHE790C","DOCT DISSERTATION & RES","119","11316","",""," ","Closed","0","0","Wang, Xianqin","Face-to-Face","6","https://www.bkstr.com/webapp/wcs/stores/servlet/booklookServlet?bookstore_id-1=584&term_id-1=2022 Spring&crn-1=11316",""
"202210","CHE790C","DOCT DISSERTATION & RES","130","11317","",""," ","Closed","0","0","Bozzelli, Joseph","Face-to-Face","6","https://www.bkstr.com/webapp/wcs/stores/servlet/booklookServlet?bookstore_id-1=584&term_id-1=2022 Spring&crn-1=11317",""
"202210","CHE790C","DOCT DISSERTATION & RES","136","11318","",""," ","Closed","0","0","Gund, Tamara","Face-to-Face","6","https://www.bkstr.com/webapp/wcs/stores/servlet/booklookServlet?bookstore_id-1=584&term_id-1=2022 Spring&crn-1=11318",""
"202210","CHE790C","DOCT DISSERTATION & RES","155","11319","",""," ","Closed","0","0","Iqbal, Zafar","Face-to-Face","6","https://www.bkstr.com/webapp/wcs/stores/servlet/booklookServlet?bookstore_id-1=584&term_id-1=2022 Spring&crn-1=11319",""
"202210","CHE790C","DOCT DISSERTATION & RES","158","11320","",""," ","Closed","0","0","Khalizov, Alexei","Face-to-Face","6","https://www.bkstr.com/webapp/wcs/stores/servlet/booklookServlet?bookstore_id-1=584&term_id-1=2022 Spring&crn-1=11320",""
"202210","CHE790C","DOCT DISSERTATION & RES","182","11321","",""," ","Closed","0","0","","Face-to-Face","6","https://www.bkstr.com/webapp/wcs/stores/servlet/booklookServlet?bookstore_id-1=584&term_id-1=2022 Spring&crn-1=11321",""
"202210","CHE790C","DOCT DISSERTATION & RES","212","11322","",""," ","Closed","0","0","Voronov, Roman","Face-to-Face","6","https://www.bkstr.com/webapp/wcs/stores/servlet/booklookServlet?bookstore_id-1=584&term_id-1=2022 Spring&crn-1=11322",""
"202210","CHE790C","DOCT DISSERTATION & RES","214","11323","",""," ","Closed","0","0","Gor, Gennady","Face-to-Face","6","https://www.bkstr.com/webapp/wcs/stores/servlet/booklookServlet?bookstore_id-1=584&term_id-1=2022 Spring&crn-1=11323",""
"202210","CHE790C","DOCT DISSERTATION & RES","217","11324","",""," ","Closed","0","0","Guvendiren, Murat","Face-to-Face","6","https://www.bkstr.com/webapp/wcs/stores/servlet/booklookServlet?bookstore_id-1=584&term_id-1=2022 Spring&crn-1=11324",""
"202210","CHE790C","DOCT DISSERTATION & RES","445","11325","",""," ","Closed","0","0","Dave, Rajesh","Face-to-Face","6","https://www.bkstr.com/webapp/wcs/stores/servlet/booklookServlet?bookstore_id-1=584&term_id-1=2022 Spring&crn-1=11325",""
"202210","CHE790C","DOCT DISSERTATION & RES","486","11326","",""," ","Closed","0","0","Khusid, Boris","Face-to-Face","6","https://www.bkstr.com/webapp/wcs/stores/servlet/booklookServlet?bookstore_id-1=584&term_id-1=2022 Spring&crn-1=11326",""
"202210","CHE790C","DOCT DISSERTATION & RES","487","11327","",""," ","Closed","0","0","Dreyzin, Edward","Face-to-Face","6","https://www.bkstr.com/webapp/wcs/stores/servlet/booklookServlet?bookstore_id-1=584&term_id-1=2022 Spring&crn-1=11327",""
"202210","CHE790D","DOCT DISSERTATION & RES","071","11328","",""," ","Closed","0","0","Sirkar, Kamalesh","Face-to-Face","9","https://www.bkstr.com/webapp/wcs/stores/servlet/booklookServlet?bookstore_id-1=584&term_id-1=2022 Spring&crn-1=11328",""
"202210","CHE790D","DOCT DISSERTATION & RES","080","11329","",""," ","Closed","0","0","Armenante, Piero","Face-to-Face","9","https://www.bkstr.com/webapp/wcs/stores/servlet/booklookServlet?bookstore_id-1=584&term_id-1=2022 Spring&crn-1=11329",""
"202210","CHE790D","DOCT DISSERTATION & RES","082","11330","",""," ","Closed","0","0","Chintersingh, Kerri Lee","Face-to-Face","9","https://www.bkstr.com/webapp/wcs/stores/servlet/booklookServlet?bookstore_id-1=584&term_id-1=2022 Spring&crn-1=11330",""
"202210","CHE790D","DOCT DISSERTATION & RES","087","11331","",""," ","Closed","0","0","Sebastian, Donald","Face-to-Face","9","https://www.bkstr.com/webapp/wcs/stores/servlet/booklookServlet?bookstore_id-1=584&term_id-1=2022 Spring&crn-1=11331",""
"202210","CHE790D","DOCT DISSERTATION & RES","088","11332","",""," ","Closed","0","0","Basuray, Sagnik","Face-to-Face","9","https://www.bkstr.com/webapp/wcs/stores/servlet/booklookServlet?bookstore_id-1=584&term_id-1=2022 Spring&crn-1=11332",""
"202210","CHE790D","DOCT DISSERTATION & RES","090","11333","",""," ","Closed","0","0","Bilgili, Ecevit","Face-to-Face","9","https://www.bkstr.com/webapp/wcs/stores/servlet/booklookServlet?bookstore_id-1=584&term_id-1=2022 Spring&crn-1=11333",""
"202210","CHE790D","DOCT DISSERTATION & RES","091","11334","",""," ","Closed","0","0","Xu, Xiaoyang","Face-to-Face","9","https://www.bkstr.com/webapp/wcs/stores/servlet/booklookServlet?bookstore_id-1=584&term_id-1=2022 Spring&crn-1=11334",""
"202210","CHE790D","DOCT DISSERTATION & RES","093","11335","",""," ","Closed","0","0","McEnnis, Kathleen","Face-to-Face","9","https://www.bkstr.com/webapp/wcs/stores/servlet/booklookServlet?bookstore_id-1=584&term_id-1=2022 Spring&crn-1=11335",""
"202210","CHE790D","DOCT DISSERTATION & RES","111","11336","",""," ","Closed","0","0","Simon, Laurent","Face-to-Face","9","https://www.bkstr.com/webapp/wcs/stores/servlet/booklookServlet?bookstore_id-1=584&term_id-1=2022 Spring&crn-1=11336",""
"202210","CHE790D","DOCT DISSERTATION & RES","114","11337","",""," ","Closed","0","0","Schoenitz, Mirko","Face-to-Face","9","https://www.bkstr.com/webapp/wcs/stores/servlet/booklookServlet?bookstore_id-1=584&term_id-1=2022 Spring&crn-1=11337",""
"202210","CHE790D","DOCT DISSERTATION & RES","116","11338","",""," ","Closed","0","0","Gogos, Costas","Face-to-Face","9","https://www.bkstr.com/webapp/wcs/stores/servlet/booklookServlet?bookstore_id-1=584&term_id-1=2022 Spring&crn-1=11338",""
"202210","CHE790D","DOCT DISSERTATION & RES","119","11339","",""," ","Closed","0","0","Wang, Xianqin","Face-to-Face","9","https://www.bkstr.com/webapp/wcs/stores/servlet/booklookServlet?bookstore_id-1=584&term_id-1=2022 Spring&crn-1=11339",""
"202210","CHE790D","DOCT DISSERTATION & RES","136","11340","",""," ","Closed","0","0","Gund, Tamara","Face-to-Face","9","https://www.bkstr.com/webapp/wcs/stores/servlet/booklookServlet?bookstore_id-1=584&term_id-1=2022 Spring&crn-1=11340",""
"202210","CHE790D","DOCT DISSERTATION & RES","155","11341","",""," ","Closed","0","0","Iqbal, Zafar","Face-to-Face","9","https://www.bkstr.com/webapp/wcs/stores/servlet/booklookServlet?bookstore_id-1=584&term_id-1=2022 Spring&crn-1=11341",""
"202210","CHE790D","DOCT DISSERTATION & RES","158","11342","",""," ","Closed","0","0","Khalizov, Alexei","Face-to-Face","9","https://www.bkstr.com/webapp/wcs/stores/servlet/booklookServlet?bookstore_id-1=584&term_id-1=2022 Spring&crn-1=11342",""
"202210","CHE790D","DOCT DISSERTATION & RES","182","11343","",""," ","Closed","0","0","","Face-to-Face","9","https://www.bkstr.com/webapp/wcs/stores/servlet/booklookServlet?bookstore_id-1=584&term_id-1=2022 Spring&crn-1=11343",""
"202210","CHE790D","DOCT DISSERTATION & RES","212","11344","",""," ","Closed","0","0","Voronov, Roman","Face-to-Face","9","https://www.bkstr.com/webapp/wcs/stores/servlet/booklookServlet?bookstore_id-1=584&term_id-1=2022 Spring&crn-1=11344",""
"202210","CHE790D","DOCT DISSERTATION & RES","214","11345","",""," ","Closed","0","0","Gor, Gennady","Face-to-Face","9","https://www.bkstr.com/webapp/wcs/stores/servlet/booklookServlet?bookstore_id-1=584&term_id-1=2022 Spring&crn-1=11345",""
"202210","CHE790D","DOCT DISSERTATION & RES","217","11346","",""," ","Closed","0","0","Guvendiren, Murat","Face-to-Face","9","https://www.bkstr.com/webapp/wcs/stores/servlet/booklookServlet?bookstore_id-1=584&term_id-1=2022 Spring&crn-1=11346",""
"202210","CHE790D","DOCT DISSERTATION & RES","445","11347","",""," ","Closed","0","0","Dave, Rajesh","Face-to-Face","9","https://www.bkstr.com/webapp/wcs/stores/servlet/booklookServlet?bookstore_id-1=584&term_id-1=2022 Spring&crn-1=11347",""
"202210","CHE790D","DOCT DISSERTATION & RES","486","11348","",""," ","Closed","0","0","Khusid, Boris","Face-to-Face","9","https://www.bkstr.com/webapp/wcs/stores/servlet/booklookServlet?bookstore_id-1=584&term_id-1=2022 Spring&crn-1=11348",""
"202210","CHE790D","DOCT DISSERTATION & RES","487","11349","",""," ","Closed","0","0","Dreyzin, Edward","Face-to-Face","9","https://www.bkstr.com/webapp/wcs/stores/servlet/booklookServlet?bookstore_id-1=584&term_id-1=2022 Spring&crn-1=11349",""
"202210","CHE790E","DOCT DISSERTATION & RES","071","11350","",""," ","Closed","0","0","Sirkar, Kamalesh","Face-to-Face","12","https://www.bkstr.com/webapp/wcs/stores/servlet/booklookServlet?bookstore_id-1=584&term_id-1=2022 Spring&crn-1=11350",""
"202210","CHE790E","DOCT DISSERTATION & RES","080","11351","",""," ","Closed","0","0","Armenante, Piero","Face-to-Face","12","https://www.bkstr.com/webapp/wcs/stores/servlet/booklookServlet?bookstore_id-1=584&term_id-1=2022 Spring&crn-1=11351",""
"202210","CHE790E","DOCT DISSERTATION & RES","082","11352","",""," ","Closed","0","0","Chintersingh, Kerri Lee","Face-to-Face","12","https://www.bkstr.com/webapp/wcs/stores/servlet/booklookServlet?bookstore_id-1=584&term_id-1=2022 Spring&crn-1=11352",""
"202210","CHE790E","DOCT DISSERTATION & RES","088","11353","",""," ","Closed","0","0","Basuray, Sagnik","Face-to-Face","12","https://www.bkstr.com/webapp/wcs/stores/servlet/booklookServlet?bookstore_id-1=584&term_id-1=2022 Spring&crn-1=11353",""
"202210","CHE790E","DOCT DISSERTATION & RES","090","11354","",""," ","Closed","0","0","Bilgili, Ecevit","Face-to-Face","12","https://www.bkstr.com/webapp/wcs/stores/servlet/booklookServlet?bookstore_id-1=584&term_id-1=2022 Spring&crn-1=11354",""
"202210","CHE790E","DOCT DISSERTATION & RES","091","11355","",""," ","Closed","0","0","Xu, Xiaoyang","Face-to-Face","12","https://www.bkstr.com/webapp/wcs/stores/servlet/booklookServlet?bookstore_id-1=584&term_id-1=2022 Spring&crn-1=11355",""
"202210","CHE790E","DOCT DISSERTATION & RES","093","11356","",""," ","Closed","0","0","McEnnis, Kathleen","Face-to-Face","12","https://www.bkstr.com/webapp/wcs/stores/servlet/booklookServlet?bookstore_id-1=584&term_id-1=2022 Spring&crn-1=11356",""
"202210","CHE790E","DOCT DISSERTATION & RES","111","11357","",""," ","Closed","0","0","Simon, Laurent","Face-to-Face","12","https://www.bkstr.com/webapp/wcs/stores/servlet/booklookServlet?bookstore_id-1=584&term_id-1=2022 Spring&crn-1=11357",""
"202210","CHE790E","DOCT DISSERTATION & RES","114","11358","",""," ","Closed","0","0","Schoenitz, Mirko","Face-to-Face","12","https://www.bkstr.com/webapp/wcs/stores/servlet/booklookServlet?bookstore_id-1=584&term_id-1=2022 Spring&crn-1=11358",""
"202210","CHE790E","DOCT DISSERTATION & RES","116","11359","",""," ","Closed","0","0","Gogos, Costas","Face-to-Face","12","https://www.bkstr.com/webapp/wcs/stores/servlet/booklookServlet?bookstore_id-1=584&term_id-1=2022 Spring&crn-1=11359",""
"202210","CHE790E","DOCT DISSERTATION & RES","119","11360","",""," ","Closed","0","0","Wang, Xianqin","Face-to-Face","12","https://www.bkstr.com/webapp/wcs/stores/servlet/booklookServlet?bookstore_id-1=584&term_id-1=2022 Spring&crn-1=11360",""
"202210","CHE790E","DOCT DISSERTATION & RES","130","11361","",""," ","Closed","0","0","Bozzelli, Joseph","Face-to-Face","12","https://www.bkstr.com/webapp/wcs/stores/servlet/booklookServlet?bookstore_id-1=584&term_id-1=2022 Spring&crn-1=11361",""
"202210","CHE790E","DOCT DISSERTATION & RES","136","11362","",""," ","Closed","0","0","Gund, Tamara","Face-to-Face","12","https://www.bkstr.com/webapp/wcs/stores/servlet/booklookServlet?bookstore_id-1=584&term_id-1=2022 Spring&crn-1=11362",""
"202210","CHE790E","DOCT DISSERTATION & RES","150","11363","",""," ","Closed","0","0","Krasnoperov, Lev","Face-to-Face","12","https://www.bkstr.com/webapp/wcs/stores/servlet/booklookServlet?bookstore_id-1=584&term_id-1=2022 Spring&crn-1=11363",""
"202210","CHE790E","DOCT DISSERTATION & RES","158","11364","",""," ","Closed","0","0","Khalizov, Alexei","Face-to-Face","12","https://www.bkstr.com/webapp/wcs/stores/servlet/booklookServlet?bookstore_id-1=584&term_id-1=2022 Spring&crn-1=11364",""
"202210","CHE790E","DOCT DISSERTATION & RES","182","11365","",""," ","Closed","0","0","Boufadel, Michel","Face-to-Face","12","https://www.bkstr.com/webapp/wcs/stores/servlet/booklookServlet?bookstore_id-1=584&term_id-1=2022 Spring&crn-1=11365",""
"202210","CHE790E","DOCT DISSERTATION & RES","212","11366","",""," ","Closed","0","0","Voronov, Roman","Face-to-Face","12","https://www.bkstr.com/webapp/wcs/stores/servlet/booklookServlet?bookstore_id-1=584&term_id-1=2022 Spring&crn-1=11366",""
"202210","CHE790E","DOCT DISSERTATION & RES","214","11367","",""," ","Closed","0","0","Gor, Gennady","Face-to-Face","12","https://www.bkstr.com/webapp/wcs/stores/servlet/booklookServlet?bookstore_id-1=584&term_id-1=2022 Spring&crn-1=11367",""
"202210","CHE790E","DOCT DISSERTATION & RES","217","11368","",""," ","Closed","0","0","Guvendiren, Murat","Face-to-Face","12","https://www.bkstr.com/webapp/wcs/stores/servlet/booklookServlet?bookstore_id-1=584&term_id-1=2022 Spring&crn-1=11368",""
"202210","CHE790E","DOCT DISSERTATION & RES","445","11369","",""," ","Closed","0","0","Dave, Rajesh","Face-to-Face","12","https://www.bkstr.com/webapp/wcs/stores/servlet/booklookServlet?bookstore_id-1=584&term_id-1=2022 Spring&crn-1=11369",""
"202210","CHE790E","DOCT DISSERTATION & RES","486","11370","",""," ","Closed","0","0","Khusid, Boris","Face-to-Face","12","https://www.bkstr.com/webapp/wcs/stores/servlet/booklookServlet?bookstore_id-1=584&term_id-1=2022 Spring&crn-1=11370",""
"202210","CHE790E","DOCT DISSERTATION & RES","487","11371","",""," ","Closed","0","0","Dreyzin, Edward","Face-to-Face","12","https://www.bkstr.com/webapp/wcs/stores/servlet/booklookServlet?bookstore_id-1=584&term_id-1=2022 Spring&crn-1=11371",""
"202210","CHE790F","DISSERTATION & RES","071","11372","",""," ","Closed","0","0","Sirkar, Kamalesh","Face-to-Face","15","https://www.bkstr.com/webapp/wcs/stores/servlet/booklookServlet?bookstore_id-1=584&term_id-1=2022 Spring&crn-1=11372",""
"202210","CHE790F","DISSERTATION & RES","080","11373","",""," ","Closed","0","0","Armenante, Piero","Face-to-Face","15","https://www.bkstr.com/webapp/wcs/stores/servlet/booklookServlet?bookstore_id-1=584&term_id-1=2022 Spring&crn-1=11373",""
"202210","CHE790F","DISSERTATION & RES","082","11374","",""," ","Closed","0","0","Chintersingh, Kerri Lee","Face-to-Face","15","https://www.bkstr.com/webapp/wcs/stores/servlet/booklookServlet?bookstore_id-1=584&term_id-1=2022 Spring&crn-1=11374",""
"202210","CHE790F","DISSERTATION & RES","088","11375","",""," ","Closed","0","0","Basuray, Sagnik","Face-to-Face","15","https://www.bkstr.com/webapp/wcs/stores/servlet/booklookServlet?bookstore_id-1=584&term_id-1=2022 Spring&crn-1=11375",""
"202210","CHE790F","DISSERTATION & RES","090","11376","",""," ","Closed","0","0","Bilgili, Ecevit","Face-to-Face","15","https://www.bkstr.com/webapp/wcs/stores/servlet/booklookServlet?bookstore_id-1=584&term_id-1=2022 Spring&crn-1=11376",""
"202210","CHE790F","DISSERTATION & RES","111","11377","",""," ","Closed","0","0","Simon, Laurent","Face-to-Face","15","https://www.bkstr.com/webapp/wcs/stores/servlet/booklookServlet?bookstore_id-1=584&term_id-1=2022 Spring&crn-1=11377",""
"202210","CHE790F","DISSERTATION & RES","114","11378","",""," ","Closed","0","0","Schoenitz, Mirko","Face-to-Face","15","https://www.bkstr.com/webapp/wcs/stores/servlet/booklookServlet?bookstore_id-1=584&term_id-1=2022 Spring&crn-1=11378",""
"202210","CHE790F","DISSERTATION & RES","116","11379","",""," ","Closed","0","0","Gogos, Costas","Face-to-Face","15","https://www.bkstr.com/webapp/wcs/stores/servlet/booklookServlet?bookstore_id-1=584&term_id-1=2022 Spring&crn-1=11379",""
"202210","CHE790F","DISSERTATION & RES","119","11380","",""," ","Closed","0","0","Wang, Xianqin","Face-to-Face","15","https://www.bkstr.com/webapp/wcs/stores/servlet/booklookServlet?bookstore_id-1=584&term_id-1=2022 Spring&crn-1=11380",""
"202210","CHE790F","DISSERTATION & RES","136","11381","",""," ","Closed","0","0","Gund, Tamara","Face-to-Face","15","https://www.bkstr.com/webapp/wcs/stores/servlet/booklookServlet?bookstore_id-1=584&term_id-1=2022 Spring&crn-1=11381",""
"202210","CHE790F","DISSERTATION & RES","158","11382","",""," ","Closed","0","0","Khalizov, Alexei","Face-to-Face","15","https://www.bkstr.com/webapp/wcs/stores/servlet/booklookServlet?bookstore_id-1=584&term_id-1=2022 Spring&crn-1=11382",""
"202210","CHE790F","DISSERTATION & RES","182","11383","",""," ","Closed","0","0","Boufadel, Michel","Face-to-Face","15","https://www.bkstr.com/webapp/wcs/stores/servlet/booklookServlet?bookstore_id-1=584&term_id-1=2022 Spring&crn-1=11383",""
"202210","CHE790F","DISSERTATION & RES","212","11384","",""," ","Closed","0","0","Voronov, Roman","Face-to-Face","15","https://www.bkstr.com/webapp/wcs/stores/servlet/booklookServlet?bookstore_id-1=584&term_id-1=2022 Spring&crn-1=11384",""
"202210","CHE790F","DISSERTATION & RES","214","11385","",""," ","Closed","0","0","Gor, Gennady","Face-to-Face","15","https://www.bkstr.com/webapp/wcs/stores/servlet/booklookServlet?bookstore_id-1=584&term_id-1=2022 Spring&crn-1=11385",""
"202210","CHE790F","DISSERTATION & RES","217","11386","",""," ","Closed","0","0","Guvendiren, Murat","Face-to-Face","15","https://www.bkstr.com/webapp/wcs/stores/servlet/booklookServlet?bookstore_id-1=584&term_id-1=2022 Spring&crn-1=11386",""
"202210","CHE790F","DISSERTATION & RES","445","11387","",""," ","Closed","0","0","Dave, Rajesh","Face-to-Face","15","https://www.bkstr.com/webapp/wcs/stores/servlet/booklookServlet?bookstore_id-1=584&term_id-1=2022 Spring&crn-1=11387",""
"202210","CHE790F","DISSERTATION & RES","486","11388","",""," ","Closed","0","0","Khusid, Boris","Face-to-Face","15","https://www.bkstr.com/webapp/wcs/stores/servlet/booklookServlet?bookstore_id-1=584&term_id-1=2022 Spring&crn-1=11388",""
"202210","CHE790F","DISSERTATION & RES","487","11389","",""," ","Closed","0","0","Dreyzin, Edward","Face-to-Face","15","https://www.bkstr.com/webapp/wcs/stores/servlet/booklookServlet?bookstore_id-1=584&term_id-1=2022 Spring&crn-1=11389",""
"202210","CHE791","GRADUATE SEMINAR","002","11390","M","2:30 PM - 3:50 PM","KUPF 118","Open","50","43","Young, Joshua","Face-to-Face","0","https://www.bkstr.com/webapp/wcs/stores/servlet/booklookServlet?bookstore_id-1=584&term_id-1=2022 Spring&crn-1=11390",""
"202210","CHE792","PRE-DOCTORAL RESEARCH","071","11391","",""," ","Closed","0","0","Sirkar, Kamalesh","Face-to-Face","3","https://www.bkstr.com/webapp/wcs/stores/servlet/booklookServlet?bookstore_id-1=584&term_id-1=2022 Spring&crn-1=11391",""
"202210","CHE792","PRE-DOCTORAL RESEARCH","080","11392","",""," ","Closed","0","0","Armenante, Piero","Face-to-Face","3","https://www.bkstr.com/webapp/wcs/stores/servlet/booklookServlet?bookstore_id-1=584&term_id-1=2022 Spring&crn-1=11392",""
"202210","CHE792","PRE-DOCTORAL RESEARCH","082","11393","",""," ","Closed","0","0","Chintersingh, Kerri Lee","Face-to-Face","3","https://www.bkstr.com/webapp/wcs/stores/servlet/booklookServlet?bookstore_id-1=584&term_id-1=2022 Spring&crn-1=11393",""
"202210","CHE792","PRE-DOCTORAL RESEARCH","087","11394","",""," ","Closed","0","0","Sebastian, Donald","Face-to-Face","3","https://www.bkstr.com/webapp/wcs/stores/servlet/booklookServlet?bookstore_id-1=584&term_id-1=2022 Spring&crn-1=11394",""
"202210","CHE792","PRE-DOCTORAL RESEARCH","088","11395","",""," ","Closed","0","0","Basuray, Sagnik","Face-to-Face","3","https://www.bkstr.com/webapp/wcs/stores/servlet/booklookServlet?bookstore_id-1=584&term_id-1=2022 Spring&crn-1=11395",""
"202210","CHE792","PRE-DOCTORAL RESEARCH","090","11396","",""," ","Closed","0","0","Bilgili, Ecevit","Face-to-Face","3","https://www.bkstr.com/webapp/wcs/stores/servlet/booklookServlet?bookstore_id-1=584&term_id-1=2022 Spring&crn-1=11396",""
"202210","CHE792","PRE-DOCTORAL RESEARCH","091","11397","",""," ","Closed","0","0","Xu, Xiaoyang","Face-to-Face","3","https://www.bkstr.com/webapp/wcs/stores/servlet/booklookServlet?bookstore_id-1=584&term_id-1=2022 Spring&crn-1=11397",""
"202210","CHE792","PRE-DOCTORAL RESEARCH","093","11398","",""," ","Closed","0","0","McEnnis, Kathleen","Face-to-Face","3","https://www.bkstr.com/webapp/wcs/stores/servlet/booklookServlet?bookstore_id-1=584&term_id-1=2022 Spring&crn-1=11398",""
"202210","CHE792","PRE-DOCTORAL RESEARCH","111","11399","",""," ","Closed","0","1","Simon, Laurent","Face-to-Face","3","https://www.bkstr.com/webapp/wcs/stores/servlet/booklookServlet?bookstore_id-1=584&term_id-1=2022 Spring&crn-1=11399",""
"202210","CHE792","PRE-DOCTORAL RESEARCH","116","11400","",""," ","Closed","0","0","Gogos, Costas","Face-to-Face","3","https://www.bkstr.com/webapp/wcs/stores/servlet/booklookServlet?bookstore_id-1=584&term_id-1=2022 Spring&crn-1=11400",""
"202210","CHE792","PRE-DOCTORAL RESEARCH","119","11401","",""," ","Closed","0","0","Wang, Xianqin","Face-to-Face","3","https://www.bkstr.com/webapp/wcs/stores/servlet/booklookServlet?bookstore_id-1=584&term_id-1=2022 Spring&crn-1=11401",""
"202210","CHE792","PRE-DOCTORAL RESEARCH","145","11402","",""," ","Closed","0","0","Venerus, David","Face-to-Face","3","https://www.bkstr.com/webapp/wcs/stores/servlet/booklookServlet?bookstore_id-1=584&term_id-1=2022 Spring&crn-1=11402",""
"202210","CHE792","PRE-DOCTORAL RESEARCH","155","11403","",""," ","Closed","0","0","Iqbal, Zafar","Face-to-Face","3","https://www.bkstr.com/webapp/wcs/stores/servlet/booklookServlet?bookstore_id-1=584&term_id-1=2022 Spring&crn-1=11403",""
"202210","CHE792","PRE-DOCTORAL RESEARCH","158","11404","",""," ","Closed","0","0","Khalizov, Alexei","Face-to-Face","3","https://www.bkstr.com/webapp/wcs/stores/servlet/booklookServlet?bookstore_id-1=584&term_id-1=2022 Spring&crn-1=11404",""
"202210","CHE792","PRE-DOCTORAL RESEARCH","212","11405","",""," ","Closed","0","0","Voronov, Roman","Face-to-Face","3","https://www.bkstr.com/webapp/wcs/stores/servlet/booklookServlet?bookstore_id-1=584&term_id-1=2022 Spring&crn-1=11405",""
"202210","CHE792","PRE-DOCTORAL RESEARCH","214","11406","",""," ","Closed","0","0","Gor, Gennady","Face-to-Face","3","https://www.bkstr.com/webapp/wcs/stores/servlet/booklookServlet?bookstore_id-1=584&term_id-1=2022 Spring&crn-1=11406",""
"202210","CHE792","PRE-DOCTORAL RESEARCH","217","11407","",""," ","Closed","0","1","Guvendiren, Murat","Face-to-Face","3","https://www.bkstr.com/webapp/wcs/stores/servlet/booklookServlet?bookstore_id-1=584&term_id-1=2022 Spring&crn-1=11407",""
"202210","CHE792","PRE-DOCTORAL RESEARCH","445","11408","",""," ","Closed","0","0","Dave, Rajesh","Face-to-Face","3","https://www.bkstr.com/webapp/wcs/stores/servlet/booklookServlet?bookstore_id-1=584&term_id-1=2022 Spring&crn-1=11408",""
"202210","CHE792","PRE-DOCTORAL RESEARCH","486","11409","",""," ","Closed","0","0","Khusid, Boris","Face-to-Face","3","https://www.bkstr.com/webapp/wcs/stores/servlet/booklookServlet?bookstore_id-1=584&term_id-1=2022 Spring&crn-1=11409",""
"202210","CHE792","PRE-DOCTORAL RESEARCH","487","11410","",""," ","Closed","0","0","Dreyzin, Edward","Face-to-Face","3","https://www.bkstr.com/webapp/wcs/stores/servlet/booklookServlet?bookstore_id-1=584&term_id-1=2022 Spring&crn-1=11410",""
