"Term","Course","Title","Section","CRN","Days","Times","Location","Status","Max","Now","Instructor","Delivery Mode","Credits","Info","Comments"
"202210","CHEM121","FUND OF CHEMICAL PRINCIPLES I","002","11411","TR","4:00 PM - 5:20 PM","KUPF 118","Open","43","24","Osonga, Francis","Face-to-Face","3","https://www.bkstr.com/webapp/wcs/stores/servlet/booklookServlet?bookstore_id-1=584&term_id-1=2022 Spring&crn-1=11411","This course has common exams.<br />See https://www.njit.edu/registrar/exams/ for details."
"202210","CHEM122","FUND OF CHEMICAL PRINCIPLES II","002","11412","F","1:00 PM - 2:20 PM","CKB 226","Open","35","24","Rezae, Farah","Face-to-Face","3","https://www.bkstr.com/webapp/wcs/stores/servlet/booklookServlet?bookstore_id-1=584&term_id-1=2022 Spring&crn-1=11412","This course has common exams.<br />See https://www.njit.edu/registrar/exams/ for details."
"202210","CHEM122","FUND OF CHEMICAL PRINCIPLES II","002","11412","M","1:00 PM - 2:20 PM","CKB 226","Open","35","24","Rezae, Farah","Face-to-Face","3","https://www.bkstr.com/webapp/wcs/stores/servlet/booklookServlet?bookstore_id-1=584&term_id-1=2022 Spring&crn-1=11412","This course has common exams.<br />See https://www.njit.edu/registrar/exams/ for details."
"202210","CHEM124","GEN CHEMISTRY LAB","002","11413","W","11:30 AM - 2:20 PM","TIER 204","Open","32","31","Gu, Pin","Face-to-Face","1","https://www.bkstr.com/webapp/wcs/stores/servlet/booklookServlet?bookstore_id-1=584&term_id-1=2022 Spring&crn-1=11413",""
"202210","CHEM124","GEN CHEMISTRY LAB","004","11414","W","11:30 AM - 2:20 PM"," ","Cancelled","20","0","","Face-to-Face","1","https://www.bkstr.com/webapp/wcs/stores/servlet/booklookServlet?bookstore_id-1=584&term_id-1=2022 Spring&crn-1=11414","Cancelled 12/6/21"
"202210","CHEM124","GEN CHEMISTRY LAB","006","11415","R","8:30 AM - 11:20 AM","TIER 204","Open","32","15","Gu, Pin","Face-to-Face","1","https://www.bkstr.com/webapp/wcs/stores/servlet/booklookServlet?bookstore_id-1=584&term_id-1=2022 Spring&crn-1=11415",""
"202210","CHEM124","GEN CHEMISTRY LAB","102","11416","M","6:00 PM - 8:50 PM"," ","Cancelled","20","0","","Face-to-Face","1","https://www.bkstr.com/webapp/wcs/stores/servlet/booklookServlet?bookstore_id-1=584&term_id-1=2022 Spring&crn-1=11416","Cancelled 1/10/22"
"202210","CHEM124","GEN CHEMISTRY LAB","104","11417","R","6:00 PM - 8:50 PM","TIER 204","Open","32","17","Gu, Pin","Face-to-Face","1","https://www.bkstr.com/webapp/wcs/stores/servlet/booklookServlet?bookstore_id-1=584&term_id-1=2022 Spring&crn-1=11417",""
"202210","CHEM125","GENERAL CHEMISTRY I","002","11418","TF","4:00 PM - 5:20 PM","CKB 124","Open","43","39","Gulotta, Miriam","Face-to-Face","3","https://www.bkstr.com/webapp/wcs/stores/servlet/booklookServlet?bookstore_id-1=584&term_id-1=2022 Spring&crn-1=11418","This course has common exams.<br />See https://www.njit.edu/registrar/exams/ for details."
"202210","CHEM125","GENERAL CHEMISTRY I","004","11419","TR","10:00 AM - 11:20 AM","CKB 204","Open","43","42","Misra, Nirendra","Face-to-Face","3","https://www.bkstr.com/webapp/wcs/stores/servlet/booklookServlet?bookstore_id-1=584&term_id-1=2022 Spring&crn-1=11419","This course has common exams.<br />See https://www.njit.edu/registrar/exams/ for details."
"202210","CHEM125","GENERAL CHEMISTRY I","006","11420","TF","10:00 AM - 11:20 AM","KUPF 118","Open","43","42","Avzianova, Elena","Face-to-Face","3","https://www.bkstr.com/webapp/wcs/stores/servlet/booklookServlet?bookstore_id-1=584&term_id-1=2022 Spring&crn-1=11420","This course has common exams.<br />See https://www.njit.edu/registrar/exams/ for details."
"202210","CHEM125","GENERAL CHEMISTRY I","008","11421","WF","1:00 PM - 2:20 PM","KUPF 202","Closed","45","45","Buchspies, Jonathan","Face-to-Face","3","https://www.bkstr.com/webapp/wcs/stores/servlet/booklookServlet?bookstore_id-1=584&term_id-1=2022 Spring&crn-1=11421","This course has common exams.<br />See https://www.njit.edu/registrar/exams/ for details."
"202210","CHEM125","GENERAL CHEMISTRY I","102","11422","T","6:00 PM - 8:50 PM","KUPF 207","Open","43","40","Osonga, Francis","Face-to-Face","3","https://www.bkstr.com/webapp/wcs/stores/servlet/booklookServlet?bookstore_id-1=584&term_id-1=2022 Spring&crn-1=11422","This course has common exams.<br />See https://www.njit.edu/registrar/exams/ for details."
"202210","CHEM125","GENERAL CHEMISTRY I","104","11423","R","6:00 PM - 8:50 PM","TIER 108","Open","39","29","Osonga, Francis","Face-to-Face","3","https://www.bkstr.com/webapp/wcs/stores/servlet/booklookServlet?bookstore_id-1=584&term_id-1=2022 Spring&crn-1=11423","This course has common exams.<br />See https://www.njit.edu/registrar/exams/ for details."
"202210","CHEM125","GENERAL CHEMISTRY I","SHS","15902","",""," ","Closed","0","4","","Face-to-Face","3","https://www.bkstr.com/webapp/wcs/stores/servlet/booklookServlet?bookstore_id-1=584&term_id-1=2022 Spring&crn-1=15902","For Sparta High School Students Only"
"202210","CHEM125A","GENERAL CHEMISTRY  LAB I","002","11424","M","11:30 AM - 2:20 PM","TIER 204","Closed","32","32","Gu, Pin","Face-to-Face","1","https://www.bkstr.com/webapp/wcs/stores/servlet/booklookServlet?bookstore_id-1=584&term_id-1=2022 Spring&crn-1=11424",""
"202210","CHEM125A","GENERAL CHEMISTRY  LAB I","004","11425","F","8:30 AM - 11:20 AM"," ","Cancelled","32","0","","Face-to-Face","1","https://www.bkstr.com/webapp/wcs/stores/servlet/booklookServlet?bookstore_id-1=584&term_id-1=2022 Spring&crn-1=11425","Cancelled 01/10/22"
"202210","CHEM125A","GENERAL CHEMISTRY  LAB I","006","11426","F","1:00 PM - 3:50 PM","TIER 204","Open","32","18","Patnaik, Pradyot","Face-to-Face","1","https://www.bkstr.com/webapp/wcs/stores/servlet/booklookServlet?bookstore_id-1=584&term_id-1=2022 Spring&crn-1=11426",""
"202210","CHEM125A","GENERAL CHEMISTRY  LAB I","008","11427","M","8:30 AM - 11:20 AM","TIER 204","Open","32","25","Gu, Pin","Face-to-Face","1","https://www.bkstr.com/webapp/wcs/stores/servlet/booklookServlet?bookstore_id-1=584&term_id-1=2022 Spring&crn-1=11427",""
"202210","CHEM125A","GENERAL CHEMISTRY  LAB I","102","11428","M","6:00 PM - 8:50 PM","TIER 204","Open","32","27","Pacheco, Carlos","Face-to-Face","1","https://www.bkstr.com/webapp/wcs/stores/servlet/booklookServlet?bookstore_id-1=584&term_id-1=2022 Spring&crn-1=11428",""
"202210","CHEM125A","GENERAL CHEMISTRY  LAB I","SHS","15903","",""," ","Closed","0","4","","Face-to-Face","1","https://www.bkstr.com/webapp/wcs/stores/servlet/booklookServlet?bookstore_id-1=584&term_id-1=2022 Spring&crn-1=15903","For Sparta High School Students Only"
"202210","CHEM126","GEN CHEMISTRY II","002","11429","F","2:30 PM - 3:50 PM","TIER LECT 1","Open","43","28","Gilbert, Kathleen","Face-to-Face","3","https://www.bkstr.com/webapp/wcs/stores/servlet/booklookServlet?bookstore_id-1=584&term_id-1=2022 Spring&crn-1=11429","This course has common exams.<br />See https://www.njit.edu/registrar/exams/ for details."
"202210","CHEM126","GEN CHEMISTRY II","002","11429","M","10:00 AM - 11:20 AM","KUPF 105","Open","43","28","Gilbert, Kathleen","Face-to-Face","3","https://www.bkstr.com/webapp/wcs/stores/servlet/booklookServlet?bookstore_id-1=584&term_id-1=2022 Spring&crn-1=11429","This course has common exams.<br />See https://www.njit.edu/registrar/exams/ for details."
"202210","CHEM126","GEN CHEMISTRY II","004","11430","F","2:30 PM - 3:50 PM","TIER LECT 1","Open","43","24","Gilbert, Kathleen","Face-to-Face","3","https://www.bkstr.com/webapp/wcs/stores/servlet/booklookServlet?bookstore_id-1=584&term_id-1=2022 Spring&crn-1=11430","This course has common exams.<br />See https://www.njit.edu/registrar/exams/ for details."
"202210","CHEM126","GEN CHEMISTRY II","004","11430","W","11:30 AM - 12:50 PM","KUPF 202","Open","43","24","Gilbert, Kathleen","Face-to-Face","3","https://www.bkstr.com/webapp/wcs/stores/servlet/booklookServlet?bookstore_id-1=584&term_id-1=2022 Spring&crn-1=11430","This course has common exams.<br />See https://www.njit.edu/registrar/exams/ for details."
"202210","CHEM126","GEN CHEMISTRY II","006","11431","F","2:30 PM - 3:50 PM"," ","Cancelled","43","0","","Face-to-Face","3","https://www.bkstr.com/webapp/wcs/stores/servlet/booklookServlet?bookstore_id-1=584&term_id-1=2022 Spring&crn-1=11431","Cancelled 01/10/22"
"202210","CHEM126","GEN CHEMISTRY II","006","11431","T","10:00 AM - 11:20 AM"," ","Cancelled","43","0","","Face-to-Face","3","https://www.bkstr.com/webapp/wcs/stores/servlet/booklookServlet?bookstore_id-1=584&term_id-1=2022 Spring&crn-1=11431","Cancelled 01/10/22"
"202210","CHEM126","GEN CHEMISTRY II","008","11432","MW","8:30 AM - 9:50 AM","CKB 124","Open","43","29","Misra, Nirendra","Face-to-Face","3","https://www.bkstr.com/webapp/wcs/stores/servlet/booklookServlet?bookstore_id-1=584&term_id-1=2022 Spring&crn-1=11432","This course has common exams.<br />See https://www.njit.edu/registrar/exams/ for details."
"202210","CHEM126","GEN CHEMISTRY II","010","11433","T","10:00 AM - 11:20 AM","FMH 408","Closed","43","43","DeSantis, Christopher","Face-to-Face","3","https://www.bkstr.com/webapp/wcs/stores/servlet/booklookServlet?bookstore_id-1=584&term_id-1=2022 Spring&crn-1=11433","This course has common exams.<br />See https://www.njit.edu/registrar/exams/ for details."
"202210","CHEM126","GEN CHEMISTRY II","010","11433","T","4:00 PM - 5:20 PM","KUPF 107","Closed","43","43","DeSantis, Christopher","Face-to-Face","3","https://www.bkstr.com/webapp/wcs/stores/servlet/booklookServlet?bookstore_id-1=584&term_id-1=2022 Spring&crn-1=11433","This course has common exams.<br />See https://www.njit.edu/registrar/exams/ for details."
"202210","CHEM126","GEN CHEMISTRY II","012","11434","M","1:00 PM - 2:20 PM","KUPF 107","Open","43","36","Gulotta, Miriam","Face-to-Face","3","https://www.bkstr.com/webapp/wcs/stores/servlet/booklookServlet?bookstore_id-1=584&term_id-1=2022 Spring&crn-1=11434","This course has common exams.<br />See https://www.njit.edu/registrar/exams/ for details."
"202210","CHEM126","GEN CHEMISTRY II","012","11434","T","10:00 AM - 11:20 AM","KUPF 208","Open","43","36","Gulotta, Miriam","Face-to-Face","3","https://www.bkstr.com/webapp/wcs/stores/servlet/booklookServlet?bookstore_id-1=584&term_id-1=2022 Spring&crn-1=11434","This course has common exams.<br />See https://www.njit.edu/registrar/exams/ for details."
"202210","CHEM126","GEN CHEMISTRY II","014","11435","TR","11:30 AM - 12:50 PM","KUPF 107","Closed","43","43","DeSantis, Christopher","Face-to-Face","3","https://www.bkstr.com/webapp/wcs/stores/servlet/booklookServlet?bookstore_id-1=584&term_id-1=2022 Spring&crn-1=11435","This course has common exams.<br />See https://www.njit.edu/registrar/exams/ for details."
"202210","CHEM126","GEN CHEMISTRY II","016","11436","TF","1:00 PM - 2:20 PM","KUPF 104","Closed","43","43","DeSantis, Christopher","Face-to-Face","3","https://www.bkstr.com/webapp/wcs/stores/servlet/booklookServlet?bookstore_id-1=584&term_id-1=2022 Spring&crn-1=11436","This course has common exams.<br />See https://www.njit.edu/registrar/exams/ for details."
"202210","CHEM126","GEN CHEMISTRY II","018","11437","F","1:00 PM - 2:20 PM","KUPF 118","Open","43","34","Gulotta, Miriam","Face-to-Face","3","https://www.bkstr.com/webapp/wcs/stores/servlet/booklookServlet?bookstore_id-1=584&term_id-1=2022 Spring&crn-1=11437","This course has common exams.<br />See https://www.njit.edu/registrar/exams/ for details."
"202210","CHEM126","GEN CHEMISTRY II","018","11437","T","1:00 PM - 2:20 PM","KUPF 203","Open","43","34","Gulotta, Miriam","Face-to-Face","3","https://www.bkstr.com/webapp/wcs/stores/servlet/booklookServlet?bookstore_id-1=584&term_id-1=2022 Spring&crn-1=11437","This course has common exams.<br />See https://www.njit.edu/registrar/exams/ for details."
"202210","CHEM126","GEN CHEMISTRY II","020","11438","F","1:00 PM - 2:20 PM","KUPF 118","Open","43","27","Gulotta, Miriam","Face-to-Face","3","https://www.bkstr.com/webapp/wcs/stores/servlet/booklookServlet?bookstore_id-1=584&term_id-1=2022 Spring&crn-1=11438","This course has common exams.<br />See https://www.njit.edu/registrar/exams/ for details."
"202210","CHEM126","GEN CHEMISTRY II","020","11438","T","11:30 AM - 12:50 PM","KUPF 204","Open","43","27","Gulotta, Miriam","Face-to-Face","3","https://www.bkstr.com/webapp/wcs/stores/servlet/booklookServlet?bookstore_id-1=584&term_id-1=2022 Spring&crn-1=11438","This course has common exams.<br />See https://www.njit.edu/registrar/exams/ for details."
"202210","CHEM126","GEN CHEMISTRY II","022","11439","M","10:00 AM - 11:20 AM"," ","Cancelled","43","0","","Face-to-Face","3","https://www.bkstr.com/webapp/wcs/stores/servlet/booklookServlet?bookstore_id-1=584&term_id-1=2022 Spring&crn-1=11439","Cancelled 01/10/22"
"202210","CHEM126","GEN CHEMISTRY II","022","11439","M","8:30 AM - 9:50 AM"," ","Cancelled","43","0","","Face-to-Face","3","https://www.bkstr.com/webapp/wcs/stores/servlet/booklookServlet?bookstore_id-1=584&term_id-1=2022 Spring&crn-1=11439","Cancelled 01/10/22"
"202210","CHEM126","GEN CHEMISTRY II","102","11440","M","6:00 PM - 8:50 PM","CKB 330","Closed","39","39","DePaolo, Patrick","Face-to-Face","3","https://www.bkstr.com/webapp/wcs/stores/servlet/booklookServlet?bookstore_id-1=584&term_id-1=2022 Spring&crn-1=11440","This course has common exams.<br />See https://www.njit.edu/registrar/exams/ for details."
"202210","CHEM126","GEN CHEMISTRY II","104","11441","M","6:00 PM - 8:50 PM","TIER 108","Closed","39","39","Radoff, Daniel","Face-to-Face","3","https://www.bkstr.com/webapp/wcs/stores/servlet/booklookServlet?bookstore_id-1=584&term_id-1=2022 Spring&crn-1=11441","This course has common exams.<br />See https://www.njit.edu/registrar/exams/ for details."
"202210","CHEM126","GEN CHEMISTRY II - HONORS","H02","11442","TR","4:00 PM - 5:20 PM","ECEC 115","Open","43","15","Balasubramanian, Bhavani","Face-to-Face","3","https://www.bkstr.com/webapp/wcs/stores/servlet/booklookServlet?bookstore_id-1=584&term_id-1=2022 Spring&crn-1=11442","Honors Course<br />This course has common exams.<br />See https://www.njit.edu/registrar/exams/ for details."
"202210","CHEM126A","GEN CHEMISTRY LAB II","002","11443","W","8:30 AM - 11:20 AM","TIER 207","Closed","20","20","Meng, Xianyang","Face-to-Face","1","https://www.bkstr.com/webapp/wcs/stores/servlet/booklookServlet?bookstore_id-1=584&term_id-1=2022 Spring&crn-1=11443",""
"202210","CHEM126A","GEN CHEMISTRY LAB II","004","11444","T","10:00 AM - 12:50 PM","TIER 207","Closed","20","20","Castro, Alfredo","Face-to-Face","1","https://www.bkstr.com/webapp/wcs/stores/servlet/booklookServlet?bookstore_id-1=584&term_id-1=2022 Spring&crn-1=11444",""
"202210","CHEM126A","GEN CHEMISTRY LAB II","006","11445","F","8:30 AM - 11:20 AM","TIER 207","Closed","20","20","Lu, Chunmeng","Face-to-Face","1","https://www.bkstr.com/webapp/wcs/stores/servlet/booklookServlet?bookstore_id-1=584&term_id-1=2022 Spring&crn-1=11445",""
"202210","CHEM126A","GEN CHEMISTRY LAB II","102","11446","W","6:00 PM - 8:50 PM","TIER 204","Closed","32","32","Meng, Xianyang","Face-to-Face","1","https://www.bkstr.com/webapp/wcs/stores/servlet/booklookServlet?bookstore_id-1=584&term_id-1=2022 Spring&crn-1=11446",""
"202210","CHEM126A","GEN CHEMISTRY LAB II","104","11447","T","6:00 PM - 8:50 PM","TIER 204","Closed","32","32","Zhang, Xueyan","Face-to-Face","1","https://www.bkstr.com/webapp/wcs/stores/servlet/booklookServlet?bookstore_id-1=584&term_id-1=2022 Spring&crn-1=11447",""
"202210","CHEM221","ANALYTICAL CHEM METHODS","002","11448","W","8:30 AM - 12:05 PM"," ","Cancelled","20","0","","Face-to-Face","2","https://www.bkstr.com/webapp/wcs/stores/servlet/booklookServlet?bookstore_id-1=584&term_id-1=2022 Spring&crn-1=11448","Cancelled 01/10/22"
"202210","CHEM221","ANALYTICAL CHEM METHODS","102","11449","T","6:00 PM - 10:05 PM","TIER 208","Open","20","19","Sadik, Omowunmi","Face-to-Face","2","https://www.bkstr.com/webapp/wcs/stores/servlet/booklookServlet?bookstore_id-1=584&term_id-1=2022 Spring&crn-1=11449",""
"202210","CHEM222","ANALYTICAL CHEMISTRY","002","15596","MR","10:00 AM - 11:20 AM","TIER 107","Open","39","16","Pacheco, Carlos","Face-to-Face","3","https://www.bkstr.com/webapp/wcs/stores/servlet/booklookServlet?bookstore_id-1=584&term_id-1=2022 Spring&crn-1=15596",""
"202210","CHEM235","PHYSICAL CHEMISTRY II","002","11450","TR","10:00 AM - 12:05 PM","CKB 303","Open","43","16","Zhang, Lijie","Face-to-Face","3","https://www.bkstr.com/webapp/wcs/stores/servlet/booklookServlet?bookstore_id-1=584&term_id-1=2022 Spring&crn-1=11450",""
"202210","CHEM236","PHYSICAL CHEM FOR CHEM ENGRS","002","11451","F","2:30 PM - 4:25 PM","FMH 408","Open","60","39","Avzianova, Elena","Face-to-Face","4","https://www.bkstr.com/webapp/wcs/stores/servlet/booklookServlet?bookstore_id-1=584&term_id-1=2022 Spring&crn-1=11451",""
"202210","CHEM236","PHYSICAL CHEM FOR CHEM ENGRS","002","11451","R","1:00 PM - 2:55 PM","FMH 408","Open","60","39","Avzianova, Elena","Face-to-Face","4","https://www.bkstr.com/webapp/wcs/stores/servlet/booklookServlet?bookstore_id-1=584&term_id-1=2022 Spring&crn-1=11451",""
"202210","CHEM236","PHYSICAL CHEM FOR CHEM ENGRS","002","11451","R","4:00 PM - 5:00 PM","KUPF 209","Open","60","39","Avzianova, Elena","Face-to-Face","4","https://www.bkstr.com/webapp/wcs/stores/servlet/booklookServlet?bookstore_id-1=584&term_id-1=2022 Spring&crn-1=11451",""
"202210","CHEM243","ORGANIC CHEMISTRY I","002","11452","MR","1:00 PM - 2:20 PM","KUPF 202","Open","43","25","DeSantis, Christopher","Face-to-Face","3","https://www.bkstr.com/webapp/wcs/stores/servlet/booklookServlet?bookstore_id-1=584&term_id-1=2022 Spring&crn-1=11452",""
"202210","CHEM243","ORGANIC CHEMISTRY I","102","11453","M","6:00 PM - 8:50 PM","KUPF 118","Open","43","25","Naughton, Andrew","Face-to-Face","3","https://www.bkstr.com/webapp/wcs/stores/servlet/booklookServlet?bookstore_id-1=584&term_id-1=2022 Spring&crn-1=11453",""
"202210","CHEM244","ORGANIC CHEMISTRY II","002","11454","MR","2:30 PM - 3:50 PM","KUPF 210","Open","50","33","Zhang, Yuanwei","Face-to-Face","3","https://www.bkstr.com/webapp/wcs/stores/servlet/booklookServlet?bookstore_id-1=584&term_id-1=2022 Spring&crn-1=11454","Students must also register for LAB."
"202210","CHEM244","ORGANIC CHEMISTRY II","102","11455","T","6:00 PM - 8:50 PM","KUPF 206","Open","39","37","Castro, Alfredo","Face-to-Face","3","https://www.bkstr.com/webapp/wcs/stores/servlet/booklookServlet?bookstore_id-1=584&term_id-1=2022 Spring&crn-1=11455","Students must also register for LAB."
"202210","CHEM244","ORGANIC CHEMISTRY II - HONORS","HM2","11456","MR","2:30 PM - 3:50 PM","KUPF 210","Open","30","26","Zhang, Yuanwei","Face-to-Face","3","https://www.bkstr.com/webapp/wcs/stores/servlet/booklookServlet?bookstore_id-1=584&term_id-1=2022 Spring&crn-1=11456","Honors Course<br />Students must also register for LAB."
"202210","CHEM244A","ORGANIC CHEMISTRY II LAB","002","11457","R","8:30 AM - 12:05 PM","TIER 207","Closed","20","20","Roy, Sagar","Face-to-Face","2","https://www.bkstr.com/webapp/wcs/stores/servlet/booklookServlet?bookstore_id-1=584&term_id-1=2022 Spring&crn-1=11457","Students must also register for LECTURE."
"202210","CHEM244A","ORGANIC CHEMISTRY II LAB","004","11458","T","1:45 PM - 5:20 PM","TIER 207","Closed","20","20","Hussain, Chaudhery","Face-to-Face","2","https://www.bkstr.com/webapp/wcs/stores/servlet/booklookServlet?bookstore_id-1=584&term_id-1=2022 Spring&crn-1=11458","Students must also register for LECTURE."
"202210","CHEM244A","ORGANIC CHEMISTRY II LAB","006","11459","M","9:15 AM - 12:50 PM","TIER 207","Open","20","19","Farinas, Edgardo","Face-to-Face","2","https://www.bkstr.com/webapp/wcs/stores/servlet/booklookServlet?bookstore_id-1=584&term_id-1=2022 Spring&crn-1=11459","Students must also register for LECTURE."
"202210","CHEM244A","ORGANIC CHEMISTRY II LAB","008","11460","F","1:00 PM - 4:35 PM","TIER 207","Closed","20","20","Hussain, Chaudhery","Face-to-Face","2","https://www.bkstr.com/webapp/wcs/stores/servlet/booklookServlet?bookstore_id-1=584&term_id-1=2022 Spring&crn-1=11460","Students must also register for LECTURE."
"202210","CHEM244A","ORGANIC CHEMISTRY II LAB","102","11461","F","6:00 PM - 10:05 PM","TIER 207","Open","20","14","Hussain, Chaudhery","Face-to-Face","2","https://www.bkstr.com/webapp/wcs/stores/servlet/booklookServlet?bookstore_id-1=584&term_id-1=2022 Spring&crn-1=11461","Students must also register for LECTURE."
"202210","CHEM244A","ORGANIC CHEMISTRY II LAB","104","11462","W","6:00 PM - 10:05 PM","TIER 207","Closed","20","20","Lu, Chunmeng","Face-to-Face","2","https://www.bkstr.com/webapp/wcs/stores/servlet/booklookServlet?bookstore_id-1=584&term_id-1=2022 Spring&crn-1=11462","Students must also register for LECTURE."
"202210","CHEM245","ORGANIC CHEM FOR CHEM ENGNRS","002","11463","F","9:15 AM - 11:10 AM","KUPF 108","Open","43","9","DeSantis, Christopher","Face-to-Face","4","https://www.bkstr.com/webapp/wcs/stores/servlet/booklookServlet?bookstore_id-1=584&term_id-1=2022 Spring&crn-1=11463",""
"202210","CHEM245","ORGANIC CHEM FOR CHEM ENGNRS","002","11463","M","2:30 PM - 3:30 PM","KUPF 207","Open","43","9","DeSantis, Christopher","Face-to-Face","4","https://www.bkstr.com/webapp/wcs/stores/servlet/booklookServlet?bookstore_id-1=584&term_id-1=2022 Spring&crn-1=11463",""
"202210","CHEM245","ORGANIC CHEM FOR CHEM ENGNRS","002","11463","W","10:00 AM - 11:55 AM","KUPF 108","Open","43","9","DeSantis, Christopher","Face-to-Face","4","https://www.bkstr.com/webapp/wcs/stores/servlet/booklookServlet?bookstore_id-1=584&term_id-1=2022 Spring&crn-1=11463",""
"202210","CHEM301","CHEMICAL TECHNOLOGY","002","11464","R","11:30 AM - 12:50 PM","FMH 110","Closed","24","24","Gulotta, Miriam","Face-to-Face","3","https://www.bkstr.com/webapp/wcs/stores/servlet/booklookServlet?bookstore_id-1=584&term_id-1=2022 Spring&crn-1=11464",""
"202210","CHEM301","CHEMICAL TECHNOLOGY","002","11464","R","1:00 PM - 3:50 PM","TIER 204","Closed","24","24","Gulotta, Miriam","Face-to-Face","3","https://www.bkstr.com/webapp/wcs/stores/servlet/booklookServlet?bookstore_id-1=584&term_id-1=2022 Spring&crn-1=11464",""
"202210","CHEM301","CHEMICAL TECHNOLOGY","004","11465","M","11:30 AM - 12:50 PM"," ","Cancelled","24","0","","Face-to-Face","3","https://www.bkstr.com/webapp/wcs/stores/servlet/booklookServlet?bookstore_id-1=584&term_id-1=2022 Spring&crn-1=11465","Cancelled 12/6/21"
"202210","CHEM301","CHEMICAL TECHNOLOGY","004","11465","M","1:00 PM - 3:50 PM"," ","Cancelled","24","0","","Face-to-Face","3","https://www.bkstr.com/webapp/wcs/stores/servlet/booklookServlet?bookstore_id-1=584&term_id-1=2022 Spring&crn-1=11465","Cancelled 12/6/21"
"202210","CHEM301","CHEMICAL TECHNOLOGY","102","11466","R","6:00 PM - 7:55 PM","CKB 314","Closed","24","24","Naughton, Andrew","Face-to-Face","3","https://www.bkstr.com/webapp/wcs/stores/servlet/booklookServlet?bookstore_id-1=584&term_id-1=2022 Spring&crn-1=11466",""
"202210","CHEM301","CHEMICAL TECHNOLOGY","102","11466","R","8:05 PM - 10:00 PM","TIER 207","Closed","24","24","Naughton, Andrew","Face-to-Face","3","https://www.bkstr.com/webapp/wcs/stores/servlet/booklookServlet?bookstore_id-1=584&term_id-1=2022 Spring&crn-1=11466",""
"202210","CHEM339","ANALY/PHY CHM LAB FOR CHM ENG","002","11467","F","1:00 PM - 5:20 PM"," ","Cancelled","15","0","","Face-to-Face","2","https://www.bkstr.com/webapp/wcs/stores/servlet/booklookServlet?bookstore_id-1=584&term_id-1=2022 Spring&crn-1=11467","Cancelled 12/8/21"
"202210","CHEM339","ANALY/PHY CHM LAB FOR CHM ENG","102","11468","W","6:00 PM - 10:05 PM","TIER 208","Open","20","15","Gilbert, Kathleen","Face-to-Face","2","https://www.bkstr.com/webapp/wcs/stores/servlet/booklookServlet?bookstore_id-1=584&term_id-1=2022 Spring&crn-1=11468",""
"202210","CHEM339","ANALY/PHY CHM LAB FOR CHM ENG","104","11469","M","6:00 PM - 10:05 PM","TIER 208","Open","20","16","Gilbert, Kathleen","Face-to-Face","2","https://www.bkstr.com/webapp/wcs/stores/servlet/booklookServlet?bookstore_id-1=584&term_id-1=2022 Spring&crn-1=11469",""
"202210","CHEM361","ENVIRONMENTAL CHEMISTRY II","002","11470","MW","11:30 AM - 12:50 PM","TIER 111","Open","24","13","Khalizov, Alexei","Face-to-Face","3","https://www.bkstr.com/webapp/wcs/stores/servlet/booklookServlet?bookstore_id-1=584&term_id-1=2022 Spring&crn-1=11470",""
"202210","CHEM391","RESEARCH AND INDEPENDENT STUDY","131","11471","",""," ","Closed","0","1","Sadik, Omowunmi","Face-to-Face","3","https://www.bkstr.com/webapp/wcs/stores/servlet/booklookServlet?bookstore_id-1=584&term_id-1=2022 Spring&crn-1=11471",""
"202210","CHEM391","RESEARCH AND INDEPENDENT STUDY","133","15735","",""," ","Closed","0","1","Varkouhi, Amir Khashayar","Face-to-Face","3","https://www.bkstr.com/webapp/wcs/stores/servlet/booklookServlet?bookstore_id-1=584&term_id-1=2022 Spring&crn-1=15735",""
"202210","CHEM391","RESEARCH AND INDEPENDENT STUDY","136","11472","",""," ","Closed","0","0","Gund, Tamara","Face-to-Face","3","https://www.bkstr.com/webapp/wcs/stores/servlet/booklookServlet?bookstore_id-1=584&term_id-1=2022 Spring&crn-1=11472",""
"202210","CHEM391","RESEARCH AND INDEPENDENT STUDY","137","15727","",""," ","Closed","0","0","Eberhart, Michael","Face-to-Face","3","https://www.bkstr.com/webapp/wcs/stores/servlet/booklookServlet?bookstore_id-1=584&term_id-1=2022 Spring&crn-1=15727",""
"202210","CHEM391","RESEARCH AND INDEPENDENT STUDY","141","11473","",""," ","Closed","0","0","Casado Zapico, Sara","Face-to-Face","3","https://www.bkstr.com/webapp/wcs/stores/servlet/booklookServlet?bookstore_id-1=584&term_id-1=2022 Spring&crn-1=11473",""
"202210","CHEM391","RESEARCH AND INDEPENDENT STUDY","142","11474","",""," ","Closed","0","0","Belfield, Kevin","Face-to-Face","3","https://www.bkstr.com/webapp/wcs/stores/servlet/booklookServlet?bookstore_id-1=584&term_id-1=2022 Spring&crn-1=11474",""
"202210","CHEM391","RESEARCH AND INDEPENDENT STUDY","143","11475","",""," ","Closed","0","1","Li, Mengyan","Face-to-Face","3","https://www.bkstr.com/webapp/wcs/stores/servlet/booklookServlet?bookstore_id-1=584&term_id-1=2022 Spring&crn-1=11475",""
"202210","CHEM391","RESEARCH AND INDEPENDENT STUDY","147","11477","",""," ","Closed","0","0","Kim, Yongick","Face-to-Face","3","https://www.bkstr.com/webapp/wcs/stores/servlet/booklookServlet?bookstore_id-1=584&term_id-1=2022 Spring&crn-1=11477",""
"202210","CHEM391","RESEARCH AND INDEPENDENT STUDY","148","11478","",""," ","Closed","0","0","Mitra, Somenath","Face-to-Face","3","https://www.bkstr.com/webapp/wcs/stores/servlet/booklookServlet?bookstore_id-1=584&term_id-1=2022 Spring&crn-1=11478",""
"202210","CHEM391","RESEARCH AND INDEPENDENT STUDY","151","11476","",""," ","Closed","0","1","Warner, Genoa","Face-to-Face","3","https://www.bkstr.com/webapp/wcs/stores/servlet/booklookServlet?bookstore_id-1=584&term_id-1=2022 Spring&crn-1=11476",""
"202210","CHEM391","RESEARCH AND INDEPENDENT STUDY","152","11479","",""," ","Closed","0","0","Zhang, Yuanwei","Face-to-Face","3","https://www.bkstr.com/webapp/wcs/stores/servlet/booklookServlet?bookstore_id-1=584&term_id-1=2022 Spring&crn-1=11479",""
"202210","CHEM391","RESEARCH AND INDEPENDENT STUDY","156","11480","",""," ","Closed","0","0","Farinas, Edgardo","Face-to-Face","3","https://www.bkstr.com/webapp/wcs/stores/servlet/booklookServlet?bookstore_id-1=584&term_id-1=2022 Spring&crn-1=11480",""
"202210","CHEM391","RESEARCH AND INDEPENDENT STUDY","158","11481","",""," ","Closed","0","0","Khalizov, Alexei","Face-to-Face","3","https://www.bkstr.com/webapp/wcs/stores/servlet/booklookServlet?bookstore_id-1=584&term_id-1=2022 Spring&crn-1=11481",""
"202210","CHEM391","RESEARCH AND INDEPENDENT STUDY","843","11482","",""," ","Closed","0","0","Qiu, Zeyuan","Face-to-Face","3","https://www.bkstr.com/webapp/wcs/stores/servlet/booklookServlet?bookstore_id-1=584&term_id-1=2022 Spring&crn-1=11482",""
"202210","CHEM412","INORGANIC CHEMISTRY","002","11483","MW","10:00 AM - 11:20 AM","TIER 106","Open","25","15","Eberhart, Michael","Face-to-Face","3","https://www.bkstr.com/webapp/wcs/stores/servlet/booklookServlet?bookstore_id-1=584&term_id-1=2022 Spring&crn-1=11483",""
"202210","CHEM437","APPL COMPUTATNL CHEM & MOL MOD","102","15598","R","6:00 PM - 8:50 PM","GITC 2315C","Open","15","7","Shakib, Farnaz","Converged Learning","3","https://www.bkstr.com/webapp/wcs/stores/servlet/booklookServlet?bookstore_id-1=584&term_id-1=2022 Spring&crn-1=15598","Converged Learning Course"
"202210","CHEM473","BIOCHEMISTRY","002","11484","TR","8:30 AM - 9:50 AM","CULM LECT 1","Open","84","54","Balasubramanian, Bhavani","Face-to-Face","3","https://www.bkstr.com/webapp/wcs/stores/servlet/booklookServlet?bookstore_id-1=584&term_id-1=2022 Spring&crn-1=11484",""
"202210","CHEM474","BIOCHEMISTRY II","102","11485","M","6:00 PM - 8:50 PM","FMH 404","Open","30","25","Farinas, Edgardo","Face-to-Face","3","https://www.bkstr.com/webapp/wcs/stores/servlet/booklookServlet?bookstore_id-1=584&term_id-1=2022 Spring&crn-1=11485",""
"202210","CHEM475","BIOCHEMISTRY LAB I","102","11486","F","6:00 PM - 10:05 PM","TIER 209","Closed","24","24","Kim, Yongick","Face-to-Face","2","https://www.bkstr.com/webapp/wcs/stores/servlet/booklookServlet?bookstore_id-1=584&term_id-1=2022 Spring&crn-1=11486",""
"202210","CHEM480","INSTRUMENTAL ANALYSIS","102","11487","W","6:00 PM - 10:05 PM","TIER 205","Closed","20","22","Mitra, Somenath","Face-to-Face","2","https://www.bkstr.com/webapp/wcs/stores/servlet/booklookServlet?bookstore_id-1=584&term_id-1=2022 Spring&crn-1=11487",""
"202210","CHEM491","RESEARCH & INDEP STUDY I","092","15928","",""," ","Closed","0","0","","Face-to-Face","3","https://www.bkstr.com/webapp/wcs/stores/servlet/booklookServlet?bookstore_id-1=584&term_id-1=2022 Spring&crn-1=15928",""
"202210","CHEM491","RESEARCH & INDEP STUDY I","093","15933","",""," ","Closed","0","0","","Face-to-Face","3","https://www.bkstr.com/webapp/wcs/stores/servlet/booklookServlet?bookstore_id-1=584&term_id-1=2022 Spring&crn-1=15933",""
"202210","CHEM491","RESEARCH & INDEP STUDY I","131","11488","",""," ","Closed","0","2","Sadik, Omowunmi","Face-to-Face","3","https://www.bkstr.com/webapp/wcs/stores/servlet/booklookServlet?bookstore_id-1=584&term_id-1=2022 Spring&crn-1=11488",""
"202210","CHEM491","RESEARCH & INDEP STUDY I","132","11489","",""," ","Closed","0","0","Chen, Hao","Face-to-Face","3","https://www.bkstr.com/webapp/wcs/stores/servlet/booklookServlet?bookstore_id-1=584&term_id-1=2022 Spring&crn-1=11489",""
"202210","CHEM491","RESEARCH & INDEP STUDY I","133","11490","",""," ","Closed","0","1","Varkouhi, Amir Khashayar","Face-to-Face","3","https://www.bkstr.com/webapp/wcs/stores/servlet/booklookServlet?bookstore_id-1=584&term_id-1=2022 Spring&crn-1=11490",""
"202210","CHEM491","RESEARCH & INDEP STUDY I","136","11491","",""," ","Closed","0","0","Gund, Tamara","Face-to-Face","3","https://www.bkstr.com/webapp/wcs/stores/servlet/booklookServlet?bookstore_id-1=584&term_id-1=2022 Spring&crn-1=11491",""
"202210","CHEM491","RESEARCH & INDEP STUDY I","137","15728","",""," ","Closed","0","0","Eberhart, Michael","Face-to-Face","3","https://www.bkstr.com/webapp/wcs/stores/servlet/booklookServlet?bookstore_id-1=584&term_id-1=2022 Spring&crn-1=15728",""
"202210","CHEM491","RESEARCH & INDEP STUDY I","138","15914","",""," ","Closed","0","1","Shakib, Farnaz","Face-to-Face","3","https://www.bkstr.com/webapp/wcs/stores/servlet/booklookServlet?bookstore_id-1=584&term_id-1=2022 Spring&crn-1=15914",""
"202210","CHEM491","RESEARCH & INDEP STUDY I","141","11492","",""," ","Closed","0","0","Casado Zapico, Sara","Face-to-Face","3","https://www.bkstr.com/webapp/wcs/stores/servlet/booklookServlet?bookstore_id-1=584&term_id-1=2022 Spring&crn-1=11492",""
"202210","CHEM491","RESEARCH & INDEP STUDY I","142","11493","",""," ","Closed","0","0","Belfield, Kevin","Face-to-Face","3","https://www.bkstr.com/webapp/wcs/stores/servlet/booklookServlet?bookstore_id-1=584&term_id-1=2022 Spring&crn-1=11493",""
"202210","CHEM491","RESEARCH & INDEP STUDY I","143","11494","",""," ","Closed","0","0","Li, Mengyan","Face-to-Face","3","https://www.bkstr.com/webapp/wcs/stores/servlet/booklookServlet?bookstore_id-1=584&term_id-1=2022 Spring&crn-1=11494",""
"202210","CHEM491","RESEARCH & INDEP STUDY I","147","11495","",""," ","Closed","0","0","Kim, Yongick","Face-to-Face","3","https://www.bkstr.com/webapp/wcs/stores/servlet/booklookServlet?bookstore_id-1=584&term_id-1=2022 Spring&crn-1=11495",""
"202210","CHEM491","RESEARCH & INDEP STUDY I","148","11496","",""," ","Closed","0","0","Mitra, Somenath","Face-to-Face","3","https://www.bkstr.com/webapp/wcs/stores/servlet/booklookServlet?bookstore_id-1=584&term_id-1=2022 Spring&crn-1=11496",""
"202210","CHEM491","RESEARCH & INDEP STUDY I","151","11497","",""," ","Closed","0","0","Warner, Genoa","Face-to-Face","3","https://www.bkstr.com/webapp/wcs/stores/servlet/booklookServlet?bookstore_id-1=584&term_id-1=2022 Spring&crn-1=11497",""
"202210","CHEM491","RESEARCH & INDEP STUDY I","152","11498","",""," ","Closed","0","0","Zhang, Yuanwei","Face-to-Face","3","https://www.bkstr.com/webapp/wcs/stores/servlet/booklookServlet?bookstore_id-1=584&term_id-1=2022 Spring&crn-1=11498",""
"202210","CHEM491","RESEARCH & INDEP STUDY I","156","11499","",""," ","Closed","0","0","Farinas, Edgardo","Face-to-Face","3","https://www.bkstr.com/webapp/wcs/stores/servlet/booklookServlet?bookstore_id-1=584&term_id-1=2022 Spring&crn-1=11499",""
"202210","CHEM491","RESEARCH & INDEP STUDY I","158","11500","",""," ","Closed","0","0","Khalizov, Alexei","Face-to-Face","3","https://www.bkstr.com/webapp/wcs/stores/servlet/booklookServlet?bookstore_id-1=584&term_id-1=2022 Spring&crn-1=11500",""
"202210","CHEM491","RESEARCH & INDEP STUDY I","843","11501","",""," ","Closed","0","0","Qiu, Zeyuan","Face-to-Face","3","https://www.bkstr.com/webapp/wcs/stores/servlet/booklookServlet?bookstore_id-1=584&term_id-1=2022 Spring&crn-1=11501",""
"202210","CHEM492","RESEARCH & INDEP STUDY","131","15870","",""," ","Closed","0","0","Sadik, Omowunmi","Face-to-Face","3","https://www.bkstr.com/webapp/wcs/stores/servlet/booklookServlet?bookstore_id-1=584&term_id-1=2022 Spring&crn-1=15870",""
"202210","CHEM492","RESEARCH & INDEP STUDY","136","11502","",""," ","Closed","0","0","Gund, Tamara","Face-to-Face","3","https://www.bkstr.com/webapp/wcs/stores/servlet/booklookServlet?bookstore_id-1=584&term_id-1=2022 Spring&crn-1=11502",""
"202210","CHEM492","RESEARCH & INDEP STUDY","137","15729","",""," ","Closed","0","0","Eberhart, Michael","Face-to-Face","3","https://www.bkstr.com/webapp/wcs/stores/servlet/booklookServlet?bookstore_id-1=584&term_id-1=2022 Spring&crn-1=15729",""
"202210","CHEM492","RESEARCH & INDEP STUDY","138","15956","",""," ","Closed","0","1","Shakib, Farnaz","Face-to-Face","3","https://www.bkstr.com/webapp/wcs/stores/servlet/booklookServlet?bookstore_id-1=584&term_id-1=2022 Spring&crn-1=15956",""
"202210","CHEM492","RESEARCH & INDEP STUDY","141","11503","",""," ","Closed","0","0","Casado Zapico, Sara","Face-to-Face","3","https://www.bkstr.com/webapp/wcs/stores/servlet/booklookServlet?bookstore_id-1=584&term_id-1=2022 Spring&crn-1=11503",""
"202210","CHEM492","RESEARCH & INDEP STUDY","142","11504","",""," ","Closed","0","0","Belfield, Kevin","Face-to-Face","3","https://www.bkstr.com/webapp/wcs/stores/servlet/booklookServlet?bookstore_id-1=584&term_id-1=2022 Spring&crn-1=11504",""
"202210","CHEM492","RESEARCH & INDEP STUDY","143","11505","",""," ","Closed","0","0","Li, Mengyan","Face-to-Face","3","https://www.bkstr.com/webapp/wcs/stores/servlet/booklookServlet?bookstore_id-1=584&term_id-1=2022 Spring&crn-1=11505",""
"202210","CHEM492","RESEARCH & INDEP STUDY","147","11506","",""," ","Closed","0","0","Kim, Yongick","Face-to-Face","3","https://www.bkstr.com/webapp/wcs/stores/servlet/booklookServlet?bookstore_id-1=584&term_id-1=2022 Spring&crn-1=11506",""
"202210","CHEM492","RESEARCH & INDEP STUDY","148","11507","",""," ","Closed","0","0","Mitra, Somenath","Face-to-Face","3","https://www.bkstr.com/webapp/wcs/stores/servlet/booklookServlet?bookstore_id-1=584&term_id-1=2022 Spring&crn-1=11507",""
"202210","CHEM492","RESEARCH & INDEP STUDY","151","11508","",""," ","Closed","0","0","Warner, Genoa","Face-to-Face","3","https://www.bkstr.com/webapp/wcs/stores/servlet/booklookServlet?bookstore_id-1=584&term_id-1=2022 Spring&crn-1=11508",""
"202210","CHEM492","RESEARCH & INDEP STUDY","152","11509","",""," ","Closed","0","0","Zhang, Yuanwei","Face-to-Face","3","https://www.bkstr.com/webapp/wcs/stores/servlet/booklookServlet?bookstore_id-1=584&term_id-1=2022 Spring&crn-1=11509",""
"202210","CHEM492","RESEARCH & INDEP STUDY","156","11510","",""," ","Closed","0","0","Farinas, Edgardo","Face-to-Face","3","https://www.bkstr.com/webapp/wcs/stores/servlet/booklookServlet?bookstore_id-1=584&term_id-1=2022 Spring&crn-1=11510",""
"202210","CHEM492","RESEARCH & INDEP STUDY","158","11511","",""," ","Closed","0","0","Khalizov, Alexei","Face-to-Face","3","https://www.bkstr.com/webapp/wcs/stores/servlet/booklookServlet?bookstore_id-1=584&term_id-1=2022 Spring&crn-1=11511",""
"202210","CHEM492","RESEARCH & INDEP STUDY","843","11512","",""," ","Closed","0","0","Qiu, Zeyuan","Face-to-Face","3","https://www.bkstr.com/webapp/wcs/stores/servlet/booklookServlet?bookstore_id-1=584&term_id-1=2022 Spring&crn-1=11512",""
"202210","CHEM590","GRADUATE CO-OP WORK EXPER I","136","11513","",""," ","Closed","0","0","Gund, Tamara","Face-to-Face","1","https://www.bkstr.com/webapp/wcs/stores/servlet/booklookServlet?bookstore_id-1=584&term_id-1=2022 Spring&crn-1=11513",""
"202210","CHEM590","GRADUATE CO-OP WORK EXPER I","141","11514","",""," ","Closed","0","0","Casado Zapico, Sara","Face-to-Face","1","https://www.bkstr.com/webapp/wcs/stores/servlet/booklookServlet?bookstore_id-1=584&term_id-1=2022 Spring&crn-1=11514",""
"202210","CHEM590","GRADUATE CO-OP WORK EXPER I","142","11515","",""," ","Closed","0","1","Belfield, Kevin","Face-to-Face","1","https://www.bkstr.com/webapp/wcs/stores/servlet/booklookServlet?bookstore_id-1=584&term_id-1=2022 Spring&crn-1=11515",""
"202210","CHEM590","GRADUATE CO-OP WORK EXPER I","143","11516","",""," ","Closed","0","0","Li, Mengyan","Face-to-Face","1","https://www.bkstr.com/webapp/wcs/stores/servlet/booklookServlet?bookstore_id-1=584&term_id-1=2022 Spring&crn-1=11516",""
"202210","CHEM590","GRADUATE CO-OP WORK EXPER I","147","11517","",""," ","Closed","0","0","Kim, Yongick","Face-to-Face","1","https://www.bkstr.com/webapp/wcs/stores/servlet/booklookServlet?bookstore_id-1=584&term_id-1=2022 Spring&crn-1=11517",""
"202210","CHEM590","GRADUATE CO-OP WORK EXPER I","148","11518","",""," ","Closed","0","0","Mitra, Somenath","Face-to-Face","1","https://www.bkstr.com/webapp/wcs/stores/servlet/booklookServlet?bookstore_id-1=584&term_id-1=2022 Spring&crn-1=11518",""
"202210","CHEM590","GRADUATE CO-OP WORK EXPER I","151","11519","",""," ","Closed","0","0","Warner, Genoa","Face-to-Face","1","https://www.bkstr.com/webapp/wcs/stores/servlet/booklookServlet?bookstore_id-1=584&term_id-1=2022 Spring&crn-1=11519",""
"202210","CHEM590","GRADUATE CO-OP WORK EXPER I","152","11520","",""," ","Closed","0","0","Zhang, Yuanwei","Face-to-Face","1","https://www.bkstr.com/webapp/wcs/stores/servlet/booklookServlet?bookstore_id-1=584&term_id-1=2022 Spring&crn-1=11520",""
"202210","CHEM590","GRADUATE CO-OP WORK EXPER I","156","11521","",""," ","Closed","0","0","Farinas, Edgardo","Face-to-Face","1","https://www.bkstr.com/webapp/wcs/stores/servlet/booklookServlet?bookstore_id-1=584&term_id-1=2022 Spring&crn-1=11521",""
"202210","CHEM590","GRADUATE CO-OP WORK EXPER I","158","11522","",""," ","Closed","0","0","Khalizov, Alexei","Face-to-Face","1","https://www.bkstr.com/webapp/wcs/stores/servlet/booklookServlet?bookstore_id-1=584&term_id-1=2022 Spring&crn-1=11522",""
"202210","CHEM590","GRADUATE CO-OP WORK EXPER I","843","11523","",""," ","Closed","0","0","Qiu, Zeyuan","Face-to-Face","1","https://www.bkstr.com/webapp/wcs/stores/servlet/booklookServlet?bookstore_id-1=584&term_id-1=2022 Spring&crn-1=11523",""
"202210","CHEM591","GRADUATE CO-OP WORK EXPER II","130","11524","",""," ","Closed","0","0","","Face-to-Face","1","https://www.bkstr.com/webapp/wcs/stores/servlet/booklookServlet?bookstore_id-1=584&term_id-1=2022 Spring&crn-1=11524",""
"202210","CHEM595","PRACT IN CELL & GENE THER SCI","142","11525","",""," ","Closed","0","3","Belfield, Kevin","Face-to-Face","3","https://www.bkstr.com/webapp/wcs/stores/servlet/booklookServlet?bookstore_id-1=584&term_id-1=2022 Spring&crn-1=11525",""
"202210","CHEM605","ADV ORGANIC CHEM:STRUCTR","102","11526","R","6:00 PM - 8:50 PM"," ","Cancelled","20","0","","Face-to-Face","3","https://www.bkstr.com/webapp/wcs/stores/servlet/booklookServlet?bookstore_id-1=584&term_id-1=2022 Spring&crn-1=11526","Cancelled 11/8/21"
"202210","CHEM610","ADVANCED INORG CHEMISTRY","002","11527","MW","10:00 AM - 11:20 AM","TIER 106","Open","20","7","Eberhart, Michael","Face-to-Face","3","https://www.bkstr.com/webapp/wcs/stores/servlet/booklookServlet?bookstore_id-1=584&term_id-1=2022 Spring&crn-1=11527",""
"202210","CHEM673","BIOCHEMISTRY","102","11528","M","6:00 PM - 8:50 PM","FMH 203","Closed","30","31","Kim, Yongick","Face-to-Face","3","https://www.bkstr.com/webapp/wcs/stores/servlet/booklookServlet?bookstore_id-1=584&term_id-1=2022 Spring&crn-1=11528",""
"202210","CHEM700B","MASTERS PROJECT","132","11529","",""," ","Closed","0","1","Chen, Hao","Face-to-Face","3","https://www.bkstr.com/webapp/wcs/stores/servlet/booklookServlet?bookstore_id-1=584&term_id-1=2022 Spring&crn-1=11529",""
"202210","CHEM700B","MASTERS PROJECT","135","15748","",""," ","Closed","0","1","Champagne, Pier Alexandre","Face-to-Face","3","https://www.bkstr.com/webapp/wcs/stores/servlet/booklookServlet?bookstore_id-1=584&term_id-1=2022 Spring&crn-1=15748",""
"202210","CHEM700B","MASTERS PROJECT","136","11530","",""," ","Closed","0","0","Gund, Tamara","Face-to-Face","3","https://www.bkstr.com/webapp/wcs/stores/servlet/booklookServlet?bookstore_id-1=584&term_id-1=2022 Spring&crn-1=11530",""
"202210","CHEM700B","MASTERS PROJECT","137","15730","",""," ","Closed","0","0","Eberhart, Michael","Face-to-Face","3","https://www.bkstr.com/webapp/wcs/stores/servlet/booklookServlet?bookstore_id-1=584&term_id-1=2022 Spring&crn-1=15730",""
"202210","CHEM700B","MASTERS PROJECT","141","11531","",""," ","Closed","0","0","Casado Zapico, Sara","Face-to-Face","3","https://www.bkstr.com/webapp/wcs/stores/servlet/booklookServlet?bookstore_id-1=584&term_id-1=2022 Spring&crn-1=11531",""
"202210","CHEM700B","MASTERS PROJECT","142","11532","",""," ","Closed","0","0","Belfield, Kevin","Face-to-Face","3","https://www.bkstr.com/webapp/wcs/stores/servlet/booklookServlet?bookstore_id-1=584&term_id-1=2022 Spring&crn-1=11532",""
"202210","CHEM700B","MASTERS PROJECT","143","11533","",""," ","Closed","0","0","Li, Mengyan","Face-to-Face","3","https://www.bkstr.com/webapp/wcs/stores/servlet/booklookServlet?bookstore_id-1=584&term_id-1=2022 Spring&crn-1=11533",""
"202210","CHEM700B","MASTERS PROJECT","147","11534","",""," ","Closed","0","0","Kim, Yongick","Face-to-Face","3","https://www.bkstr.com/webapp/wcs/stores/servlet/booklookServlet?bookstore_id-1=584&term_id-1=2022 Spring&crn-1=11534",""
"202210","CHEM700B","MASTERS PROJECT","148","11535","",""," ","Closed","0","0","Mitra, Somenath","Face-to-Face","3","https://www.bkstr.com/webapp/wcs/stores/servlet/booklookServlet?bookstore_id-1=584&term_id-1=2022 Spring&crn-1=11535",""
"202210","CHEM700B","MASTERS PROJECT","151","11536","",""," ","Closed","0","0","Warner, Genoa","Face-to-Face","3","https://www.bkstr.com/webapp/wcs/stores/servlet/booklookServlet?bookstore_id-1=584&term_id-1=2022 Spring&crn-1=11536",""
"202210","CHEM700B","MASTERS PROJECT","152","11537","",""," ","Closed","0","0","Zhang, Yuanwei","Face-to-Face","3","https://www.bkstr.com/webapp/wcs/stores/servlet/booklookServlet?bookstore_id-1=584&term_id-1=2022 Spring&crn-1=11537",""
"202210","CHEM700B","MASTERS PROJECT","156","11538","",""," ","Closed","0","1","Farinas, Edgardo","Face-to-Face","3","https://www.bkstr.com/webapp/wcs/stores/servlet/booklookServlet?bookstore_id-1=584&term_id-1=2022 Spring&crn-1=11538",""
"202210","CHEM700B","MASTERS PROJECT","158","11539","",""," ","Closed","0","0","Khalizov, Alexei","Face-to-Face","3","https://www.bkstr.com/webapp/wcs/stores/servlet/booklookServlet?bookstore_id-1=584&term_id-1=2022 Spring&crn-1=11539",""
"202210","CHEM700B","MASTERS PROJECT","843","11540","",""," ","Closed","0","0","Qiu, Zeyuan","Face-to-Face","3","https://www.bkstr.com/webapp/wcs/stores/servlet/booklookServlet?bookstore_id-1=584&term_id-1=2022 Spring&crn-1=11540",""
"202210","CHEM701B","MASTERS THESIS","132","11541","",""," ","Closed","0","0","Chen, Hao","Face-to-Face","3","https://www.bkstr.com/webapp/wcs/stores/servlet/booklookServlet?bookstore_id-1=584&term_id-1=2022 Spring&crn-1=11541",""
"202210","CHEM701B","MASTERS THESIS","135","15768","",""," ","Closed","0","1","Champagne, Pier Alexandre","Face-to-Face","3","https://www.bkstr.com/webapp/wcs/stores/servlet/booklookServlet?bookstore_id-1=584&term_id-1=2022 Spring&crn-1=15768",""
"202210","CHEM701B","MASTERS THESIS","136","11542","",""," ","Closed","0","0","Gund, Tamara","Face-to-Face","3","https://www.bkstr.com/webapp/wcs/stores/servlet/booklookServlet?bookstore_id-1=584&term_id-1=2022 Spring&crn-1=11542",""
"202210","CHEM701B","MASTERS THESIS","137","15731","",""," ","Closed","0","0","Eberhart, Michael","Face-to-Face","3","https://www.bkstr.com/webapp/wcs/stores/servlet/booklookServlet?bookstore_id-1=584&term_id-1=2022 Spring&crn-1=15731",""
"202210","CHEM701B","MASTERS THESIS","141","11543","",""," ","Closed","0","0","Casado Zapico, Sara","Face-to-Face","3","https://www.bkstr.com/webapp/wcs/stores/servlet/booklookServlet?bookstore_id-1=584&term_id-1=2022 Spring&crn-1=11543",""
"202210","CHEM701B","MASTERS THESIS","142","11544","",""," ","Closed","0","0","Belfield, Kevin","Face-to-Face","3","https://www.bkstr.com/webapp/wcs/stores/servlet/booklookServlet?bookstore_id-1=584&term_id-1=2022 Spring&crn-1=11544",""
"202210","CHEM701B","MASTERS THESIS","143","11545","",""," ","Closed","0","0","Li, Mengyan","Face-to-Face","3","https://www.bkstr.com/webapp/wcs/stores/servlet/booklookServlet?bookstore_id-1=584&term_id-1=2022 Spring&crn-1=11545",""
"202210","CHEM701B","MASTERS THESIS","147","11546","",""," ","Closed","0","0","Kim, Yongick","Face-to-Face","3","https://www.bkstr.com/webapp/wcs/stores/servlet/booklookServlet?bookstore_id-1=584&term_id-1=2022 Spring&crn-1=11546",""
"202210","CHEM701B","MASTERS THESIS","148","11547","",""," ","Closed","0","0","Mitra, Somenath","Face-to-Face","3","https://www.bkstr.com/webapp/wcs/stores/servlet/booklookServlet?bookstore_id-1=584&term_id-1=2022 Spring&crn-1=11547",""
"202210","CHEM701B","MASTERS THESIS","151","11548","",""," ","Closed","0","0","Warner, Genoa","Face-to-Face","3","https://www.bkstr.com/webapp/wcs/stores/servlet/booklookServlet?bookstore_id-1=584&term_id-1=2022 Spring&crn-1=11548",""
"202210","CHEM701B","MASTERS THESIS","152","11549","",""," ","Closed","0","1","Zhang, Yuanwei","Face-to-Face","3","https://www.bkstr.com/webapp/wcs/stores/servlet/booklookServlet?bookstore_id-1=584&term_id-1=2022 Spring&crn-1=11549",""
"202210","CHEM701B","MASTERS THESIS","156","11550","",""," ","Closed","0","0","Farinas, Edgardo","Face-to-Face","3","https://www.bkstr.com/webapp/wcs/stores/servlet/booklookServlet?bookstore_id-1=584&term_id-1=2022 Spring&crn-1=11550",""
"202210","CHEM701B","MASTERS THESIS","158","11551","",""," ","Closed","0","0","Khalizov, Alexei","Face-to-Face","3","https://www.bkstr.com/webapp/wcs/stores/servlet/booklookServlet?bookstore_id-1=584&term_id-1=2022 Spring&crn-1=11551",""
"202210","CHEM701B","MASTERS THESIS","716","15781","",""," ","Closed","0","0","","Face-to-Face","3","https://www.bkstr.com/webapp/wcs/stores/servlet/booklookServlet?bookstore_id-1=584&term_id-1=2022 Spring&crn-1=15781",""
"202210","CHEM701B","MASTERS THESIS","725","15780","",""," ","Closed","0","0","","Face-to-Face","3","https://www.bkstr.com/webapp/wcs/stores/servlet/booklookServlet?bookstore_id-1=584&term_id-1=2022 Spring&crn-1=15780",""
"202210","CHEM701B","MASTERS THESIS","843","11552","",""," ","Closed","0","0","Qiu, Zeyuan","Face-to-Face","3","https://www.bkstr.com/webapp/wcs/stores/servlet/booklookServlet?bookstore_id-1=584&term_id-1=2022 Spring&crn-1=11552",""
"202210","CHEM701C","MASTERS THESIS","132","11553","",""," ","Closed","0","0","Chen, Hao","Face-to-Face","6","https://www.bkstr.com/webapp/wcs/stores/servlet/booklookServlet?bookstore_id-1=584&term_id-1=2022 Spring&crn-1=11553",""
"202210","CHEM701C","MASTERS THESIS","136","11554","",""," ","Closed","0","0","Gund, Tamara","Face-to-Face","6","https://www.bkstr.com/webapp/wcs/stores/servlet/booklookServlet?bookstore_id-1=584&term_id-1=2022 Spring&crn-1=11554",""
"202210","CHEM701C","MASTERS THESIS","137","15732","",""," ","Closed","0","0","Eberhart, Michael","Face-to-Face","6","https://www.bkstr.com/webapp/wcs/stores/servlet/booklookServlet?bookstore_id-1=584&term_id-1=2022 Spring&crn-1=15732",""
"202210","CHEM701C","MASTERS THESIS","141","11555","",""," ","Closed","0","0","Casado Zapico, Sara","Face-to-Face","6","https://www.bkstr.com/webapp/wcs/stores/servlet/booklookServlet?bookstore_id-1=584&term_id-1=2022 Spring&crn-1=11555",""
"202210","CHEM701C","MASTERS THESIS","142","11556","",""," ","Closed","0","0","Belfield, Kevin","Face-to-Face","6","https://www.bkstr.com/webapp/wcs/stores/servlet/booklookServlet?bookstore_id-1=584&term_id-1=2022 Spring&crn-1=11556",""
"202210","CHEM701C","MASTERS THESIS","143","11557","",""," ","Closed","0","0","Li, Mengyan","Face-to-Face","6","https://www.bkstr.com/webapp/wcs/stores/servlet/booklookServlet?bookstore_id-1=584&term_id-1=2022 Spring&crn-1=11557",""
"202210","CHEM701C","MASTERS THESIS","147","11558","",""," ","Closed","0","0","Kim, Yongick","Face-to-Face","6","https://www.bkstr.com/webapp/wcs/stores/servlet/booklookServlet?bookstore_id-1=584&term_id-1=2022 Spring&crn-1=11558",""
"202210","CHEM701C","MASTERS THESIS","148","11559","",""," ","Closed","0","0","Mitra, Somenath","Face-to-Face","6","https://www.bkstr.com/webapp/wcs/stores/servlet/booklookServlet?bookstore_id-1=584&term_id-1=2022 Spring&crn-1=11559",""
"202210","CHEM701C","MASTERS THESIS","151","11560","",""," ","Closed","0","0","Warner, Genoa","Face-to-Face","6","https://www.bkstr.com/webapp/wcs/stores/servlet/booklookServlet?bookstore_id-1=584&term_id-1=2022 Spring&crn-1=11560",""
"202210","CHEM701C","MASTERS THESIS","152","11561","",""," ","Closed","0","0","Zhang, Yuanwei","Face-to-Face","6","https://www.bkstr.com/webapp/wcs/stores/servlet/booklookServlet?bookstore_id-1=584&term_id-1=2022 Spring&crn-1=11561",""
"202210","CHEM701C","MASTERS THESIS","156","11562","",""," ","Closed","0","0","Farinas, Edgardo","Face-to-Face","6","https://www.bkstr.com/webapp/wcs/stores/servlet/booklookServlet?bookstore_id-1=584&term_id-1=2022 Spring&crn-1=11562",""
"202210","CHEM701C","MASTERS THESIS","158","11563","",""," ","Closed","0","0","Khalizov, Alexei","Face-to-Face","6","https://www.bkstr.com/webapp/wcs/stores/servlet/booklookServlet?bookstore_id-1=584&term_id-1=2022 Spring&crn-1=11563",""
"202210","CHEM701C","MASTERS THESIS","843","11564","",""," ","Closed","0","0","Qiu, Zeyuan","Face-to-Face","6","https://www.bkstr.com/webapp/wcs/stores/servlet/booklookServlet?bookstore_id-1=584&term_id-1=2022 Spring&crn-1=11564",""
"202210","CHEM719","DRUG DELIVERY SYSTEMS","102","15463","W","6:00 PM - 8:50 PM","TIER 106","Open","25","21","Varkouhi, Amir Khashayar","Converged Learning","3","https://www.bkstr.com/webapp/wcs/stores/servlet/booklookServlet?bookstore_id-1=584&term_id-1=2022 Spring&crn-1=15463","Converged Learning Course"
"202210","CHEM725","INDEPENDENT STUDY I","131","11565","",""," ","Closed","0","1","Sadik, Omowunmi","Face-to-Face","3","https://www.bkstr.com/webapp/wcs/stores/servlet/booklookServlet?bookstore_id-1=584&term_id-1=2022 Spring&crn-1=11565",""
"202210","CHEM725","INDEPENDENT STUDY I","132","11566","",""," ","Closed","0","0","Chen, Hao","Face-to-Face","3","https://www.bkstr.com/webapp/wcs/stores/servlet/booklookServlet?bookstore_id-1=584&term_id-1=2022 Spring&crn-1=11566",""
"202210","CHEM725","INDEPENDENT STUDY I","133","11567","",""," ","Closed","0","1","Varkouhi, Amir Khashayar","Face-to-Face","3","https://www.bkstr.com/webapp/wcs/stores/servlet/booklookServlet?bookstore_id-1=584&term_id-1=2022 Spring&crn-1=11567",""
"202210","CHEM725","INDEPENDENT STUDY I","134","11568","",""," ","Closed","0","0","Bonchonsky, Michael","Face-to-Face","3","https://www.bkstr.com/webapp/wcs/stores/servlet/booklookServlet?bookstore_id-1=584&term_id-1=2022 Spring&crn-1=11568",""
"202210","CHEM725","INDEPENDENT STUDY I","136","11569","",""," ","Closed","0","0","Gund, Tamara","Face-to-Face","3","https://www.bkstr.com/webapp/wcs/stores/servlet/booklookServlet?bookstore_id-1=584&term_id-1=2022 Spring&crn-1=11569",""
"202210","CHEM725","INDEPENDENT STUDY I","137","15733","",""," ","Closed","0","0","Eberhart, Michael","Face-to-Face","3","https://www.bkstr.com/webapp/wcs/stores/servlet/booklookServlet?bookstore_id-1=584&term_id-1=2022 Spring&crn-1=15733",""
"202210","CHEM725","INDEPENDENT STUDY I","139","11570","",""," ","Closed","0","0","Pacheco, Carlos","Face-to-Face","3","https://www.bkstr.com/webapp/wcs/stores/servlet/booklookServlet?bookstore_id-1=584&term_id-1=2022 Spring&crn-1=11570",""
"202210","CHEM725","INDEPENDENT STUDY I","141","11571","",""," ","Closed","0","0","Casado Zapico, Sara","Face-to-Face","3","https://www.bkstr.com/webapp/wcs/stores/servlet/booklookServlet?bookstore_id-1=584&term_id-1=2022 Spring&crn-1=11571",""
"202210","CHEM725","INDEPENDENT STUDY I","142","11572","",""," ","Closed","0","0","Belfield, Kevin","Face-to-Face","3","https://www.bkstr.com/webapp/wcs/stores/servlet/booklookServlet?bookstore_id-1=584&term_id-1=2022 Spring&crn-1=11572",""
"202210","CHEM725","INDEPENDENT STUDY I","143","11573","",""," ","Closed","0","0","Li, Mengyan","Face-to-Face","3","https://www.bkstr.com/webapp/wcs/stores/servlet/booklookServlet?bookstore_id-1=584&term_id-1=2022 Spring&crn-1=11573",""
"202210","CHEM725","INDEPENDENT STUDY I","147","11574","",""," ","Closed","0","0","Kim, Yongick","Face-to-Face","3","https://www.bkstr.com/webapp/wcs/stores/servlet/booklookServlet?bookstore_id-1=584&term_id-1=2022 Spring&crn-1=11574",""
"202210","CHEM725","INDEPENDENT STUDY I","148","11575","",""," ","Closed","0","0","Mitra, Somenath","Face-to-Face","3","https://www.bkstr.com/webapp/wcs/stores/servlet/booklookServlet?bookstore_id-1=584&term_id-1=2022 Spring&crn-1=11575",""
"202210","CHEM725","INDEPENDENT STUDY I","151","11576","",""," ","Closed","0","0","Warner, Genoa","Face-to-Face","3","https://www.bkstr.com/webapp/wcs/stores/servlet/booklookServlet?bookstore_id-1=584&term_id-1=2022 Spring&crn-1=11576",""
"202210","CHEM725","INDEPENDENT STUDY I","152","11577","",""," ","Closed","0","0","Zhang, Yuanwei","Face-to-Face","3","https://www.bkstr.com/webapp/wcs/stores/servlet/booklookServlet?bookstore_id-1=584&term_id-1=2022 Spring&crn-1=11577",""
"202210","CHEM725","INDEPENDENT STUDY I","156","11578","",""," ","Closed","0","1","Farinas, Edgardo","Face-to-Face","3","https://www.bkstr.com/webapp/wcs/stores/servlet/booklookServlet?bookstore_id-1=584&term_id-1=2022 Spring&crn-1=11578",""
"202210","CHEM725","INDEPENDENT STUDY I","158","11579","",""," ","Closed","0","0","Khalizov, Alexei","Face-to-Face","3","https://www.bkstr.com/webapp/wcs/stores/servlet/booklookServlet?bookstore_id-1=584&term_id-1=2022 Spring&crn-1=11579",""
"202210","CHEM725","INDEPENDENT STUDY I","843","11580","",""," ","Closed","0","0","Qiu, Zeyuan","Face-to-Face","3","https://www.bkstr.com/webapp/wcs/stores/servlet/booklookServlet?bookstore_id-1=584&term_id-1=2022 Spring&crn-1=11580",""
"202210","CHEM726","INDEPENDENT STUDY II","131","11581","",""," ","Closed","0","0","Sadik, Omowunmi","Face-to-Face","3","https://www.bkstr.com/webapp/wcs/stores/servlet/booklookServlet?bookstore_id-1=584&term_id-1=2022 Spring&crn-1=11581",""
"202210","CHEM726","INDEPENDENT STUDY II","132","11582","",""," ","Closed","0","0","Chen, Hao","Face-to-Face","3","https://www.bkstr.com/webapp/wcs/stores/servlet/booklookServlet?bookstore_id-1=584&term_id-1=2022 Spring&crn-1=11582",""
"202210","CHEM726","INDEPENDENT STUDY II","136","11583","",""," ","Closed","0","0","Gund, Tamara","Face-to-Face","3","https://www.bkstr.com/webapp/wcs/stores/servlet/booklookServlet?bookstore_id-1=584&term_id-1=2022 Spring&crn-1=11583",""
"202210","CHEM726","INDEPENDENT STUDY II","137","15734","",""," ","Closed","0","1","Eberhart, Michael","Face-to-Face","3","https://www.bkstr.com/webapp/wcs/stores/servlet/booklookServlet?bookstore_id-1=584&term_id-1=2022 Spring&crn-1=15734",""
"202210","CHEM726","INDEPENDENT STUDY II","141","11584","",""," ","Closed","0","0","Casado Zapico, Sara","Face-to-Face","3","https://www.bkstr.com/webapp/wcs/stores/servlet/booklookServlet?bookstore_id-1=584&term_id-1=2022 Spring&crn-1=11584",""
"202210","CHEM726","INDEPENDENT STUDY II","142","11585","",""," ","Closed","0","0","Belfield, Kevin","Face-to-Face","3","https://www.bkstr.com/webapp/wcs/stores/servlet/booklookServlet?bookstore_id-1=584&term_id-1=2022 Spring&crn-1=11585",""
"202210","CHEM726","INDEPENDENT STUDY II","143","11586","",""," ","Closed","0","1","Li, Mengyan","Face-to-Face","3","https://www.bkstr.com/webapp/wcs/stores/servlet/booklookServlet?bookstore_id-1=584&term_id-1=2022 Spring&crn-1=11586",""
"202210","CHEM726","INDEPENDENT STUDY II","147","11587","",""," ","Closed","0","0","Kim, Yongick","Face-to-Face","3","https://www.bkstr.com/webapp/wcs/stores/servlet/booklookServlet?bookstore_id-1=584&term_id-1=2022 Spring&crn-1=11587",""
"202210","CHEM726","INDEPENDENT STUDY II","148","11588","",""," ","Closed","0","0","Mitra, Somenath","Face-to-Face","3","https://www.bkstr.com/webapp/wcs/stores/servlet/booklookServlet?bookstore_id-1=584&term_id-1=2022 Spring&crn-1=11588",""
"202210","CHEM726","INDEPENDENT STUDY II","151","11589","",""," ","Closed","0","0","Warner, Genoa","Face-to-Face","3","https://www.bkstr.com/webapp/wcs/stores/servlet/booklookServlet?bookstore_id-1=584&term_id-1=2022 Spring&crn-1=11589",""
"202210","CHEM726","INDEPENDENT STUDY II","152","11590","",""," ","Closed","0","0","Zhang, Yuanwei","Face-to-Face","3","https://www.bkstr.com/webapp/wcs/stores/servlet/booklookServlet?bookstore_id-1=584&term_id-1=2022 Spring&crn-1=11590",""
"202210","CHEM726","INDEPENDENT STUDY II","156","11591","",""," ","Closed","0","0","Farinas, Edgardo","Face-to-Face","3","https://www.bkstr.com/webapp/wcs/stores/servlet/booklookServlet?bookstore_id-1=584&term_id-1=2022 Spring&crn-1=11591",""
"202210","CHEM726","INDEPENDENT STUDY II","158","11592","",""," ","Closed","0","0","Khalizov, Alexei","Face-to-Face","3","https://www.bkstr.com/webapp/wcs/stores/servlet/booklookServlet?bookstore_id-1=584&term_id-1=2022 Spring&crn-1=11592",""
"202210","CHEM726","INDEPENDENT STUDY II","843","11593","",""," ","Closed","0","0","Qiu, Zeyuan","Face-to-Face","3","https://www.bkstr.com/webapp/wcs/stores/servlet/booklookServlet?bookstore_id-1=584&term_id-1=2022 Spring&crn-1=11593",""
"202210","CHEM737","COMP CHEM & MOLECULAR MODELING","102","15599","R","6:00 PM - 8:50 PM","GITC 2315C","Open","15","10","Shakib, Farnaz","Converged Learning","3","https://www.bkstr.com/webapp/wcs/stores/servlet/booklookServlet?bookstore_id-1=584&term_id-1=2022 Spring&crn-1=15599","Converged Learning Course"
"202210","CHEM777","PRINCIPLES PHARM CHEMISTRY","102","11594","F","6:00 PM - 8:50 PM","TIER 105","Closed","25","26","DePaolo, Patrick","Face-to-Face","3","https://www.bkstr.com/webapp/wcs/stores/servlet/booklookServlet?bookstore_id-1=584&term_id-1=2022 Spring&crn-1=11594",""
"202210","CHEM790A","DOCTORAL DISSERTATION","130","11595","",""," ","Closed","0","0","Bozzelli, Joseph","Face-to-Face","1","https://www.bkstr.com/webapp/wcs/stores/servlet/booklookServlet?bookstore_id-1=584&term_id-1=2022 Spring&crn-1=11595",""
"202210","CHEM790A","DOCTORAL DISSERTATION","131","11596","",""," ","Closed","0","2","Sadik, Omowunmi","Face-to-Face","1","https://www.bkstr.com/webapp/wcs/stores/servlet/booklookServlet?bookstore_id-1=584&term_id-1=2022 Spring&crn-1=11596",""
"202210","CHEM790A","DOCTORAL DISSERTATION","132","11597","",""," ","Closed","0","4","Chen, Hao","Face-to-Face","1","https://www.bkstr.com/webapp/wcs/stores/servlet/booklookServlet?bookstore_id-1=584&term_id-1=2022 Spring&crn-1=11597",""
"202210","CHEM790A","DOCTORAL DISSERTATION","135","11598","",""," ","Closed","0","1","Champagne, Pier Alexandre","Face-to-Face","1","https://www.bkstr.com/webapp/wcs/stores/servlet/booklookServlet?bookstore_id-1=584&term_id-1=2022 Spring&crn-1=11598",""
"202210","CHEM790A","DOCTORAL DISSERTATION","136","11599","",""," ","Closed","0","0","Gund, Tamara","Face-to-Face","1","https://www.bkstr.com/webapp/wcs/stores/servlet/booklookServlet?bookstore_id-1=584&term_id-1=2022 Spring&crn-1=11599",""
"202210","CHEM790A","DOCTORAL DISSERTATION","138","15911","",""," ","Closed","0","1","Shakib, Farnaz","Face-to-Face","1","https://www.bkstr.com/webapp/wcs/stores/servlet/booklookServlet?bookstore_id-1=584&term_id-1=2022 Spring&crn-1=15911",""
"202210","CHEM790A","DOCTORAL DISSERTATION","141","11600","",""," ","Closed","0","0","Casado Zapico, Sara","Face-to-Face","1","https://www.bkstr.com/webapp/wcs/stores/servlet/booklookServlet?bookstore_id-1=584&term_id-1=2022 Spring&crn-1=11600",""
"202210","CHEM790A","DOCTORAL DISSERTATION","142","11601","",""," ","Closed","0","0","Belfield, Kevin","Face-to-Face","1","https://www.bkstr.com/webapp/wcs/stores/servlet/booklookServlet?bookstore_id-1=584&term_id-1=2022 Spring&crn-1=11601",""
"202210","CHEM790A","DOCTORAL DISSERTATION","143","11602","",""," ","Closed","0","0","Li, Mengyan","Face-to-Face","1","https://www.bkstr.com/webapp/wcs/stores/servlet/booklookServlet?bookstore_id-1=584&term_id-1=2022 Spring&crn-1=11602",""
"202210","CHEM790A","DOCTORAL DISSERTATION","147","11603","",""," ","Closed","0","0","Kim, Yongick","Face-to-Face","1","https://www.bkstr.com/webapp/wcs/stores/servlet/booklookServlet?bookstore_id-1=584&term_id-1=2022 Spring&crn-1=11603",""
"202210","CHEM790A","DOCTORAL DISSERTATION","148","11604","",""," ","Closed","0","1","Mitra, Somenath","Face-to-Face","1","https://www.bkstr.com/webapp/wcs/stores/servlet/booklookServlet?bookstore_id-1=584&term_id-1=2022 Spring&crn-1=11604",""
"202210","CHEM790A","DOCTORAL DISSERTATION","150","15873","",""," ","Closed","0","1","Krasnoperov, Lev","Face-to-Face","1","https://www.bkstr.com/webapp/wcs/stores/servlet/booklookServlet?bookstore_id-1=584&term_id-1=2022 Spring&crn-1=15873",""
"202210","CHEM790A","DOCTORAL DISSERTATION","151","11605","",""," ","Closed","0","0","Warner, Genoa","Face-to-Face","1","https://www.bkstr.com/webapp/wcs/stores/servlet/booklookServlet?bookstore_id-1=584&term_id-1=2022 Spring&crn-1=11605",""
"202210","CHEM790A","DOCTORAL DISSERTATION","152","11606","",""," ","Closed","0","3","Zhang, Yuanwei","Face-to-Face","1","https://www.bkstr.com/webapp/wcs/stores/servlet/booklookServlet?bookstore_id-1=584&term_id-1=2022 Spring&crn-1=11606",""
"202210","CHEM790A","DOCTORAL DISSERTATION","156","11607","",""," ","Closed","0","0","Farinas, Edgardo","Face-to-Face","1","https://www.bkstr.com/webapp/wcs/stores/servlet/booklookServlet?bookstore_id-1=584&term_id-1=2022 Spring&crn-1=11607",""
"202210","CHEM790A","DOCTORAL DISSERTATION","158","11608","",""," ","Closed","0","1","Khalizov, Alexei","Face-to-Face","1","https://www.bkstr.com/webapp/wcs/stores/servlet/booklookServlet?bookstore_id-1=584&term_id-1=2022 Spring&crn-1=11608",""
"202210","CHEM790A","DOCTORAL DISSERTATION","843","11609","",""," ","Closed","0","0","Qiu, Zeyuan","Face-to-Face","1","https://www.bkstr.com/webapp/wcs/stores/servlet/booklookServlet?bookstore_id-1=584&term_id-1=2022 Spring&crn-1=11609",""
"202210","CHEM790B","DOCTORAL DISSERTATION","130","11610","",""," ","Closed","0","0","","Face-to-Face","3","https://www.bkstr.com/webapp/wcs/stores/servlet/booklookServlet?bookstore_id-1=584&term_id-1=2022 Spring&crn-1=11610",""
"202210","CHEM790B","DOCTORAL DISSERTATION","136","11611","",""," ","Closed","0","0","Gund, Tamara","Face-to-Face","3","https://www.bkstr.com/webapp/wcs/stores/servlet/booklookServlet?bookstore_id-1=584&term_id-1=2022 Spring&crn-1=11611",""
"202210","CHEM790B","DOCTORAL DISSERTATION","138","11612","",""," ","Closed","0","0","Shakib, Farnaz","Face-to-Face","3","https://www.bkstr.com/webapp/wcs/stores/servlet/booklookServlet?bookstore_id-1=584&term_id-1=2022 Spring&crn-1=11612",""
"202210","CHEM790B","DOCTORAL DISSERTATION","141","11613","",""," ","Closed","0","0","Casado Zapico, Sara","Face-to-Face","3","https://www.bkstr.com/webapp/wcs/stores/servlet/booklookServlet?bookstore_id-1=584&term_id-1=2022 Spring&crn-1=11613",""
"202210","CHEM790B","DOCTORAL DISSERTATION","142","11614","",""," ","Closed","0","0","Belfield, Kevin","Face-to-Face","3","https://www.bkstr.com/webapp/wcs/stores/servlet/booklookServlet?bookstore_id-1=584&term_id-1=2022 Spring&crn-1=11614",""
"202210","CHEM790B","DOCTORAL DISSERTATION","143","11615","",""," ","Closed","0","0","Li, Mengyan","Face-to-Face","3","https://www.bkstr.com/webapp/wcs/stores/servlet/booklookServlet?bookstore_id-1=584&term_id-1=2022 Spring&crn-1=11615",""
"202210","CHEM790B","DOCTORAL DISSERTATION","147","11616","",""," ","Closed","0","0","Kim, Yongick","Face-to-Face","3","https://www.bkstr.com/webapp/wcs/stores/servlet/booklookServlet?bookstore_id-1=584&term_id-1=2022 Spring&crn-1=11616",""
"202210","CHEM790B","DOCTORAL DISSERTATION","148","11617","",""," ","Closed","0","0","Mitra, Somenath","Face-to-Face","3","https://www.bkstr.com/webapp/wcs/stores/servlet/booklookServlet?bookstore_id-1=584&term_id-1=2022 Spring&crn-1=11617",""
"202210","CHEM790B","DOCTORAL DISSERTATION","151","11618","",""," ","Closed","0","0","Warner, Genoa","Face-to-Face","3","https://www.bkstr.com/webapp/wcs/stores/servlet/booklookServlet?bookstore_id-1=584&term_id-1=2022 Spring&crn-1=11618",""
"202210","CHEM790B","DOCTORAL DISSERTATION","152","11619","",""," ","Closed","0","0","Zhang, Yuanwei","Face-to-Face","3","https://www.bkstr.com/webapp/wcs/stores/servlet/booklookServlet?bookstore_id-1=584&term_id-1=2022 Spring&crn-1=11619",""
"202210","CHEM790B","DOCTORAL DISSERTATION","156","11620","",""," ","Closed","0","0","Farinas, Edgardo","Face-to-Face","3","https://www.bkstr.com/webapp/wcs/stores/servlet/booklookServlet?bookstore_id-1=584&term_id-1=2022 Spring&crn-1=11620",""
"202210","CHEM790B","DOCTORAL DISSERTATION","158","11621","",""," ","Closed","0","0","Khalizov, Alexei","Face-to-Face","3","https://www.bkstr.com/webapp/wcs/stores/servlet/booklookServlet?bookstore_id-1=584&term_id-1=2022 Spring&crn-1=11621",""
"202210","CHEM790B","DOCTORAL DISSERTATION","843","11622","",""," ","Closed","0","0","Qiu, Zeyuan","Face-to-Face","3","https://www.bkstr.com/webapp/wcs/stores/servlet/booklookServlet?bookstore_id-1=584&term_id-1=2022 Spring&crn-1=11622",""
"202210","CHEM790C","DOCTORAL DISSERTATION","136","11623","",""," ","Closed","0","0","Gund, Tamara","Face-to-Face","6","https://www.bkstr.com/webapp/wcs/stores/servlet/booklookServlet?bookstore_id-1=584&term_id-1=2022 Spring&crn-1=11623",""
"202210","CHEM790C","DOCTORAL DISSERTATION","141","11624","",""," ","Closed","0","0","Casado Zapico, Sara","Face-to-Face","6","https://www.bkstr.com/webapp/wcs/stores/servlet/booklookServlet?bookstore_id-1=584&term_id-1=2022 Spring&crn-1=11624",""
"202210","CHEM790C","DOCTORAL DISSERTATION","142","11625","",""," ","Closed","0","0","Belfield, Kevin","Face-to-Face","6","https://www.bkstr.com/webapp/wcs/stores/servlet/booklookServlet?bookstore_id-1=584&term_id-1=2022 Spring&crn-1=11625",""
"202210","CHEM790C","DOCTORAL DISSERTATION","143","11626","",""," ","Closed","0","0","Li, Mengyan","Face-to-Face","6","https://www.bkstr.com/webapp/wcs/stores/servlet/booklookServlet?bookstore_id-1=584&term_id-1=2022 Spring&crn-1=11626",""
"202210","CHEM790C","DOCTORAL DISSERTATION","147","11627","",""," ","Closed","0","0","Kim, Yongick","Face-to-Face","6","https://www.bkstr.com/webapp/wcs/stores/servlet/booklookServlet?bookstore_id-1=584&term_id-1=2022 Spring&crn-1=11627",""
"202210","CHEM790C","DOCTORAL DISSERTATION","148","11628","",""," ","Closed","0","0","Mitra, Somenath","Face-to-Face","6","https://www.bkstr.com/webapp/wcs/stores/servlet/booklookServlet?bookstore_id-1=584&term_id-1=2022 Spring&crn-1=11628",""
"202210","CHEM790C","DOCTORAL DISSERTATION","151","11629","",""," ","Closed","0","0","Warner, Genoa","Face-to-Face","6","https://www.bkstr.com/webapp/wcs/stores/servlet/booklookServlet?bookstore_id-1=584&term_id-1=2022 Spring&crn-1=11629",""
"202210","CHEM790C","DOCTORAL DISSERTATION","152","11630","",""," ","Closed","0","0","Zhang, Yuanwei","Face-to-Face","6","https://www.bkstr.com/webapp/wcs/stores/servlet/booklookServlet?bookstore_id-1=584&term_id-1=2022 Spring&crn-1=11630",""
"202210","CHEM790C","DOCTORAL DISSERTATION","156","11631","",""," ","Closed","0","0","Farinas, Edgardo","Face-to-Face","6","https://www.bkstr.com/webapp/wcs/stores/servlet/booklookServlet?bookstore_id-1=584&term_id-1=2022 Spring&crn-1=11631",""
"202210","CHEM790C","DOCTORAL DISSERTATION","158","11632","",""," ","Closed","0","0","Khalizov, Alexei","Face-to-Face","6","https://www.bkstr.com/webapp/wcs/stores/servlet/booklookServlet?bookstore_id-1=584&term_id-1=2022 Spring&crn-1=11632",""
"202210","CHEM790C","DOCTORAL DISSERTATION","843","11633","",""," ","Closed","0","0","Qiu, Zeyuan","Face-to-Face","6","https://www.bkstr.com/webapp/wcs/stores/servlet/booklookServlet?bookstore_id-1=584&term_id-1=2022 Spring&crn-1=11633",""
"202210","CHEM790D","DOCTORAL DISSERTATION","136","11634","",""," ","Closed","0","0","Gund, Tamara","Face-to-Face","9","https://www.bkstr.com/webapp/wcs/stores/servlet/booklookServlet?bookstore_id-1=584&term_id-1=2022 Spring&crn-1=11634",""
"202210","CHEM790D","DOCTORAL DISSERTATION","141","11635","",""," ","Closed","0","0","Casado Zapico, Sara","Face-to-Face","9","https://www.bkstr.com/webapp/wcs/stores/servlet/booklookServlet?bookstore_id-1=584&term_id-1=2022 Spring&crn-1=11635",""
"202210","CHEM790D","DOCTORAL DISSERTATION","142","11636","",""," ","Closed","0","0","Belfield, Kevin","Face-to-Face","9","https://www.bkstr.com/webapp/wcs/stores/servlet/booklookServlet?bookstore_id-1=584&term_id-1=2022 Spring&crn-1=11636",""
"202210","CHEM790D","DOCTORAL DISSERTATION","143","11637","",""," ","Closed","0","0","Li, Mengyan","Face-to-Face","9","https://www.bkstr.com/webapp/wcs/stores/servlet/booklookServlet?bookstore_id-1=584&term_id-1=2022 Spring&crn-1=11637",""
"202210","CHEM790D","DOCTORAL DISSERTATION","147","11638","",""," ","Closed","0","0","Kim, Yongick","Face-to-Face","9","https://www.bkstr.com/webapp/wcs/stores/servlet/booklookServlet?bookstore_id-1=584&term_id-1=2022 Spring&crn-1=11638",""
"202210","CHEM790D","DOCTORAL DISSERTATION","148","11639","",""," ","Closed","0","0","Mitra, Somenath","Face-to-Face","9","https://www.bkstr.com/webapp/wcs/stores/servlet/booklookServlet?bookstore_id-1=584&term_id-1=2022 Spring&crn-1=11639",""
"202210","CHEM790D","DOCTORAL DISSERTATION","151","11640","",""," ","Closed","0","0","Warner, Genoa","Face-to-Face","9","https://www.bkstr.com/webapp/wcs/stores/servlet/booklookServlet?bookstore_id-1=584&term_id-1=2022 Spring&crn-1=11640",""
"202210","CHEM790D","DOCTORAL DISSERTATION","152","11641","",""," ","Closed","0","0","Zhang, Yuanwei","Face-to-Face","9","https://www.bkstr.com/webapp/wcs/stores/servlet/booklookServlet?bookstore_id-1=584&term_id-1=2022 Spring&crn-1=11641",""
"202210","CHEM790D","DOCTORAL DISSERTATION","156","11642","",""," ","Closed","0","0","Farinas, Edgardo","Face-to-Face","9","https://www.bkstr.com/webapp/wcs/stores/servlet/booklookServlet?bookstore_id-1=584&term_id-1=2022 Spring&crn-1=11642",""
"202210","CHEM790D","DOCTORAL DISSERTATION","158","11643","",""," ","Closed","0","0","Khalizov, Alexei","Face-to-Face","9","https://www.bkstr.com/webapp/wcs/stores/servlet/booklookServlet?bookstore_id-1=584&term_id-1=2022 Spring&crn-1=11643",""
"202210","CHEM790D","DOCTORAL DISSERTATION","843","11644","",""," ","Closed","0","0","Qiu, Zeyuan","Face-to-Face","9","https://www.bkstr.com/webapp/wcs/stores/servlet/booklookServlet?bookstore_id-1=584&term_id-1=2022 Spring&crn-1=11644",""
"202210","CHEM790E","DOCTORAL DISSERTATION","136","11645","",""," ","Closed","0","0","Gund, Tamara","Face-to-Face","12","https://www.bkstr.com/webapp/wcs/stores/servlet/booklookServlet?bookstore_id-1=584&term_id-1=2022 Spring&crn-1=11645",""
"202210","CHEM790E","DOCTORAL DISSERTATION","141","11646","",""," ","Closed","0","0","Casado Zapico, Sara","Face-to-Face","12","https://www.bkstr.com/webapp/wcs/stores/servlet/booklookServlet?bookstore_id-1=584&term_id-1=2022 Spring&crn-1=11646",""
"202210","CHEM790E","DOCTORAL DISSERTATION","142","11647","",""," ","Closed","0","0","Belfield, Kevin","Face-to-Face","12","https://www.bkstr.com/webapp/wcs/stores/servlet/booklookServlet?bookstore_id-1=584&term_id-1=2022 Spring&crn-1=11647",""
"202210","CHEM790E","DOCTORAL DISSERTATION","143","11648","",""," ","Closed","0","0","Li, Mengyan","Face-to-Face","12","https://www.bkstr.com/webapp/wcs/stores/servlet/booklookServlet?bookstore_id-1=584&term_id-1=2022 Spring&crn-1=11648",""
"202210","CHEM790E","DOCTORAL DISSERTATION","147","11649","",""," ","Closed","0","0","Kim, Yongick","Face-to-Face","12","https://www.bkstr.com/webapp/wcs/stores/servlet/booklookServlet?bookstore_id-1=584&term_id-1=2022 Spring&crn-1=11649",""
"202210","CHEM790E","DOCTORAL DISSERTATION","148","11650","",""," ","Closed","0","0","Mitra, Somenath","Face-to-Face","12","https://www.bkstr.com/webapp/wcs/stores/servlet/booklookServlet?bookstore_id-1=584&term_id-1=2022 Spring&crn-1=11650",""
"202210","CHEM790E","DOCTORAL DISSERTATION","151","11651","",""," ","Closed","0","0","Warner, Genoa","Face-to-Face","12","https://www.bkstr.com/webapp/wcs/stores/servlet/booklookServlet?bookstore_id-1=584&term_id-1=2022 Spring&crn-1=11651",""
"202210","CHEM790E","DOCTORAL DISSERTATION","152","11652","",""," ","Closed","0","0","Zhang, Yuanwei","Face-to-Face","12","https://www.bkstr.com/webapp/wcs/stores/servlet/booklookServlet?bookstore_id-1=584&term_id-1=2022 Spring&crn-1=11652",""
"202210","CHEM790E","DOCTORAL DISSERTATION","156","11653","",""," ","Closed","0","0","Farinas, Edgardo","Face-to-Face","12","https://www.bkstr.com/webapp/wcs/stores/servlet/booklookServlet?bookstore_id-1=584&term_id-1=2022 Spring&crn-1=11653",""
"202210","CHEM790E","DOCTORAL DISSERTATION","158","11654","",""," ","Closed","0","0","Khalizov, Alexei","Face-to-Face","12","https://www.bkstr.com/webapp/wcs/stores/servlet/booklookServlet?bookstore_id-1=584&term_id-1=2022 Spring&crn-1=11654",""
"202210","CHEM790E","DOCTORAL DISSERTATION","843","11655","",""," ","Closed","0","0","Qiu, Zeyuan","Face-to-Face","12","https://www.bkstr.com/webapp/wcs/stores/servlet/booklookServlet?bookstore_id-1=584&term_id-1=2022 Spring&crn-1=11655",""
"202210","CHEM791","GRADUATE SEMINAR","002","11656","W","1:00 PM - 2:20 PM","TIER LECT 2","Open","45","19","Warner, Genoa","Face-to-Face","0","https://www.bkstr.com/webapp/wcs/stores/servlet/booklookServlet?bookstore_id-1=584&term_id-1=2022 Spring&crn-1=11656",""
"202210","CHEM792B","PRE-DOCTORAL RESEARCH","131","15913","",""," ","Closed","0","0","Sadik, Omowunmi","Face-to-Face","3","https://www.bkstr.com/webapp/wcs/stores/servlet/booklookServlet?bookstore_id-1=584&term_id-1=2022 Spring&crn-1=15913",""
"202210","CHEM792B","PRE-DOCTORAL RESEARCH","132","11657","",""," ","Closed","0","0","Chen, Hao","Face-to-Face","3","https://www.bkstr.com/webapp/wcs/stores/servlet/booklookServlet?bookstore_id-1=584&term_id-1=2022 Spring&crn-1=11657",""
"202210","CHEM792B","PRE-DOCTORAL RESEARCH","135","11658","",""," ","Closed","0","1","Champagne, Pier Alexandre","Face-to-Face","3","https://www.bkstr.com/webapp/wcs/stores/servlet/booklookServlet?bookstore_id-1=584&term_id-1=2022 Spring&crn-1=11658",""
"202210","CHEM792B","PRE-DOCTORAL RESEARCH","136","11659","",""," ","Closed","0","0","Gund, Tamara","Face-to-Face","3","https://www.bkstr.com/webapp/wcs/stores/servlet/booklookServlet?bookstore_id-1=584&term_id-1=2022 Spring&crn-1=11659",""
"202210","CHEM792B","PRE-DOCTORAL RESEARCH","138","15874","",""," ","Closed","0","1","Shakib, Farnaz","Face-to-Face","3","https://www.bkstr.com/webapp/wcs/stores/servlet/booklookServlet?bookstore_id-1=584&term_id-1=2022 Spring&crn-1=15874",""
"202210","CHEM792B","PRE-DOCTORAL RESEARCH","141","11660","",""," ","Closed","0","0","Casado Zapico, Sara","Face-to-Face","3","https://www.bkstr.com/webapp/wcs/stores/servlet/booklookServlet?bookstore_id-1=584&term_id-1=2022 Spring&crn-1=11660",""
"202210","CHEM792B","PRE-DOCTORAL RESEARCH","142","11661","",""," ","Closed","0","1","Belfield, Kevin","Face-to-Face","3","https://www.bkstr.com/webapp/wcs/stores/servlet/booklookServlet?bookstore_id-1=584&term_id-1=2022 Spring&crn-1=11661",""
"202210","CHEM792B","PRE-DOCTORAL RESEARCH","143","11662","",""," ","Closed","0","0","Li, Mengyan","Face-to-Face","3","https://www.bkstr.com/webapp/wcs/stores/servlet/booklookServlet?bookstore_id-1=584&term_id-1=2022 Spring&crn-1=11662",""
"202210","CHEM792B","PRE-DOCTORAL RESEARCH","147","11663","",""," ","Closed","0","0","Kim, Yongick","Face-to-Face","3","https://www.bkstr.com/webapp/wcs/stores/servlet/booklookServlet?bookstore_id-1=584&term_id-1=2022 Spring&crn-1=11663",""
"202210","CHEM792B","PRE-DOCTORAL RESEARCH","148","11664","",""," ","Closed","0","0","Mitra, Somenath","Face-to-Face","3","https://www.bkstr.com/webapp/wcs/stores/servlet/booklookServlet?bookstore_id-1=584&term_id-1=2022 Spring&crn-1=11664",""
"202210","CHEM792B","PRE-DOCTORAL RESEARCH","151","11665","",""," ","Closed","0","0","Warner, Genoa","Face-to-Face","3","https://www.bkstr.com/webapp/wcs/stores/servlet/booklookServlet?bookstore_id-1=584&term_id-1=2022 Spring&crn-1=11665",""
"202210","CHEM792B","PRE-DOCTORAL RESEARCH","152","11666","",""," ","Closed","0","0","Zhang, Yuanwei","Face-to-Face","3","https://www.bkstr.com/webapp/wcs/stores/servlet/booklookServlet?bookstore_id-1=584&term_id-1=2022 Spring&crn-1=11666",""
"202210","CHEM792B","PRE-DOCTORAL RESEARCH","156","11667","",""," ","Closed","0","0","Farinas, Edgardo","Face-to-Face","3","https://www.bkstr.com/webapp/wcs/stores/servlet/booklookServlet?bookstore_id-1=584&term_id-1=2022 Spring&crn-1=11667",""
"202210","CHEM792B","PRE-DOCTORAL RESEARCH","158","11668","",""," ","Closed","0","0","Khalizov, Alexei","Face-to-Face","3","https://www.bkstr.com/webapp/wcs/stores/servlet/booklookServlet?bookstore_id-1=584&term_id-1=2022 Spring&crn-1=11668",""
"202210","CHEM792B","PRE-DOCTORAL RESEARCH","843","11669","",""," ","Closed","0","0","Qiu, Zeyuan","Face-to-Face","3","https://www.bkstr.com/webapp/wcs/stores/servlet/booklookServlet?bookstore_id-1=584&term_id-1=2022 Spring&crn-1=11669",""
"202210","CHEM792C","PRE-DOCTORAL RESEARCH","132","11670","",""," ","Closed","0","0","","Face-to-Face","6","https://www.bkstr.com/webapp/wcs/stores/servlet/booklookServlet?bookstore_id-1=584&term_id-1=2022 Spring&crn-1=11670",""
"202210","CHEM792C","PRE-DOCTORAL RESEARCH","135","11671","",""," ","Closed","0","0","","Face-to-Face","6","https://www.bkstr.com/webapp/wcs/stores/servlet/booklookServlet?bookstore_id-1=584&term_id-1=2022 Spring&crn-1=11671",""
"202210","CHEM792C","PRE-DOCTORAL RESEARCH","136","11672","",""," ","Closed","0","0","Gund, Tamara","Face-to-Face","6","https://www.bkstr.com/webapp/wcs/stores/servlet/booklookServlet?bookstore_id-1=584&term_id-1=2022 Spring&crn-1=11672",""
"202210","CHEM792C","PRE-DOCTORAL RESEARCH","141","11673","",""," ","Closed","0","0","Casado Zapico, Sara","Face-to-Face","6","https://www.bkstr.com/webapp/wcs/stores/servlet/booklookServlet?bookstore_id-1=584&term_id-1=2022 Spring&crn-1=11673",""
"202210","CHEM792C","PRE-DOCTORAL RESEARCH","142","11674","",""," ","Closed","0","0","Belfield, Kevin","Face-to-Face","6","https://www.bkstr.com/webapp/wcs/stores/servlet/booklookServlet?bookstore_id-1=584&term_id-1=2022 Spring&crn-1=11674",""
"202210","CHEM792C","PRE-DOCTORAL RESEARCH","143","11675","",""," ","Closed","0","0","Li, Mengyan","Face-to-Face","6","https://www.bkstr.com/webapp/wcs/stores/servlet/booklookServlet?bookstore_id-1=584&term_id-1=2022 Spring&crn-1=11675",""
"202210","CHEM792C","PRE-DOCTORAL RESEARCH","147","11676","",""," ","Closed","0","0","Kim, Yongick","Face-to-Face","6","https://www.bkstr.com/webapp/wcs/stores/servlet/booklookServlet?bookstore_id-1=584&term_id-1=2022 Spring&crn-1=11676",""
"202210","CHEM792C","PRE-DOCTORAL RESEARCH","148","11677","",""," ","Closed","0","0","Mitra, Somenath","Face-to-Face","6","https://www.bkstr.com/webapp/wcs/stores/servlet/booklookServlet?bookstore_id-1=584&term_id-1=2022 Spring&crn-1=11677",""
"202210","CHEM792C","PRE-DOCTORAL RESEARCH","151","11678","",""," ","Closed","0","1","Warner, Genoa","Face-to-Face","6","https://www.bkstr.com/webapp/wcs/stores/servlet/booklookServlet?bookstore_id-1=584&term_id-1=2022 Spring&crn-1=11678",""
"202210","CHEM792C","PRE-DOCTORAL RESEARCH","152","11679","",""," ","Closed","0","0","Zhang, Yuanwei","Face-to-Face","6","https://www.bkstr.com/webapp/wcs/stores/servlet/booklookServlet?bookstore_id-1=584&term_id-1=2022 Spring&crn-1=11679",""
"202210","CHEM792C","PRE-DOCTORAL RESEARCH","156","11680","",""," ","Closed","0","0","Farinas, Edgardo","Face-to-Face","6","https://www.bkstr.com/webapp/wcs/stores/servlet/booklookServlet?bookstore_id-1=584&term_id-1=2022 Spring&crn-1=11680",""
"202210","CHEM792C","PRE-DOCTORAL RESEARCH","158","11681","",""," ","Closed","0","0","Khalizov, Alexei","Face-to-Face","6","https://www.bkstr.com/webapp/wcs/stores/servlet/booklookServlet?bookstore_id-1=584&term_id-1=2022 Spring&crn-1=11681",""
"202210","CHEM792C","PRE-DOCTORAL RESEARCH","843","11682","",""," ","Closed","0","0","Qiu, Zeyuan","Face-to-Face","6","https://www.bkstr.com/webapp/wcs/stores/servlet/booklookServlet?bookstore_id-1=584&term_id-1=2022 Spring&crn-1=11682",""
