"Term","Course","Title","Section","CRN","Days","Times","Location","Status","Max","Now","Instructor","Delivery Mode","Credits","Info","Comments"
"202210","CIMT101","INTRO TO THE CONCRETE INDUSTRY","102","11683","M","6:00 PM - 8:50 PM","CKB 220","Open","25","11","Saleeb, Mina","Face-to-Face","3","https://www.bkstr.com/webapp/wcs/stores/servlet/booklookServlet?bookstore_id-1=584&term_id-1=2022 Spring&crn-1=11683",""
"202210","CIMT205","CONCRETE PROPERTIES & TESTING","102","11684","R","6:00 PM - 7:55 PM","CKB 317","Open","25","16","Saleeb, Mina","Face-to-Face","3","https://www.bkstr.com/webapp/wcs/stores/servlet/booklookServlet?bookstore_id-1=584&term_id-1=2022 Spring&crn-1=11684",""
"202210","CIMT205","CONCRETE PROPERTIES & TESTING","102","11684","R","8:05 PM - 10:00 PM","COLT 121","Open","25","16","Saleeb, Mina","Face-to-Face","3","https://www.bkstr.com/webapp/wcs/stores/servlet/booklookServlet?bookstore_id-1=584&term_id-1=2022 Spring&crn-1=11684",""
"202210","CIMT210","CONCRETE APPLICATIONS I","102","11685","T","6:00 PM - 8:50 PM"," ","Cancelled","25","0","","Face-to-Face","3","https://www.bkstr.com/webapp/wcs/stores/servlet/booklookServlet?bookstore_id-1=584&term_id-1=2022 Spring&crn-1=11685","CANCELLED 1/10/22"
"202210","CIMT305","CONCRETE APPLICATIONS II","102","11686","M","6:00 PM - 8:50 PM","CKB 341","Open","25","12","Mahgoub, Mohamed","Face-to-Face","3","https://www.bkstr.com/webapp/wcs/stores/servlet/booklookServlet?bookstore_id-1=584&term_id-1=2022 Spring&crn-1=11686",""
"202210","CIMT310","CONCRETE PRODUCTS AND DELIVERY","102","11687","W","6:00 PM - 8:50 PM","CKB 320","Open","25","6","Arocha, Ricardo","Face-to-Face","3","https://www.bkstr.com/webapp/wcs/stores/servlet/booklookServlet?bookstore_id-1=584&term_id-1=2022 Spring&crn-1=11687",""
"202210","CIMT315","CONCRETE CONSTRUCTION METHODS","102","11688","R","6:00 PM - 8:50 PM"," ","Cancelled","25","0","","Face-to-Face","3","https://www.bkstr.com/webapp/wcs/stores/servlet/booklookServlet?bookstore_id-1=584&term_id-1=2022 Spring&crn-1=11688","CANCELLED 1/10/22"
"202210","CIMT410","SENIOR PROJECT IN CIM","102","11689","F","6:00 PM - 8:50 PM","CKB 106","Closed","0","3","Mahgoub, Mohamed","Face-to-Face","3","https://www.bkstr.com/webapp/wcs/stores/servlet/booklookServlet?bookstore_id-1=584&term_id-1=2022 Spring&crn-1=11689",""
"202210","CIMT410","SENIOR PROJECT IN CIM","102","11689","F","6:00 PM - 8:50 PM","CKB 106","Closed","0","3","Omran, Ahmed","Face-to-Face","3","https://www.bkstr.com/webapp/wcs/stores/servlet/booklookServlet?bookstore_id-1=584&term_id-1=2022 Spring&crn-1=11689",""
"202210","CIMT491","SPECIAL PROJECT IN CIM","344","11690","",""," ","Closed","0","2","Mahgoub, Mohamed","Face-to-Face","1","https://www.bkstr.com/webapp/wcs/stores/servlet/booklookServlet?bookstore_id-1=584&term_id-1=2022 Spring&crn-1=11690",""
"202210","CIMT492","SPECIAL PROJECT IN CIM","344","11691","",""," ","Closed","0","2","Mahgoub, Mohamed","Face-to-Face","2","https://www.bkstr.com/webapp/wcs/stores/servlet/booklookServlet?bookstore_id-1=584&term_id-1=2022 Spring&crn-1=11691",""
"202210","CIMT493","INDEPENDENT STUDY","344","11692","",""," ","Closed","0","6","Mahgoub, Mohamed","Face-to-Face","3","https://www.bkstr.com/webapp/wcs/stores/servlet/booklookServlet?bookstore_id-1=584&term_id-1=2022 Spring&crn-1=11692",""
"202210","CIMT497","COOP WORK EXPERIENCE I","344","11693","",""," ","Closed","0","4","Mahgoub, Mohamed","Face-to-Face","3","https://www.bkstr.com/webapp/wcs/stores/servlet/booklookServlet?bookstore_id-1=584&term_id-1=2022 Spring&crn-1=11693",""
