"Term","Course","Title","Section","CRN","Days","Times","Location","Status","Max","Now","Instructor","Delivery Mode","Credits","Info","Comments"
"202210","COM310","INTERPERSONAL COMMUNICATION","102","11696","M","6:00 PM - 8:50 PM","CKB G-08","Closed","30","31","Hernandez, Miosotis","Face-to-Face","3","https://www.bkstr.com/webapp/wcs/stores/servlet/booklookServlet?bookstore_id-1=584&term_id-1=2022 Spring&crn-1=11696",""
"202210","COM321","TECHNOLOGY & TACTICS OF SOUND","002","11697","TR","8:30 AM - 9:50 AM","CKB 317","Closed","20","22","Klobucar, Philip","Face-to-Face","3","https://www.bkstr.com/webapp/wcs/stores/servlet/booklookServlet?bookstore_id-1=584&term_id-1=2022 Spring&crn-1=11697",""
"202210","COM321","TECHNOLOGY & TACTICS OF SOUND - HONORS","HM2","11698","TR","8:30 AM - 9:50 AM","CKB 317","Open","10","6","Klobucar, Philip","Face-to-Face","3","https://www.bkstr.com/webapp/wcs/stores/servlet/booklookServlet?bookstore_id-1=584&term_id-1=2022 Spring&crn-1=11698","Honors Course"
"202210","COM325","ST: RADIO/PODCAST PRACTICUM","002","11699","W","11:30 AM - 12:50 PM","CULM 311","Closed","20","20","Funkhouser, Christopher","Hybrid","3","https://www.bkstr.com/webapp/wcs/stores/servlet/booklookServlet?bookstore_id-1=584&term_id-1=2022 Spring&crn-1=11699","Hybrid Course<br />https://www.njit.edu/registrar/instructionaldelivery/"
"202210","COM325","ST: RADIO/PODCAST PRACTICUM","002","11699","",""," ","Closed","20","20","Funkhouser, Christopher","Hybrid","3","https://www.bkstr.com/webapp/wcs/stores/servlet/booklookServlet?bookstore_id-1=584&term_id-1=2022 Spring&crn-1=11699","Hybrid Course<br />https://www.njit.edu/registrar/instructionaldelivery/"
"202210","COM352","PHOTOJOURNALISM","102","11700","R","6:00 PM - 8:50 PM"," ","Cancelled","20","0","","Face-to-Face","3","https://www.bkstr.com/webapp/wcs/stores/servlet/booklookServlet?bookstore_id-1=584&term_id-1=2022 Spring&crn-1=11700","Cancelled 12/1/21"
"202210","COM390","ELECTRONIC WRITING WORKSHOP","002","11701","TR","1:00 PM - 2:20 PM","CULM 315","Closed","20","20","Klobucar, Philip","Face-to-Face","3","https://www.bkstr.com/webapp/wcs/stores/servlet/booklookServlet?bookstore_id-1=584&term_id-1=2022 Spring&crn-1=11701",""
