"Term","Course","Title","Section","CRN","Days","Times","Location","Status","Max","Now","Instructor","Delivery Mode","Credits","Info","Comments"
"202210","CPT310","COMPUTER DESIGN FUNDAMENTALS","102","11702","M","6:00 PM - 10:05 PM","MALL PC36","Closed","20","20","Lubliner, David","Hybrid","3","https://www.bkstr.com/webapp/wcs/stores/servlet/booklookServlet?bookstore_id-1=584&term_id-1=2022 Spring&crn-1=11702","Hybrid Course<br />https://www.njit.edu/registrar/instructionaldelivery/"
"202210","CPT315","COMPUTER ARCHITECTURE","452","11703","",""," ","Closed","25","30","Washah, Sal","","3","https://www.bkstr.com/webapp/wcs/stores/servlet/booklookServlet?bookstore_id-1=584&term_id-1=2022 Spring&crn-1=11703","Online Course"
"202210","CPT315","COMPUTER ARCHITECTURE","454","11704","",""," ","Cancelled","25","0","","","3","https://www.bkstr.com/webapp/wcs/stores/servlet/booklookServlet?bookstore_id-1=584&term_id-1=2022 Spring&crn-1=11704","cancelled 1/10/22"
"202210","CPT325","MEDICAL INFORMATICS TECHNOLOGY","102","11705","S","9:00 AM - 10:55 AM","MALL PC40","Open","25","20","Lubliner, David","Hybrid","3","https://www.bkstr.com/webapp/wcs/stores/servlet/booklookServlet?bookstore_id-1=584&term_id-1=2022 Spring&crn-1=11705","Hybrid Course<br />https://www.njit.edu/registrar/instructionaldelivery/"
"202210","CPT325","MEDICAL INFORMATICS TECHNOLOGY","102","11705","",""," ","Open","25","20","Lubliner, David","Hybrid","3","https://www.bkstr.com/webapp/wcs/stores/servlet/booklookServlet?bookstore_id-1=584&term_id-1=2022 Spring&crn-1=11705","Hybrid Course<br />https://www.njit.edu/registrar/instructionaldelivery/"
"202210","CPT330","SOFTWARE WEB APPLICATIONS I","102","11706","F","6:00 PM - 10:05 PM","MALL PC39","Closed","18","18","Aslam, Ersal","Hybrid","3","https://www.bkstr.com/webapp/wcs/stores/servlet/booklookServlet?bookstore_id-1=584&term_id-1=2022 Spring&crn-1=11706","Hybrid Course - See instructor for in-person meeting dates.<br />https://www.njit.edu/registrar/instructionaldelivery/"
"202210","CPT330","SOFTWARE WEB APPLICATIONS I","452","11707","",""," ","Closed","30","33","Aslam, Ersal","","3","https://www.bkstr.com/webapp/wcs/stores/servlet/booklookServlet?bookstore_id-1=584&term_id-1=2022 Spring&crn-1=11707","Online Course"
"202210","CPT335","NETWORK APPLICATIONS I","102","11708","R","6:00 PM - 10:05 PM"," ","Cancelled","16","0","","Face-to-Face","3","https://www.bkstr.com/webapp/wcs/stores/servlet/booklookServlet?bookstore_id-1=584&term_id-1=2022 Spring&crn-1=11708","Cancelled 1/11/22"
"202210","CPT341","VISUAL BASIC .NET","102","11709","R","6:00 PM - 10:05 PM","GITC 2315A","Closed","20","20","Tereshkovich, William","Face-to-Face","3","https://www.bkstr.com/webapp/wcs/stores/servlet/booklookServlet?bookstore_id-1=584&term_id-1=2022 Spring&crn-1=11709",""
"202210","CPT341","VISUAL BASIC .NET","452","11710","",""," ","Closed","24","24","Tereshkovich, William","","3","https://www.bkstr.com/webapp/wcs/stores/servlet/booklookServlet?bookstore_id-1=584&term_id-1=2022 Spring&crn-1=11710","Online Course"
"202210","CPT373","WEB APP DEVELOPMENT FOR MOBILE","452","11711","",""," ","Closed","25","25","Nasello, Daniel","","3","https://www.bkstr.com/webapp/wcs/stores/servlet/booklookServlet?bookstore_id-1=584&term_id-1=2022 Spring&crn-1=11711","Online Course"
"202210","CPT395","COOP WORK EXPERIENCE I","358","11712","",""," ","Closed","0","0","Lubliner, David","Face-to-Face","3","https://www.bkstr.com/webapp/wcs/stores/servlet/booklookServlet?bookstore_id-1=584&term_id-1=2022 Spring&crn-1=11712",""
"202210","CPT401","SENIOR PROJECT","002","11713","M","1:00 PM - 2:55 PM","GITC 2520","Open","30","17","Lubliner, David","Hybrid","2","https://www.bkstr.com/webapp/wcs/stores/servlet/booklookServlet?bookstore_id-1=584&term_id-1=2022 Spring&crn-1=11713","Hybrid Course - See instructor for in-person meeting dates.<br />https://www.njit.edu/registrar/instructionaldelivery/"
"202210","CPT425","MEDICAL INFORMATICS TECH II","102","11714","S","11:10 AM - 1:05 PM","GITC 2315B","Open","25","9","Lubliner, David","Hybrid","3","https://www.bkstr.com/webapp/wcs/stores/servlet/booklookServlet?bookstore_id-1=584&term_id-1=2022 Spring&crn-1=11714","Hybrid Course<br />https://www.njit.edu/registrar/instructionaldelivery/"
"202210","CPT425","MEDICAL INFORMATICS TECH II","102","11714","",""," ","Open","25","9","Lubliner, David","Hybrid","3","https://www.bkstr.com/webapp/wcs/stores/servlet/booklookServlet?bookstore_id-1=584&term_id-1=2022 Spring&crn-1=11714","Hybrid Course<br />https://www.njit.edu/registrar/instructionaldelivery/"
"202210","CPT435","NETWORK APPLICATIONS II","102","11715","M","6:00 PM - 10:05 PM"," ","Cancelled","20","0","","Face-to-Face","3","https://www.bkstr.com/webapp/wcs/stores/servlet/booklookServlet?bookstore_id-1=584&term_id-1=2022 Spring&crn-1=11715","Cancelled 1/11/22"
