"Term","Course","Title","Section","CRN","Days","Times","Location","Status","Max","Now","Instructor","Delivery Mode","Credits","Info","Comments"
"202210","DD264","DIGITAL DESIGN STUDIO II","002","12168","MR","1:00 PM - 5:20 PM"," ","Closed","12","12","Ross, Jessica","Face-to-Face","4","https://www.bkstr.com/webapp/wcs/stores/servlet/booklookServlet?bookstore_id-1=584&term_id-1=2022 Spring&crn-1=12168",""
"202210","DD264","DIGITAL DESIGN STUDIO II","004","12169","MR","1:00 PM - 5:20 PM"," ","Open","12","8","Malta, Nelson","Face-to-Face","4","https://www.bkstr.com/webapp/wcs/stores/servlet/booklookServlet?bookstore_id-1=584&term_id-1=2022 Spring&crn-1=12169",""
"202210","DD301","ACTING FUND FOR ANIMATORS","002","12170","MW","10:00 AM - 11:20 AM"," ","Cancelled","12","0","","Face-to-Face","3","https://www.bkstr.com/webapp/wcs/stores/servlet/booklookServlet?bookstore_id-1=584&term_id-1=2022 Spring&crn-1=12170","Cancelled 11/27/21"
"202210","DD301","ACTING FUND FOR ANIMATORS","004","12171","TR","10:00 AM - 11:20 AM","CKB 316","Closed","12","19","Wells, Louis","Face-to-Face","3","https://www.bkstr.com/webapp/wcs/stores/servlet/booklookServlet?bookstore_id-1=584&term_id-1=2022 Spring&crn-1=12171",""
"202210","DD301","ACTING FUND FOR ANIMATORS","006","15635","TR","8:30 AM - 9:50 AM"," ","Cancelled","12","0","","Face-to-Face","3","https://www.bkstr.com/webapp/wcs/stores/servlet/booklookServlet?bookstore_id-1=584&term_id-1=2022 Spring&crn-1=15635","Cancelled 01/18/22"
"202210","DD364","DIGITAL DESIGN STUDIO IV","002","12172","MR","12:00 PM - 5:20 PM","WEST LECT 2","Closed","15","15","Spryszynski, Adam","Face-to-Face","5","https://www.bkstr.com/webapp/wcs/stores/servlet/booklookServlet?bookstore_id-1=584&term_id-1=2022 Spring&crn-1=12172",""
"202210","DD364","DIGITAL DESIGN STUDIO IV","004","12173","MR","12:00 PM - 5:20 PM","WEST LECT 2","Open","12","10","Rodrigues, Miguel","Face-to-Face","5","https://www.bkstr.com/webapp/wcs/stores/servlet/booklookServlet?bookstore_id-1=584&term_id-1=2022 Spring&crn-1=12173",""
"202210","DD403","DIGITAL SOUND AND MUSIC","102","12174","T","6:00 PM - 8:50 PM","TIER 206","Closed","15","16","Miller, Bruce","Face-to-Face","3","https://www.bkstr.com/webapp/wcs/stores/servlet/booklookServlet?bookstore_id-1=584&term_id-1=2022 Spring&crn-1=12174",""
"202210","DD403","DIGITAL SOUND AND MUSIC","104","12175","W","6:00 PM - 8:50 PM"," ","Cancelled","15","0","","Face-to-Face","3","https://www.bkstr.com/webapp/wcs/stores/servlet/booklookServlet?bookstore_id-1=584&term_id-1=2022 Spring&crn-1=12175","Cancelled 1/14/22"
"202210","DD415","WEB/EXHIBIT DEVELOPMENT","452","12176","",""," ","Cancelled","15","0","","Online","3","https://www.bkstr.com/webapp/wcs/stores/servlet/booklookServlet?bookstore_id-1=584&term_id-1=2022 Spring&crn-1=12176","Cancelled 1/14/22"
"202210","DD442","VISUAL & SPCL EFFECTS IN MOVIE","452","12177","",""," ","Closed","15","17","Ross, Jessica","Online","3","https://www.bkstr.com/webapp/wcs/stores/servlet/booklookServlet?bookstore_id-1=584&term_id-1=2022 Spring&crn-1=12177","Online Course"
"202210","DD464","DIGITAL DESIGN STUDIO III","002","12178","MR","12:00 PM - 5:20 PM"," ","Closed","12","13","Narahara, Taro","Face-to-Face","5","https://www.bkstr.com/webapp/wcs/stores/servlet/booklookServlet?bookstore_id-1=584&term_id-1=2022 Spring&crn-1=12178",""
"202210","DD464","DIGITAL DESIGN STUDIO III","004","12179","MR","12:00 PM - 5:20 PM"," ","Cancelled","12","0","","Face-to-Face","5","https://www.bkstr.com/webapp/wcs/stores/servlet/booklookServlet?bookstore_id-1=584&term_id-1=2022 Spring&crn-1=12179","Cancelled 1/14/22"
"202210","DD621","CHARACTER AND FACIAL MODELING","852","12180","",""," ","Cancelled","15","0","","","3","https://www.bkstr.com/webapp/wcs/stores/servlet/booklookServlet?bookstore_id-1=584&term_id-1=2022 Spring&crn-1=12180","Cancelled 01/19/22"
"202210","DD622","VIS. STORYTELL. & STORYBOARD","852","12181","",""," ","Cancelled","15","0","","","3","https://www.bkstr.com/webapp/wcs/stores/servlet/booklookServlet?bookstore_id-1=584&term_id-1=2022 Spring&crn-1=12181","Cancelled 1/14/22"
"202210","DD624","DIGITAL AUDIO","852","12182","",""," ","Cancelled","15","0","","","3","https://www.bkstr.com/webapp/wcs/stores/servlet/booklookServlet?bookstore_id-1=584&term_id-1=2022 Spring&crn-1=12182","Cancelled 1/14/22"
"202210","DD625","ENVIRONMENT DESIGN","852","12183","",""," ","Cancelled","15","0","","","3","https://www.bkstr.com/webapp/wcs/stores/servlet/booklookServlet?bookstore_id-1=584&term_id-1=2022 Spring&crn-1=12183","Cancelled 1/14/22"
"202210","DD634","PHYSICAL COMPUTING FOR DES.","852","12184","",""," ","Cancelled","15","0","","","3","https://www.bkstr.com/webapp/wcs/stores/servlet/booklookServlet?bookstore_id-1=584&term_id-1=2022 Spring&crn-1=12184","Cancelled 1/14/22"
"202210","DD640","UI/UX IN DIGITAL DESIGN","852","12185","",""," ","Cancelled","15","0","","","3","https://www.bkstr.com/webapp/wcs/stores/servlet/booklookServlet?bookstore_id-1=584&term_id-1=2022 Spring&crn-1=12185","Cancelled 1/14/22"
