"Term","Course","Title","Section","CRN","Days","Times","Location","Status","Max","Now","Instructor","Delivery Mode","Credits","Info","Comments"
"202210","ECET201","CIRCUITS I","002","12615","M","1:00 PM - 2:55 PM","FMH 304","Closed","21","21","Shekhar, Prateek","Face-to-Face","3","https://www.bkstr.com/webapp/wcs/stores/servlet/booklookServlet?bookstore_id-1=584&term_id-1=2022 Spring&crn-1=12615",""
"202210","ECET201","CIRCUITS I","002","12615","W","9:15 AM - 11:10 AM","FMH 310","Closed","21","21","Shekhar, Prateek","Face-to-Face","3","https://www.bkstr.com/webapp/wcs/stores/servlet/booklookServlet?bookstore_id-1=584&term_id-1=2022 Spring&crn-1=12615",""
"202210","ECET201","CIRCUITS I","102","12616","F","6:00 PM - 7:55 PM"," ","Closed","0","0","","Face-to-Face","3","https://www.bkstr.com/webapp/wcs/stores/servlet/booklookServlet?bookstore_id-1=584&term_id-1=2022 Spring&crn-1=12616","Cancelled 12/9/21"
"202210","ECET201","CIRCUITS I","102","12616","R","6:00 PM - 7:55 PM"," ","Closed","0","0","","Face-to-Face","3","https://www.bkstr.com/webapp/wcs/stores/servlet/booklookServlet?bookstore_id-1=584&term_id-1=2022 Spring&crn-1=12616","Cancelled 12/9/21"
"202210","ECET201","CIRCUITS I","104","12617","M","6:00 PM - 7:55 PM"," ","Closed","0","0","","Face-to-Face","3","https://www.bkstr.com/webapp/wcs/stores/servlet/booklookServlet?bookstore_id-1=584&term_id-1=2022 Spring&crn-1=12617","Cancelled 12/10/21"
"202210","ECET201","CIRCUITS I","104","12617","W","6:00 PM - 7:55 PM"," ","Closed","0","0","","Face-to-Face","3","https://www.bkstr.com/webapp/wcs/stores/servlet/booklookServlet?bookstore_id-1=584&term_id-1=2022 Spring&crn-1=12617","Cancelled 12/10/21"
"202210","ECET201","CIRCUITS I","106","15769","R","6:00 PM - 7:55 PM","FMH 412","Closed","21","22","Vincent, Michael","Face-to-Face","3","https://www.bkstr.com/webapp/wcs/stores/servlet/booklookServlet?bookstore_id-1=584&term_id-1=2022 Spring&crn-1=15769",""
"202210","ECET201","CIRCUITS I","106","15769","R","8:05 PM - 10:00 PM","FMH 316","Closed","21","22","Vincent, Michael","Face-to-Face","3","https://www.bkstr.com/webapp/wcs/stores/servlet/booklookServlet?bookstore_id-1=584&term_id-1=2022 Spring&crn-1=15769",""
"202210","ECET201","CIRCUITS I","108","15785","M","6:00 PM - 7:55 PM"," ","Cancelled","21","0","Ghrayeb, Ashraf","Face-to-Face","3","https://www.bkstr.com/webapp/wcs/stores/servlet/booklookServlet?bookstore_id-1=584&term_id-1=2022 Spring&crn-1=15785","cancelled 1/10/22"
"202210","ECET201","CIRCUITS I","108","15785","M","8:05 PM - 10:00 PM"," ","Cancelled","21","0","Ghrayeb, Ashraf","Face-to-Face","3","https://www.bkstr.com/webapp/wcs/stores/servlet/booklookServlet?bookstore_id-1=584&term_id-1=2022 Spring&crn-1=15785","cancelled 1/10/22"
"202210","ECET202","CIRCUITS II","002","12618","R","2:30 PM - 4:25 PM"," ","Cancelled","21","0","","Face-to-Face","3","https://www.bkstr.com/webapp/wcs/stores/servlet/booklookServlet?bookstore_id-1=584&term_id-1=2022 Spring&crn-1=12618","Cancelled 11/9/21"
"202210","ECET202","CIRCUITS II","002","12618","T","2:30 PM - 4:25 PM"," ","Cancelled","21","0","","Face-to-Face","3","https://www.bkstr.com/webapp/wcs/stores/servlet/booklookServlet?bookstore_id-1=584&term_id-1=2022 Spring&crn-1=12618","Cancelled 11/9/21"
"202210","ECET202","CIRCUITS II","102","12619","M","6:00 PM - 7:55 PM","FMH 310","Closed","21","23","Kayzman, Victor","Face-to-Face","3","https://www.bkstr.com/webapp/wcs/stores/servlet/booklookServlet?bookstore_id-1=584&term_id-1=2022 Spring&crn-1=12619",""
"202210","ECET202","CIRCUITS II","102","12619","M","8:05 PM - 10:00 PM","FMH 318","Closed","21","23","Kayzman, Victor","Face-to-Face","3","https://www.bkstr.com/webapp/wcs/stores/servlet/booklookServlet?bookstore_id-1=584&term_id-1=2022 Spring&crn-1=12619",""
"202210","ECET205","ANALOG ELECTRONICS","002","12620","R","11:30 AM - 1:25 PM"," ","Cancelled","21","0","","Face-to-Face","3","https://www.bkstr.com/webapp/wcs/stores/servlet/booklookServlet?bookstore_id-1=584&term_id-1=2022 Spring&crn-1=12620","Cancelled 11/9/21"
"202210","ECET205","ANALOG ELECTRONICS","002","12620","T","11:30 AM - 1:25 PM"," ","Cancelled","21","0","","Face-to-Face","3","https://www.bkstr.com/webapp/wcs/stores/servlet/booklookServlet?bookstore_id-1=584&term_id-1=2022 Spring&crn-1=12620","Cancelled 11/9/21"
"202210","ECET205","ANALOG ELECTRONICS","102","12621","R","6:00 PM - 7:55 PM","FMH 108","Closed","21","25","Park, Jinsoo","Face-to-Face","3","https://www.bkstr.com/webapp/wcs/stores/servlet/booklookServlet?bookstore_id-1=584&term_id-1=2022 Spring&crn-1=12621",""
"202210","ECET205","ANALOG ELECTRONICS","102","12621","R","8:05 PM - 10:00 PM","FMH 304","Closed","21","25","Park, Jinsoo","Face-to-Face","3","https://www.bkstr.com/webapp/wcs/stores/servlet/booklookServlet?bookstore_id-1=584&term_id-1=2022 Spring&crn-1=12621",""
"202210","ECET211","COMPUTER ARCHITECTURE","102","12622","T","6:00 PM - 8:50 PM"," ","Cancelled","21","0","","Face-to-Face","2","https://www.bkstr.com/webapp/wcs/stores/servlet/booklookServlet?bookstore_id-1=584&term_id-1=2022 Spring&crn-1=12622","Cancelled 11/9/21"
"202210","ECET211","COMPUTER ARCHITECTURE","102","12622","T","9:00 PM - 10:00 PM"," ","Cancelled","21","0","","Face-to-Face","2","https://www.bkstr.com/webapp/wcs/stores/servlet/booklookServlet?bookstore_id-1=584&term_id-1=2022 Spring&crn-1=12622","Cancelled 11/9/21"
"202210","ECET214","INTRO TO COMMUNICATION SYSTEMS","102","12623","W","6:00 PM - 7:55 PM","FMH 310","Closed","21","24","Pepe, Russell","Face-to-Face","3","https://www.bkstr.com/webapp/wcs/stores/servlet/booklookServlet?bookstore_id-1=584&term_id-1=2022 Spring&crn-1=12623",""
"202210","ECET214","INTRO TO COMMUNICATION SYSTEMS","102","12623","W","8:05 PM - 10:00 PM","FMH 316","Closed","21","24","Pepe, Russell","Face-to-Face","3","https://www.bkstr.com/webapp/wcs/stores/servlet/booklookServlet?bookstore_id-1=584&term_id-1=2022 Spring&crn-1=12623",""
"202210","ECET215","INTRO TO DIGITAL ELECTRONICS","002","12624","M","10:00 AM - 11:55 AM"," ","Cancelled","21","0","","Face-to-Face","3","https://www.bkstr.com/webapp/wcs/stores/servlet/booklookServlet?bookstore_id-1=584&term_id-1=2022 Spring&crn-1=12624","cancelled 1/10/22"
"202210","ECET215","INTRO TO DIGITAL ELECTRONICS","002","12624","W","10:00 AM - 11:55 AM"," ","Cancelled","21","0","","Face-to-Face","3","https://www.bkstr.com/webapp/wcs/stores/servlet/booklookServlet?bookstore_id-1=584&term_id-1=2022 Spring&crn-1=12624","cancelled 1/10/22"
"202210","ECET215","INTRO TO DIGITAL ELECTRONICS","102","12625","T","6:00 PM - 7:55 PM","FMH 205","Closed","21","30","de Mattos, Roberto","Face-to-Face","3","https://www.bkstr.com/webapp/wcs/stores/servlet/booklookServlet?bookstore_id-1=584&term_id-1=2022 Spring&crn-1=12625",""
"202210","ECET215","INTRO TO DIGITAL ELECTRONICS","102","12625","T","8:05 PM - 10:00 PM","FMH 304","Closed","21","30","de Mattos, Roberto","Face-to-Face","3","https://www.bkstr.com/webapp/wcs/stores/servlet/booklookServlet?bookstore_id-1=584&term_id-1=2022 Spring&crn-1=12625",""
"202210","ECET300","CIRCUIT ANALYSIS","102","12626","T","6:00 PM - 8:50 PM"," ","Cancelled","30","0","","Face-to-Face","3","https://www.bkstr.com/webapp/wcs/stores/servlet/booklookServlet?bookstore_id-1=584&term_id-1=2022 Spring&crn-1=12626","Cancelled 11/9/21"
"202210","ECET300","CIRCUIT ANALYSIS","452","12627","",""," ","Closed","30","30","Rockland, Ronald","","3","https://www.bkstr.com/webapp/wcs/stores/servlet/booklookServlet?bookstore_id-1=584&term_id-1=2022 Spring&crn-1=12627","Online Course"
"202210","ECET303","CIRCUIT MEASUREMENTS I","102","12628","T","6:00 PM - 7:00 PM","ECEC 115","Open","21","12","Kayzman, Victor","Face-to-Face","2","https://www.bkstr.com/webapp/wcs/stores/servlet/booklookServlet?bookstore_id-1=584&term_id-1=2022 Spring&crn-1=12628",""
"202210","ECET303","CIRCUIT MEASUREMENTS I","102","12628","T","7:00 PM - 9:50 PM","FMH 318","Open","21","12","Kayzman, Victor","Face-to-Face","2","https://www.bkstr.com/webapp/wcs/stores/servlet/booklookServlet?bookstore_id-1=584&term_id-1=2022 Spring&crn-1=12628",""
"202210","ECET303","CIRCUIT MEASUREMENTS I","104","12629","R","6:00 PM - 7:00 PM","FMH 310","Closed","21","21","Reaves, Jeffrey","Face-to-Face","2","https://www.bkstr.com/webapp/wcs/stores/servlet/booklookServlet?bookstore_id-1=584&term_id-1=2022 Spring&crn-1=12629",""
"202210","ECET303","CIRCUIT MEASUREMENTS I","104","12629","R","7:00 PM - 9:50 PM","FMH 318","Closed","21","21","Reaves, Jeffrey","Face-to-Face","2","https://www.bkstr.com/webapp/wcs/stores/servlet/booklookServlet?bookstore_id-1=584&term_id-1=2022 Spring&crn-1=12629",""
"202210","ECET305","INTEGRATED CIRCUIT APPLCTNS","002","12630","R","2:30 PM - 4:25 PM"," ","Cancelled","21","0","","Face-to-Face","3","https://www.bkstr.com/webapp/wcs/stores/servlet/booklookServlet?bookstore_id-1=584&term_id-1=2022 Spring&crn-1=12630","Cancelled 11/9/21"
"202210","ECET305","INTEGRATED CIRCUIT APPLCTNS","002","12630","T","2:30 PM - 4:25 PM"," ","Cancelled","21","0","","Face-to-Face","3","https://www.bkstr.com/webapp/wcs/stores/servlet/booklookServlet?bookstore_id-1=584&term_id-1=2022 Spring&crn-1=12630","Cancelled 11/9/21"
"202210","ECET305","INTEGRATED CIRCUIT APPLCTNS","102","12631","W","6:00 PM - 7:55 PM","FMH 108","Closed","21","26","Rabie, Mohammad","Face-to-Face","3","https://www.bkstr.com/webapp/wcs/stores/servlet/booklookServlet?bookstore_id-1=584&term_id-1=2022 Spring&crn-1=12631",""
"202210","ECET305","INTEGRATED CIRCUIT APPLCTNS","102","12631","W","8:05 PM - 10:00 PM","FMH 318","Closed","21","26","Rabie, Mohammad","Face-to-Face","3","https://www.bkstr.com/webapp/wcs/stores/servlet/booklookServlet?bookstore_id-1=584&term_id-1=2022 Spring&crn-1=12631",""
"202210","ECET311","EMBEDDED SYSTEMS I","002","12632","MW","10:00 AM - 12:05 PM"," ","Cancelled","21","0","","Face-to-Face","3","https://www.bkstr.com/webapp/wcs/stores/servlet/booklookServlet?bookstore_id-1=584&term_id-1=2022 Spring&crn-1=12632","Cancelled 01/20/22"
"202210","ECET311","EMBEDDED SYSTEMS I","102","12633","R","6:00 PM - 10:05 PM","GITC 2308","Open","21","8","Brateris, Daniel","Face-to-Face","3","https://www.bkstr.com/webapp/wcs/stores/servlet/booklookServlet?bookstore_id-1=584&term_id-1=2022 Spring&crn-1=12633",""
"202210","ECET329","ANALOG DIGITAL ELECT NON MAJ","102","12634","M","6:00 PM - 7:55 PM","FMH 106","Closed","21","22","De La Cruz, Albert","Face-to-Face","3","https://www.bkstr.com/webapp/wcs/stores/servlet/booklookServlet?bookstore_id-1=584&term_id-1=2022 Spring&crn-1=12634",""
"202210","ECET329","ANALOG DIGITAL ELECT NON MAJ","102","12634","M","8:05 PM - 10:00 PM","FMH 304","Closed","21","22","De La Cruz, Albert","Face-to-Face","3","https://www.bkstr.com/webapp/wcs/stores/servlet/booklookServlet?bookstore_id-1=584&term_id-1=2022 Spring&crn-1=12634",""
"202210","ECET344","NUMERICAL COMP ENGR TECH","002","12635","R","2:30 PM - 4:25 PM","GITC 2308","Closed","21","22","Rabie, Mohammad","Face-to-Face","3","https://www.bkstr.com/webapp/wcs/stores/servlet/booklookServlet?bookstore_id-1=584&term_id-1=2022 Spring&crn-1=12635",""
"202210","ECET344","NUMERICAL COMP ENGR TECH","002","12635","T","2:30 PM - 4:25 PM","GITC 2308","Closed","21","22","Rabie, Mohammad","Face-to-Face","3","https://www.bkstr.com/webapp/wcs/stores/servlet/booklookServlet?bookstore_id-1=584&term_id-1=2022 Spring&crn-1=12635",""
"202210","ECET344","NUMERICAL COMP ENGR TECH","102","12636","T","6:00 PM - 10:05 PM","GITC 2308","Open","21","10","Amboise, Wilex","Face-to-Face","3","https://www.bkstr.com/webapp/wcs/stores/servlet/booklookServlet?bookstore_id-1=584&term_id-1=2022 Spring&crn-1=12636",""
"202210","ECET350","COMPUTRZED INDUSTRL CONTROLS","102","12637","R","6:00 PM - 7:55 PM","FMH 403","Open","21","20","Meidling, Joseph","Face-to-Face","3","https://www.bkstr.com/webapp/wcs/stores/servlet/booklookServlet?bookstore_id-1=584&term_id-1=2022 Spring&crn-1=12637",""
"202210","ECET350","COMPUTRZED INDUSTRL CONTROLS","102","12637","R","8:05 PM - 10:00 PM","GITC 2310","Open","21","20","Meidling, Joseph","Face-to-Face","3","https://www.bkstr.com/webapp/wcs/stores/servlet/booklookServlet?bookstore_id-1=584&term_id-1=2022 Spring&crn-1=12637",""
"202210","ECET365","DIGITAL LOGIC & CIRCUIT DESIGN","002","12638","MW","1:00 PM - 2:20 PM","FMH 205","Open","25","17","Rabie, Mohammad","Face-to-Face","3","https://www.bkstr.com/webapp/wcs/stores/servlet/booklookServlet?bookstore_id-1=584&term_id-1=2022 Spring&crn-1=12638",""
"202210","ECET365","DIGITAL LOGIC & CIRCUIT DESIGN","102","12639","W","6:00 PM - 8:50 PM","KUPF 203","Open","25","16","de Mattos, Roberto","Face-to-Face","3","https://www.bkstr.com/webapp/wcs/stores/servlet/booklookServlet?bookstore_id-1=584&term_id-1=2022 Spring&crn-1=12639",""
"202210","ECET395","ECET WORK EXPERIENCE I","347","12640","",""," ","Closed","0","3","Brateris, Daniel","Face-to-Face","3","https://www.bkstr.com/webapp/wcs/stores/servlet/booklookServlet?bookstore_id-1=584&term_id-1=2022 Spring&crn-1=12640",""
"202210","ECET400","SENIOR PROJECT","102","12641","R","6:00 PM - 10:05 PM","FMH 110","Closed","0","29","Blinder, Alex","Face-to-Face","3","https://www.bkstr.com/webapp/wcs/stores/servlet/booklookServlet?bookstore_id-1=584&term_id-1=2022 Spring&crn-1=12641",""
"202210","ECET400","SENIOR PROJECT","104","12642","F","6:00 PM - 10:05 PM","CKB 316","Closed","0","19","Blinder, Alex","Face-to-Face","3","https://www.bkstr.com/webapp/wcs/stores/servlet/booklookServlet?bookstore_id-1=584&term_id-1=2022 Spring&crn-1=12642",""
"202210","ECET411","EMBEDDED SYSTEMS II","002","12643","R","10:00 AM - 11:55 AM","GITC 2308","Open","21","15","Azizi, Seyyedmohsen","Face-to-Face","3","https://www.bkstr.com/webapp/wcs/stores/servlet/booklookServlet?bookstore_id-1=584&term_id-1=2022 Spring&crn-1=12643",""
"202210","ECET411","EMBEDDED SYSTEMS II","002","12643","T","10:00 AM - 11:55 AM","GITC 2308","Open","21","15","Azizi, Seyyedmohsen","Face-to-Face","3","https://www.bkstr.com/webapp/wcs/stores/servlet/booklookServlet?bookstore_id-1=584&term_id-1=2022 Spring&crn-1=12643",""
"202210","ECET411","EMBEDDED SYSTEMS II","102","12644","M","6:00 PM - 10:05 PM","GITC 2308","Open","21","20","Abichandani, Pramod","Face-to-Face","3","https://www.bkstr.com/webapp/wcs/stores/servlet/booklookServlet?bookstore_id-1=584&term_id-1=2022 Spring&crn-1=12644",""
"202210","ECET412","POWER GENERATION & DISTRBTN","102","12645","T","6:00 PM - 7:55 PM","FMH 321","Closed","21","21","Vincent, Michael","Face-to-Face","3","https://www.bkstr.com/webapp/wcs/stores/servlet/booklookServlet?bookstore_id-1=584&term_id-1=2022 Spring&crn-1=12645",""
"202210","ECET412","POWER GENERATION & DISTRBTN","102","12645","T","8:05 PM - 10:00 PM","FMH 109","Closed","21","21","Vincent, Michael","Face-to-Face","3","https://www.bkstr.com/webapp/wcs/stores/servlet/booklookServlet?bookstore_id-1=584&term_id-1=2022 Spring&crn-1=12645",""
"202210","ECET414","SOLAR PLANNING & INSTALLATION","002","12646","R","1:00 PM - 2:55 PM","FMH 109","Open","15","12","Azizi, Seyyedmohsen","Face-to-Face","3","https://www.bkstr.com/webapp/wcs/stores/servlet/booklookServlet?bookstore_id-1=584&term_id-1=2022 Spring&crn-1=12646",""
"202210","ECET414","SOLAR PLANNING & INSTALLATION","002","12646","T","1:00 PM - 2:55 PM","FMH 109","Open","15","12","Azizi, Seyyedmohsen","Face-to-Face","3","https://www.bkstr.com/webapp/wcs/stores/servlet/booklookServlet?bookstore_id-1=584&term_id-1=2022 Spring&crn-1=12646",""
"202210","ECET415","FUND OF NETWORK COMMUNICATION","102","12647","F","6:00 PM - 10:05 PM","GITC 2308","Open","20","14","Vanderbilt, Richard","Face-to-Face","3","https://www.bkstr.com/webapp/wcs/stores/servlet/booklookServlet?bookstore_id-1=584&term_id-1=2022 Spring&crn-1=12647",""
"202210","ECET416","NETWORKING APPLICATIONS","102","12648","W","6:00 PM - 10:05 PM","GITC 2308","Closed","20","20","Vanderbilt, Richard","Face-to-Face","3","https://www.bkstr.com/webapp/wcs/stores/servlet/booklookServlet?bookstore_id-1=584&term_id-1=2022 Spring&crn-1=12648",""
"202210","ECET418","TRANSMISSION SYSTEMS","102","12649","M","6:00 PM - 7:55 PM"," ","Cancelled","21","0","","Face-to-Face","3","https://www.bkstr.com/webapp/wcs/stores/servlet/booklookServlet?bookstore_id-1=584&term_id-1=2022 Spring&crn-1=12649","CANCELLED 1/10/22"
"202210","ECET418","TRANSMISSION SYSTEMS","102","12649","M","8:05 PM - 10:00 PM"," ","Cancelled","21","0","","Face-to-Face","3","https://www.bkstr.com/webapp/wcs/stores/servlet/booklookServlet?bookstore_id-1=584&term_id-1=2022 Spring&crn-1=12649","CANCELLED 1/10/22"
"202210","ECET419","INTERNET EMBEDDED SYSTEMS","452","15627","",""," ","Open","21","20","Brateris, Daniel","","3","https://www.bkstr.com/webapp/wcs/stores/servlet/booklookServlet?bookstore_id-1=584&term_id-1=2022 Spring&crn-1=15627","Online Course"
"202210","ECET491","SPECIAL PROJECTS","340","12650","",""," ","Closed","0","0","Abichandani, Pramod","Face-to-Face","1","https://www.bkstr.com/webapp/wcs/stores/servlet/booklookServlet?bookstore_id-1=584&term_id-1=2022 Spring&crn-1=12650",""
"202210","ECET491","SPECIAL PROJECTS","347","12651","",""," ","Closed","0","0","Brateris, Daniel","Face-to-Face","1","https://www.bkstr.com/webapp/wcs/stores/servlet/booklookServlet?bookstore_id-1=584&term_id-1=2022 Spring&crn-1=12651",""
"202210","ECET491","SPECIAL PROJECTS","351","12652","",""," ","Closed","0","0","Rabie, Mohammad","Face-to-Face","1","https://www.bkstr.com/webapp/wcs/stores/servlet/booklookServlet?bookstore_id-1=584&term_id-1=2022 Spring&crn-1=12652",""
"202210","ECET491","SPECIAL PROJECTS","353","12653","",""," ","Closed","0","0","Azizi, Seyyedmohsen","Face-to-Face","1","https://www.bkstr.com/webapp/wcs/stores/servlet/booklookServlet?bookstore_id-1=584&term_id-1=2022 Spring&crn-1=12653",""
"202210","ECET492","SPECIAL PROJECTS","340","12654","",""," ","Closed","0","0","Abichandani, Pramod","Face-to-Face","2","https://www.bkstr.com/webapp/wcs/stores/servlet/booklookServlet?bookstore_id-1=584&term_id-1=2022 Spring&crn-1=12654",""
"202210","ECET492","SPECIAL PROJECTS","347","12655","",""," ","Closed","0","0","Brateris, Daniel","Face-to-Face","2","https://www.bkstr.com/webapp/wcs/stores/servlet/booklookServlet?bookstore_id-1=584&term_id-1=2022 Spring&crn-1=12655",""
"202210","ECET492","SPECIAL PROJECTS","351","12656","",""," ","Closed","0","0","Rabie, Mohammad","Face-to-Face","2","https://www.bkstr.com/webapp/wcs/stores/servlet/booklookServlet?bookstore_id-1=584&term_id-1=2022 Spring&crn-1=12656",""
"202210","ECET492","SPECIAL PROJECTS","353","12657","",""," ","Closed","0","0","Azizi, Seyyedmohsen","Face-to-Face","2","https://www.bkstr.com/webapp/wcs/stores/servlet/booklookServlet?bookstore_id-1=584&term_id-1=2022 Spring&crn-1=12657",""
"202210","ECET493","SPECIAL PROJECTS","340","12658","",""," ","Closed","0","0","Abichandani, Pramod","Face-to-Face","3","https://www.bkstr.com/webapp/wcs/stores/servlet/booklookServlet?bookstore_id-1=584&term_id-1=2022 Spring&crn-1=12658",""
"202210","ECET493","SPECIAL PROJECTS","347","12659","",""," ","Closed","0","0","Brateris, Daniel","Face-to-Face","3","https://www.bkstr.com/webapp/wcs/stores/servlet/booklookServlet?bookstore_id-1=584&term_id-1=2022 Spring&crn-1=12659",""
"202210","ECET493","SPECIAL PROJECTS","351","12660","",""," ","Closed","0","0","Rabie, Mohammad","Face-to-Face","3","https://www.bkstr.com/webapp/wcs/stores/servlet/booklookServlet?bookstore_id-1=584&term_id-1=2022 Spring&crn-1=12660",""
"202210","ECET493","SPECIAL PROJECTS","353","12661","",""," ","Closed","0","0","Azizi, Seyyedmohsen","Face-to-Face","3","https://www.bkstr.com/webapp/wcs/stores/servlet/booklookServlet?bookstore_id-1=584&term_id-1=2022 Spring&crn-1=12661",""
"202210","ECET495","COOP WORK EXPERIENCE II","347","12662","",""," ","Closed","0","1","Brateris, Daniel","Face-to-Face","3","https://www.bkstr.com/webapp/wcs/stores/servlet/booklookServlet?bookstore_id-1=584&term_id-1=2022 Spring&crn-1=12662",""
