"Term","Course","Title","Section","CRN","Days","Times","Location","Status","Max","Now","Instructor","Delivery Mode","Credits","Info","Comments"
"202210","ECON201","ECONOMICS","002","12663","R","10:00 AM - 12:50 PM","GITC 1400","Closed","55","55","Bonitsis, Theologos","Hybrid","3","https://www.bkstr.com/webapp/wcs/stores/servlet/booklookServlet?bookstore_id-1=584&term_id-1=2022 Spring&crn-1=12663","Hybrid Course - Meets Alternate Weeks<br />https://www.njit.edu/registrar/instructionaldelivery/<br />Non Business Majors Only"
"202210","ECON201","ECONOMICS","002","12663","R","10:00 AM - 12:50 PM","GITC 1400","Closed","55","55","Helvacian, Nurhan","Hybrid","3","https://www.bkstr.com/webapp/wcs/stores/servlet/booklookServlet?bookstore_id-1=584&term_id-1=2022 Spring&crn-1=12663","Hybrid Course - Meets Alternate Weeks<br />https://www.njit.edu/registrar/instructionaldelivery/<br />Non Business Majors Only"
"202210","ECON201","ECONOMICS","004","12664","R","10:00 AM - 12:50 PM","GITC 1400","Open","55","31","Bonitsis, Theologos","Hybrid","3","https://www.bkstr.com/webapp/wcs/stores/servlet/booklookServlet?bookstore_id-1=584&term_id-1=2022 Spring&crn-1=12664","Hybrid Course - Meets Alternate Weeks<br />https://www.njit.edu/registrar/instructionaldelivery/<br />Non Business Majors Only"
"202210","ECON201","ECONOMICS","004","12664","R","10:00 AM - 12:50 PM","GITC 1400","Open","55","31","Helvacian, Nurhan","Hybrid","3","https://www.bkstr.com/webapp/wcs/stores/servlet/booklookServlet?bookstore_id-1=584&term_id-1=2022 Spring&crn-1=12664","Hybrid Course - Meets Alternate Weeks<br />https://www.njit.edu/registrar/instructionaldelivery/<br />Non Business Majors Only"
"202210","ECON201","ECONOMICS","006","12665","TR","1:00 PM - 2:20 PM","CULM 110","Closed","29","29","Chou, Porchiung","Face-to-Face","3","https://www.bkstr.com/webapp/wcs/stores/servlet/booklookServlet?bookstore_id-1=584&term_id-1=2022 Spring&crn-1=12665","For Non-Business Majors Only"
"202210","ECON201","ECONOMICS","102","12666","W","6:00 PM - 8:50 PM","GITC 1400","Open","55","53","Bonitsis, Theologos","Hybrid","3","https://www.bkstr.com/webapp/wcs/stores/servlet/booklookServlet?bookstore_id-1=584&term_id-1=2022 Spring&crn-1=12666","Hybrid Course - Meets Alternate Weeks<br />https://www.njit.edu/registrar/instructionaldelivery/<br />Non Business Majors Only"
"202210","ECON201","ECONOMICS","102","12666","W","6:00 PM - 8:50 PM","GITC 1400","Open","55","53","Helvacian, Nurhan","Hybrid","3","https://www.bkstr.com/webapp/wcs/stores/servlet/booklookServlet?bookstore_id-1=584&term_id-1=2022 Spring&crn-1=12666","Hybrid Course - Meets Alternate Weeks<br />https://www.njit.edu/registrar/instructionaldelivery/<br />Non Business Majors Only"
"202210","ECON201","ECONOMICS","104","12667","W","6:00 PM - 8:50 PM","GITC 1400","Open","55","19","Bonitsis, Theologos","Hybrid","3","https://www.bkstr.com/webapp/wcs/stores/servlet/booklookServlet?bookstore_id-1=584&term_id-1=2022 Spring&crn-1=12667","Hybrid Course - Meets Alternate Weeks<br />https://www.njit.edu/registrar/instructionaldelivery/<br />Non Business Majors Only"
"202210","ECON201","ECONOMICS","104","12667","W","6:00 PM - 8:50 PM","GITC 1400","Open","55","19","Helvacian, Nurhan","Hybrid","3","https://www.bkstr.com/webapp/wcs/stores/servlet/booklookServlet?bookstore_id-1=584&term_id-1=2022 Spring&crn-1=12667","Hybrid Course - Meets Alternate Weeks<br />https://www.njit.edu/registrar/instructionaldelivery/<br />Non Business Majors Only"
"202210","ECON201","ECONOMICS","452","12668","",""," ","Closed","43","43","Bonitsis, Theologos","","3","https://www.bkstr.com/webapp/wcs/stores/servlet/booklookServlet?bookstore_id-1=584&term_id-1=2022 Spring&crn-1=12668","Online Course<br />Non Business Majors Only"
"202210","ECON201","ECONOMICS - HONORS","HM2","12669","TR","1:00 PM - 2:20 PM","CULM 110","Open","10","9","Chou, Porchiung","Face-to-Face","3","https://www.bkstr.com/webapp/wcs/stores/servlet/booklookServlet?bookstore_id-1=584&term_id-1=2022 Spring&crn-1=12669","Honors Course<br />Non Business Majors Only"
"202210","ECON265","MICROECONOMICS","102","12670","W","6:00 PM - 8:50 PM","TIER 111","Open","39","29","Chou, Porchiung","Face-to-Face","3","https://www.bkstr.com/webapp/wcs/stores/servlet/booklookServlet?bookstore_id-1=584&term_id-1=2022 Spring&crn-1=12670",""
"202210","ECON265","MICROECONOMICS","454","12671","",""," ","Closed","43","43","Bataille, Edner","","3","https://www.bkstr.com/webapp/wcs/stores/servlet/booklookServlet?bookstore_id-1=584&term_id-1=2022 Spring&crn-1=12671","Online Course"
"202210","ECON266","MACROECONOMICS","002","12672","TR","10:00 AM - 11:20 AM","KUPF 211","Closed","43","43","Chou, Porchiung","Face-to-Face","3","https://www.bkstr.com/webapp/wcs/stores/servlet/booklookServlet?bookstore_id-1=584&term_id-1=2022 Spring&crn-1=12672",""
"202210","ECON266","MACROECONOMICS","102","12673","R","6:00 PM - 8:50 PM","TIER 106","Open","39","34","Bataille, Edner","Face-to-Face","3","https://www.bkstr.com/webapp/wcs/stores/servlet/booklookServlet?bookstore_id-1=584&term_id-1=2022 Spring&crn-1=12673",""
"202210","ECON266","MACROECONOMICS","452","12674","",""," ","Closed","43","43","Chou, Porchiung","","3","https://www.bkstr.com/webapp/wcs/stores/servlet/booklookServlet?bookstore_id-1=584&term_id-1=2022 Spring&crn-1=12674","Online Course"
"202210","ECON610","MANAGERIAL ECONOMICS","852","12675","",""," ","Open","43","39","Chou, Porchiung","Online","3","https://www.bkstr.com/webapp/wcs/stores/servlet/booklookServlet?bookstore_id-1=584&term_id-1=2022 Spring&crn-1=12675","Restricted to Virtual Campus Students Only<br />Online Course"
