"Term","Course","Title","Section","CRN","Days","Times","Location","Status","Max","Now","Instructor","Delivery Mode","Credits","Info","Comments"
"202210","EM602","MANAGEMENT SCIENCE","102","12676","W","6:00 PM - 8:50 PM","ME 221","Closed","30","31","Ikhmeis, Sufian","Face-to-Face","3","https://www.bkstr.com/webapp/wcs/stores/servlet/booklookServlet?bookstore_id-1=584&term_id-1=2022 Spring&crn-1=12676",""
"202210","EM602","MANAGEMENT SCIENCE","852","12677","",""," ","Open","30","28","Besenski, Dejan","Online","3","https://www.bkstr.com/webapp/wcs/stores/servlet/booklookServlet?bookstore_id-1=584&term_id-1=2022 Spring&crn-1=12677","Restricted to Virtual Campus Students Only<br />Online Course"
"202210","EM602","MANAGEMENT SCIENCE","854","12678","",""," ","Open","30","23","Besenski, Dejan","","3","https://www.bkstr.com/webapp/wcs/stores/servlet/booklookServlet?bookstore_id-1=584&term_id-1=2022 Spring&crn-1=12678","Restricted to Newark Campus Students Only<br />Online Course"
"202210","EM631","LEGAL ASPCT IN ENVR ENGR","852","12679","",""," ","Cancelled","30","0","","Online","3","https://www.bkstr.com/webapp/wcs/stores/servlet/booklookServlet?bookstore_id-1=584&term_id-1=2022 Spring&crn-1=12679","Cancelled 1/6/22"
"202210","EM631","LEGAL ASPCT IN ENVR ENGR","854","12680","",""," ","Open","30","24","Bonchonsky, Michael","","3","https://www.bkstr.com/webapp/wcs/stores/servlet/booklookServlet?bookstore_id-1=584&term_id-1=2022 Spring&crn-1=12680","Restricted to Newark Campus Students Only<br />Online Course"
"202210","EM632","LEGAL ASPECTS IN CONSTR","852","12681","",""," ","Open","30","29","Avoryie, Abigail","Online","3","https://www.bkstr.com/webapp/wcs/stores/servlet/booklookServlet?bookstore_id-1=584&term_id-1=2022 Spring&crn-1=12681","Restricted to Virtual Campus Students Only<br />Online Course"
"202210","EM636","PROJECT MANAGEMENT","102","12682","R","6:00 PM - 8:50 PM","TIER 107","Closed","35","38","Zoppi, Philip","Face-to-Face","3","https://www.bkstr.com/webapp/wcs/stores/servlet/booklookServlet?bookstore_id-1=584&term_id-1=2022 Spring&crn-1=12682",""
"202210","EM636","PROJECT MANAGEMENT","104","12683","F","6:00 PM - 8:50 PM","CKB 120","Closed","35","38","Zoppi, Philip","Hybrid","3","https://www.bkstr.com/webapp/wcs/stores/servlet/booklookServlet?bookstore_id-1=584&term_id-1=2022 Spring&crn-1=12683","Hybrid Course - Meets Alternate Weeks<br />https://www.njit.edu/registrar/instructionaldelivery/"
"202210","EM636","PROJECT MANAGEMENT","106","12684","F","6:00 PM - 8:50 PM","CKB 120","Closed","35","35","Zoppi, Philip","Hybrid","3","https://www.bkstr.com/webapp/wcs/stores/servlet/booklookServlet?bookstore_id-1=584&term_id-1=2022 Spring&crn-1=12684","Hybrid Course - Meets Alternate Weeks<br />https://www.njit.edu/registrar/instructionaldelivery/"
"202210","EM636","PROJECT MANAGEMENT","852","12685","",""," ","Closed","35","35","Wong, Raymond","Online","3","https://www.bkstr.com/webapp/wcs/stores/servlet/booklookServlet?bookstore_id-1=584&term_id-1=2022 Spring&crn-1=12685","Restricted to Virtual Campus Students Only<br />Online Course"
"202210","EM636","PROJECT MANAGEMENT","854","12686","",""," ","Open","35","34","Wong, Raymond","","3","https://www.bkstr.com/webapp/wcs/stores/servlet/booklookServlet?bookstore_id-1=584&term_id-1=2022 Spring&crn-1=12686","Restricted to Newark Campus Students Only<br />Online Course"
"202210","EM637","PROJECT CONTROL","102","12687","S","9:00 AM - 11:50 AM","CKB 120","Closed","30","33","Wong, Raymond","Hybrid","3","https://www.bkstr.com/webapp/wcs/stores/servlet/booklookServlet?bookstore_id-1=584&term_id-1=2022 Spring&crn-1=12687","Hybrid Course - Meets Alternate Weeks<br />https://www.njit.edu/registrar/instructionaldelivery/"
"202210","EM637","PROJECT CONTROL","852","12688","",""," ","Open","30","17","Snyder, Harris","Online","3","https://www.bkstr.com/webapp/wcs/stores/servlet/booklookServlet?bookstore_id-1=584&term_id-1=2022 Spring&crn-1=12688","Restricted to Virtual Campus Students Only<br />Online Course"
"202210","EM637","PROJECT CONTROL","854","12689","",""," ","Open","30","8","Snyder, Harris","","3","https://www.bkstr.com/webapp/wcs/stores/servlet/booklookServlet?bookstore_id-1=584&term_id-1=2022 Spring&crn-1=12689","Restricted to Newark Campus Students Only<br />Online Course"
"202210","EM640","DISTRIBUTION LOGISTICS","102","12690","T","6:00 PM - 8:50 PM","KUPF 203","Closed","30","33","Yagci, Ismail","Face-to-Face","3","https://www.bkstr.com/webapp/wcs/stores/servlet/booklookServlet?bookstore_id-1=584&term_id-1=2022 Spring&crn-1=12690",""
"202210","EM691","COST ESTIMTNG CAPTL PROJ","852","12691","",""," ","Open","30","18","Jaramillo Cueva, Cesar Augusto","Online","3","https://www.bkstr.com/webapp/wcs/stores/servlet/booklookServlet?bookstore_id-1=584&term_id-1=2022 Spring&crn-1=12691","Restricted to Virtual Campus Students Only<br />Online Course"
"202210","EM691","COST ESTIMTNG CAPTL PROJ","854","12692","",""," ","Open","30","16","Jaramillo Cueva, Cesar Augusto","","3","https://www.bkstr.com/webapp/wcs/stores/servlet/booklookServlet?bookstore_id-1=584&term_id-1=2022 Spring&crn-1=12692","Restricted to Newark Campus Students Only<br />Online Course"
"202210","EM725","INDEPENDENT STUDY I","390","12693","",""," ","Closed","0","0","Abdel-Malek, Layek","Face-to-Face","3","https://www.bkstr.com/webapp/wcs/stores/servlet/booklookServlet?bookstore_id-1=584&term_id-1=2022 Spring&crn-1=12693",""
"202210","EM725","INDEPENDENT STUDY I","391","12694","",""," ","Closed","0","0","Bengu, Golgen","Face-to-Face","3","https://www.bkstr.com/webapp/wcs/stores/servlet/booklookServlet?bookstore_id-1=584&term_id-1=2022 Spring&crn-1=12694",""
"202210","EM725","INDEPENDENT STUDY I","392","12695","",""," ","Closed","0","1","Bladikas, Athanassios","Face-to-Face","3","https://www.bkstr.com/webapp/wcs/stores/servlet/booklookServlet?bookstore_id-1=584&term_id-1=2022 Spring&crn-1=12695",""
"202210","EM725","INDEPENDENT STUDY I","394","12696","",""," ","Closed","0","0","Das, Sanchoy","Face-to-Face","3","https://www.bkstr.com/webapp/wcs/stores/servlet/booklookServlet?bookstore_id-1=584&term_id-1=2022 Spring&crn-1=12696",""
"202210","EM725","INDEPENDENT STUDY I","400","12697","",""," ","Closed","0","0","Abdou, George","Face-to-Face","3","https://www.bkstr.com/webapp/wcs/stores/servlet/booklookServlet?bookstore_id-1=584&term_id-1=2022 Spring&crn-1=12697",""
"202210","EM725","INDEPENDENT STUDY I","402","12698","",""," ","Closed","0","0","Sengupta, Arijit","Face-to-Face","3","https://www.bkstr.com/webapp/wcs/stores/servlet/booklookServlet?bookstore_id-1=584&term_id-1=2022 Spring&crn-1=12698",""
"202210","EM725","INDEPENDENT STUDY I","403","12699","",""," ","Closed","0","0","Tricamo, Stephen","Face-to-Face","3","https://www.bkstr.com/webapp/wcs/stores/servlet/booklookServlet?bookstore_id-1=584&term_id-1=2022 Spring&crn-1=12699",""
"202210","EM725","INDEPENDENT STUDY I","407","12700","",""," ","Closed","0","2","Ranky, Paul","Face-to-Face","3","https://www.bkstr.com/webapp/wcs/stores/servlet/booklookServlet?bookstore_id-1=584&term_id-1=2022 Spring&crn-1=12700",""
"202210","EM725","INDEPENDENT STUDY I","487","12701","",""," ","Closed","0","0","Cai, Wenbo","Face-to-Face","3","https://www.bkstr.com/webapp/wcs/stores/servlet/booklookServlet?bookstore_id-1=584&term_id-1=2022 Spring&crn-1=12701",""
"202210","EM725","INDEPENDENT STUDY I","488","12702","",""," ","Closed","0","0","Buyuktahtakin-Toy, Ismet","Face-to-Face","3","https://www.bkstr.com/webapp/wcs/stores/servlet/booklookServlet?bookstore_id-1=584&term_id-1=2022 Spring&crn-1=12702",""
