"Term","Course","Title","Section","CRN","Days","Times","Location","Status","Max","Now","Instructor","Delivery Mode","Credits","Info","Comments"
"202210","ENE262","INTRO TO ENVIRONMENTAL ENGR","002","12703","T","8:30 AM - 12:50 PM","CULM LECT 2","Closed","20","20","Furrey, Michael","Face-to-Face","3","https://www.bkstr.com/webapp/wcs/stores/servlet/booklookServlet?bookstore_id-1=584&term_id-1=2022 Spring&crn-1=12703",""
"202210","ENE262","INTRO TO ENVIRONMENTAL ENGR","004","15588","R","8:30 AM - 12:50 PM","CULM LECT 3","Closed","20","21","Shah, Vatsal","Face-to-Face","3","https://www.bkstr.com/webapp/wcs/stores/servlet/booklookServlet?bookstore_id-1=584&term_id-1=2022 Spring&crn-1=15588",""
"202210","ENE262","INTRO TO ENVIRONMENTAL ENGR","102","12704","T","6:00 PM - 10:05 PM","CKB 217","Closed","20","21","Zhang, Wen","Face-to-Face","3","https://www.bkstr.com/webapp/wcs/stores/servlet/booklookServlet?bookstore_id-1=584&term_id-1=2022 Spring&crn-1=12704",""
"202210","ENE262","INTRO TO ENVIRONMENTAL ENGR","104","15586","R","6:00 PM - 10:05 PM"," ","Cancelled","20","0","","Face-to-Face","3","https://www.bkstr.com/webapp/wcs/stores/servlet/booklookServlet?bookstore_id-1=584&term_id-1=2022 Spring&crn-1=15586","Cancelled 1/12/22"
"202210","ENE262","INTRO TO ENVIRONMENTAL ENGR - HONORS","HM2","15589","R","8:30 AM - 12:50 PM","CULM LECT 3","Open","20","1","Shah, Vatsal","Face-to-Face","3","https://www.bkstr.com/webapp/wcs/stores/servlet/booklookServlet?bookstore_id-1=584&term_id-1=2022 Spring&crn-1=15589","Honors Course"
"202210","ENE485","ST:","002","12705","TF","9:15 AM - 11:20 AM"," ","Cancelled","43","0","","Face-to-Face","3","https://www.bkstr.com/webapp/wcs/stores/servlet/booklookServlet?bookstore_id-1=584&term_id-1=2022 Spring&crn-1=12705","Cancelled 11/8/21"
"202210","ENE490","SENIOR PROJECT","181","15984","",""," ","Closed","0","0","","Face-to-Face","3","https://www.bkstr.com/webapp/wcs/stores/servlet/booklookServlet?bookstore_id-1=584&term_id-1=2022 Spring&crn-1=15984",""
"202210","ENE491","RESEARCH EXPERIENCE IN ENE","181","15985","",""," ","Closed","0","0","","Face-to-Face","3","https://www.bkstr.com/webapp/wcs/stores/servlet/booklookServlet?bookstore_id-1=584&term_id-1=2022 Spring&crn-1=15985",""
"202210","ENE662","SITE REMEDIATION","852","12706","",""," ","Open","30","17","Hornsby, Michael","Online","3","https://www.bkstr.com/webapp/wcs/stores/servlet/booklookServlet?bookstore_id-1=584&term_id-1=2022 Spring&crn-1=12706","Restricted to Virtual Campus Students Only<br />Online Course"
"202210","ENE662","SITE REMEDIATION","854","15850","",""," ","Cancelled","25","0","","","3","https://www.bkstr.com/webapp/wcs/stores/servlet/booklookServlet?bookstore_id-1=584&term_id-1=2022 Spring&crn-1=15850","Cancelled 1/12/22"
"202210","ENE663","WATER CHEMISTRY","102","12707","R","6:00 PM - 8:50 PM","FMH 314","Open","30","19","Rodriguez Freire, Lucia","Face-to-Face","3","https://www.bkstr.com/webapp/wcs/stores/servlet/booklookServlet?bookstore_id-1=584&term_id-1=2022 Spring&crn-1=12707",""
"202210","ENE672","STORMWATER MANAGEMENT","102","12708","W","6:00 PM - 8:50 PM"," ","Cancelled","25","0","","Face-to-Face","3","https://www.bkstr.com/webapp/wcs/stores/servlet/booklookServlet?bookstore_id-1=584&term_id-1=2022 Spring&crn-1=12708","Cancelled 11/8/21"
"202210","ENE700B","MASTER'S PROJECT","081","12709","",""," ","Closed","0","0","Baltzis, Basil","Face-to-Face","3","https://www.bkstr.com/webapp/wcs/stores/servlet/booklookServlet?bookstore_id-1=584&term_id-1=2022 Spring&crn-1=12709",""
"202210","ENE700B","MASTER'S PROJECT","091","12710","",""," ","Closed","0","0","Hsieh, Hsin-Neng","Face-to-Face","3","https://www.bkstr.com/webapp/wcs/stores/servlet/booklookServlet?bookstore_id-1=584&term_id-1=2022 Spring&crn-1=12710",""
"202210","ENE700B","MASTER'S PROJECT","188","12711","",""," ","Closed","0","0","Dresnack, Robert","Face-to-Face","3","https://www.bkstr.com/webapp/wcs/stores/servlet/booklookServlet?bookstore_id-1=584&term_id-1=2022 Spring&crn-1=12711",""
"202210","ENE700B","MASTER'S PROJECT","191","12712","",""," ","Closed","0","0","Hsieh, Hsin-Neng","Face-to-Face","3","https://www.bkstr.com/webapp/wcs/stores/servlet/booklookServlet?bookstore_id-1=584&term_id-1=2022 Spring&crn-1=12712",""
"202210","ENE700B","MASTER'S PROJECT","197","12713","",""," ","Closed","0","0","Olenik, Thomas","Face-to-Face","3","https://www.bkstr.com/webapp/wcs/stores/servlet/booklookServlet?bookstore_id-1=584&term_id-1=2022 Spring&crn-1=12713",""
"202210","ENE700B","MASTER'S PROJECT","203","12714","",""," ","Closed","0","0","Dimitrijevic, Branislav","Face-to-Face","3","https://www.bkstr.com/webapp/wcs/stores/servlet/booklookServlet?bookstore_id-1=584&term_id-1=2022 Spring&crn-1=12714",""
"202210","ENE700B","MASTER'S PROJECT","208","12715","",""," ","Closed","0","0","Axe, Lisa","Face-to-Face","3","https://www.bkstr.com/webapp/wcs/stores/servlet/booklookServlet?bookstore_id-1=584&term_id-1=2022 Spring&crn-1=12715",""
"202210","ENE700B","MASTER'S PROJECT","210","12716","",""," ","Closed","0","0","Axe, Lisa","Face-to-Face","3","https://www.bkstr.com/webapp/wcs/stores/servlet/booklookServlet?bookstore_id-1=584&term_id-1=2022 Spring&crn-1=12716",""
"202210","ENE700B","MASTER'S PROJECT","211","12717","",""," ","Closed","0","0","Marhaba, Taha","Face-to-Face","3","https://www.bkstr.com/webapp/wcs/stores/servlet/booklookServlet?bookstore_id-1=584&term_id-1=2022 Spring&crn-1=12717",""
"202210","ENE701B","MASTER'S THESIS","182","12718","",""," ","Closed","0","0","Boufadel, Michel","Face-to-Face","3","https://www.bkstr.com/webapp/wcs/stores/servlet/booklookServlet?bookstore_id-1=584&term_id-1=2022 Spring&crn-1=12718",""
"202210","ENE701B","MASTER'S THESIS","188","12719","",""," ","Closed","0","0","Dresnack, Robert","Face-to-Face","3","https://www.bkstr.com/webapp/wcs/stores/servlet/booklookServlet?bookstore_id-1=584&term_id-1=2022 Spring&crn-1=12719",""
"202210","ENE701B","MASTER'S THESIS","191","12720","",""," ","Closed","0","0","Hsieh, Hsin-Neng","Face-to-Face","3","https://www.bkstr.com/webapp/wcs/stores/servlet/booklookServlet?bookstore_id-1=584&term_id-1=2022 Spring&crn-1=12720",""
"202210","ENE701B","MASTER'S THESIS","199","12721","",""," ","Closed","0","1","Rodriguez Freire, Lucia","Face-to-Face","3","https://www.bkstr.com/webapp/wcs/stores/servlet/booklookServlet?bookstore_id-1=584&term_id-1=2022 Spring&crn-1=12721",""
"202210","ENE701B","MASTER'S THESIS","208","12722","",""," ","Closed","0","0","Brito, Sylvana","Face-to-Face","3","https://www.bkstr.com/webapp/wcs/stores/servlet/booklookServlet?bookstore_id-1=584&term_id-1=2022 Spring&crn-1=12722",""
"202210","ENE701B","MASTER'S THESIS","210","12723","",""," ","Closed","0","0","Axe, Lisa","Face-to-Face","3","https://www.bkstr.com/webapp/wcs/stores/servlet/booklookServlet?bookstore_id-1=584&term_id-1=2022 Spring&crn-1=12723",""
"202210","ENE701B","MASTER'S THESIS","211","12724","",""," ","Closed","0","0","Marhaba, Taha","Face-to-Face","3","https://www.bkstr.com/webapp/wcs/stores/servlet/booklookServlet?bookstore_id-1=584&term_id-1=2022 Spring&crn-1=12724",""
"202210","ENE701B","MASTER'S THESIS","212","12725","",""," ","Closed","0","0","Brito, Sylvana","Face-to-Face","3","https://www.bkstr.com/webapp/wcs/stores/servlet/booklookServlet?bookstore_id-1=584&term_id-1=2022 Spring&crn-1=12725",""
"202210","ENE701B","MASTER'S THESIS","214","12726","",""," ","Closed","0","0","Ding, Yuan","Face-to-Face","3","https://www.bkstr.com/webapp/wcs/stores/servlet/booklookServlet?bookstore_id-1=584&term_id-1=2022 Spring&crn-1=12726",""
"202210","ENE701B","MASTER'S THESIS","215","12727","",""," ","Closed","0","0","Brito, Sylvana","Face-to-Face","3","https://www.bkstr.com/webapp/wcs/stores/servlet/booklookServlet?bookstore_id-1=584&term_id-1=2022 Spring&crn-1=12727",""
"202210","ENE725","INDEPENDENT STUDY I","181","12728","",""," ","Closed","0","0","Pennock, William","Face-to-Face","3","https://www.bkstr.com/webapp/wcs/stores/servlet/booklookServlet?bookstore_id-1=584&term_id-1=2022 Spring&crn-1=12728",""
"202210","ENE725","INDEPENDENT STUDY I","182","12729","",""," ","Closed","0","0","Boufadel, Michel","Face-to-Face","3","https://www.bkstr.com/webapp/wcs/stores/servlet/booklookServlet?bookstore_id-1=584&term_id-1=2022 Spring&crn-1=12729",""
"202210","ENE725","INDEPENDENT STUDY I","188","12730","",""," ","Closed","0","0","Brito, Sylvana","Face-to-Face","3","https://www.bkstr.com/webapp/wcs/stores/servlet/booklookServlet?bookstore_id-1=584&term_id-1=2022 Spring&crn-1=12730",""
"202210","ENE725","INDEPENDENT STUDY I","198","12731","",""," ","Closed","0","1","Zhang, Wen","Face-to-Face","3","https://www.bkstr.com/webapp/wcs/stores/servlet/booklookServlet?bookstore_id-1=584&term_id-1=2022 Spring&crn-1=12731",""
"202210","ENE725","INDEPENDENT STUDY I","199","12732","",""," ","Closed","0","0","Rodriguez Freire, Lucia","Face-to-Face","3","https://www.bkstr.com/webapp/wcs/stores/servlet/booklookServlet?bookstore_id-1=584&term_id-1=2022 Spring&crn-1=12732",""
"202210","ENE725","INDEPENDENT STUDY I","208","12733","",""," ","Closed","0","0","Brito, Sylvana","Face-to-Face","3","https://www.bkstr.com/webapp/wcs/stores/servlet/booklookServlet?bookstore_id-1=584&term_id-1=2022 Spring&crn-1=12733",""
"202210","ENE725","INDEPENDENT STUDY I","210","12734","",""," ","Closed","0","0","Axe, Lisa","Face-to-Face","3","https://www.bkstr.com/webapp/wcs/stores/servlet/booklookServlet?bookstore_id-1=584&term_id-1=2022 Spring&crn-1=12734",""
"202210","ENE725","INDEPENDENT STUDY I","211","12735","",""," ","Closed","0","0","Marhaba, Taha","Face-to-Face","3","https://www.bkstr.com/webapp/wcs/stores/servlet/booklookServlet?bookstore_id-1=584&term_id-1=2022 Spring&crn-1=12735",""
"202210","ENE725","INDEPENDENT STUDY I","214","12736","",""," ","Closed","0","0","Ding, Yuan","Face-to-Face","3","https://www.bkstr.com/webapp/wcs/stores/servlet/booklookServlet?bookstore_id-1=584&term_id-1=2022 Spring&crn-1=12736",""
"202210","ENE725","INDEPENDENT STUDY I","852","15884","",""," ","Closed","0","1","Marhaba, Taha","Face-to-Face","3","https://www.bkstr.com/webapp/wcs/stores/servlet/booklookServlet?bookstore_id-1=584&term_id-1=2022 Spring&crn-1=15884",""
"202210","ENE726","INDEPENDENT STUDY","182","12737","",""," ","Closed","0","2","Boufadel, Michel","Face-to-Face","3","https://www.bkstr.com/webapp/wcs/stores/servlet/booklookServlet?bookstore_id-1=584&term_id-1=2022 Spring&crn-1=12737",""
"202210","ENE726","INDEPENDENT STUDY","188","12738","",""," ","Closed","0","0","Brito, Sylvana","Face-to-Face","3","https://www.bkstr.com/webapp/wcs/stores/servlet/booklookServlet?bookstore_id-1=584&term_id-1=2022 Spring&crn-1=12738",""
"202210","ENE726","INDEPENDENT STUDY","198","12739","",""," ","Closed","0","0","Brito, Sylvana","Face-to-Face","3","https://www.bkstr.com/webapp/wcs/stores/servlet/booklookServlet?bookstore_id-1=584&term_id-1=2022 Spring&crn-1=12739",""
"202210","ENE726","INDEPENDENT STUDY","199","12740","",""," ","Closed","0","0","Rodriguez Freire, Lucia","Face-to-Face","3","https://www.bkstr.com/webapp/wcs/stores/servlet/booklookServlet?bookstore_id-1=584&term_id-1=2022 Spring&crn-1=12740",""
"202210","ENE726","INDEPENDENT STUDY","210","12741","",""," ","Closed","0","0","Axe, Lisa","Face-to-Face","3","https://www.bkstr.com/webapp/wcs/stores/servlet/booklookServlet?bookstore_id-1=584&term_id-1=2022 Spring&crn-1=12741",""
"202210","ENE726","INDEPENDENT STUDY","211","12742","",""," ","Closed","0","0","Marhaba, Taha","Face-to-Face","3","https://www.bkstr.com/webapp/wcs/stores/servlet/booklookServlet?bookstore_id-1=584&term_id-1=2022 Spring&crn-1=12742",""
"202210","ENE726","INDEPENDENT STUDY","214","12743","",""," ","Closed","0","0","Ding, Yuan","Face-to-Face","3","https://www.bkstr.com/webapp/wcs/stores/servlet/booklookServlet?bookstore_id-1=584&term_id-1=2022 Spring&crn-1=12743",""
"202210","ENE726","INDEPENDENT STUDY","852","15885","",""," ","Closed","0","0","Marhaba, Taha","Face-to-Face","3","https://www.bkstr.com/webapp/wcs/stores/servlet/booklookServlet?bookstore_id-1=584&term_id-1=2022 Spring&crn-1=15885",""
"202210","ENE790A","DOCTORAL DISSERT & RES","181","12744","",""," ","Closed","0","0","Pennock, William","Face-to-Face","1","https://www.bkstr.com/webapp/wcs/stores/servlet/booklookServlet?bookstore_id-1=584&term_id-1=2022 Spring&crn-1=12744",""
"202210","ENE790A","DOCTORAL DISSERT & RES","182","12745","",""," ","Closed","0","2","Boufadel, Michel","Face-to-Face","1","https://www.bkstr.com/webapp/wcs/stores/servlet/booklookServlet?bookstore_id-1=584&term_id-1=2022 Spring&crn-1=12745",""
"202210","ENE790A","DOCTORAL DISSERT & RES","188","12746","",""," ","Closed","0","0","Dresnack, Robert","Face-to-Face","1","https://www.bkstr.com/webapp/wcs/stores/servlet/booklookServlet?bookstore_id-1=584&term_id-1=2022 Spring&crn-1=12746",""
"202210","ENE790A","DOCTORAL DISSERT & RES","189","12747","",""," ","Closed","0","0","Golub, Eugene","Face-to-Face","1","https://www.bkstr.com/webapp/wcs/stores/servlet/booklookServlet?bookstore_id-1=584&term_id-1=2022 Spring&crn-1=12747",""
"202210","ENE790A","DOCTORAL DISSERT & RES","198","12748","",""," ","Closed","0","6","Zhang, Wen","Face-to-Face","1","https://www.bkstr.com/webapp/wcs/stores/servlet/booklookServlet?bookstore_id-1=584&term_id-1=2022 Spring&crn-1=12748",""
"202210","ENE790A","DOCTORAL DISSERT & RES","199","12749","",""," ","Closed","0","2","Rodriguez Freire, Lucia","Face-to-Face","1","https://www.bkstr.com/webapp/wcs/stores/servlet/booklookServlet?bookstore_id-1=584&term_id-1=2022 Spring&crn-1=12749",""
"202210","ENE790A","DOCTORAL DISSERT & RES","210","12750","",""," ","Closed","0","2","Axe, Lisa","Face-to-Face","1","https://www.bkstr.com/webapp/wcs/stores/servlet/booklookServlet?bookstore_id-1=584&term_id-1=2022 Spring&crn-1=12750",""
"202210","ENE790A","DOCTORAL DISSERT & RES","211","12751","",""," ","Closed","0","0","Marhaba, Taha","Face-to-Face","1","https://www.bkstr.com/webapp/wcs/stores/servlet/booklookServlet?bookstore_id-1=584&term_id-1=2022 Spring&crn-1=12751",""
"202210","ENE790A","DOCTORAL DISSERT & RES","214","12752","",""," ","Closed","0","0","Ding, Yuan","Face-to-Face","1","https://www.bkstr.com/webapp/wcs/stores/servlet/booklookServlet?bookstore_id-1=584&term_id-1=2022 Spring&crn-1=12752",""
"202210","ENE790B","DOCTORAL DISSERT & RES","199","12753","",""," ","Closed","0","0","Rodriguez Freire, Lucia","Face-to-Face","3","https://www.bkstr.com/webapp/wcs/stores/servlet/booklookServlet?bookstore_id-1=584&term_id-1=2022 Spring&crn-1=12753",""
"202210","ENE790B","DOCTORAL DISSERT & RES","208","12754","",""," ","Closed","0","0","Brito, Sylvana","Face-to-Face","3","https://www.bkstr.com/webapp/wcs/stores/servlet/booklookServlet?bookstore_id-1=584&term_id-1=2022 Spring&crn-1=12754",""
"202210","ENE790B","DOCTORAL DISSERT & RES","210","12755","",""," ","Closed","0","0","Axe, Lisa","Face-to-Face","3","https://www.bkstr.com/webapp/wcs/stores/servlet/booklookServlet?bookstore_id-1=584&term_id-1=2022 Spring&crn-1=12755",""
"202210","ENE790B","DOCTORAL DISSERT & RES","211","12756","",""," ","Closed","0","0","Marhaba, Taha","Face-to-Face","3","https://www.bkstr.com/webapp/wcs/stores/servlet/booklookServlet?bookstore_id-1=584&term_id-1=2022 Spring&crn-1=12756",""
"202210","ENE790B","DOCTORAL DISSERT & RES","214","12757","",""," ","Closed","0","0","Ding, Yuan","Face-to-Face","3","https://www.bkstr.com/webapp/wcs/stores/servlet/booklookServlet?bookstore_id-1=584&term_id-1=2022 Spring&crn-1=12757",""
"202210","ENE790C","DOCTORAL DISSERTATION","191","12758","",""," ","Closed","0","0","Brito, Sylvana","Face-to-Face","6","https://www.bkstr.com/webapp/wcs/stores/servlet/booklookServlet?bookstore_id-1=584&term_id-1=2022 Spring&crn-1=12758",""
"202210","ENE790C","DOCTORAL DISSERTATION","198","12759","",""," ","Closed","0","0","Zhang, Wen","Face-to-Face","6","https://www.bkstr.com/webapp/wcs/stores/servlet/booklookServlet?bookstore_id-1=584&term_id-1=2022 Spring&crn-1=12759",""
"202210","ENE790C","DOCTORAL DISSERTATION","208","12760","",""," ","Closed","0","0","Brito, Sylvana","Face-to-Face","6","https://www.bkstr.com/webapp/wcs/stores/servlet/booklookServlet?bookstore_id-1=584&term_id-1=2022 Spring&crn-1=12760",""
"202210","ENE790C","DOCTORAL DISSERTATION","210","12761","",""," ","Closed","0","0","Axe, Lisa","Face-to-Face","6","https://www.bkstr.com/webapp/wcs/stores/servlet/booklookServlet?bookstore_id-1=584&term_id-1=2022 Spring&crn-1=12761",""
"202210","ENE790C","DOCTORAL DISSERTATION","211","12762","",""," ","Closed","0","0","Marhaba, Taha","Face-to-Face","6","https://www.bkstr.com/webapp/wcs/stores/servlet/booklookServlet?bookstore_id-1=584&term_id-1=2022 Spring&crn-1=12762",""
"202210","ENE790D","DOCTORAL DISSERTATION","181","12763","",""," ","Closed","0","0","Pennock, William","Face-to-Face","9","https://www.bkstr.com/webapp/wcs/stores/servlet/booklookServlet?bookstore_id-1=584&term_id-1=2022 Spring&crn-1=12763",""
"202210","ENE790D","DOCTORAL DISSERTATION","188","12764","",""," ","Closed","0","0","Dresnack, Robert","Face-to-Face","9","https://www.bkstr.com/webapp/wcs/stores/servlet/booklookServlet?bookstore_id-1=584&term_id-1=2022 Spring&crn-1=12764",""
"202210","ENE790D","DOCTORAL DISSERTATION","210","12765","",""," ","Closed","0","0","Axe, Lisa","Face-to-Face","9","https://www.bkstr.com/webapp/wcs/stores/servlet/booklookServlet?bookstore_id-1=584&term_id-1=2022 Spring&crn-1=12765",""
"202210","ENE790D","DOCTORAL DISSERTATION","211","12766","",""," ","Closed","0","0","Marhaba, Taha","Face-to-Face","9","https://www.bkstr.com/webapp/wcs/stores/servlet/booklookServlet?bookstore_id-1=584&term_id-1=2022 Spring&crn-1=12766",""
"202210","ENE790D","DOCTORAL DISSERTATION","212","12767","",""," ","Closed","0","0","Brito, Sylvana","Face-to-Face","9","https://www.bkstr.com/webapp/wcs/stores/servlet/booklookServlet?bookstore_id-1=584&term_id-1=2022 Spring&crn-1=12767",""
"202210","ENE790E","DOCTORAL DISSERTATION & RES","191","12768","",""," ","Closed","0","0","Brito, Sylvana","Face-to-Face","12","https://www.bkstr.com/webapp/wcs/stores/servlet/booklookServlet?bookstore_id-1=584&term_id-1=2022 Spring&crn-1=12768",""
"202210","ENE790E","DOCTORAL DISSERTATION & RES","208","12769","",""," ","Closed","0","0","Brito, Sylvana","Face-to-Face","12","https://www.bkstr.com/webapp/wcs/stores/servlet/booklookServlet?bookstore_id-1=584&term_id-1=2022 Spring&crn-1=12769",""
"202210","ENE790E","DOCTORAL DISSERTATION & RES","210","12770","",""," ","Closed","0","0","Axe, Lisa","Face-to-Face","12","https://www.bkstr.com/webapp/wcs/stores/servlet/booklookServlet?bookstore_id-1=584&term_id-1=2022 Spring&crn-1=12770",""
"202210","ENE790E","DOCTORAL DISSERTATION & RES","211","12771","",""," ","Closed","0","0","Marhaba, Taha","Face-to-Face","12","https://www.bkstr.com/webapp/wcs/stores/servlet/booklookServlet?bookstore_id-1=584&term_id-1=2022 Spring&crn-1=12771",""
"202210","ENE790F","DOCTORAL DISSERTATION & RES","210","12772","",""," ","Closed","0","0","Axe, Lisa","Face-to-Face","15","https://www.bkstr.com/webapp/wcs/stores/servlet/booklookServlet?bookstore_id-1=584&term_id-1=2022 Spring&crn-1=12772",""
"202210","ENE792","PRE-DOCTORAL RESEARCH","181","15724","",""," ","Closed","0","1","Pennock, William","Face-to-Face","3","https://www.bkstr.com/webapp/wcs/stores/servlet/booklookServlet?bookstore_id-1=584&term_id-1=2022 Spring&crn-1=15724",""
"202210","ENE792","PRE-DOCTORAL RESEARCH","182","15723","",""," ","Closed","0","1","Boufadel, Michel","Face-to-Face","3","https://www.bkstr.com/webapp/wcs/stores/servlet/booklookServlet?bookstore_id-1=584&term_id-1=2022 Spring&crn-1=15723",""
"202210","ENE792","PRE-DOCTORAL RESEARCH","198","15725","",""," ","Closed","0","0","Zhang, Wen","Face-to-Face","3","https://www.bkstr.com/webapp/wcs/stores/servlet/booklookServlet?bookstore_id-1=584&term_id-1=2022 Spring&crn-1=15725",""
"202210","ENE792","PRE-DOCTORAL RESEARCH","211","12773","",""," ","Closed","0","1","Marhaba, Taha","Face-to-Face","3","https://www.bkstr.com/webapp/wcs/stores/servlet/booklookServlet?bookstore_id-1=584&term_id-1=2022 Spring&crn-1=12773",""
"202210","ENE792","PRE-DOCTORAL RESEARCH","212","12774","",""," ","Closed","0","0","Brito, Sylvana","Face-to-Face","3","https://www.bkstr.com/webapp/wcs/stores/servlet/booklookServlet?bookstore_id-1=584&term_id-1=2022 Spring&crn-1=12774",""
"202210","ENE792C","PRE-DOCTORAL RESEARCH","210","12775","",""," ","Closed","0","0","Axe, Lisa","Face-to-Face","6","https://www.bkstr.com/webapp/wcs/stores/servlet/booklookServlet?bookstore_id-1=584&term_id-1=2022 Spring&crn-1=12775",""
