"Term","Course","Title","Section","CRN","Days","Times","Location","Status","Max","Now","Instructor","Delivery Mode","Credits","Info","Comments"
"202210","ENG302","COMMUNICATION THEORY","002","12776","W","1:00 PM - 2:20 PM","CKB 214","Closed","20","22","Rutkoff, Rebekah","Hybrid","3","https://www.bkstr.com/webapp/wcs/stores/servlet/booklookServlet?bookstore_id-1=584&term_id-1=2022 Spring&crn-1=12776","Hybrid Course<br />https://www.njit.edu/registrar/instructionaldelivery/"
"202210","ENG302","COMMUNICATION THEORY","002","12776","",""," ","Closed","20","22","Rutkoff, Rebekah","Hybrid","3","https://www.bkstr.com/webapp/wcs/stores/servlet/booklookServlet?bookstore_id-1=584&term_id-1=2022 Spring&crn-1=12776","Hybrid Course<br />https://www.njit.edu/registrar/instructionaldelivery/"
"202210","ENG340","ORAL PRESENTATION","002","12777","TR","2:30 PM - 3:50 PM","FMH 403","Closed","24","24","Kramer, William","Face-to-Face","3","https://www.bkstr.com/webapp/wcs/stores/servlet/booklookServlet?bookstore_id-1=584&term_id-1=2022 Spring&crn-1=12777",""
"202210","ENG340","ORAL PRESENTATION","004","12778","TR","1:00 PM - 2:20 PM","CKB 320","Closed","24","24","Kramer, William","Face-to-Face","3","https://www.bkstr.com/webapp/wcs/stores/servlet/booklookServlet?bookstore_id-1=584&term_id-1=2022 Spring&crn-1=12778",""
"202210","ENG340","ORAL PRESENTATION","006","12779","TR","2:30 PM - 3:50 PM","FMH 306","Closed","24","24","Castronova, Louise","Face-to-Face","3","https://www.bkstr.com/webapp/wcs/stores/servlet/booklookServlet?bookstore_id-1=584&term_id-1=2022 Spring&crn-1=12779",""
"202210","ENG340","ORAL PRESENTATION","008","12780","MR","11:30 AM - 12:50 PM","TIER 108","Closed","24","24","Kerley-Tanski, Jessica","Face-to-Face","3","https://www.bkstr.com/webapp/wcs/stores/servlet/booklookServlet?bookstore_id-1=584&term_id-1=2022 Spring&crn-1=12780",""
"202210","ENG340","ORAL PRESENTATION","010","12781","MR","8:30 AM - 9:50 AM","CKB 219","Closed","24","24","Gorelick, Risa","Face-to-Face","3","https://www.bkstr.com/webapp/wcs/stores/servlet/booklookServlet?bookstore_id-1=584&term_id-1=2022 Spring&crn-1=12781",""
"202210","ENG340","ORAL PRESENTATION","012","12782","TR","4:00 PM - 5:20 PM","CKB 341","Closed","24","24","Castronova, Louise","Face-to-Face","3","https://www.bkstr.com/webapp/wcs/stores/servlet/booklookServlet?bookstore_id-1=584&term_id-1=2022 Spring&crn-1=12782",""
"202210","ENG340","ORAL PRESENTATION","014","12783","MW","1:00 PM - 2:20 PM","CULM 110","Closed","24","24","Esche, John","Face-to-Face","3","https://www.bkstr.com/webapp/wcs/stores/servlet/booklookServlet?bookstore_id-1=584&term_id-1=2022 Spring&crn-1=12783",""
"202210","ENG340","ORAL PRESENTATION","016","15877","MW","10:00 AM - 11:20 AM","FMH 207","Closed","24","24","Egan, John","Face-to-Face","3","https://www.bkstr.com/webapp/wcs/stores/servlet/booklookServlet?bookstore_id-1=584&term_id-1=2022 Spring&crn-1=15877",""
"202210","ENG340","ORAL PRESENTATION","102","12784","M","6:00 PM - 8:50 PM","FMH 403","Closed","24","24","Febles, Maximiliano","Face-to-Face","3","https://www.bkstr.com/webapp/wcs/stores/servlet/booklookServlet?bookstore_id-1=584&term_id-1=2022 Spring&crn-1=12784",""
"202210","ENG340","ORAL PRESENTATION","104","12785","W","6:00 PM - 8:50 PM","CULM 111","Closed","24","24","Febles, Maximiliano","Face-to-Face","3","https://www.bkstr.com/webapp/wcs/stores/servlet/booklookServlet?bookstore_id-1=584&term_id-1=2022 Spring&crn-1=12785",""
"202210","ENG340","ORAL PRESENTATION","106","12786","T","6:00 PM - 8:50 PM","CKB 222","Closed","24","24","Febles, Maximiliano","Face-to-Face","3","https://www.bkstr.com/webapp/wcs/stores/servlet/booklookServlet?bookstore_id-1=584&term_id-1=2022 Spring&crn-1=12786",""
"202210","ENG340","ORAL PRESENTATION - HONORS","H02","12787","TR","10:00 AM - 11:20 AM","CKB 219","Closed","24","24","Johnson, Carol","Face-to-Face","3","https://www.bkstr.com/webapp/wcs/stores/servlet/booklookServlet?bookstore_id-1=584&term_id-1=2022 Spring&crn-1=12787","Honors Course"
"202210","ENG340","ORAL PRESENTATION - HONORS","H04","12788","TR","2:30 PM - 3:50 PM","FMH 308","Open","24","23","Johnson, Carol","Face-to-Face","3","https://www.bkstr.com/webapp/wcs/stores/servlet/booklookServlet?bookstore_id-1=584&term_id-1=2022 Spring&crn-1=12788","Honors Course"
"202210","ENG350","THE NEWSROOM","002","12789","MR","8:30 AM - 9:50 AM","CKB 215","Open","25","22","Ascarelli, Miriam","Face-to-Face","3","https://www.bkstr.com/webapp/wcs/stores/servlet/booklookServlet?bookstore_id-1=584&term_id-1=2022 Spring&crn-1=12789",""
"202210","ENG352","TECHNICAL WRITING","002","12790","MW","11:30 AM - 12:50 PM","CKB 223","Closed","24","24","Egan, John","Face-to-Face","3","https://www.bkstr.com/webapp/wcs/stores/servlet/booklookServlet?bookstore_id-1=584&term_id-1=2022 Spring&crn-1=12790",""
"202210","ENG352","TECHNICAL WRITING","004","12791","MW","1:00 PM - 2:20 PM","FMH 307","Closed","24","24","Egan, John","Face-to-Face","3","https://www.bkstr.com/webapp/wcs/stores/servlet/booklookServlet?bookstore_id-1=584&term_id-1=2022 Spring&crn-1=12791",""
"202210","ENG352","TECHNICAL WRITING","006","12792","TR","2:30 PM - 3:50 PM","FMH 106","Closed","24","24","McCarthy, Andrew","Face-to-Face","3","https://www.bkstr.com/webapp/wcs/stores/servlet/booklookServlet?bookstore_id-1=584&term_id-1=2022 Spring&crn-1=12792",""
"202210","ENG352","TECHNICAL WRITING","102","12793","T","6:00 PM - 8:50 PM","FMH 404","Closed","24","24","McCarthy, Andrew","Face-to-Face","3","https://www.bkstr.com/webapp/wcs/stores/servlet/booklookServlet?bookstore_id-1=584&term_id-1=2022 Spring&crn-1=12793",""
"202210","ENG352","TECHNICAL WRITING","104","12794","R","6:00 PM - 8:50 PM","CKB 206","Closed","24","24","McCarthy, Andrew","Face-to-Face","3","https://www.bkstr.com/webapp/wcs/stores/servlet/booklookServlet?bookstore_id-1=584&term_id-1=2022 Spring&crn-1=12794",""
"202210","ENG352","TECHNICAL WRITING","452","12795","",""," ","Closed","24","24","Sandve, Eric","","3","https://www.bkstr.com/webapp/wcs/stores/servlet/booklookServlet?bookstore_id-1=584&term_id-1=2022 Spring&crn-1=12795","Online Course"
"202210","ENG352","TECHNICAL WRITING","454","12796","",""," ","Closed","24","24","Sandve, Eric","","3","https://www.bkstr.com/webapp/wcs/stores/servlet/booklookServlet?bookstore_id-1=584&term_id-1=2022 Spring&crn-1=12796","Online Course"
"202210","ENG352","TECHNICAL WRITING","456","12797","",""," ","Closed","24","24","Velez, Vanessa","","3","https://www.bkstr.com/webapp/wcs/stores/servlet/booklookServlet?bookstore_id-1=584&term_id-1=2022 Spring&crn-1=12797","Online Course"
"202210","ENG352","TECHNICAL WRITING","458","12798","",""," ","Closed","24","24","Velez, Vanessa","","3","https://www.bkstr.com/webapp/wcs/stores/servlet/booklookServlet?bookstore_id-1=584&term_id-1=2022 Spring&crn-1=12798","Online Course"
"202210","ENG352","TECHNICAL WRITING","462","12799","",""," ","Closed","24","24","Crespo Solis, Andres","","3","https://www.bkstr.com/webapp/wcs/stores/servlet/booklookServlet?bookstore_id-1=584&term_id-1=2022 Spring&crn-1=12799","Online Course"
"202210","ENG352","TECHNICAL WRITING","464","12800","",""," ","Closed","24","24","Longo, Bernadette","","3","https://www.bkstr.com/webapp/wcs/stores/servlet/booklookServlet?bookstore_id-1=584&term_id-1=2022 Spring&crn-1=12800","Online Course"
"202210","ENG352","TECHNICAL WRITING","466","12801","",""," ","Closed","24","24","Longo, Bernadette","","3","https://www.bkstr.com/webapp/wcs/stores/servlet/booklookServlet?bookstore_id-1=584&term_id-1=2022 Spring&crn-1=12801","Online Course"
"202210","ENG352","TECHNICAL WRITING","468","12802","",""," ","Closed","24","24","Slovis, Jake","","3","https://www.bkstr.com/webapp/wcs/stores/servlet/booklookServlet?bookstore_id-1=584&term_id-1=2022 Spring&crn-1=12802","Online Course"
"202210","ENG352","TECHNICAL WRITING","470","12803","",""," ","Closed","24","24","Slovis, Jake","","3","https://www.bkstr.com/webapp/wcs/stores/servlet/booklookServlet?bookstore_id-1=584&term_id-1=2022 Spring&crn-1=12803","Online Course"
"202210","ENG352","TECHNICAL WRITING","472","12804","",""," ","Closed","24","24","Crespo Solis, Andres","","3","https://www.bkstr.com/webapp/wcs/stores/servlet/booklookServlet?bookstore_id-1=584&term_id-1=2022 Spring&crn-1=12804","Online Course"
"202210","ENG352","TECHNICAL WRITING","474","12805","",""," ","Closed","24","24","Crespo Solis, Andres","","3","https://www.bkstr.com/webapp/wcs/stores/servlet/booklookServlet?bookstore_id-1=584&term_id-1=2022 Spring&crn-1=12805","Online Course"
"202210","ENG352","TECHNICAL WRITING","476","12806","",""," ","Closed","24","24","Wilson, Gabriella","","3","https://www.bkstr.com/webapp/wcs/stores/servlet/booklookServlet?bookstore_id-1=584&term_id-1=2022 Spring&crn-1=12806","Online Course"
"202210","ENG352","TECHNICAL WRITING","SL2","12807","T","6:00 PM - 8:50 PM","CULM 411","Closed","16","16","Egan, John","Face-to-Face","3","https://www.bkstr.com/webapp/wcs/stores/servlet/booklookServlet?bookstore_id-1=584&term_id-1=2022 Spring&crn-1=12807","For Students in the English Language Program"
"202210","ENG352","TECHNICAL WRITING","SL4","12808","",""," ","Closed","24","24","Wilson, Gabriella","","3","https://www.bkstr.com/webapp/wcs/stores/servlet/booklookServlet?bookstore_id-1=584&term_id-1=2022 Spring&crn-1=12808","Online Course<br />For Students in the English Language Program"
"202210","ENG354","COMPOSING DOCUMNTS FOR WEB","102","12809","W","6:00 PM - 8:50 PM","MALL PC37","Closed","20","22","Funkhouser, Christopher","Face-to-Face","3","https://www.bkstr.com/webapp/wcs/stores/servlet/booklookServlet?bookstore_id-1=584&term_id-1=2022 Spring&crn-1=12809",""
"202210","ENG490","CO-OP WORK EXPERIENCE I","683","12810","",""," ","Closed","0","4","Funkhouser, Christopher","Face-to-Face","3","https://www.bkstr.com/webapp/wcs/stores/servlet/booklookServlet?bookstore_id-1=584&term_id-1=2022 Spring&crn-1=12810",""
"202210","ENG491","CO-OP WORK EXPERIENCE II","683","12811","",""," ","Closed","0","6","Funkhouser, Christopher","Face-to-Face","3","https://www.bkstr.com/webapp/wcs/stores/servlet/booklookServlet?bookstore_id-1=584&term_id-1=2022 Spring&crn-1=12811",""
"202210","ENG496","SENIOR PROJECT - COMM & MEDIA","683","12812","",""," ","Closed","0","7","Funkhouser, Christopher","Face-to-Face","2","https://www.bkstr.com/webapp/wcs/stores/servlet/booklookServlet?bookstore_id-1=584&term_id-1=2022 Spring&crn-1=12812",""
"202210","ENG503","PUBLIC SPEAKING FOR TA'S","002","12813","MW","1:00 PM - 2:20 PM","CKB 223","Open","20","7","Paris, Jerome","Face-to-Face","3","https://www.bkstr.com/webapp/wcs/stores/servlet/booklookServlet?bookstore_id-1=584&term_id-1=2022 Spring&crn-1=12813",""
"202210","ENG521","TECH, WRITTEN & ORAL COM","002","12814","TR","2:30 PM - 3:50 PM"," ","Cancelled","20","0","","Face-to-Face","3","https://www.bkstr.com/webapp/wcs/stores/servlet/booklookServlet?bookstore_id-1=584&term_id-1=2022 Spring&crn-1=12814","Cancelled 1/6/22"
