"Term","Course","Title","Section","CRN","Days","Times","Location","Status","Max","Now","Instructor","Delivery Mode","Credits","Info","Comments"
"202210","ENGR101","ANALYTICAL METH FOR ENGR APPL","002","12815","TR","1:00 PM - 2:20 PM","CULM LECT 3","Open","20","17","Roman, Max","Face-to-Face","4","https://www.bkstr.com/webapp/wcs/stores/servlet/booklookServlet?bookstore_id-1=584&term_id-1=2022 Spring&crn-1=12815","For students taking MATH 110"
"202210","ENGR101","ANALYTICAL METH FOR ENGR APPL","002","12815","TR","1:00 PM - 2:20 PM","CULM LECT 3","Open","20","17","Shekhar, Prateek","Face-to-Face","4","https://www.bkstr.com/webapp/wcs/stores/servlet/booklookServlet?bookstore_id-1=584&term_id-1=2022 Spring&crn-1=12815","For students taking MATH 110"
"202210","ENGR101","ANALYTICAL METH FOR ENGR APPL","002","12815","TR","1:00 PM - 2:20 PM","CULM LECT 3","Open","20","17","Lamichhane, Aneer","Face-to-Face","4","https://www.bkstr.com/webapp/wcs/stores/servlet/booklookServlet?bookstore_id-1=584&term_id-1=2022 Spring&crn-1=12815","For students taking MATH 110"
"202210","ENGR101","ANALYTICAL METH FOR ENGR APPL","002","12815","W","10:00 AM - 11:20 AM","FMH 407","Open","20","17","Roman, Max","Face-to-Face","4","https://www.bkstr.com/webapp/wcs/stores/servlet/booklookServlet?bookstore_id-1=584&term_id-1=2022 Spring&crn-1=12815","For students taking MATH 110"
"202210","ENGR101","ANALYTICAL METH FOR ENGR APPL","002","12815","W","10:00 AM - 11:20 AM","FMH 407","Open","20","17","Shekhar, Prateek","Face-to-Face","4","https://www.bkstr.com/webapp/wcs/stores/servlet/booklookServlet?bookstore_id-1=584&term_id-1=2022 Spring&crn-1=12815","For students taking MATH 110"
"202210","ENGR101","ANALYTICAL METH FOR ENGR APPL","002","12815","W","10:00 AM - 11:20 AM","FMH 407","Open","20","17","Lamichhane, Aneer","Face-to-Face","4","https://www.bkstr.com/webapp/wcs/stores/servlet/booklookServlet?bookstore_id-1=584&term_id-1=2022 Spring&crn-1=12815","For students taking MATH 110"
"202210","ENGR101","ANALYTICAL METH FOR ENGR APPL","002","12815","W","8:30 AM - 9:50 AM","GITC 2315A","Open","20","17","Roman, Max","Face-to-Face","4","https://www.bkstr.com/webapp/wcs/stores/servlet/booklookServlet?bookstore_id-1=584&term_id-1=2022 Spring&crn-1=12815","For students taking MATH 110"
"202210","ENGR101","ANALYTICAL METH FOR ENGR APPL","002","12815","W","8:30 AM - 9:50 AM","GITC 2315A","Open","20","17","Shekhar, Prateek","Face-to-Face","4","https://www.bkstr.com/webapp/wcs/stores/servlet/booklookServlet?bookstore_id-1=584&term_id-1=2022 Spring&crn-1=12815","For students taking MATH 110"
"202210","ENGR101","ANALYTICAL METH FOR ENGR APPL","002","12815","W","8:30 AM - 9:50 AM","GITC 2315A","Open","20","17","Lamichhane, Aneer","Face-to-Face","4","https://www.bkstr.com/webapp/wcs/stores/servlet/booklookServlet?bookstore_id-1=584&term_id-1=2022 Spring&crn-1=12815","For students taking MATH 110"
"202210","ENGR101","ANALYTICAL METH FOR ENGR APPL","004","12816","R","4:00 PM - 5:20 PM","CKB 220","Open","20","19","Roman, Max","Face-to-Face","4","https://www.bkstr.com/webapp/wcs/stores/servlet/booklookServlet?bookstore_id-1=584&term_id-1=2022 Spring&crn-1=12816","For students taking MATH 110"
"202210","ENGR101","ANALYTICAL METH FOR ENGR APPL","004","12816","R","4:00 PM - 5:20 PM","CKB 220","Open","20","19","Shekhar, Prateek","Face-to-Face","4","https://www.bkstr.com/webapp/wcs/stores/servlet/booklookServlet?bookstore_id-1=584&term_id-1=2022 Spring&crn-1=12816","For students taking MATH 110"
"202210","ENGR101","ANALYTICAL METH FOR ENGR APPL","004","12816","R","4:00 PM - 5:20 PM","CKB 220","Open","20","19","Dong, Weiqiang","Face-to-Face","4","https://www.bkstr.com/webapp/wcs/stores/servlet/booklookServlet?bookstore_id-1=584&term_id-1=2022 Spring&crn-1=12816","For students taking MATH 110"
"202210","ENGR101","ANALYTICAL METH FOR ENGR APPL","004","12816","TR","1:00 PM - 2:20 PM","CULM LECT 3","Open","20","19","Roman, Max","Face-to-Face","4","https://www.bkstr.com/webapp/wcs/stores/servlet/booklookServlet?bookstore_id-1=584&term_id-1=2022 Spring&crn-1=12816","For students taking MATH 110"
"202210","ENGR101","ANALYTICAL METH FOR ENGR APPL","004","12816","TR","1:00 PM - 2:20 PM","CULM LECT 3","Open","20","19","Shekhar, Prateek","Face-to-Face","4","https://www.bkstr.com/webapp/wcs/stores/servlet/booklookServlet?bookstore_id-1=584&term_id-1=2022 Spring&crn-1=12816","For students taking MATH 110"
"202210","ENGR101","ANALYTICAL METH FOR ENGR APPL","004","12816","TR","1:00 PM - 2:20 PM","CULM LECT 3","Open","20","19","Dong, Weiqiang","Face-to-Face","4","https://www.bkstr.com/webapp/wcs/stores/servlet/booklookServlet?bookstore_id-1=584&term_id-1=2022 Spring&crn-1=12816","For students taking MATH 110"
"202210","ENGR101","ANALYTICAL METH FOR ENGR APPL","004","12816","W","10:00 AM - 11:20 AM","GITC 2315B","Open","20","19","Roman, Max","Face-to-Face","4","https://www.bkstr.com/webapp/wcs/stores/servlet/booklookServlet?bookstore_id-1=584&term_id-1=2022 Spring&crn-1=12816","For students taking MATH 110"
"202210","ENGR101","ANALYTICAL METH FOR ENGR APPL","004","12816","W","10:00 AM - 11:20 AM","GITC 2315B","Open","20","19","Shekhar, Prateek","Face-to-Face","4","https://www.bkstr.com/webapp/wcs/stores/servlet/booklookServlet?bookstore_id-1=584&term_id-1=2022 Spring&crn-1=12816","For students taking MATH 110"
"202210","ENGR101","ANALYTICAL METH FOR ENGR APPL","004","12816","W","10:00 AM - 11:20 AM","GITC 2315B","Open","20","19","Dong, Weiqiang","Face-to-Face","4","https://www.bkstr.com/webapp/wcs/stores/servlet/booklookServlet?bookstore_id-1=584&term_id-1=2022 Spring&crn-1=12816","For students taking MATH 110"
"202210","ENGR101","ANALYTICAL METH FOR ENGR APPL","006","12817","M","1:00 PM - 2:20 PM","GITC 2315B","Open","20","18","Sodhi, Jaskirat","Face-to-Face","4","https://www.bkstr.com/webapp/wcs/stores/servlet/booklookServlet?bookstore_id-1=584&term_id-1=2022 Spring&crn-1=12817","For students taking MATH 110"
"202210","ENGR101","ANALYTICAL METH FOR ENGR APPL","006","12817","M","1:00 PM - 2:20 PM","GITC 2315B","Open","20","18","Shekhar, Prateek","Face-to-Face","4","https://www.bkstr.com/webapp/wcs/stores/servlet/booklookServlet?bookstore_id-1=584&term_id-1=2022 Spring&crn-1=12817","For students taking MATH 110"
"202210","ENGR101","ANALYTICAL METH FOR ENGR APPL","006","12817","TR","1:00 PM - 2:20 PM","CULM LECT 3","Open","20","18","Sodhi, Jaskirat","Face-to-Face","4","https://www.bkstr.com/webapp/wcs/stores/servlet/booklookServlet?bookstore_id-1=584&term_id-1=2022 Spring&crn-1=12817","For students taking MATH 110"
"202210","ENGR101","ANALYTICAL METH FOR ENGR APPL","006","12817","TR","1:00 PM - 2:20 PM","CULM LECT 3","Open","20","18","Shekhar, Prateek","Face-to-Face","4","https://www.bkstr.com/webapp/wcs/stores/servlet/booklookServlet?bookstore_id-1=584&term_id-1=2022 Spring&crn-1=12817","For students taking MATH 110"
"202210","ENGR101","ANALYTICAL METH FOR ENGR APPL","006","12817","W","10:00 AM - 11:20 AM","FMH 108","Open","20","18","Sodhi, Jaskirat","Face-to-Face","4","https://www.bkstr.com/webapp/wcs/stores/servlet/booklookServlet?bookstore_id-1=584&term_id-1=2022 Spring&crn-1=12817","For students taking MATH 110"
"202210","ENGR101","ANALYTICAL METH FOR ENGR APPL","006","12817","W","10:00 AM - 11:20 AM","FMH 108","Open","20","18","Shekhar, Prateek","Face-to-Face","4","https://www.bkstr.com/webapp/wcs/stores/servlet/booklookServlet?bookstore_id-1=584&term_id-1=2022 Spring&crn-1=12817","For students taking MATH 110"
"202210","ENGR101","ANALYTICAL METH FOR ENGR APPL","008","12818","M","10:00 AM - 11:20 AM","GITC 2302","Closed","0","0","Sodhi, Jaskirat","Face-to-Face","4","https://www.bkstr.com/webapp/wcs/stores/servlet/booklookServlet?bookstore_id-1=584&term_id-1=2022 Spring&crn-1=12818","For students taking MATH 110"
"202210","ENGR101","ANALYTICAL METH FOR ENGR APPL","008","12818","M","10:00 AM - 11:20 AM","GITC 2302","Closed","0","0","Shekhar, Prateek","Face-to-Face","4","https://www.bkstr.com/webapp/wcs/stores/servlet/booklookServlet?bookstore_id-1=584&term_id-1=2022 Spring&crn-1=12818","For students taking MATH 110"
"202210","ENGR101","ANALYTICAL METH FOR ENGR APPL","008","12818","M","8:30 AM - 9:50 AM","FMH 319","Closed","0","0","Sodhi, Jaskirat","Face-to-Face","4","https://www.bkstr.com/webapp/wcs/stores/servlet/booklookServlet?bookstore_id-1=584&term_id-1=2022 Spring&crn-1=12818","For students taking MATH 110"
"202210","ENGR101","ANALYTICAL METH FOR ENGR APPL","008","12818","M","8:30 AM - 9:50 AM","FMH 319","Closed","0","0","Shekhar, Prateek","Face-to-Face","4","https://www.bkstr.com/webapp/wcs/stores/servlet/booklookServlet?bookstore_id-1=584&term_id-1=2022 Spring&crn-1=12818","For students taking MATH 110"
"202210","ENGR101","ANALYTICAL METH FOR ENGR APPL","008","12818","TR","1:00 PM - 2:20 PM","CULM LECT 3","Closed","0","0","Sodhi, Jaskirat","Face-to-Face","4","https://www.bkstr.com/webapp/wcs/stores/servlet/booklookServlet?bookstore_id-1=584&term_id-1=2022 Spring&crn-1=12818","For students taking MATH 110"
"202210","ENGR101","ANALYTICAL METH FOR ENGR APPL","008","12818","TR","1:00 PM - 2:20 PM","CULM LECT 3","Closed","0","0","Shekhar, Prateek","Face-to-Face","4","https://www.bkstr.com/webapp/wcs/stores/servlet/booklookServlet?bookstore_id-1=584&term_id-1=2022 Spring&crn-1=12818","For students taking MATH 110"
"202210","ENGR210","CAREER PLANNING SEMINAR FOR EN","102","12819","M","6:00 PM - 7:20 PM","KUPF 208","Open","24","23","Dorazio, Lucas","Face-to-Face","1","https://www.bkstr.com/webapp/wcs/stores/servlet/booklookServlet?bookstore_id-1=584&term_id-1=2022 Spring&crn-1=12819",""
"202210","ENGR210","CAREER PLANNING SEMINAR FOR EN","104","12820","M","6:00 PM - 7:20 PM"," ","Cancelled","24","0","","Face-to-Face","1","https://www.bkstr.com/webapp/wcs/stores/servlet/booklookServlet?bookstore_id-1=584&term_id-1=2022 Spring&crn-1=12820","Cancelled 12/16/21"
"202210","ENGR290","PERS OF THE GRAND CHALLENGES","452","12821","",""," ","Closed","0","15","Borgaonkar, Ashish","","1","https://www.bkstr.com/webapp/wcs/stores/servlet/booklookServlet?bookstore_id-1=584&term_id-1=2022 Spring&crn-1=12821","Online Course<br />NCE Grand Challenges Scholars Program Students Only<br />Please contact Dr. Ashish Borgaonkar for more information."
"202210","ENGR301","ENGR APPLICATIONS OF DATA SCI","002","12822","MW","11:30 AM - 1:35 PM","FMH 207","Open","24","8","Young, Joshua","Face-to-Face","3","https://www.bkstr.com/webapp/wcs/stores/servlet/booklookServlet?bookstore_id-1=584&term_id-1=2022 Spring&crn-1=12822",""
"202210","ENGR301","ENGR APPLICATIONS OF DATA SCI - HONORS","HM2","12823","MW","11:30 AM - 1:35 PM","FMH 207","Open","6","3","Young, Joshua","Face-to-Face","3","https://www.bkstr.com/webapp/wcs/stores/servlet/booklookServlet?bookstore_id-1=584&term_id-1=2022 Spring&crn-1=12823","Honors Course"
"202210","ENGR310","CO-OP WORK EXPERIENCE I","077","12824","",""," ","Closed","0","1","Erdi, Alev","Face-to-Face","12","https://www.bkstr.com/webapp/wcs/stores/servlet/booklookServlet?bookstore_id-1=584&term_id-1=2022 Spring&crn-1=12824","This section is for BME majors only."
"202210","ENGR310","CO-OP WORK EXPERIENCE I","084","12825","",""," ","Closed","0","8","Obuskovic, Gordana","Face-to-Face","12","https://www.bkstr.com/webapp/wcs/stores/servlet/booklookServlet?bookstore_id-1=584&term_id-1=2022 Spring&crn-1=12825","This section is for CHE majors only."
"202210","ENGR310","CO-OP WORK EXPERIENCE I","194","12826","",""," ","Closed","0","1","Konon, Walter","Face-to-Face","12","https://www.bkstr.com/webapp/wcs/stores/servlet/booklookServlet?bookstore_id-1=584&term_id-1=2022 Spring&crn-1=12826",""
"202210","ENGR310","CO-OP WORK EXPERIENCE I","270","12827","",""," ","Closed","0","1","Sosnowski, Marek","Face-to-Face","12","https://www.bkstr.com/webapp/wcs/stores/servlet/booklookServlet?bookstore_id-1=584&term_id-1=2022 Spring&crn-1=12827",""
"202210","ENGR310","CO-OP WORK EXPERIENCE I","400","12828","",""," ","Closed","0","2","Abdou, George","Face-to-Face","12","https://www.bkstr.com/webapp/wcs/stores/servlet/booklookServlet?bookstore_id-1=584&term_id-1=2022 Spring&crn-1=12828",""
"202210","ENGR410","CO-OP WORK EXPERIENCE II","077","12829","",""," ","Closed","0","1","Erdi, Alev","Face-to-Face","12","https://www.bkstr.com/webapp/wcs/stores/servlet/booklookServlet?bookstore_id-1=584&term_id-1=2022 Spring&crn-1=12829","This section is for BME majors only."
"202210","ENGR410","CO-OP WORK EXPERIENCE II","084","12830","",""," ","Closed","0","1","Obuskovic, Gordana","Face-to-Face","12","https://www.bkstr.com/webapp/wcs/stores/servlet/booklookServlet?bookstore_id-1=584&term_id-1=2022 Spring&crn-1=12830",""
"202210","ENGR410","CO-OP WORK EXPERIENCE II","400","12831","",""," ","Closed","0","1","Abdou, George","Face-to-Face","12","https://www.bkstr.com/webapp/wcs/stores/servlet/booklookServlet?bookstore_id-1=584&term_id-1=2022 Spring&crn-1=12831",""
"202210","ENGR423","DRONE SCIENCE FUNDAMENTALS","002","12832","M","1:00 PM - 3:50 PM","KUPF 206","Closed","20","20","Abichandani, Pramod","Hybrid","3","https://www.bkstr.com/webapp/wcs/stores/servlet/booklookServlet?bookstore_id-1=584&term_id-1=2022 Spring&crn-1=12832","Hybrid Course<br />https://www.njit.edu/registrar/instructionaldelivery/"
"202210","ENGR423","DRONE SCIENCE FUNDAMENTALS","002","12832","",""," ","Closed","20","20","Abichandani, Pramod","Hybrid","3","https://www.bkstr.com/webapp/wcs/stores/servlet/booklookServlet?bookstore_id-1=584&term_id-1=2022 Spring&crn-1=12832","Hybrid Course<br />https://www.njit.edu/registrar/instructionaldelivery/"
"202210","ENGR491","RESEARCH AND INDP STUDY I","062","12833","",""," ","Closed","0","0","Pal, Saikat","Face-to-Face","3","https://www.bkstr.com/webapp/wcs/stores/servlet/booklookServlet?bookstore_id-1=584&term_id-1=2022 Spring&crn-1=12833",""
"202210","ENGR491","RESEARCH AND INDP STUDY I","192","12834","",""," ","Closed","0","0","Bandelt, Matthew","Face-to-Face","3","https://www.bkstr.com/webapp/wcs/stores/servlet/booklookServlet?bookstore_id-1=584&term_id-1=2022 Spring&crn-1=12834",""
"202210","ENGR491","RESEARCH AND INDP STUDY I","199","12835","",""," ","Closed","0","0","Rodriguez Freire, Lucia","Face-to-Face","3","https://www.bkstr.com/webapp/wcs/stores/servlet/booklookServlet?bookstore_id-1=584&term_id-1=2022 Spring&crn-1=12835",""
"202210","ENGR491","RESEARCH AND INDP STUDY I","299","15938","",""," ","Closed","0","1","Pong, Wing Tat","Face-to-Face","3","https://www.bkstr.com/webapp/wcs/stores/servlet/booklookServlet?bookstore_id-1=584&term_id-1=2022 Spring&crn-1=15938",""
"202210","ENGR491","RESEARCH AND INDP STUDY I","302","15743","",""," ","Closed","0","0","","Face-to-Face","3","https://www.bkstr.com/webapp/wcs/stores/servlet/booklookServlet?bookstore_id-1=584&term_id-1=2022 Spring&crn-1=15743",""
"202210","ENGR491","RESEARCH AND INDP STUDY I","347","15574","",""," ","Closed","0","2","Brateris, Daniel","Face-to-Face","3","https://www.bkstr.com/webapp/wcs/stores/servlet/booklookServlet?bookstore_id-1=584&term_id-1=2022 Spring&crn-1=15574",""
"202210","ENGR492","RESEARCH & INDP STUDY II","077","15872","",""," ","Closed","0","1","Erdi, Alev","Face-to-Face","3","https://www.bkstr.com/webapp/wcs/stores/servlet/booklookServlet?bookstore_id-1=584&term_id-1=2022 Spring&crn-1=15872",""
"202210","ENGR492","RESEARCH & INDP STUDY II","311","15939","",""," ","Closed","0","1","Biswal, Bharat","Face-to-Face","3","https://www.bkstr.com/webapp/wcs/stores/servlet/booklookServlet?bookstore_id-1=584&term_id-1=2022 Spring&crn-1=15939",""
"202210","ENGR493","SERVICE LEARNING EXP FOR ENGR","341","12836","",""," ","Closed","0","0","Borgaonkar, Ashish","Face-to-Face","3","https://www.bkstr.com/webapp/wcs/stores/servlet/booklookServlet?bookstore_id-1=584&term_id-1=2022 Spring&crn-1=12836",""
