"Term","Course","Title","Section","CRN","Days","Times","Location","Status","Max","Now","Instructor","Delivery Mode","Credits","Info","Comments"
"202210","ENTR210","INTRO TO ENTREPRENEURSHIP","002","12837","M","1:00 PM - 2:20 PM","GITC 1100","Closed","43","43","Ehrlich, Michael","Face-to-Face","3","https://www.bkstr.com/webapp/wcs/stores/servlet/booklookServlet?bookstore_id-1=584&term_id-1=2022 Spring&crn-1=12837",""
"202210","ENTR210","INTRO TO ENTREPRENEURSHIP","002","12837","W","1:00 PM - 2:20 PM","KUPF 211","Closed","43","43","Ehrlich, Michael","Face-to-Face","3","https://www.bkstr.com/webapp/wcs/stores/servlet/booklookServlet?bookstore_id-1=584&term_id-1=2022 Spring&crn-1=12837",""
"202210","ENTR210","INTRO TO ENTREPRENEURSHIP","102","12838","M","6:00 PM - 7:20 PM","WEST LECT 2","Open","43","42","Bandera, Cesar","Face-to-Face","3","https://www.bkstr.com/webapp/wcs/stores/servlet/booklookServlet?bookstore_id-1=584&term_id-1=2022 Spring&crn-1=12838",""
"202210","ENTR210","INTRO TO ENTREPRENEURSHIP","102","12838","W","6:00 PM - 7:20 PM","KUPF 105","Open","43","42","Bandera, Cesar","Face-to-Face","3","https://www.bkstr.com/webapp/wcs/stores/servlet/booklookServlet?bookstore_id-1=584&term_id-1=2022 Spring&crn-1=12838",""
"202210","ENTR210","INTRO TO ENTREPRENEURSHIP","452","12839","",""," ","Closed","43","43","Madda, Shrutika","","3","https://www.bkstr.com/webapp/wcs/stores/servlet/booklookServlet?bookstore_id-1=584&term_id-1=2022 Spring&crn-1=12839","Online Course"
"202210","ENTR330","ENTREPRENEURIAL STRATEGY","102","12840","M","7:30 PM - 8:50 PM"," ","Cancelled","43","0","","Face-to-Face","3","https://www.bkstr.com/webapp/wcs/stores/servlet/booklookServlet?bookstore_id-1=584&term_id-1=2022 Spring&crn-1=12840","Cancelled 1/11/22"
"202210","ENTR330","ENTREPRENEURIAL STRATEGY","102","12840","W","7:30 PM - 8:50 PM"," ","Cancelled","43","0","","Face-to-Face","3","https://www.bkstr.com/webapp/wcs/stores/servlet/booklookServlet?bookstore_id-1=584&term_id-1=2022 Spring&crn-1=12840","Cancelled 1/11/22"
"202210","ENTR490","INDEPENDENT STUDY IN ENTR","940","15986","",""," ","Closed","0","0","","Face-to-Face","3","https://www.bkstr.com/webapp/wcs/stores/servlet/booklookServlet?bookstore_id-1=584&term_id-1=2022 Spring&crn-1=15986","cancelled 1/24/22"
"202210","ENTR725","940","0","15989","",""," ","Closed","0","1","Lutz, William","Face-to-Face","3","https://www.bkstr.com/webapp/wcs/stores/servlet/booklookServlet?bookstore_id-1=584&term_id-1=2022 Spring&crn-1=15989",""
"202210","ENTR725","INDEPENDENT STUDY","885","15967","",""," ","Closed","0","1","Bandera, Cesar","Face-to-Face","3","https://www.bkstr.com/webapp/wcs/stores/servlet/booklookServlet?bookstore_id-1=584&term_id-1=2022 Spring&crn-1=15967",""
