"Term","Course","Title","Section","CRN","Days","Times","Location","Status","Max","Now","Instructor","Delivery Mode","Credits","Info","Comments"
"202210","EPS202","SOCIETY TECHN & ENVIRONMNT","102","12841","R","6:00 PM - 8:50 PM","CKB 320","Open","43","32","Qiu, Zeyuan","Face-to-Face","3","https://www.bkstr.com/webapp/wcs/stores/servlet/booklookServlet?bookstore_id-1=584&term_id-1=2022 Spring&crn-1=12841",""
"202210","EPS202","SOCIETY TECHN & ENVIRONMNT","452","12842","",""," ","Closed","35","36","Bonchonsky, Michael","","3","https://www.bkstr.com/webapp/wcs/stores/servlet/booklookServlet?bookstore_id-1=584&term_id-1=2022 Spring&crn-1=12842","Online Course"
"202210","EPS202","SOCIETY TECHN & ENVIRONMNT - HONORS","HM2","12843","R","6:00 PM - 8:50 PM","CKB 320","Open","15","4","Qiu, Zeyuan","Face-to-Face","3","https://www.bkstr.com/webapp/wcs/stores/servlet/booklookServlet?bookstore_id-1=584&term_id-1=2022 Spring&crn-1=12843","Honors Course"
"202210","EPS700B","MASTER'S PROJECT","843","12844","",""," ","Closed","0","0","Qiu, Zeyuan","Face-to-Face","3","https://www.bkstr.com/webapp/wcs/stores/servlet/booklookServlet?bookstore_id-1=584&term_id-1=2022 Spring&crn-1=12844",""
"202210","EPS701B","MASTER'S THESIS","843","12845","",""," ","Closed","0","0","Qiu, Zeyuan","Face-to-Face","3","https://www.bkstr.com/webapp/wcs/stores/servlet/booklookServlet?bookstore_id-1=584&term_id-1=2022 Spring&crn-1=12845",""
"202210","EPS701C","MASTER'S THESIS","843","12846","",""," ","Closed","0","0","Qiu, Zeyuan","Face-to-Face","6","https://www.bkstr.com/webapp/wcs/stores/servlet/booklookServlet?bookstore_id-1=584&term_id-1=2022 Spring&crn-1=12846",""
"202210","EPS725","INDEPENDENT STUDY I","843","12847","",""," ","Closed","0","0","Qiu, Zeyuan","Face-to-Face","3","https://www.bkstr.com/webapp/wcs/stores/servlet/booklookServlet?bookstore_id-1=584&term_id-1=2022 Spring&crn-1=12847",""
"202210","EPS726","INDEPENDENT STUDY II","843","12848","",""," ","Closed","0","0","Qiu, Zeyuan","Face-to-Face","3","https://www.bkstr.com/webapp/wcs/stores/servlet/booklookServlet?bookstore_id-1=584&term_id-1=2022 Spring&crn-1=12848",""
