"Term","Course","Title","Section","CRN","Days","Times","Location","Status","Max","Now","Instructor","Delivery Mode","Credits","Info","Comments"
"202210","EVSC125","FUNDAMENTALS OF ENVR SCIENCES","002","12851","TF","8:30 AM - 9:50 AM","FMH 407","Open","25","17","Bonchonsky, Michael","Face-to-Face","3","https://www.bkstr.com/webapp/wcs/stores/servlet/booklookServlet?bookstore_id-1=584&term_id-1=2022 Spring&crn-1=12851",""
"202210","EVSC325","ENERGY AND ENVIRONMENT","102","12852","M","6:00 PM - 8:50 PM","FMH 313","Open","30","16","Hornsby, Michael","Face-to-Face","3","https://www.bkstr.com/webapp/wcs/stores/servlet/booklookServlet?bookstore_id-1=584&term_id-1=2022 Spring&crn-1=12852",""
"202210","EVSC375","ENVIRONMENTAL BIOLOGY","102","12853","W","6:00 PM - 8:50 PM","FMH 207","Open","30","22","Qiu, Zeyuan","Face-to-Face","3","https://www.bkstr.com/webapp/wcs/stores/servlet/booklookServlet?bookstore_id-1=584&term_id-1=2022 Spring&crn-1=12853",""
"202210","EVSC391","RESEARCH AND INDEPENDENT STUDY","131","15930","",""," ","Closed","0","0","Sadik, Omowunmi","Face-to-Face","3","https://www.bkstr.com/webapp/wcs/stores/servlet/booklookServlet?bookstore_id-1=584&term_id-1=2022 Spring&crn-1=15930",""
"202210","EVSC391","RESEARCH AND INDEPENDENT STUDY","843","12854","",""," ","Closed","0","0","Qiu, Zeyuan","Face-to-Face","3","https://www.bkstr.com/webapp/wcs/stores/servlet/booklookServlet?bookstore_id-1=584&term_id-1=2022 Spring&crn-1=12854",""
"202210","EVSC416","ENVIRONMENTAL TOXICOLOGY","102","12855","F","6:00 PM - 8:50 PM","CKB 341","Open","15","11","Patnaik, Pradyot","Face-to-Face","3","https://www.bkstr.com/webapp/wcs/stores/servlet/booklookServlet?bookstore_id-1=584&term_id-1=2022 Spring&crn-1=12855",""
"202210","EVSC490","ST: ENVIRONMENTAL HEALTH AND SAFETY","452","12856","",""," ","Closed","25","25","Bonchonsky, Michael","","3","https://www.bkstr.com/webapp/wcs/stores/servlet/booklookServlet?bookstore_id-1=584&term_id-1=2022 Spring&crn-1=12856","Online Course"
"202210","EVSC591","GRADUATE WORK EXPERIENCE I","148","12857","",""," ","Closed","0","0","Mitra, Somenath","Face-to-Face","1","https://www.bkstr.com/webapp/wcs/stores/servlet/booklookServlet?bookstore_id-1=584&term_id-1=2022 Spring&crn-1=12857",""
"202210","EVSC592","GRADUATE WORK EXPERIENCE II","148","12858","",""," ","Closed","0","0","Mitra, Somenath","Face-to-Face","1","https://www.bkstr.com/webapp/wcs/stores/servlet/booklookServlet?bookstore_id-1=584&term_id-1=2022 Spring&crn-1=12858",""
"202210","EVSC616","TOXICOLOGY","102","12859","F","6:00 PM - 8:50 PM","CKB 341","Open","15","9","Patnaik, Pradyot","Face-to-Face","3","https://www.bkstr.com/webapp/wcs/stores/servlet/booklookServlet?bookstore_id-1=584&term_id-1=2022 Spring&crn-1=12859",""
"202210","EVSC623","ENVIRONMENTAL HEALTH","852","15488","",""," ","Open","20","17","Bonchonsky, Michael","","3","https://www.bkstr.com/webapp/wcs/stores/servlet/booklookServlet?bookstore_id-1=584&term_id-1=2022 Spring&crn-1=15488","Restricted to Newark Campus Students Only<br />Online Course"
"202210","EVSC700B","MASTER'S PROJECT","142","12860","",""," ","Closed","0","0","Belfield, Kevin","Face-to-Face","3","https://www.bkstr.com/webapp/wcs/stores/servlet/booklookServlet?bookstore_id-1=584&term_id-1=2022 Spring&crn-1=12860",""
"202210","EVSC700B","MASTER'S PROJECT","147","12861","",""," ","Closed","0","0","Kim, Yongick","Face-to-Face","3","https://www.bkstr.com/webapp/wcs/stores/servlet/booklookServlet?bookstore_id-1=584&term_id-1=2022 Spring&crn-1=12861",""
"202210","EVSC700B","MASTER'S PROJECT","148","12862","",""," ","Closed","0","0","Mitra, Somenath","Face-to-Face","3","https://www.bkstr.com/webapp/wcs/stores/servlet/booklookServlet?bookstore_id-1=584&term_id-1=2022 Spring&crn-1=12862",""
"202210","EVSC700B","MASTER'S PROJECT","156","12863","",""," ","Closed","0","0","Farinas, Edgardo","Face-to-Face","3","https://www.bkstr.com/webapp/wcs/stores/servlet/booklookServlet?bookstore_id-1=584&term_id-1=2022 Spring&crn-1=12863",""
"202210","EVSC701B","MASTER'S THESIS","148","12864","",""," ","Closed","0","0","Mitra, Somenath","Face-to-Face","3","https://www.bkstr.com/webapp/wcs/stores/servlet/booklookServlet?bookstore_id-1=584&term_id-1=2022 Spring&crn-1=12864",""
"202210","EVSC701B","MASTER'S THESIS","158","12865","",""," ","Closed","0","0","Khalizov, Alexei","Face-to-Face","3","https://www.bkstr.com/webapp/wcs/stores/servlet/booklookServlet?bookstore_id-1=584&term_id-1=2022 Spring&crn-1=12865",""
"202210","EVSC701B","MASTER'S THESIS","843","15957","",""," ","Closed","0","1","Qiu, Zeyuan","Face-to-Face","3","https://www.bkstr.com/webapp/wcs/stores/servlet/booklookServlet?bookstore_id-1=584&term_id-1=2022 Spring&crn-1=15957",""
"202210","EVSC701C","MASTER'S THESIS","131","12866","",""," ","Closed","0","0","Sadik, Omowunmi","Face-to-Face","6","https://www.bkstr.com/webapp/wcs/stores/servlet/booklookServlet?bookstore_id-1=584&term_id-1=2022 Spring&crn-1=12866",""
"202210","EVSC701C","MASTER'S THESIS","148","12867","",""," ","Closed","0","0","Mitra, Somenath","Face-to-Face","6","https://www.bkstr.com/webapp/wcs/stores/servlet/booklookServlet?bookstore_id-1=584&term_id-1=2022 Spring&crn-1=12867",""
"202210","EVSC702","ST: BIODEGRADATION AND BIOREMEDIATION","102","12868","T","6:00 PM - 8:50 PM","CULM 111","Open","15","10","Li, Mengyan","Face-to-Face","3","https://www.bkstr.com/webapp/wcs/stores/servlet/booklookServlet?bookstore_id-1=584&term_id-1=2022 Spring&crn-1=12868",""
"202210","EVSC725","INDEPENDENT STUDY I","134","12869","",""," ","Closed","0","0","Bonchonsky, Michael","Face-to-Face","3","https://www.bkstr.com/webapp/wcs/stores/servlet/booklookServlet?bookstore_id-1=584&term_id-1=2022 Spring&crn-1=12869",""
"202210","EVSC725","INDEPENDENT STUDY I","143","12870","",""," ","Closed","0","1","Li, Mengyan","Face-to-Face","3","https://www.bkstr.com/webapp/wcs/stores/servlet/booklookServlet?bookstore_id-1=584&term_id-1=2022 Spring&crn-1=12870",""
"202210","EVSC725","INDEPENDENT STUDY I","148","12871","",""," ","Closed","0","0","Mitra, Somenath","Face-to-Face","3","https://www.bkstr.com/webapp/wcs/stores/servlet/booklookServlet?bookstore_id-1=584&term_id-1=2022 Spring&crn-1=12871",""
"202210","EVSC725","INDEPENDENT STUDY I","158","12872","",""," ","Closed","0","0","Khalizov, Alexei","Face-to-Face","3","https://www.bkstr.com/webapp/wcs/stores/servlet/booklookServlet?bookstore_id-1=584&term_id-1=2022 Spring&crn-1=12872",""
"202210","EVSC725","INDEPENDENT STUDY I","843","12873","",""," ","Closed","0","1","Qiu, Zeyuan","Face-to-Face","3","https://www.bkstr.com/webapp/wcs/stores/servlet/booklookServlet?bookstore_id-1=584&term_id-1=2022 Spring&crn-1=12873",""
"202210","EVSC726","INDEPENDENT STUDY II","134","12874","",""," ","Closed","0","0","Bonchonsky, Michael","Face-to-Face","3","https://www.bkstr.com/webapp/wcs/stores/servlet/booklookServlet?bookstore_id-1=584&term_id-1=2022 Spring&crn-1=12874",""
"202210","EVSC726","INDEPENDENT STUDY II","148","12875","",""," ","Closed","0","0","Mitra, Somenath","Face-to-Face","3","https://www.bkstr.com/webapp/wcs/stores/servlet/booklookServlet?bookstore_id-1=584&term_id-1=2022 Spring&crn-1=12875",""
"202210","EVSC790A","DOCTORAL DISSERTATION","136","12876","",""," ","Closed","0","0","Gund, Tamara","Face-to-Face","1","https://www.bkstr.com/webapp/wcs/stores/servlet/booklookServlet?bookstore_id-1=584&term_id-1=2022 Spring&crn-1=12876",""
"202210","EVSC790A","DOCTORAL DISSERTATION","143","12877","",""," ","Closed","0","2","Li, Mengyan","Face-to-Face","1","https://www.bkstr.com/webapp/wcs/stores/servlet/booklookServlet?bookstore_id-1=584&term_id-1=2022 Spring&crn-1=12877",""
"202210","EVSC790A","DOCTORAL DISSERTATION","148","12878","",""," ","Closed","0","2","Mitra, Somenath","Face-to-Face","1","https://www.bkstr.com/webapp/wcs/stores/servlet/booklookServlet?bookstore_id-1=584&term_id-1=2022 Spring&crn-1=12878",""
"202210","EVSC790A","DOCTORAL DISSERTATION","156","12879","",""," ","Closed","0","0","Farinas, Edgardo","Face-to-Face","1","https://www.bkstr.com/webapp/wcs/stores/servlet/booklookServlet?bookstore_id-1=584&term_id-1=2022 Spring&crn-1=12879",""
"202210","EVSC790A","DOCTORAL DISSERTATION","158","12880","",""," ","Closed","0","1","Khalizov, Alexei","Face-to-Face","1","https://www.bkstr.com/webapp/wcs/stores/servlet/booklookServlet?bookstore_id-1=584&term_id-1=2022 Spring&crn-1=12880",""
"202210","EVSC790A","DOCTORAL DISSERTATION","843","12881","",""," ","Closed","0","0","Qiu, Zeyuan","Face-to-Face","1","https://www.bkstr.com/webapp/wcs/stores/servlet/booklookServlet?bookstore_id-1=584&term_id-1=2022 Spring&crn-1=12881",""
"202210","EVSC790B","DOCTORAL DISSERTATION","148","12882","",""," ","Closed","0","0","Mitra, Somenath","Face-to-Face","3","https://www.bkstr.com/webapp/wcs/stores/servlet/booklookServlet?bookstore_id-1=584&term_id-1=2022 Spring&crn-1=12882",""
"202210","EVSC790B","DOCTORAL DISSERTATION","156","12883","",""," ","Closed","0","0","Farinas, Edgardo","Face-to-Face","3","https://www.bkstr.com/webapp/wcs/stores/servlet/booklookServlet?bookstore_id-1=584&term_id-1=2022 Spring&crn-1=12883",""
"202210","EVSC790B","DOCTORAL DISSERTATION","843","12884","",""," ","Closed","0","0","Qiu, Zeyuan","Face-to-Face","3","https://www.bkstr.com/webapp/wcs/stores/servlet/booklookServlet?bookstore_id-1=584&term_id-1=2022 Spring&crn-1=12884",""
"202210","EVSC790C","DOCT DISSERTATION & RES","148","12885","",""," ","Closed","0","0","Mitra, Somenath","Face-to-Face","6","https://www.bkstr.com/webapp/wcs/stores/servlet/booklookServlet?bookstore_id-1=584&term_id-1=2022 Spring&crn-1=12885",""
"202210","EVSC790C","DOCT DISSERTATION & RES","156","12886","",""," ","Closed","0","0","Farinas, Edgardo","Face-to-Face","6","https://www.bkstr.com/webapp/wcs/stores/servlet/booklookServlet?bookstore_id-1=584&term_id-1=2022 Spring&crn-1=12886",""
"202210","EVSC790C","DOCT DISSERTATION & RES","843","12887","",""," ","Closed","0","0","Qiu, Zeyuan","Face-to-Face","6","https://www.bkstr.com/webapp/wcs/stores/servlet/booklookServlet?bookstore_id-1=584&term_id-1=2022 Spring&crn-1=12887",""
"202210","EVSC790D","DOCT DISSERTATION & RES","148","12888","",""," ","Closed","0","0","Mitra, Somenath","Face-to-Face","9","https://www.bkstr.com/webapp/wcs/stores/servlet/booklookServlet?bookstore_id-1=584&term_id-1=2022 Spring&crn-1=12888",""
"202210","EVSC790D","DOCT DISSERTATION & RES","156","12889","",""," ","Closed","0","0","Farinas, Edgardo","Face-to-Face","9","https://www.bkstr.com/webapp/wcs/stores/servlet/booklookServlet?bookstore_id-1=584&term_id-1=2022 Spring&crn-1=12889",""
"202210","EVSC790D","DOCT DISSERTATION & RES","843","12890","",""," ","Closed","0","0","Qiu, Zeyuan","Face-to-Face","9","https://www.bkstr.com/webapp/wcs/stores/servlet/booklookServlet?bookstore_id-1=584&term_id-1=2022 Spring&crn-1=12890",""
"202210","EVSC790E","DOCT DISSERTATION & RES","148","12891","",""," ","Closed","0","0","Mitra, Somenath","Face-to-Face","12","https://www.bkstr.com/webapp/wcs/stores/servlet/booklookServlet?bookstore_id-1=584&term_id-1=2022 Spring&crn-1=12891",""
"202210","EVSC790E","DOCT DISSERTATION & RES","156","12892","",""," ","Closed","0","0","Farinas, Edgardo","Face-to-Face","12","https://www.bkstr.com/webapp/wcs/stores/servlet/booklookServlet?bookstore_id-1=584&term_id-1=2022 Spring&crn-1=12892",""
"202210","EVSC790E","DOCT DISSERTATION & RES","843","12893","",""," ","Closed","0","0","Qiu, Zeyuan","Face-to-Face","12","https://www.bkstr.com/webapp/wcs/stores/servlet/booklookServlet?bookstore_id-1=584&term_id-1=2022 Spring&crn-1=12893",""
"202210","EVSC790F","DOCTORAL DISSERTATION","148","12894","",""," ","Closed","0","0","Mitra, Somenath","Face-to-Face","15","https://www.bkstr.com/webapp/wcs/stores/servlet/booklookServlet?bookstore_id-1=584&term_id-1=2022 Spring&crn-1=12894",""
"202210","EVSC791","ENVIRONMENTAL SCIENCE SEMINAR","002","15566","W","1:00 PM - 2:20 PM","TIER LECT 2","Open","45","13","Varkouhi, Amir Khashayar","Face-to-Face","0","https://www.bkstr.com/webapp/wcs/stores/servlet/booklookServlet?bookstore_id-1=584&term_id-1=2022 Spring&crn-1=15566",""
"202210","EVSC792B","PRE-DOCTORAL RESEARCH","143","15890","",""," ","Closed","0","1","Li, Mengyan","Face-to-Face","3","https://www.bkstr.com/webapp/wcs/stores/servlet/booklookServlet?bookstore_id-1=584&term_id-1=2022 Spring&crn-1=15890",""
"202210","EVSC792B","PRE-DOCTORAL RESEARCH","148","12895","",""," ","Closed","0","1","Mitra, Somenath","Face-to-Face","3","https://www.bkstr.com/webapp/wcs/stores/servlet/booklookServlet?bookstore_id-1=584&term_id-1=2022 Spring&crn-1=12895",""
"202210","EVSC792B","PRE-DOCTORAL RESEARCH","156","12896","",""," ","Closed","0","0","Farinas, Edgardo","Face-to-Face","3","https://www.bkstr.com/webapp/wcs/stores/servlet/booklookServlet?bookstore_id-1=584&term_id-1=2022 Spring&crn-1=12896",""
"202210","EVSC792B","PRE-DOCTORAL RESEARCH","158","12897","",""," ","Closed","0","0","Khalizov, Alexei","Face-to-Face","3","https://www.bkstr.com/webapp/wcs/stores/servlet/booklookServlet?bookstore_id-1=584&term_id-1=2022 Spring&crn-1=12897",""
"202210","EVSC792B","PRE-DOCTORAL RESEARCH","843","12898","",""," ","Closed","0","1","Qiu, Zeyuan","Face-to-Face","3","https://www.bkstr.com/webapp/wcs/stores/servlet/booklookServlet?bookstore_id-1=584&term_id-1=2022 Spring&crn-1=12898",""
