"Term","Course","Title","Section","CRN","Days","Times","Location","Status","Max","Now","Instructor","Delivery Mode","Credits","Info","Comments"
"202210","FED101","BME - FUNDAMENTALS OF ENGR DESIGN","002","15563","M","8:30 AM - 11:20 AM"," ","Cancelled","16","0","","Face-to-Face","2","https://www.bkstr.com/webapp/wcs/stores/servlet/booklookServlet?bookstore_id-1=584&term_id-1=2022 Spring&crn-1=15563","CANCELLED 1/10/22"
"202210","FED101","BME - FUNDAMENTALS OF ENGR DESIGN","004","15564","F","8:30 AM - 11:20 AM","FENS 636","Closed","16","18","D'Antonio-Bertagnolli, John Vito","Face-to-Face","2","https://www.bkstr.com/webapp/wcs/stores/servlet/booklookServlet?bookstore_id-1=584&term_id-1=2022 Spring&crn-1=15564",""
"202210","FED101","BME - FUNDAMENTALS OF ENGR DESIGN","006","12899","W","11:30 AM - 2:20 PM"," ","Cancelled","16","0","","Face-to-Face","2","https://www.bkstr.com/webapp/wcs/stores/servlet/booklookServlet?bookstore_id-1=584&term_id-1=2022 Spring&crn-1=12899","Cancelled 1/18/22"
"202210","FED101","BME - FUNDAMENTALS OF ENGR DESIGN","040","15950","W","8:30 AM - 11:20 AM"," ","Open","16","11","Jain, Barsha","Face-to-Face","2","https://www.bkstr.com/webapp/wcs/stores/servlet/booklookServlet?bookstore_id-1=584&term_id-1=2022 Spring&crn-1=15950",""
"202210","FED101","CE - FUNDAMENTALS OF ENGR DESIGN","008","12900","MW","8:30 AM - 9:50 AM","COLT 416","Open","48","32","Golon, Frank","Face-to-Face","2","https://www.bkstr.com/webapp/wcs/stores/servlet/booklookServlet?bookstore_id-1=584&term_id-1=2022 Spring&crn-1=12900",""
"202210","FED101","CE - FUNDAMENTALS OF ENGR DESIGN","102","15606","T","6:00 PM - 8:50 PM","GITC 1100","Open","25","20","Semaan, Celina","Face-to-Face","2","https://www.bkstr.com/webapp/wcs/stores/servlet/booklookServlet?bookstore_id-1=584&term_id-1=2022 Spring&crn-1=15606",""
"202210","FED101","CHE - FUNDAMENTALS OF ENGR DESIGN","012","12901","R","8:30 AM - 11:20 AM","TIER 411","Open","30","18","Chintersingh, Kerri Lee","Face-to-Face","2","https://www.bkstr.com/webapp/wcs/stores/servlet/booklookServlet?bookstore_id-1=584&term_id-1=2022 Spring&crn-1=12901",""
"202210","FED101","FUNDAMENTALS OF ENGR DESIGN","EST","15997","",""," ","Closed","0","25","","Face-to-Face","2","https://www.bkstr.com/webapp/wcs/stores/servlet/booklookServlet?bookstore_id-1=584&term_id-1=2022 Spring&crn-1=15997","For Essex County Schools of Technology Students Only"
"202210","FED101","FUNDAMENTALS OF ENGR DESIGN","HS1","15807","S","9:00 AM - 11:50 AM","CKB 310","Closed","0","5","Alkhoury, Ludvik","Face-to-Face","2","https://www.bkstr.com/webapp/wcs/stores/servlet/booklookServlet?bookstore_id-1=584&term_id-1=2022 Spring&crn-1=15807","For High School Students Only"
"202210","FED101","FUNDAMENTALS OF ENGR DESIGN","JDT","15898","",""," ","Closed","0","16","","Face-to-Face","2","https://www.bkstr.com/webapp/wcs/stores/servlet/booklookServlet?bookstore_id-1=584&term_id-1=2022 Spring&crn-1=15898","For John E. Dwyer Technology Academy Students Only"
"202210","FED101","FUNDAMENTALS OF ENGR DESIGN","LIV","15900","",""," ","Closed","0","1","","Face-to-Face","2","https://www.bkstr.com/webapp/wcs/stores/servlet/booklookServlet?bookstore_id-1=584&term_id-1=2022 Spring&crn-1=15900","For Livingston High School Students Only"
"202210","FED101","FUNDAMENTALS OF ENGR DESIGN","SCT","15907","",""," ","Closed","0","5","","Face-to-Face","2","https://www.bkstr.com/webapp/wcs/stores/servlet/booklookServlet?bookstore_id-1=584&term_id-1=2022 Spring&crn-1=15907","For Sussex County Technical School Students Only"
"202210","FED101","GEN - FUNDAMENTALS OF ENGR DESIGN","032","12905","F","10:00 AM - 11:20 AM","CKB 217","Open","24","12","Sodhi, Jaskirat","Face-to-Face","2","https://www.bkstr.com/webapp/wcs/stores/servlet/booklookServlet?bookstore_id-1=584&term_id-1=2022 Spring&crn-1=12905","Please contact Ryan Baldwin ryan.d.baldwin@njit.edu"
"202210","FED101","GEN - FUNDAMENTALS OF ENGR DESIGN","032","12905","F","10:00 AM - 11:20 AM","CKB 217","Open","24","12","Kam, Moshe","Face-to-Face","2","https://www.bkstr.com/webapp/wcs/stores/servlet/booklookServlet?bookstore_id-1=584&term_id-1=2022 Spring&crn-1=12905","Please contact Ryan Baldwin ryan.d.baldwin@njit.edu"
"202210","FED101","GEN - FUNDAMENTALS OF ENGR DESIGN","032","12905","F","10:00 AM - 11:20 AM","CKB 217","Open","24","12","Borgaonkar, Ashish","Face-to-Face","2","https://www.bkstr.com/webapp/wcs/stores/servlet/booklookServlet?bookstore_id-1=584&term_id-1=2022 Spring&crn-1=12905","Please contact Ryan Baldwin ryan.d.baldwin@njit.edu"
"202210","FED101","GEN - FUNDAMENTALS OF ENGR DESIGN","032","12905","W","8:30 AM - 9:50 AM","GITC 2315B","Open","24","12","Sodhi, Jaskirat","Face-to-Face","2","https://www.bkstr.com/webapp/wcs/stores/servlet/booklookServlet?bookstore_id-1=584&term_id-1=2022 Spring&crn-1=12905","Please contact Ryan Baldwin ryan.d.baldwin@njit.edu"
"202210","FED101","GEN - FUNDAMENTALS OF ENGR DESIGN","032","12905","W","8:30 AM - 9:50 AM","GITC 2315B","Open","24","12","Kam, Moshe","Face-to-Face","2","https://www.bkstr.com/webapp/wcs/stores/servlet/booklookServlet?bookstore_id-1=584&term_id-1=2022 Spring&crn-1=12905","Please contact Ryan Baldwin ryan.d.baldwin@njit.edu"
"202210","FED101","GEN - FUNDAMENTALS OF ENGR DESIGN","032","12905","W","8:30 AM - 9:50 AM","GITC 2315B","Open","24","12","Borgaonkar, Ashish","Face-to-Face","2","https://www.bkstr.com/webapp/wcs/stores/servlet/booklookServlet?bookstore_id-1=584&term_id-1=2022 Spring&crn-1=12905","Please contact Ryan Baldwin ryan.d.baldwin@njit.edu"
"202210","FED101","GEN - FUNDAMENTALS OF ENGR DESIGN","034","12906","F","10:00 AM - 11:20 AM","CKB 217","Open","24","23","Sodhi, Jaskirat","Face-to-Face","2","https://www.bkstr.com/webapp/wcs/stores/servlet/booklookServlet?bookstore_id-1=584&term_id-1=2022 Spring&crn-1=12906","Please contact Ryan Baldwin ryan.d.baldwin@njit.edu"
"202210","FED101","GEN - FUNDAMENTALS OF ENGR DESIGN","034","12906","F","10:00 AM - 11:20 AM","CKB 217","Open","24","23","Kam, Moshe","Face-to-Face","2","https://www.bkstr.com/webapp/wcs/stores/servlet/booklookServlet?bookstore_id-1=584&term_id-1=2022 Spring&crn-1=12906","Please contact Ryan Baldwin ryan.d.baldwin@njit.edu"
"202210","FED101","GEN - FUNDAMENTALS OF ENGR DESIGN","034","12906","F","10:00 AM - 11:20 AM","CKB 217","Open","24","23","Borgaonkar, Ashish","Face-to-Face","2","https://www.bkstr.com/webapp/wcs/stores/servlet/booklookServlet?bookstore_id-1=584&term_id-1=2022 Spring&crn-1=12906","Please contact Ryan Baldwin ryan.d.baldwin@njit.edu"
"202210","FED101","GEN - FUNDAMENTALS OF ENGR DESIGN","034","12906","W","1:00 PM - 2:20 PM","GITC 2315B","Open","24","23","Sodhi, Jaskirat","Face-to-Face","2","https://www.bkstr.com/webapp/wcs/stores/servlet/booklookServlet?bookstore_id-1=584&term_id-1=2022 Spring&crn-1=12906","Please contact Ryan Baldwin ryan.d.baldwin@njit.edu"
"202210","FED101","GEN - FUNDAMENTALS OF ENGR DESIGN","034","12906","W","1:00 PM - 2:20 PM","GITC 2315B","Open","24","23","Kam, Moshe","Face-to-Face","2","https://www.bkstr.com/webapp/wcs/stores/servlet/booklookServlet?bookstore_id-1=584&term_id-1=2022 Spring&crn-1=12906","Please contact Ryan Baldwin ryan.d.baldwin@njit.edu"
"202210","FED101","GEN - FUNDAMENTALS OF ENGR DESIGN","034","12906","W","1:00 PM - 2:20 PM","GITC 2315B","Open","24","23","Borgaonkar, Ashish","Face-to-Face","2","https://www.bkstr.com/webapp/wcs/stores/servlet/booklookServlet?bookstore_id-1=584&term_id-1=2022 Spring&crn-1=12906","Please contact Ryan Baldwin ryan.d.baldwin@njit.edu"
"202210","FED101","GEN - FUNDAMENTALS OF ENGR DESIGN","036","12907","F","10:00 AM - 11:20 AM","CKB 217","Open","24","22","Sodhi, Jaskirat","Face-to-Face","2","https://www.bkstr.com/webapp/wcs/stores/servlet/booklookServlet?bookstore_id-1=584&term_id-1=2022 Spring&crn-1=12907","Please contact Ryan Baldwin ryan.d.baldwin@njit.edu"
"202210","FED101","GEN - FUNDAMENTALS OF ENGR DESIGN","036","12907","F","10:00 AM - 11:20 AM","CKB 217","Open","24","22","Kam, Moshe","Face-to-Face","2","https://www.bkstr.com/webapp/wcs/stores/servlet/booklookServlet?bookstore_id-1=584&term_id-1=2022 Spring&crn-1=12907","Please contact Ryan Baldwin ryan.d.baldwin@njit.edu"
"202210","FED101","GEN - FUNDAMENTALS OF ENGR DESIGN","036","12907","F","10:00 AM - 11:20 AM","CKB 217","Open","24","22","Borgaonkar, Ashish","Face-to-Face","2","https://www.bkstr.com/webapp/wcs/stores/servlet/booklookServlet?bookstore_id-1=584&term_id-1=2022 Spring&crn-1=12907","Please contact Ryan Baldwin ryan.d.baldwin@njit.edu"
"202210","FED101","GEN - FUNDAMENTALS OF ENGR DESIGN","036","12907","W","11:30 AM - 12:50 PM","GITC 2315B","Open","24","22","Sodhi, Jaskirat","Face-to-Face","2","https://www.bkstr.com/webapp/wcs/stores/servlet/booklookServlet?bookstore_id-1=584&term_id-1=2022 Spring&crn-1=12907","Please contact Ryan Baldwin ryan.d.baldwin@njit.edu"
"202210","FED101","GEN - FUNDAMENTALS OF ENGR DESIGN","036","12907","W","11:30 AM - 12:50 PM","GITC 2315B","Open","24","22","Kam, Moshe","Face-to-Face","2","https://www.bkstr.com/webapp/wcs/stores/servlet/booklookServlet?bookstore_id-1=584&term_id-1=2022 Spring&crn-1=12907","Please contact Ryan Baldwin ryan.d.baldwin@njit.edu"
"202210","FED101","GEN - FUNDAMENTALS OF ENGR DESIGN","036","12907","W","11:30 AM - 12:50 PM","GITC 2315B","Open","24","22","Borgaonkar, Ashish","Face-to-Face","2","https://www.bkstr.com/webapp/wcs/stores/servlet/booklookServlet?bookstore_id-1=584&term_id-1=2022 Spring&crn-1=12907","Please contact Ryan Baldwin ryan.d.baldwin@njit.edu"
"202210","FED101","GEN - FUNDAMENTALS OF ENGR DESIGN","038","12908","F","10:00 AM - 11:20 AM","CKB 217","Closed","0","0","Borgaonkar, Ashish","Face-to-Face","2","https://www.bkstr.com/webapp/wcs/stores/servlet/booklookServlet?bookstore_id-1=584&term_id-1=2022 Spring&crn-1=12908",""
"202210","FED101","GEN - FUNDAMENTALS OF ENGR DESIGN","038","12908","F","10:00 AM - 11:20 AM","CKB 217","Closed","0","0","Kam, Moshe","Face-to-Face","2","https://www.bkstr.com/webapp/wcs/stores/servlet/booklookServlet?bookstore_id-1=584&term_id-1=2022 Spring&crn-1=12908",""
"202210","FED101","GEN - FUNDAMENTALS OF ENGR DESIGN","038","12908","M","8:30 AM - 9:50 AM","GITC 2302","Closed","0","0","Borgaonkar, Ashish","Face-to-Face","2","https://www.bkstr.com/webapp/wcs/stores/servlet/booklookServlet?bookstore_id-1=584&term_id-1=2022 Spring&crn-1=12908",""
"202210","FED101","GEN - FUNDAMENTALS OF ENGR DESIGN","038","12908","M","8:30 AM - 9:50 AM","GITC 2302","Closed","0","0","Kam, Moshe","Face-to-Face","2","https://www.bkstr.com/webapp/wcs/stores/servlet/booklookServlet?bookstore_id-1=584&term_id-1=2022 Spring&crn-1=12908",""
"202210","FED101","ME - FUNDAMENTALS OF ENGR DESIGN","024","12902","R","2:30 PM - 5:20 PM"," ","Cancelled","30","0","","Face-to-Face","2","https://www.bkstr.com/webapp/wcs/stores/servlet/booklookServlet?bookstore_id-1=584&term_id-1=2022 Spring&crn-1=12902","cancelled 1/10/22"
"202210","FED101","ME - FUNDAMENTALS OF ENGR DESIGN","026","12903","R","8:30 AM - 11:20 AM","MALL PC37","Open","30","29","Mani, Balraj","Face-to-Face","2","https://www.bkstr.com/webapp/wcs/stores/servlet/booklookServlet?bookstore_id-1=584&term_id-1=2022 Spring&crn-1=12903",""
"202210","FED101","ME - FUNDAMENTALS OF ENGR DESIGN","028","12904","F","8:30 AM - 11:20 AM","ME 221","Open","30","18","Tricamo, Stephen","Face-to-Face","2","https://www.bkstr.com/webapp/wcs/stores/servlet/booklookServlet?bookstore_id-1=584&term_id-1=2022 Spring&crn-1=12904",""
