"Term","Course","Title","Section","CRN","Days","Times","Location","Status","Max","Now","Instructor","Delivery Mode","Credits","Info","Comments"
"202210","FIN218","FINANCL MARKETS & INSTITUTIONS","002","12909","MW","1:00 PM - 2:20 PM","TIER 107","Closed","29","31","Tao, Xinyuan","Face-to-Face","3","https://www.bkstr.com/webapp/wcs/stores/servlet/booklookServlet?bookstore_id-1=584&term_id-1=2022 Spring&crn-1=12909",""
"202210","FIN218","FINANCL MARKETS & INSTITUTIONS","102","12910","M","6:00 PM - 8:50 PM","FMH 213","Closed","39","39","Domasky, Peter","Face-to-Face","3","https://www.bkstr.com/webapp/wcs/stores/servlet/booklookServlet?bookstore_id-1=584&term_id-1=2022 Spring&crn-1=12910",""
"202210","FIN218","FINANCL MARKETS & INSTITUTIONS","452","12911","",""," ","Closed","43","43","Wang, Jinghua","","3","https://www.bkstr.com/webapp/wcs/stores/servlet/booklookServlet?bookstore_id-1=584&term_id-1=2022 Spring&crn-1=12911","Online Course"
"202210","FIN218","FINANCL MARKETS & INSTITUTIONS - HONORS","HM2","12912","MW","1:00 PM - 2:20 PM","TIER 107","Open","10","7","Tao, Xinyuan","Face-to-Face","3","https://www.bkstr.com/webapp/wcs/stores/servlet/booklookServlet?bookstore_id-1=584&term_id-1=2022 Spring&crn-1=12912","Honors Course"
"202210","FIN306","BLOCKCHAIN TECH FOR BUSINESS","102","12913","T","6:00 PM - 8:50 PM","CKB 106","Open","39","18","Shi, Junmin","Face-to-Face","3","https://www.bkstr.com/webapp/wcs/stores/servlet/booklookServlet?bookstore_id-1=584&term_id-1=2022 Spring&crn-1=12913","Students must bring their own device for this section."
"202210","FIN310","DATA-DRIVEN FINANCIAL MODELING","002","12914","MW","10:00 AM - 11:20 AM","CULM LECT 3","Open","43","25","Chang, Ai Chih","Face-to-Face","3","https://www.bkstr.com/webapp/wcs/stores/servlet/booklookServlet?bookstore_id-1=584&term_id-1=2022 Spring&crn-1=12914","Students must bring their own device for this section."
"202210","FIN315","FUND OF CORPORATE FINANCE","002","12915","MW","10:00 AM - 11:20 AM","WEST LECT 1","Closed","36","36","Ehrlich, Michael","Face-to-Face","3","https://www.bkstr.com/webapp/wcs/stores/servlet/booklookServlet?bookstore_id-1=584&term_id-1=2022 Spring&crn-1=12915",""
"202210","FIN315","FUND OF CORPORATE FINANCE","004","12916","WF","1:00 PM - 2:20 PM","CULM LECT 1","Open","43","42","Fox, Wayne","Face-to-Face","3","https://www.bkstr.com/webapp/wcs/stores/servlet/booklookServlet?bookstore_id-1=584&term_id-1=2022 Spring&crn-1=12916",""
"202210","FIN315","FUND OF CORPORATE FINANCE","102","12917","F","7:30 PM - 8:50 PM","KUPF 207","Open","43","18","Fox, Wayne","Face-to-Face","3","https://www.bkstr.com/webapp/wcs/stores/servlet/booklookServlet?bookstore_id-1=584&term_id-1=2022 Spring&crn-1=12917",""
"202210","FIN315","FUND OF CORPORATE FINANCE","102","12917","W","7:30 PM - 8:50 PM","KUPF 207","Open","43","18","Fox, Wayne","Face-to-Face","3","https://www.bkstr.com/webapp/wcs/stores/servlet/booklookServlet?bookstore_id-1=584&term_id-1=2022 Spring&crn-1=12917",""
"202210","FIN315","FUND OF CORPORATE FINANCE","452","12918","",""," ","Closed","43","43","Deegan, Jeffrey","","3","https://www.bkstr.com/webapp/wcs/stores/servlet/booklookServlet?bookstore_id-1=584&term_id-1=2022 Spring&crn-1=12918","Online Course"
"202210","FIN315","FUND OF CORPORATE FINANCE","454","12919","",""," ","Closed","43","43","Domasky, Peter","","3","https://www.bkstr.com/webapp/wcs/stores/servlet/booklookServlet?bookstore_id-1=584&term_id-1=2022 Spring&crn-1=12919","Online Course"
"202210","FIN315","FUND OF CORPORATE FINANCE - HONORS","HM2","12920","MW","10:00 AM - 11:20 AM","WEST LECT 1","Closed","7","7","Ehrlich, Michael","Face-to-Face","3","https://www.bkstr.com/webapp/wcs/stores/servlet/booklookServlet?bookstore_id-1=584&term_id-1=2022 Spring&crn-1=12920","Honors Course"
"202210","FIN320","FIN DATA ANALYTICS","102","12921","W","6:00 PM - 8:50 PM","KUPF 103","Open","43","27","Taylor, Stephen","Face-to-Face","3","https://www.bkstr.com/webapp/wcs/stores/servlet/booklookServlet?bookstore_id-1=584&term_id-1=2022 Spring&crn-1=12921",""
"202210","FIN403","FINANCIAL STATEMENT ANALYSIS","002","12922","MR","10:00 AM - 11:20 AM","CULM LECT 2","Closed","23","24","Tamke, William","Face-to-Face","3","https://www.bkstr.com/webapp/wcs/stores/servlet/booklookServlet?bookstore_id-1=584&term_id-1=2022 Spring&crn-1=12922",""
"202210","FIN416","ADVANCED CORPORATE FINANCE","102","12923","W","6:00 PM - 8:50 PM","KUPF 210","Open","43","28","Goodwin, Kenneth","Face-to-Face","3","https://www.bkstr.com/webapp/wcs/stores/servlet/booklookServlet?bookstore_id-1=584&term_id-1=2022 Spring&crn-1=12923",""
"202210","FIN430","OPTIONS AND FUTURES MARKETS","002","12924","WF","1:00 PM - 2:20 PM","KUPF 107","Open","43","14","Wang, Jinghua","Face-to-Face","3","https://www.bkstr.com/webapp/wcs/stores/servlet/booklookServlet?bookstore_id-1=584&term_id-1=2022 Spring&crn-1=12924",""
"202210","FIN490","INDEPENDENT STUDY IN FINANCE","890","12925","",""," ","Closed","0","3","Wang, Jinghua","Face-to-Face","3","https://www.bkstr.com/webapp/wcs/stores/servlet/booklookServlet?bookstore_id-1=584&term_id-1=2022 Spring&crn-1=12925","NYSSA"
"202210","FIN600","CORPORATE FINANCE I","102","12926","W","6:00 PM - 8:50 PM","CKB 217","Open","43","36","Tao, Xinyuan","Hybrid","3","https://www.bkstr.com/webapp/wcs/stores/servlet/booklookServlet?bookstore_id-1=584&term_id-1=2022 Spring&crn-1=12926","Hybrid Course - Meets Alternate Weeks<br />https://www.njit.edu/registrar/instructionaldelivery/<br />First In-Person Meeting: 1/26/22"
"202210","FIN600","CORPORATE FINANCE I","852","12927","",""," ","Open","43","36","Zhao, Yan","","3","https://www.bkstr.com/webapp/wcs/stores/servlet/booklookServlet?bookstore_id-1=584&term_id-1=2022 Spring&crn-1=12927","Restricted to Newark Campus Students Only<br />Online Course"
"202210","FIN600","CORPORATE FINANCE I","854","12928","",""," ","Open","43","16","Yan, Zhipeng","Online","3","https://www.bkstr.com/webapp/wcs/stores/servlet/booklookServlet?bookstore_id-1=584&term_id-1=2022 Spring&crn-1=12928","Restricted to Virtual Campus Students Only<br />Online Course"
"202210","FIN620","ADV FINANCIAL DATA ANALYTICS","102","12929","W","6:00 PM - 8:50 PM","TIER 113","Open","39","9","Taylor, Stephen","Face-to-Face","3","https://www.bkstr.com/webapp/wcs/stores/servlet/booklookServlet?bookstore_id-1=584&term_id-1=2022 Spring&crn-1=12929","Students must bring their own device for this section."
"202210","FIN624","CORPORATE FINANCE II","102","12930","T","6:00 PM - 8:50 PM","CAB 3052","Open","39","15","Goodwin, Kenneth","Hybrid","3","https://www.bkstr.com/webapp/wcs/stores/servlet/booklookServlet?bookstore_id-1=584&term_id-1=2022 Spring&crn-1=12930","Hybrid Course - Meets Alternate Weeks<br />https://www.njit.edu/registrar/instructionaldelivery/<br />First In-Person Meeting: 1/25/22"
"202210","FIN626","FINANCIAL MRKTS & INSTITUTIONS","852","12931","",""," ","Open","43","10","Zhao, Yan","Online","3","https://www.bkstr.com/webapp/wcs/stores/servlet/booklookServlet?bookstore_id-1=584&term_id-1=2022 Spring&crn-1=12931","Restricted to Virtual Campus Students Only<br />Online Course"
"202210","FIN634","MERGERS & ACQUISITIONS","102","15858","M","6:00 PM - 8:50 PM"," ","Open","43","11","Fox, Wayne","","3","https://www.bkstr.com/webapp/wcs/stores/servlet/booklookServlet?bookstore_id-1=584&term_id-1=2022 Spring&crn-1=15858","Restricted to Virtual Campus Students Only<br />Synchronous Online Course<br />https://www.njit.edu/registrar/instructionaldelivery/"
"202210","FIN634","MERGERS & ACQUISITIONS","852","12932","",""," ","Closed","0","0","","Online","3","https://www.bkstr.com/webapp/wcs/stores/servlet/booklookServlet?bookstore_id-1=584&term_id-1=2022 Spring&crn-1=12932","Cancelled 1/5/22"
