"Term","Course","Title","Section","CRN","Days","Times","Location","Status","Max","Now","Instructor","Delivery Mode","Credits","Info","Comments"
"202210","FRSC201","INTRO TO FORENSIC SCIENCE","002","12933","WF","10:00 AM - 11:20 AM","TIER LECT 1","Open","60","58","Fisher, David","Face-to-Face","3","https://www.bkstr.com/webapp/wcs/stores/servlet/booklookServlet?bookstore_id-1=584&term_id-1=2022 Spring&crn-1=12933",""
"202210","FRSC201","INTRO TO FORENSIC SCIENCE","HS1","15808","S","9:00 AM - 11:50 AM","CKB 206","Open","20","16","Carman, Pamela","Face-to-Face","3","https://www.bkstr.com/webapp/wcs/stores/servlet/booklookServlet?bookstore_id-1=584&term_id-1=2022 Spring&crn-1=15808","For High School Students Only"
"202210","FRSC307","CRIME SCENE INVESTIGATION &LAB","002","12934","T","8:30 AM - 11:20 AM","TIER 209","Open","24","23","Parmelee, Kevin","Face-to-Face","4","https://www.bkstr.com/webapp/wcs/stores/servlet/booklookServlet?bookstore_id-1=584&term_id-1=2022 Spring&crn-1=12934",""
"202210","FRSC307","CRIME SCENE INVESTIGATION &LAB","002","12934","W","11:30 AM - 1:25 PM","FMH 314","Open","24","23","Parmelee, Kevin","Face-to-Face","4","https://www.bkstr.com/webapp/wcs/stores/servlet/booklookServlet?bookstore_id-1=584&term_id-1=2022 Spring&crn-1=12934",""
"202210","FRSC475","FORENSIC CHEMISTRY & LAB","002","15541","R","1:00 PM - 5:20 PM","TIER 209","Open","24","6","Chen, Hao","Face-to-Face","4","https://www.bkstr.com/webapp/wcs/stores/servlet/booklookServlet?bookstore_id-1=584&term_id-1=2022 Spring&crn-1=15541",""
"202210","FRSC475","FORENSIC CHEMISTRY & LAB","002","15541","T","3:15 PM - 5:10 PM","FMH 313","Open","24","6","Chen, Hao","Face-to-Face","4","https://www.bkstr.com/webapp/wcs/stores/servlet/booklookServlet?bookstore_id-1=584&term_id-1=2022 Spring&crn-1=15541",""
"202210","FRSC479","FORENSIC BIOLOGY & LAB","002","15542","F","1:00 PM - 5:20 PM","TIER 209","Open","24","5","Casado Zapico, Sara","Face-to-Face","4","https://www.bkstr.com/webapp/wcs/stores/servlet/booklookServlet?bookstore_id-1=584&term_id-1=2022 Spring&crn-1=15542",""
"202210","FRSC479","FORENSIC BIOLOGY & LAB","002","15542","R","8:30 AM - 10:25 AM","FMH 110","Open","24","5","Casado Zapico, Sara","Face-to-Face","4","https://www.bkstr.com/webapp/wcs/stores/servlet/booklookServlet?bookstore_id-1=584&term_id-1=2022 Spring&crn-1=15542",""
"202210","FRSC480","FORENSIC MICROSCOPY & LAB","002","12935","M","1:00 PM - 5:20 PM","TIER 209","Open","24","13","Fisher, David","Face-to-Face","4","https://www.bkstr.com/webapp/wcs/stores/servlet/booklookServlet?bookstore_id-1=584&term_id-1=2022 Spring&crn-1=12935",""
"202210","FRSC480","FORENSIC MICROSCOPY & LAB","002","12935","T","1:00 PM - 2:55 PM","TIER 209","Open","24","13","Fisher, David","Face-to-Face","4","https://www.bkstr.com/webapp/wcs/stores/servlet/booklookServlet?bookstore_id-1=584&term_id-1=2022 Spring&crn-1=12935",""
"202210","FRSC490","CO-OP WORK EXPERIENCE","131","12936","",""," ","Closed","0","0","Sadik, Omowunmi","Face-to-Face","3","https://www.bkstr.com/webapp/wcs/stores/servlet/booklookServlet?bookstore_id-1=584&term_id-1=2022 Spring&crn-1=12936",""
"202210","FRSC490","CO-OP WORK EXPERIENCE","132","12937","",""," ","Closed","0","0","Chen, Hao","Face-to-Face","3","https://www.bkstr.com/webapp/wcs/stores/servlet/booklookServlet?bookstore_id-1=584&term_id-1=2022 Spring&crn-1=12937",""
"202210","FRSC490","CO-OP WORK EXPERIENCE","139","12938","",""," ","Closed","0","0","Pacheco, Carlos","Face-to-Face","3","https://www.bkstr.com/webapp/wcs/stores/servlet/booklookServlet?bookstore_id-1=584&term_id-1=2022 Spring&crn-1=12938",""
"202210","FRSC490","CO-OP WORK EXPERIENCE","140","12939","",""," ","Closed","0","2","Fisher, David","Face-to-Face","3","https://www.bkstr.com/webapp/wcs/stores/servlet/booklookServlet?bookstore_id-1=584&term_id-1=2022 Spring&crn-1=12939",""
"202210","FRSC490","CO-OP WORK EXPERIENCE","141","12940","",""," ","Closed","0","0","Casado Zapico, Sara","Face-to-Face","3","https://www.bkstr.com/webapp/wcs/stores/servlet/booklookServlet?bookstore_id-1=584&term_id-1=2022 Spring&crn-1=12940",""
"202210","FRSC490","CO-OP WORK EXPERIENCE","142","12941","",""," ","Closed","0","0","Belfield, Kevin","Face-to-Face","3","https://www.bkstr.com/webapp/wcs/stores/servlet/booklookServlet?bookstore_id-1=584&term_id-1=2022 Spring&crn-1=12941",""
"202210","FRSC491","RESEARCH & INDEP STUDY I","131","12942","",""," ","Closed","0","0","Sadik, Omowunmi","Face-to-Face","3","https://www.bkstr.com/webapp/wcs/stores/servlet/booklookServlet?bookstore_id-1=584&term_id-1=2022 Spring&crn-1=12942",""
"202210","FRSC491","RESEARCH & INDEP STUDY I","132","12943","",""," ","Closed","0","0","Chen, Hao","Face-to-Face","3","https://www.bkstr.com/webapp/wcs/stores/servlet/booklookServlet?bookstore_id-1=584&term_id-1=2022 Spring&crn-1=12943",""
"202210","FRSC491","RESEARCH & INDEP STUDY I","139","12944","",""," ","Closed","0","1","Pacheco, Carlos","Face-to-Face","3","https://www.bkstr.com/webapp/wcs/stores/servlet/booklookServlet?bookstore_id-1=584&term_id-1=2022 Spring&crn-1=12944",""
"202210","FRSC491","RESEARCH & INDEP STUDY I","140","12945","",""," ","Closed","0","0","Fisher, David","Face-to-Face","3","https://www.bkstr.com/webapp/wcs/stores/servlet/booklookServlet?bookstore_id-1=584&term_id-1=2022 Spring&crn-1=12945",""
"202210","FRSC491","RESEARCH & INDEP STUDY I","141","12946","",""," ","Closed","0","3","Casado Zapico, Sara","Face-to-Face","3","https://www.bkstr.com/webapp/wcs/stores/servlet/booklookServlet?bookstore_id-1=584&term_id-1=2022 Spring&crn-1=12946",""
"202210","FRSC491","RESEARCH & INDEP STUDY I","142","12947","",""," ","Closed","0","0","Belfield, Kevin","Face-to-Face","3","https://www.bkstr.com/webapp/wcs/stores/servlet/booklookServlet?bookstore_id-1=584&term_id-1=2022 Spring&crn-1=12947",""
"202210","FRSC498","ST: FORENSIC DOCUMENT INVESTIGATION","104","15543","W","6:00 PM - 8:50 PM"," ","Cancelled","20","0","","Face-to-Face","3","https://www.bkstr.com/webapp/wcs/stores/servlet/booklookServlet?bookstore_id-1=584&term_id-1=2022 Spring&crn-1=15543","Cancelled 12/10/21"
"202210","FRSC498","ST: FORENSIC NURSING","102","12948","T","6:00 PM - 8:50 PM","FMH 306","Open","20","12","Ruggiero, Christina","Face-to-Face","3","https://www.bkstr.com/webapp/wcs/stores/servlet/booklookServlet?bookstore_id-1=584&term_id-1=2022 Spring&crn-1=12948",""
"202210","FRSC498","ST: FORENSIC PATHOLOGY","106","15544","M","6:00 PM - 8:50 PM","CKB 219","Open","20","8","Falzon, Andrew","Face-to-Face","3","https://www.bkstr.com/webapp/wcs/stores/servlet/booklookServlet?bookstore_id-1=584&term_id-1=2022 Spring&crn-1=15544",""
"202210","FRSC498","ST: VIDEO FORENSICS","108","15545","R","6:00 PM - 8:50 PM","CKB 114","Open","20","17","Epstein, Brandon","Face-to-Face","3","https://www.bkstr.com/webapp/wcs/stores/servlet/booklookServlet?bookstore_id-1=584&term_id-1=2022 Spring&crn-1=15545",""
