"Term","Course","Title","Section","CRN","Days","Times","Location","Status","Max","Now","Instructor","Delivery Mode","Credits","Info","Comments"
"202210","FRSHSEM","FIRST-YEAR SEMINAR","004","12949","R","11:30 AM - 12:50 PM","FMH 106","Open","30","22","Tchouassi, Lucie","Face-to-Face","0","https://www.bkstr.com/webapp/wcs/stores/servlet/booklookServlet?bookstore_id-1=584&term_id-1=2022 Spring&crn-1=12949",""
"202210","FRSHSEM","FIRST-YEAR SEMINAR","006","12950","T","2:30 PM - 3:50 PM","FMH 203","Open","30","23","Tchouassi, Lucie","Face-to-Face","0","https://www.bkstr.com/webapp/wcs/stores/servlet/booklookServlet?bookstore_id-1=584&term_id-1=2022 Spring&crn-1=12950",""
"202210","FRSHSEM","FIRST-YEAR SEMINAR","452","12951","",""," ","Closed","0","14","Tchouassi, Lucie","","0","https://www.bkstr.com/webapp/wcs/stores/servlet/booklookServlet?bookstore_id-1=584&term_id-1=2022 Spring&crn-1=12951","Online Course<br />Contact Lucie Tchouassi"
"202210","FRSHSEM","FIRST-YEAR SEMINAR","454","12952","",""," ","Closed","0","20","Giacino, Nicole","","0","https://www.bkstr.com/webapp/wcs/stores/servlet/booklookServlet?bookstore_id-1=584&term_id-1=2022 Spring&crn-1=12952","Online Course"
"202210","FRSHSEM","FIRST-YEAR SEMINAR","E02","12953","M","10:00 AM - 11:20 AM","FMH 205","Open","30","17","Richardson, Adrienne","Face-to-Face","0","https://www.bkstr.com/webapp/wcs/stores/servlet/booklookServlet?bookstore_id-1=584&term_id-1=2022 Spring&crn-1=12953","For EOP Students Only"
"202210","FRSHSEM","FIRST-YEAR SEMINAR","E04","12954","W","10:00 AM - 11:20 AM","FMH 205","Open","30","18","Manzueta, Alan","Face-to-Face","0","https://www.bkstr.com/webapp/wcs/stores/servlet/booklookServlet?bookstore_id-1=584&term_id-1=2022 Spring&crn-1=12954","For EOP Students Only"
"202210","FRSHSEM","FIRST-YEAR SEMINAR","E06","12955","T","11:30 AM - 12:50 PM","FMH 203","Closed","30","30","Igbinovia, Robert","Face-to-Face","0","https://www.bkstr.com/webapp/wcs/stores/servlet/booklookServlet?bookstore_id-1=584&term_id-1=2022 Spring&crn-1=12955","For EOP Students Only"
"202210","FRSHSEM","FIRST-YEAR SEMINAR","E08","12956","M","1:00 PM - 2:20 PM","FMH 108","Open","30","16","Gary, Steven","Face-to-Face","0","https://www.bkstr.com/webapp/wcs/stores/servlet/booklookServlet?bookstore_id-1=584&term_id-1=2022 Spring&crn-1=12956","For EOP Students Only"
"202210","FRSHSEM","FIRST-YEAR SEMINAR","E10","12957","R","1:00 PM - 2:20 PM","FMH 205","Open","30","29","Oquendo, Maria","Face-to-Face","0","https://www.bkstr.com/webapp/wcs/stores/servlet/booklookServlet?bookstore_id-1=584&term_id-1=2022 Spring&crn-1=12957","For EOP Students Only"
"202210","FRSHSEM","FIRST-YEAR SEMINAR","E12","12958","M","2:30 PM - 3:50 PM","FMH 106","Open","30","17","Smith, Crystal","Face-to-Face","0","https://www.bkstr.com/webapp/wcs/stores/servlet/booklookServlet?bookstore_id-1=584&term_id-1=2022 Spring&crn-1=12958","For EOP Students Only"
"202210","FRSHSEM","FIRST-YEAR SEMINAR","S10","12959","T","10:00 AM - 11:20 AM","FMH 106","Closed","0","0","","Face-to-Face","0","https://www.bkstr.com/webapp/wcs/stores/servlet/booklookServlet?bookstore_id-1=584&term_id-1=2022 Spring&crn-1=12959",""
"202210","FRSHSEM","FIRST-YEAR SEMINAR","S12","12960","R","10:00 AM - 11:20 AM","FMH 108","Closed","0","0","","Face-to-Face","0","https://www.bkstr.com/webapp/wcs/stores/servlet/booklookServlet?bookstore_id-1=584&term_id-1=2022 Spring&crn-1=12960",""
"202210","FRSHSEM","FIRST-YEAR SEMINAR","SP2","12961","M","11:30 AM - 12:50 PM","FMH 106","Closed","0","17","Baldwin, Ryan","Face-to-Face","0","https://www.bkstr.com/webapp/wcs/stores/servlet/booklookServlet?bookstore_id-1=584&term_id-1=2022 Spring&crn-1=12961",""
"202210","FRSHSEM","FIRST-YEAR SEMINAR","SP4","12962","W","11:30 AM - 12:50 PM"," ","Closed","0","0","","Face-to-Face","0","https://www.bkstr.com/webapp/wcs/stores/servlet/booklookServlet?bookstore_id-1=584&term_id-1=2022 Spring&crn-1=12962","Cancelled 01/12/22"
"202210","FRSHSEM","FIRST-YEAR SEMINAR","SP6","12963","T","1:00 PM - 2:20 PM","FMH 205","Closed","0","14","Vega, Nancy","Face-to-Face","0","https://www.bkstr.com/webapp/wcs/stores/servlet/booklookServlet?bookstore_id-1=584&term_id-1=2022 Spring&crn-1=12963",""
"202210","FRSHSEM","FIRST-YEAR SEMINAR","SP8","12964","W","1:00 PM - 2:20 PM"," ","Closed","0","0","","Face-to-Face","0","https://www.bkstr.com/webapp/wcs/stores/servlet/booklookServlet?bookstore_id-1=584&term_id-1=2022 Spring&crn-1=12964","Cancelled 01/12/22"
