"Term","Course","Title","Section","CRN","Days","Times","Location","Status","Max","Now","Instructor","Delivery Mode","Credits","Info","Comments"
"202210","HIST213","THE TWENTIETH-CENTURY WORLD","002","12966","MW","8:30 AM - 9:50 AM","CKB 222","Closed","32","32","Morrison-Santana, Deborah","Face-to-Face","3","https://www.bkstr.com/webapp/wcs/stores/servlet/booklookServlet?bookstore_id-1=584&term_id-1=2022 Spring&crn-1=12966",""
"202210","HIST213","THE TWENTIETH-CENTURY WORLD","004","12967","MW","10:00 AM - 11:20 AM"," ","Cancelled","32","0","","Face-to-Face","3","https://www.bkstr.com/webapp/wcs/stores/servlet/booklookServlet?bookstore_id-1=584&term_id-1=2022 Spring&crn-1=12967","Cancelled 11/8/21"
"202210","HIST213","THE TWENTIETH-CENTURY WORLD","006","12968","MW","11:30 AM - 12:50 PM","CKB 320","Closed","32","32","Kostopoulou, Ilektra","Face-to-Face","3","https://www.bkstr.com/webapp/wcs/stores/servlet/booklookServlet?bookstore_id-1=584&term_id-1=2022 Spring&crn-1=12968",""
"202210","HIST213","THE TWENTIETH-CENTURY WORLD","008","12969","TR","11:30 AM - 12:50 PM","TIER 112","Closed","32","32","Kostopoulou, Ilektra","Face-to-Face","3","https://www.bkstr.com/webapp/wcs/stores/servlet/booklookServlet?bookstore_id-1=584&term_id-1=2022 Spring&crn-1=12969",""
"202210","HIST213","THE TWENTIETH-CENTURY WORLD","010","12970","TR","4:00 PM - 5:20 PM","CULM 111","Open","18","17","Kent, Scott","Face-to-Face","3","https://www.bkstr.com/webapp/wcs/stores/servlet/booklookServlet?bookstore_id-1=584&term_id-1=2022 Spring&crn-1=12970",""
"202210","HIST213","THE TWENTIETH-CENTURY WORLD","012","15218","TR","1:00 PM - 2:20 PM","TIER 113","Closed","32","32","Kostopoulou, Ilektra","Face-to-Face","3","https://www.bkstr.com/webapp/wcs/stores/servlet/booklookServlet?bookstore_id-1=584&term_id-1=2022 Spring&crn-1=15218",""
"202210","HIST213","THE TWENTIETH-CENTURY WORLD - HONORS","HM2","12971","TR","4:00 PM - 5:20 PM","CULM 111","Open","10","8","Kent, Scott","Face-to-Face","3","https://www.bkstr.com/webapp/wcs/stores/servlet/booklookServlet?bookstore_id-1=584&term_id-1=2022 Spring&crn-1=12971","Honors Course"
"202210","HIST214","TECH & CULT IN AMER HISTORY","002","12972","MW","11:30 AM - 12:50 PM"," ","Cancelled","32","0","","Face-to-Face","3","https://www.bkstr.com/webapp/wcs/stores/servlet/booklookServlet?bookstore_id-1=584&term_id-1=2022 Spring&crn-1=12972","Cancelled 11/8/21"
"202210","HIST214","TECH & CULT IN AMER HISTORY","102","12973","M","6:00 PM - 8:50 PM"," ","Cancelled","32","0","","Face-to-Face","3","https://www.bkstr.com/webapp/wcs/stores/servlet/booklookServlet?bookstore_id-1=584&term_id-1=2022 Spring&crn-1=12973","Cancelled 11/8/21"
"202210","HIST310","HISTORY CO-OP I","004","12975","",""," ","Closed","0","0","Lefkovitz, Alison","Face-to-Face","3","https://www.bkstr.com/webapp/wcs/stores/servlet/booklookServlet?bookstore_id-1=584&term_id-1=2022 Spring&crn-1=12975","HISTORY Majors Only<br />For permit or information, email:  alison.lefkovitz@njit.edu"
"202210","HIST310","LTC CO-OP I","002","12974","",""," ","Closed","0","5","Lefkovitz, Alison","Face-to-Face","3","https://www.bkstr.com/webapp/wcs/stores/servlet/booklookServlet?bookstore_id-1=584&term_id-1=2022 Spring&crn-1=12974","LTC Majors Only<br />For permit or information, email:  alison.lefkovitz@njit.edu<br />HIST 310 does not fulfill any GER"
"202210","HIST311","HISTORY CO-OP II","004","12977","",""," ","Closed","0","0","Lefkovitz, Alison","Face-to-Face","3","https://www.bkstr.com/webapp/wcs/stores/servlet/booklookServlet?bookstore_id-1=584&term_id-1=2022 Spring&crn-1=12977","For permit or information, email:  alison.lefkovitz@njit.edu"
"202210","HIST311","LTC CO-OP II","002","12976","",""," ","Closed","0","1","Lefkovitz, Alison","Face-to-Face","3","https://www.bkstr.com/webapp/wcs/stores/servlet/booklookServlet?bookstore_id-1=584&term_id-1=2022 Spring&crn-1=12976","For LTC majors who have already completed HIST 310<br />For permit or information, email:  alison.lefkovitz@njit.edu<br />HIST 311 does not fulfill any GER"
"202210","HIST312","PROF DEVELOPMENT IN LAW","002","12978","M","4:00 PM - 5:20 PM"," ","Cancelled","15","0","","Face-to-Face","1","https://www.bkstr.com/webapp/wcs/stores/servlet/booklookServlet?bookstore_id-1=584&term_id-1=2022 Spring&crn-1=12978","Cancelled 1/11/22"
"202210","HIST320","LAW AND EVIDENCE","002","12979","TR","1:00 PM - 2:20 PM","CKB 223","Closed","32","32","Casciola, Nicole","Face-to-Face","3","https://www.bkstr.com/webapp/wcs/stores/servlet/booklookServlet?bookstore_id-1=584&term_id-1=2022 Spring&crn-1=12979",""
"202210","HIST320","LAW AND EVIDENCE","004","12980","TR","11:30 AM - 12:50 PM","FMH 408","Closed","32","32","Casciola, Nicole","Face-to-Face","3","https://www.bkstr.com/webapp/wcs/stores/servlet/booklookServlet?bookstore_id-1=584&term_id-1=2022 Spring&crn-1=12980",""
"202210","HIST329","DANTE: HELL, HEAVEN, FLORENCE - HONORS","H02","15214","T","6:00 PM - 8:50 PM","DHRH 210","Closed","0","7","Hamilton, Louis","Face-to-Face","3","https://www.bkstr.com/webapp/wcs/stores/servlet/booklookServlet?bookstore_id-1=584&term_id-1=2022 Spring&crn-1=15214","Honors Course<br />Permission Required to Register<br />Email CJG@NJIT.EDU<br />Includes Study Abroad Component"
"202210","HIST345","COMMUNICATION THROUGH THE AGES","102","15217","R","6:00 PM - 8:50 PM","CKB 222","Closed","32","32","Cohen, Richard","Face-to-Face","3","https://www.bkstr.com/webapp/wcs/stores/servlet/booklookServlet?bookstore_id-1=584&term_id-1=2022 Spring&crn-1=15217",""
"202210","HIST363","U.S. AS A WORLD POWER","002","12981","MW","10:00 AM - 11:20 AM","CKB 206","Closed","32","32","Morrison-Santana, Deborah","Face-to-Face","3","https://www.bkstr.com/webapp/wcs/stores/servlet/booklookServlet?bookstore_id-1=584&term_id-1=2022 Spring&crn-1=12981",""
"202210","HIST372","CONTEMPORARY EUROPE","002","12982","TR","1:00 PM - 2:20 PM","FMH 412","Closed","32","32","Petursson, Svanur","Face-to-Face","3","https://www.bkstr.com/webapp/wcs/stores/servlet/booklookServlet?bookstore_id-1=584&term_id-1=2022 Spring&crn-1=12982",""
"202210","HIST377","CITIES IN HISTORY","002","15219","MW","10:00 AM - 11:20 AM","CKB 330","Closed","32","32","Maher, Neil","Face-to-Face","3","https://www.bkstr.com/webapp/wcs/stores/servlet/booklookServlet?bookstore_id-1=584&term_id-1=2022 Spring&crn-1=15219",""
"202210","HIST381","SCI & TECH IN MODERN MEDICINE - HONORS","H02","12983","MW","1:00 PM - 2:20 PM","CKB 106","Open","24","23","Pemberton, Stephen","Face-to-Face","3","https://www.bkstr.com/webapp/wcs/stores/servlet/booklookServlet?bookstore_id-1=584&term_id-1=2022 Spring&crn-1=12983","Honors Course"
"202210","HIST382","WAR AND SOCIETY","002","15220","MW","1:00 PM - 2:20 PM","FMH 403","Closed","32","32","Schweizer, Karl","Face-to-Face","3","https://www.bkstr.com/webapp/wcs/stores/servlet/booklookServlet?bookstore_id-1=584&term_id-1=2022 Spring&crn-1=15220",""
"202210","HIST388","20TH CENTURY BRITIAN","102","12984","W","6:00 PM - 8:50 PM","CKB 114","Closed","32","32","Kent, Scott","Face-to-Face","3","https://www.bkstr.com/webapp/wcs/stores/servlet/booklookServlet?bookstore_id-1=584&term_id-1=2022 Spring&crn-1=12984",""
"202210","HIST390","HISTL PROB THROUGH FILM","002","12985","TR","2:30 PM - 3:50 PM","KUPF 204","Closed","32","32","Petursson, Svanur","Face-to-Face","3","https://www.bkstr.com/webapp/wcs/stores/servlet/booklookServlet?bookstore_id-1=584&term_id-1=2022 Spring&crn-1=12985",""
"202210","HIST401","INDEPENDENT STUDY","140","12986","",""," ","Closed","0","0","Schweizer, Karl","Face-to-Face","3","https://www.bkstr.com/webapp/wcs/stores/servlet/booklookServlet?bookstore_id-1=584&term_id-1=2022 Spring&crn-1=12986","Permission Required<br />Email: history@njit.edu"
"202210","HIST401","INDEPENDENT STUDY","641","12987","",""," ","Closed","0","0","Pemberton, Stephen","Face-to-Face","3","https://www.bkstr.com/webapp/wcs/stores/servlet/booklookServlet?bookstore_id-1=584&term_id-1=2022 Spring&crn-1=12987","Permission Required<br />Email: history@njit.edu"
"202210","HIST401","INDEPENDENT STUDY","690","12988","",""," ","Closed","0","0","Lefkovitz, Alison","Face-to-Face","3","https://www.bkstr.com/webapp/wcs/stores/servlet/booklookServlet?bookstore_id-1=584&term_id-1=2022 Spring&crn-1=12988","Permission Required<br />Email: history@njit.edu"
"202210","HIST401","INDEPENDENT STUDY","841","12989","",""," ","Closed","0","0","Maher, Neil","Face-to-Face","3","https://www.bkstr.com/webapp/wcs/stores/servlet/booklookServlet?bookstore_id-1=584&term_id-1=2022 Spring&crn-1=12989","Permission Required<br />Email: history@njit.edu"
"202210","HIST401","INDEPENDENT STUDY - HONORS","H02","12990","",""," ","Closed","0","1","Lefkovitz, Alison","Face-to-Face","3","https://www.bkstr.com/webapp/wcs/stores/servlet/booklookServlet?bookstore_id-1=584&term_id-1=2022 Spring&crn-1=12990","Honors Course<br />Email: history@njit.edu<br />Permission Required"
"202210","HIST402","INDEPENDENT STUDY","140","12991","",""," ","Closed","0","0","Schweizer, Karl","Face-to-Face","3","https://www.bkstr.com/webapp/wcs/stores/servlet/booklookServlet?bookstore_id-1=584&term_id-1=2022 Spring&crn-1=12991","Permission Required<br />Email: history@njit.edu"
"202210","HIST402","INDEPENDENT STUDY","641","12992","",""," ","Closed","0","0","Pemberton, Stephen","Face-to-Face","3","https://www.bkstr.com/webapp/wcs/stores/servlet/booklookServlet?bookstore_id-1=584&term_id-1=2022 Spring&crn-1=12992","Permission Required<br />Email: history@njit.edu"
"202210","HIST402","INDEPENDENT STUDY","690","12993","",""," ","Closed","0","1","Lefkovitz, Alison","Face-to-Face","3","https://www.bkstr.com/webapp/wcs/stores/servlet/booklookServlet?bookstore_id-1=584&term_id-1=2022 Spring&crn-1=12993","Permission Required<br />Email: history@njit.edu"
"202210","HIST402","INDEPENDENT STUDY","841","12994","",""," ","Closed","0","0","Maher, Neil","Face-to-Face","3","https://www.bkstr.com/webapp/wcs/stores/servlet/booklookServlet?bookstore_id-1=584&term_id-1=2022 Spring&crn-1=12994","Permission Required<br />Email: history@njit.edu"
"202210","HIST402","INDEPENDENT STUDY - HONORS","H02","15602","",""," ","Closed","0","1","Lefkovitz, Alison","Face-to-Face","3","https://www.bkstr.com/webapp/wcs/stores/servlet/booklookServlet?bookstore_id-1=584&term_id-1=2022 Spring&crn-1=15602","Honors Course<br />Email: history@njit.edu<br />Permission Required"
"202210","HIST490","SEMINAR - RESEARCH: ENVIRONMENTAL JUSTICE IN THE UNITED STATES- HONORS","H02","12995","TR","10:00 AM - 11:20 AM"," ","Cancelled","15","0","","Face-to-Face","3","https://www.bkstr.com/webapp/wcs/stores/servlet/booklookServlet?bookstore_id-1=584&term_id-1=2022 Spring&crn-1=12995","Cancelled 1/11/22"
"202210","HIST600","HISTORY RESEARCH SEMINAR: CLIMATE CHANGE AND ENVIRONMENTAL JUSTICE","102","15216","R","6:00 PM - 8:50 PM","CKB 219","Open","15","7","Maher, Neil","Face-to-Face","3","https://www.bkstr.com/webapp/wcs/stores/servlet/booklookServlet?bookstore_id-1=584&term_id-1=2022 Spring&crn-1=15216",""
"202210","HIST701B","MASTER'S THESIS","140","12996","",""," ","Closed","0","0","Schweizer, Karl","Face-to-Face","3","https://www.bkstr.com/webapp/wcs/stores/servlet/booklookServlet?bookstore_id-1=584&term_id-1=2022 Spring&crn-1=12996","Permission Required<br />Email: history@njit.edu"
"202210","HIST701B","MASTER'S THESIS","641","12997","",""," ","Closed","0","0","Pemberton, Stephen","Face-to-Face","3","https://www.bkstr.com/webapp/wcs/stores/servlet/booklookServlet?bookstore_id-1=584&term_id-1=2022 Spring&crn-1=12997","Permission Required<br />Email: history@njit.edu"
"202210","HIST701B","MASTER'S THESIS","690","12998","",""," ","Closed","0","0","Lefkovitz, Alison","Face-to-Face","3","https://www.bkstr.com/webapp/wcs/stores/servlet/booklookServlet?bookstore_id-1=584&term_id-1=2022 Spring&crn-1=12998","Permission Required<br />Email: history@njit.edu"
"202210","HIST701B","MASTER'S THESIS","841","12999","",""," ","Closed","0","0","Maher, Neil","Face-to-Face","3","https://www.bkstr.com/webapp/wcs/stores/servlet/booklookServlet?bookstore_id-1=584&term_id-1=2022 Spring&crn-1=12999","Permission Required<br />Email: history@njit.edu"
"202210","HIST701C","MASTER'S THESIS","140","13000","",""," ","Closed","0","0","Schweizer, Karl","Face-to-Face","6","https://www.bkstr.com/webapp/wcs/stores/servlet/booklookServlet?bookstore_id-1=584&term_id-1=2022 Spring&crn-1=13000","Permission Required<br />Email: history@njit.edu"
"202210","HIST701C","MASTER'S THESIS","641","13001","",""," ","Closed","0","0","Pemberton, Stephen","Face-to-Face","6","https://www.bkstr.com/webapp/wcs/stores/servlet/booklookServlet?bookstore_id-1=584&term_id-1=2022 Spring&crn-1=13001","Permission Required<br />Email: history@njit.edu"
"202210","HIST701C","MASTER'S THESIS","690","13002","",""," ","Closed","0","0","Lefkovitz, Alison","Face-to-Face","6","https://www.bkstr.com/webapp/wcs/stores/servlet/booklookServlet?bookstore_id-1=584&term_id-1=2022 Spring&crn-1=13002","Permission Required<br />Email: history@njit.edu"
"202210","HIST701C","MASTER'S THESIS","841","13003","",""," ","Closed","0","0","Maher, Neil","Face-to-Face","6","https://www.bkstr.com/webapp/wcs/stores/servlet/booklookServlet?bookstore_id-1=584&term_id-1=2022 Spring&crn-1=13003","Permission Required<br />Email: history@njit.edu"
"202210","HIST702","MASTER'S ESSAY","140","13004","",""," ","Closed","0","0","Schweizer, Karl","Face-to-Face","3","https://www.bkstr.com/webapp/wcs/stores/servlet/booklookServlet?bookstore_id-1=584&term_id-1=2022 Spring&crn-1=13004","Permission Required<br />Email: history@njit.edu"
"202210","HIST702","MASTER'S ESSAY","641","13005","",""," ","Closed","0","0","Pemberton, Stephen","Face-to-Face","3","https://www.bkstr.com/webapp/wcs/stores/servlet/booklookServlet?bookstore_id-1=584&term_id-1=2022 Spring&crn-1=13005","Permission Required<br />Email: history@njit.edu"
"202210","HIST702","MASTER'S ESSAY","690","13006","",""," ","Closed","0","0","Lefkovitz, Alison","Face-to-Face","3","https://www.bkstr.com/webapp/wcs/stores/servlet/booklookServlet?bookstore_id-1=584&term_id-1=2022 Spring&crn-1=13006","Permission Required<br />Email: history@njit.edu"
"202210","HIST702","MASTER'S ESSAY","841","13007","",""," ","Closed","0","0","Maher, Neil","Face-to-Face","3","https://www.bkstr.com/webapp/wcs/stores/servlet/booklookServlet?bookstore_id-1=584&term_id-1=2022 Spring&crn-1=13007","Permission Required<br />Email: history@njit.edu"
"202210","HIST725","INDEPENDENT STUDY","140","13008","",""," ","Closed","0","0","Schweizer, Karl","Face-to-Face","3","https://www.bkstr.com/webapp/wcs/stores/servlet/booklookServlet?bookstore_id-1=584&term_id-1=2022 Spring&crn-1=13008","Graduate Level<br />Permission Required<br />Email:  history@njit.edu"
"202210","HIST725","INDEPENDENT STUDY","641","13009","",""," ","Closed","0","0","Pemberton, Stephen","Face-to-Face","3","https://www.bkstr.com/webapp/wcs/stores/servlet/booklookServlet?bookstore_id-1=584&term_id-1=2022 Spring&crn-1=13009","Graduate Level<br />Permission Required<br />Email:  history@njit.edu"
"202210","HIST725","INDEPENDENT STUDY","690","13010","",""," ","Closed","0","0","Lefkovitz, Alison","Face-to-Face","3","https://www.bkstr.com/webapp/wcs/stores/servlet/booklookServlet?bookstore_id-1=584&term_id-1=2022 Spring&crn-1=13010","Graduate Level<br />Permission Required<br />Email:  history@njit.edu"
"202210","HIST725","INDEPENDENT STUDY","841","13011","",""," ","Closed","0","0","Maher, Neil","Face-to-Face","3","https://www.bkstr.com/webapp/wcs/stores/servlet/booklookServlet?bookstore_id-1=584&term_id-1=2022 Spring&crn-1=13011","Graduate Level<br />Permission Required<br />Email:  history@njit.edu"
"202210","HIST726","IND STUDY","690","13014","",""," ","Closed","0","0","Lefkovitz, Alison","Face-to-Face","3","https://www.bkstr.com/webapp/wcs/stores/servlet/booklookServlet?bookstore_id-1=584&term_id-1=2022 Spring&crn-1=13014","By permission only:   history@njit.edu"
"202210","HIST726","INDEPENDENT STUDY","140","13012","",""," ","Closed","0","0","Schweizer, Karl","Face-to-Face","3","https://www.bkstr.com/webapp/wcs/stores/servlet/booklookServlet?bookstore_id-1=584&term_id-1=2022 Spring&crn-1=13012","Graduate Level<br />Permission Required<br />Email:  history@njit.edu"
"202210","HIST726","INDEPENDENT STUDY","641","13013","",""," ","Closed","0","0","Pemberton, Stephen","Face-to-Face","3","https://www.bkstr.com/webapp/wcs/stores/servlet/booklookServlet?bookstore_id-1=584&term_id-1=2022 Spring&crn-1=13013","Graduate Level<br />Permission Required<br />Email:  history@njit.edu"
"202210","HIST726","INDEPENDENT STUDY","841","13015","",""," ","Closed","0","0","Maher, Neil","Face-to-Face","3","https://www.bkstr.com/webapp/wcs/stores/servlet/booklookServlet?bookstore_id-1=584&term_id-1=2022 Spring&crn-1=13015","Graduate Level<br />Permission Required<br />Email:  history@njit.edu"
"202210","HIST727","INDEPENDENT STUDY","140","13016","",""," ","Closed","0","0","Schweizer, Karl","Face-to-Face","3","https://www.bkstr.com/webapp/wcs/stores/servlet/booklookServlet?bookstore_id-1=584&term_id-1=2022 Spring&crn-1=13016","Graduate Level<br />Permission Required<br />Email:  history@njit.edu"
"202210","HIST727","INDEPENDENT STUDY","641","13017","",""," ","Closed","0","0","Pemberton, Stephen","Face-to-Face","3","https://www.bkstr.com/webapp/wcs/stores/servlet/booklookServlet?bookstore_id-1=584&term_id-1=2022 Spring&crn-1=13017","Graduate Level<br />Permission Required<br />Email:  history@njit.edu"
"202210","HIST727","INDEPENDENT STUDY","690","13018","",""," ","Closed","0","0","Lefkovitz, Alison","Face-to-Face","3","https://www.bkstr.com/webapp/wcs/stores/servlet/booklookServlet?bookstore_id-1=584&term_id-1=2022 Spring&crn-1=13018","Graduate Level<br />Permission Required<br />Email:  history@njit.edu"
"202210","HIST727","INDEPENDENT STUDY","841","13019","",""," ","Closed","0","0","Maher, Neil","Face-to-Face","3","https://www.bkstr.com/webapp/wcs/stores/servlet/booklookServlet?bookstore_id-1=584&term_id-1=2022 Spring&crn-1=13019","Graduate Level<br />Permission Required<br />Email:  history@njit.edu"
