"Term","Course","Title","Section","CRN","Days","Times","Location","Status","Max","Now","Instructor","Delivery Mode","Credits","Info","Comments"
"202210","HRM301","ORGANIZATIONAL BEHAVIOR","002","13020","MR","10:00 AM - 11:20 AM","WEST LECT 2","Open","43","16","Schachter, Hindy","Face-to-Face","3","https://www.bkstr.com/webapp/wcs/stores/servlet/booklookServlet?bookstore_id-1=584&term_id-1=2022 Spring&crn-1=13020",""
"202210","HRM301","ORGANIZATIONAL BEHAVIOR","004","13021","TR","1:00 PM - 2:20 PM","CKB 204","Open","43","27","Schachter, Hindy","Face-to-Face","3","https://www.bkstr.com/webapp/wcs/stores/servlet/booklookServlet?bookstore_id-1=584&term_id-1=2022 Spring&crn-1=13021",""
"202210","HRM301","ORGANIZATIONAL BEHAVIOR","452","13022","",""," ","Closed","43","43","Casal, Jose","","3","https://www.bkstr.com/webapp/wcs/stores/servlet/booklookServlet?bookstore_id-1=584&term_id-1=2022 Spring&crn-1=13022","Online Course"
"202210","HRM301","ORGANIZATIONAL BEHAVIOR","454","13023","",""," ","Closed","43","43","Casal, Jose","","3","https://www.bkstr.com/webapp/wcs/stores/servlet/booklookServlet?bookstore_id-1=584&term_id-1=2022 Spring&crn-1=13023","Online Course"
"202210","HRM601","ORGANIZATIONAL BEHAVIOR","102","13024","R","6:00 PM - 8:50 PM","CKB 120","Open","39","36","Schachter, Hindy","Face-to-Face","3","https://www.bkstr.com/webapp/wcs/stores/servlet/booklookServlet?bookstore_id-1=584&term_id-1=2022 Spring&crn-1=13024",""
"202210","HRM601","ORGANIZATIONAL BEHAVIOR","1J2","15215","T","6:00 PM - 8:50 PM"," ","Open","30","5","Ancis, Julie","Face-to-Face","3","https://www.bkstr.com/webapp/wcs/stores/servlet/booklookServlet?bookstore_id-1=584&term_id-1=2022 Spring&crn-1=15215","For Jersey City Students Only"
"202210","HRM601","ORGANIZATIONAL BEHAVIOR","852","13025","",""," ","Open","43","42","Casal, Jose","","3","https://www.bkstr.com/webapp/wcs/stores/servlet/booklookServlet?bookstore_id-1=584&term_id-1=2022 Spring&crn-1=13025","Restricted to Newark Campus Students Only<br />Online Course"
"202210","HRM601","ORGANIZATIONAL BEHAVIOR","854","13026","",""," ","Open","43","37","Somers, Mark","Online","3","https://www.bkstr.com/webapp/wcs/stores/servlet/booklookServlet?bookstore_id-1=584&term_id-1=2022 Spring&crn-1=13026","Restricted to Virtual Campus Students Only<br />Online Course"
"202210","HRM601","ORGANIZATIONAL BEHAVIOR","856","13027","",""," ","Cancelled","43","0","","Online","3","https://www.bkstr.com/webapp/wcs/stores/servlet/booklookServlet?bookstore_id-1=584&term_id-1=2022 Spring&crn-1=13027","Cancelled 01/05/22"
"202210","HRM601","ORGANIZATIONAL BEHAVIOR","858","15860","",""," ","Open","43","33","Somers, Mark","","3","https://www.bkstr.com/webapp/wcs/stores/servlet/booklookServlet?bookstore_id-1=584&term_id-1=2022 Spring&crn-1=15860","Restricted to Newark Campus Students Only<br />Online Course"
