"Term","Course","Title","Section","CRN","Days","Times","Location","Status","Max","Now","Instructor","Delivery Mode","Credits","Info","Comments"
"202210","HSS403","LIT SEM: CLIMATE CHANGE IN FICTION","002","13028","MW","1:00 PM - 2:20 PM","FMH 308","Closed","24","24","Siemann, Catherine","Face-to-Face","3","https://www.bkstr.com/webapp/wcs/stores/servlet/booklookServlet?bookstore_id-1=584&term_id-1=2022 Spring&crn-1=13028",""
"202210","HSS403","LIT SEM: CLIMATE CHANGE IN FICTION","452","13044","",""," ","Closed","24","24","Siemann, Catherine","","3","https://www.bkstr.com/webapp/wcs/stores/servlet/booklookServlet?bookstore_id-1=584&term_id-1=2022 Spring&crn-1=13044","Online Course"
"202210","HSS403","LIT SEM: FILM STUDIES: ART OF THE SHORT FILM","104","13040","T","6:00 PM - 8:50 PM","CKB 226","Closed","24","24","Reyes, Rodney","Face-to-Face","3","https://www.bkstr.com/webapp/wcs/stores/servlet/booklookServlet?bookstore_id-1=584&term_id-1=2022 Spring&crn-1=13040",""
"202210","HSS403","LIT SEM: FILMS OF G. BERNARD SHAW","102","13039","W","6:00 PM - 8:50 PM","CKB 341","Closed","24","24","Esche, John","Face-to-Face","3","https://www.bkstr.com/webapp/wcs/stores/servlet/booklookServlet?bookstore_id-1=584&term_id-1=2022 Spring&crn-1=13039",""
"202210","HSS403","LIT SEM: HUMANITIES IN THE GLOBAL CITY","460","13045","",""," ","Closed","24","26","Hunt, Theresa","","3","https://www.bkstr.com/webapp/wcs/stores/servlet/booklookServlet?bookstore_id-1=584&term_id-1=2022 Spring&crn-1=13045","Online Course"
"202210","HSS403","LIT SEM: HUMANITIES IN THE GLOBAL CITY","462","13046","",""," ","Closed","24","24","Hunt, Theresa","","3","https://www.bkstr.com/webapp/wcs/stores/servlet/booklookServlet?bookstore_id-1=584&term_id-1=2022 Spring&crn-1=13046","Online Course"
"202210","HSS403","LIT SEM: JOURNALISM THROUGH FILM","004","13029","MW","1:00 PM - 2:20 PM","FMH 411","Closed","24","24","Ascarelli, Miriam","Face-to-Face","3","https://www.bkstr.com/webapp/wcs/stores/servlet/booklookServlet?bookstore_id-1=584&term_id-1=2022 Spring&crn-1=13029",""
"202210","HSS403","LIT SEM: LITERATURE AND MEDICINE: CRITICAL SOCIAL QUESTIONS","020","13037","TF","8:30 AM - 9:50 AM"," ","Cancelled","24","0","","Face-to-Face","3","https://www.bkstr.com/webapp/wcs/stores/servlet/booklookServlet?bookstore_id-1=584&term_id-1=2022 Spring&crn-1=13037","Cancelled 12/13/21"
"202210","HSS403","LIT SEM: LITERATURE AND MEDICINE: CRITICAL SOCIAL QUESTIONS","022","13038","TF","10:00 AM - 11:20 AM"," ","Cancelled","24","0","","Face-to-Face","3","https://www.bkstr.com/webapp/wcs/stores/servlet/booklookServlet?bookstore_id-1=584&term_id-1=2022 Spring&crn-1=13038","Cancelled 12/13/21"
"202210","HSS403","LIT SEM: MEDIA, TRAUMA AND CURE - HONORS","H02","13047","MW","11:30 AM - 12:50 PM","CKB 222","Open","24","23","Rutkoff, Rebekah","Face-to-Face","3","https://www.bkstr.com/webapp/wcs/stores/servlet/booklookServlet?bookstore_id-1=584&term_id-1=2022 Spring&crn-1=13047","Honors Course"
"202210","HSS403","LIT SEM: MEDICAL ISSUES THROUGH THE FILMMAKER’S LENS","016","13035","MW","8:30 AM - 9:50 AM"," ","Cancelled","24","0","","Face-to-Face","3","https://www.bkstr.com/webapp/wcs/stores/servlet/booklookServlet?bookstore_id-1=584&term_id-1=2022 Spring&crn-1=13035","Cancelled 12/13/21"
"202210","HSS403","LIT SEM: MEDICAL ISSUES THROUGH THE FILMMAKER’S LENS","018","13036","MW","10:00 AM - 11:20 AM"," ","Cancelled","24","0","","Face-to-Face","3","https://www.bkstr.com/webapp/wcs/stores/servlet/booklookServlet?bookstore_id-1=584&term_id-1=2022 Spring&crn-1=13036","Cancelled 12/13/21"
"202210","HSS403","LIT SEM: NEWARK NARRATIVES: ART/CULTURE/SITE LITERACIES","108","13042","T","6:00 PM - 8:50 PM","CKB 314","Closed","24","24","Curley, Jonathan","Face-to-Face","3","https://www.bkstr.com/webapp/wcs/stores/servlet/booklookServlet?bookstore_id-1=584&term_id-1=2022 Spring&crn-1=13042",""
"202210","HSS403","LIT SEM: NEWARK NARRATIVES: ART/CULTURE/SITE LITERACIES - HONORS","H04","13048","TF","1:00 PM - 2:20 PM","CKB 219","Open","24","23","Curley, Jonathan","Face-to-Face","3","https://www.bkstr.com/webapp/wcs/stores/servlet/booklookServlet?bookstore_id-1=584&term_id-1=2022 Spring&crn-1=13048","Honors Course"
"202210","HSS403","LIT SEM: NEWARK NARRATIVES: ART/CULTURE/SITE LITERACIES - HONORS","H06","13049","R","6:00 PM - 8:50 PM","CKB 126","Open","24","22","Curley, Jonathan","Face-to-Face","3","https://www.bkstr.com/webapp/wcs/stores/servlet/booklookServlet?bookstore_id-1=584&term_id-1=2022 Spring&crn-1=13049","Honors Course"
"202210","HSS403","LIT SEM: RACE, COLONIALISM, AND MEDIA","008","13031","TR","1:00 PM - 2:20 PM","CKB 341","Closed","24","24","Rothenberg, David","Face-to-Face","3","https://www.bkstr.com/webapp/wcs/stores/servlet/booklookServlet?bookstore_id-1=584&term_id-1=2022 Spring&crn-1=13031",""
"202210","HSS403","LIT SEM: REPRESENTING THE BRAIN","010","13032","M","10:00 AM - 11:20 AM","CKB 220","Closed","24","24","McRae, Calista","Hybrid","3","https://www.bkstr.com/webapp/wcs/stores/servlet/booklookServlet?bookstore_id-1=584&term_id-1=2022 Spring&crn-1=13032","Hybrid Course<br />https://www.njit.edu/registrar/instructionaldelivery/"
"202210","HSS403","LIT SEM: REPRESENTING THE BRAIN","010","13032","",""," ","Closed","24","24","McRae, Calista","Hybrid","3","https://www.bkstr.com/webapp/wcs/stores/servlet/booklookServlet?bookstore_id-1=584&term_id-1=2022 Spring&crn-1=13032","Hybrid Course<br />https://www.njit.edu/registrar/instructionaldelivery/"
"202210","HSS403","LIT SEM: SCIENCE FICTION FILM","110","13043","W","6:00 PM - 8:50 PM"," ","Closed","24","24","Steffen-Fluhr, Nancy","Synchronous Online","3","https://www.bkstr.com/webapp/wcs/stores/servlet/booklookServlet?bookstore_id-1=584&term_id-1=2022 Spring&crn-1=13043","Synchronous Online Course<br />https://www.njit.edu/registrar/instructionaldelivery/"
"202210","HSS403","LIT SEM: THE ART OF FILM: LOVE, WAR & COMIC RELIEF","106","13041","W","6:00 PM - 8:50 PM","CKB 310","Closed","24","24","Castronova, Louise","Face-to-Face","3","https://www.bkstr.com/webapp/wcs/stores/servlet/booklookServlet?bookstore_id-1=584&term_id-1=2022 Spring&crn-1=13041",""
"202210","HSS403","LIT SEM: THE ART OF FILM: LOVE, WAR & COMIC RELIEF","112","13030","R","6:00 PM - 8:50 PM","CKB 226","Closed","24","24","Castronova, Louise","Face-to-Face","3","https://www.bkstr.com/webapp/wcs/stores/servlet/booklookServlet?bookstore_id-1=584&term_id-1=2022 Spring&crn-1=13030",""
"202210","HSS403","LIT SEM: THE PULSE OF SHORT FICTION TODAY","012","13033","M","2:30 PM - 3:50 PM","CKB 214","Closed","24","24","Kimmelman, Burt","Hybrid","3","https://www.bkstr.com/webapp/wcs/stores/servlet/booklookServlet?bookstore_id-1=584&term_id-1=2022 Spring&crn-1=13033","Hybrid Course<br />https://www.njit.edu/registrar/instructionaldelivery/"
"202210","HSS403","LIT SEM: THE PULSE OF SHORT FICTION TODAY","012","13033","",""," ","Closed","24","24","Kimmelman, Burt","Hybrid","3","https://www.bkstr.com/webapp/wcs/stores/servlet/booklookServlet?bookstore_id-1=584&term_id-1=2022 Spring&crn-1=13033","Hybrid Course<br />https://www.njit.edu/registrar/instructionaldelivery/"
"202210","HSS403","LIT SEM: THE WONDERS OF WORLD CINEMA","014","13034","TR","2:30 PM - 3:50 PM","CKB 341","Closed","24","24","Chen, Kim","Face-to-Face","3","https://www.bkstr.com/webapp/wcs/stores/servlet/booklookServlet?bookstore_id-1=584&term_id-1=2022 Spring&crn-1=13034",""
"202210","HSS404","HIST SEM: EPIDEMIC, HEALTH, AND JUSTICE - HONORS","H02","13054","W","6:00 PM - 8:50 PM","TIER 107","Closed","20","23","Pemberton, Stephen","Face-to-Face","3","https://www.bkstr.com/webapp/wcs/stores/servlet/booklookServlet?bookstore_id-1=584&term_id-1=2022 Spring&crn-1=13054","Honors Course"
"202210","HSS404","HIST SEM: GLOBAL CONFLICT RESOLUTION","102","13053","T","6:00 PM - 8:50 PM","FMH 203","Closed","24","24","Schweizer, Karl","Face-to-Face","3","https://www.bkstr.com/webapp/wcs/stores/servlet/booklookServlet?bookstore_id-1=584&term_id-1=2022 Spring&crn-1=13053",""
"202210","HSS404","HIST SEM: MOVEMENT OF MIGRANTS AND REFUGEES IN THE EASTERN MEDITERRANEAN","002","13050","MW","1:00 PM - 2:20 PM","CKB 330","Closed","24","26","Kostopoulou, Ilektra","Face-to-Face","3","https://www.bkstr.com/webapp/wcs/stores/servlet/booklookServlet?bookstore_id-1=584&term_id-1=2022 Spring&crn-1=13050",""
"202210","HSS404","HISTORY SEMINAR:","104","13052","R","6:00 PM - 8:50 PM"," ","Cancelled","24","0","","Face-to-Face","3","https://www.bkstr.com/webapp/wcs/stores/servlet/booklookServlet?bookstore_id-1=584&term_id-1=2022 Spring&crn-1=13052","Cancelled 11/8/21"
"202210","HSS404","HISTORY SEMINAR: HISTORY OF MURDER","004","13051","TR","2:30 PM - 3:50 PM","FMH 411","Closed","24","24","Lefkovitz, Alison","Face-to-Face","3","https://www.bkstr.com/webapp/wcs/stores/servlet/booklookServlet?bookstore_id-1=584&term_id-1=2022 Spring&crn-1=13051",""
"202210","HSS405","PHIL SEM: ARTIFICIAL INTELLEGENCE AND AUTONOMY","002","13055","MR","8:30 AM - 9:50 AM","CKB 206","Closed","24","24","Estrada, Daniel","Face-to-Face","3","https://www.bkstr.com/webapp/wcs/stores/servlet/booklookServlet?bookstore_id-1=584&term_id-1=2022 Spring&crn-1=13055",""
"202210","HSS406","ENG SEM: BETWEEN THE PANELS: GRAPHIC NOVELS, COMICS & VISUAL COMM","004","13057","TR","2:30 PM - 3:50 PM","TIER 112","Closed","24","24","Slovis, Jake","Face-to-Face","3","https://www.bkstr.com/webapp/wcs/stores/servlet/booklookServlet?bookstore_id-1=584&term_id-1=2022 Spring&crn-1=13057",""
"202210","HSS406","ENG SEM: FOOD NARRATIVES: DUMPLINGS, GUMBO, BURGERS & MORE","002","13056","T","2:30 PM - 3:50 PM","FMH 319","Closed","24","24","Gorelick, Risa","Hybrid","3","https://www.bkstr.com/webapp/wcs/stores/servlet/booklookServlet?bookstore_id-1=584&term_id-1=2022 Spring&crn-1=13056","Hybrid Course<br />https://www.njit.edu/registrar/instructionaldelivery/"
"202210","HSS406","ENG SEM: FOOD NARRATIVES: DUMPLINGS, GUMBO, BURGERS & MORE","002","13056","",""," ","Closed","24","24","Gorelick, Risa","Hybrid","3","https://www.bkstr.com/webapp/wcs/stores/servlet/booklookServlet?bookstore_id-1=584&term_id-1=2022 Spring&crn-1=13056","Hybrid Course<br />https://www.njit.edu/registrar/instructionaldelivery/"
"202210","HSS406","ENG SEM: LIFELONG LEARNING WITH AUDIOBOOKS","006","13058","TR","1:00 PM - 2:20 PM","CKB 215","Closed","24","24","Johnson, Carol","Face-to-Face","3","https://www.bkstr.com/webapp/wcs/stores/servlet/booklookServlet?bookstore_id-1=584&term_id-1=2022 Spring&crn-1=13058",""
"202210","HSS406","ENG SEM: MEMES - MEDIA, GENRES, AND APPLICATIONS","008","13059","MW","1:00 PM - 2:20 PM","CULM 111","Closed","24","24","Deane, Johanna","Face-to-Face","3","https://www.bkstr.com/webapp/wcs/stores/servlet/booklookServlet?bookstore_id-1=584&term_id-1=2022 Spring&crn-1=13059",""
"202210","HSS407","THEA SEM: THEATRE AND TECHNOLOGY","002","13060","T","1:00 PM - 2:20 PM","KUPF 110","Closed","0","9","Kerley, Michael","Hybrid","3","https://www.bkstr.com/webapp/wcs/stores/servlet/booklookServlet?bookstore_id-1=584&term_id-1=2022 Spring&crn-1=13060","Hybrid Course<br />https://www.njit.edu/registrar/instructionaldelivery/"
"202210","HSS407","THEA SEM: THEATRE AND TECHNOLOGY","002","13060","",""," ","Closed","0","9","Kerley, Michael","Hybrid","3","https://www.bkstr.com/webapp/wcs/stores/servlet/booklookServlet?bookstore_id-1=584&term_id-1=2022 Spring&crn-1=13060","Hybrid Course<br />https://www.njit.edu/registrar/instructionaldelivery/"
"202210","HSS407","THTR SEM: THEATRE AND TECHNOLOGY - HONORS","HM2","13061","T","1:00 PM - 2:20 PM","KUPF 110","Closed","0","9","Kerley, Michael","Hybrid","3","https://www.bkstr.com/webapp/wcs/stores/servlet/booklookServlet?bookstore_id-1=584&term_id-1=2022 Spring&crn-1=13061","Honors Course<br />Hybrid Course<br />https://www.njit.edu/registrar/instructionaldelivery/"
"202210","HSS407","THTR SEM: THEATRE AND TECHNOLOGY - HONORS","HM2","13061","",""," ","Closed","0","9","Kerley, Michael","Hybrid","3","https://www.bkstr.com/webapp/wcs/stores/servlet/booklookServlet?bookstore_id-1=584&term_id-1=2022 Spring&crn-1=13061","Honors Course<br />Hybrid Course<br />https://www.njit.edu/registrar/instructionaldelivery/"
"202210","HSS408","STS SEM: BECOMING AN EFFECTIVE EXPERT: HOW TO COMMUNICATE TO DIVERSE AUDIENCES","002","13062","WF","10:00 AM - 11:20 AM","CKB 317","Closed","24","24","Lipuma, James","Face-to-Face","3","https://www.bkstr.com/webapp/wcs/stores/servlet/booklookServlet?bookstore_id-1=584&term_id-1=2022 Spring&crn-1=13062",""
"202210","HSS408","STS SEM: BECOMING AN EFFECTIVE EXPERT: HOW TO COMMUNICATE TO DIVERSE AUDIENCES","004","13063","WF","1:00 PM - 2:20 PM","CKB 317","Open","24","23","Lipuma, James","Face-to-Face","3","https://www.bkstr.com/webapp/wcs/stores/servlet/booklookServlet?bookstore_id-1=584&term_id-1=2022 Spring&crn-1=13063",""
"202210","HSS408","STS SEM: DIVERSITY, SOCIETY AND ME","010","13066","W","11:30 AM - 12:50 PM","CKB 214","Closed","24","24","Khichi, Narendra-Neel","Hybrid","3","https://www.bkstr.com/webapp/wcs/stores/servlet/booklookServlet?bookstore_id-1=584&term_id-1=2022 Spring&crn-1=13066","Hybrid Course<br />https://www.njit.edu/registrar/instructionaldelivery/"
"202210","HSS408","STS SEM: DIVERSITY, SOCIETY AND ME","010","13066","",""," ","Closed","24","24","Khichi, Narendra-Neel","Hybrid","3","https://www.bkstr.com/webapp/wcs/stores/servlet/booklookServlet?bookstore_id-1=584&term_id-1=2022 Spring&crn-1=13066","Hybrid Course<br />https://www.njit.edu/registrar/instructionaldelivery/"
"202210","HSS408","STS SEM: DIVERSITY, SOCIETY AND ME","012","13067","R","10:00 AM - 11:20 AM","FMH 403","Closed","24","24","Khichi, Narendra-Neel","Hybrid","3","https://www.bkstr.com/webapp/wcs/stores/servlet/booklookServlet?bookstore_id-1=584&term_id-1=2022 Spring&crn-1=13067","Hybrid Course<br />https://www.njit.edu/registrar/instructionaldelivery/"
"202210","HSS408","STS SEM: DIVERSITY, SOCIETY AND ME","012","13067","",""," ","Closed","24","24","Khichi, Narendra-Neel","Hybrid","3","https://www.bkstr.com/webapp/wcs/stores/servlet/booklookServlet?bookstore_id-1=584&term_id-1=2022 Spring&crn-1=13067","Hybrid Course<br />https://www.njit.edu/registrar/instructionaldelivery/"
"202210","HSS408","STS SEM: LEADING SOCIAL INNOVATION: ENGAGING PARTNERS FOR COLLABORATION","452","13069","",""," ","Closed","24","24","Lipuma, James","","3","https://www.bkstr.com/webapp/wcs/stores/servlet/booklookServlet?bookstore_id-1=584&term_id-1=2022 Spring&crn-1=13069","Online Course"
"202210","HSS408","STS SEM: LEADING SOCIAL INNOVATION: ENGAGING PARTNERS FOR COLLABORATION","454","13070","",""," ","Closed","24","24","Lipuma, James","","3","https://www.bkstr.com/webapp/wcs/stores/servlet/booklookServlet?bookstore_id-1=584&term_id-1=2022 Spring&crn-1=13070","Online Course"
"202210","HSS408","STS SEM: ROBOTS AND WORK: SOCIAL IMPLICATIONS","456","13071","",""," ","Closed","24","24","Longo, Bernadette","","3","https://www.bkstr.com/webapp/wcs/stores/servlet/booklookServlet?bookstore_id-1=584&term_id-1=2022 Spring&crn-1=13071",""
"202210","HSS408","STS SEM: THE PURSUIT OF HAPPINESS AND THE GOOD LIFE","014","13068","MR","11:30 AM - 12:50 PM","FMH 403","Closed","24","24","Khichi, Narendra-Neel","Face-to-Face","3","https://www.bkstr.com/webapp/wcs/stores/servlet/booklookServlet?bookstore_id-1=584&term_id-1=2022 Spring&crn-1=13068",""
"202210","HSS408","STS SEM: THE PURSUIT OF HAPPINESS AND THE GOOD LIFE","014","13068","",""," ","Closed","24","24","Khichi, Narendra-Neel","Face-to-Face","3","https://www.bkstr.com/webapp/wcs/stores/servlet/booklookServlet?bookstore_id-1=584&term_id-1=2022 Spring&crn-1=13068",""
"202210","HSS408","STS SEM: THE SOCIAL MEDIA DILEMMA","006","13064","W","10:00 AM - 11:20 AM","CKB 126","Closed","24","24","Hunt, Theresa","Hybrid","3","https://www.bkstr.com/webapp/wcs/stores/servlet/booklookServlet?bookstore_id-1=584&term_id-1=2022 Spring&crn-1=13064","Hybrid Course<br />https://www.njit.edu/registrar/instructionaldelivery/"
"202210","HSS408","STS SEM: THE SOCIAL MEDIA DILEMMA","006","13064","",""," ","Closed","24","24","Hunt, Theresa","Hybrid","3","https://www.bkstr.com/webapp/wcs/stores/servlet/booklookServlet?bookstore_id-1=584&term_id-1=2022 Spring&crn-1=13064","Hybrid Course<br />https://www.njit.edu/registrar/instructionaldelivery/"
"202210","HSS408","STS SEM: THE SOCIAL MEDIA DILEMMA","008","13065","M","10:00 AM - 11:20 AM","CKB 214","Closed","24","24","Hunt, Theresa","Hybrid","3","https://www.bkstr.com/webapp/wcs/stores/servlet/booklookServlet?bookstore_id-1=584&term_id-1=2022 Spring&crn-1=13065","Hybrid Course<br />https://www.njit.edu/registrar/instructionaldelivery/"
"202210","HSS408","STS SEM: THE SOCIAL MEDIA DILEMMA","008","13065","",""," ","Closed","24","24","Hunt, Theresa","Hybrid","3","https://www.bkstr.com/webapp/wcs/stores/servlet/booklookServlet?bookstore_id-1=584&term_id-1=2022 Spring&crn-1=13065","Hybrid Course<br />https://www.njit.edu/registrar/instructionaldelivery/"
"202210","HSS408","STS SEM: WE ARE ALL CYBORGS","016","15977","S","1:00 PM - 4:00 PM","CKB 120","Closed","0","12","Brooks, Charles","Face-to-Face","3","https://www.bkstr.com/webapp/wcs/stores/servlet/booklookServlet?bookstore_id-1=584&term_id-1=2022 Spring&crn-1=15977",""
