"Term","Course","Title","Section","CRN","Days","Times","Location","Status","Max","Now","Instructor","Delivery Mode","Credits","Info","Comments"
"202210","HUM099S","ENGLISH COMP:READING,WRITING","002","15876","MF","10:00 AM - 11:20 AM","CULM 111","Open","20","11","Livingstone, Victoria","Face-to-Face","6","https://www.bkstr.com/webapp/wcs/stores/servlet/booklookServlet?bookstore_id-1=584&term_id-1=2022 Spring&crn-1=15876",""
"202210","HUM099S","ENGLISH COMP:READING,WRITING","002","15876","W","8:30 AM - 11:20 AM","CULM 111","Open","20","11","Livingstone, Victoria","Face-to-Face","6","https://www.bkstr.com/webapp/wcs/stores/servlet/booklookServlet?bookstore_id-1=584&term_id-1=2022 Spring&crn-1=15876",""
"202210","HUM100","ENGLISH COMP: RDNG, WRIT","SL2","13072","MW","11:30 AM - 12:50 PM","CULM 411","Closed","15","15","Paris, Jerome","Face-to-Face","3","https://www.bkstr.com/webapp/wcs/stores/servlet/booklookServlet?bookstore_id-1=584&term_id-1=2022 Spring&crn-1=13072","For Students in the English Language Program"
"202210","HUM100","ENGLISH COMP: RDNG, WRIT","SL4","13073","MW","10:00 AM - 11:20 AM"," ","Cancelled","15","0","","Face-to-Face","3","https://www.bkstr.com/webapp/wcs/stores/servlet/booklookServlet?bookstore_id-1=584&term_id-1=2022 Spring&crn-1=13073","Cancelled 1/6/22"
"202210","HUM101","WRITING,SPEAKING, THINKING I","002","13074","TR","11:30 AM - 12:50 PM","FMH 108","Closed","22","23","Deane, Johanna","Face-to-Face","3","https://www.bkstr.com/webapp/wcs/stores/servlet/booklookServlet?bookstore_id-1=584&term_id-1=2022 Spring&crn-1=13074",""
"202210","HUM101","WRITING,SPEAKING, THINKING I","004","13075","TR","11:30 AM - 12:50 PM","FMH 407","Closed","22","24","Slovis, Jake","Face-to-Face","3","https://www.bkstr.com/webapp/wcs/stores/servlet/booklookServlet?bookstore_id-1=584&term_id-1=2022 Spring&crn-1=13075",""
"202210","HUM101","WRITING,SPEAKING, THINKING I","006","13076","MW","10:00 AM - 11:20 AM","FMH 203","Open","22","21","Faison, Galen","Face-to-Face","3","https://www.bkstr.com/webapp/wcs/stores/servlet/booklookServlet?bookstore_id-1=584&term_id-1=2022 Spring&crn-1=13076",""
"202210","HUM101","WRITING,SPEAKING, THINKING I","008","13077","MR","11:30 AM - 12:50 PM","FMH 405","Closed","22","22","Walling, Christina","Face-to-Face","3","https://www.bkstr.com/webapp/wcs/stores/servlet/booklookServlet?bookstore_id-1=584&term_id-1=2022 Spring&crn-1=13077",""
"202210","HUM101","WRITING,SPEAKING, THINKING I","010","13078","MW","1:00 PM - 2:20 PM","FMH 306","Open","22","21","Coppola, Michael","Face-to-Face","3","https://www.bkstr.com/webapp/wcs/stores/servlet/booklookServlet?bookstore_id-1=584&term_id-1=2022 Spring&crn-1=13078",""
"202210","HUM101","WRITING,SPEAKING, THINKING I","012","13079","WF","10:00 AM - 11:20 AM","CKB 219","Open","22","21","Fischl-Kruger, Jennifer","Face-to-Face","3","https://www.bkstr.com/webapp/wcs/stores/servlet/booklookServlet?bookstore_id-1=584&term_id-1=2022 Spring&crn-1=13079",""
"202210","HUM101","WRITING,SPEAKING, THINKING I","014","13080","TR","8:30 AM - 9:50 AM","FMH 106","Closed","22","23","Bernstein, Larry","Face-to-Face","3","https://www.bkstr.com/webapp/wcs/stores/servlet/booklookServlet?bookstore_id-1=584&term_id-1=2022 Spring&crn-1=13080",""
"202210","HUM101","WRITING,SPEAKING, THINKING I","EOS","15896","",""," ","Closed","0","9","","Face-to-Face","3","https://www.bkstr.com/webapp/wcs/stores/servlet/booklookServlet?bookstore_id-1=584&term_id-1=2022 Spring&crn-1=15896","For East Orange STEM Academy Students Only"
"202210","HUM102","WRIT, SPEAK, THINKING II - HONORS","H02","13130","MW","11:30 AM - 12:50 PM","CKB 126","Open","22","15","Siemann, Catherine","Face-to-Face","3","https://www.bkstr.com/webapp/wcs/stores/servlet/booklookServlet?bookstore_id-1=584&term_id-1=2022 Spring&crn-1=13130","Honors Course"
"202210","HUM102","WRIT, SPEAK, THINKING II - HONORS","H04","13131","MW","11:30 AM - 12:50 PM","CKB 220","Open","22","21","Deane, Johanna","Face-to-Face","3","https://www.bkstr.com/webapp/wcs/stores/servlet/booklookServlet?bookstore_id-1=584&term_id-1=2022 Spring&crn-1=13131","Honors Course"
"202210","HUM102","WRIT, SPEAK, THINKING II - HONORS","H06","13132","TR","11:30 AM - 12:50 PM","FMH 314","Closed","22","22","Chen, Kim","Face-to-Face","3","https://www.bkstr.com/webapp/wcs/stores/servlet/booklookServlet?bookstore_id-1=584&term_id-1=2022 Spring&crn-1=13132","Honors Course"
"202210","HUM102","WRITING, SPEAKING, THINKING II","002","13081","MR","2:30 PM - 3:50 PM","FMH 314","Closed","22","22","Wynter, Lionel","Face-to-Face","3","https://www.bkstr.com/webapp/wcs/stores/servlet/booklookServlet?bookstore_id-1=584&term_id-1=2022 Spring&crn-1=13081",""
"202210","HUM102","WRITING, SPEAKING, THINKING II","004","13082","MW","1:00 PM - 2:20 PM","FMH 407","Closed","22","23","Carpenter, Samuel","Face-to-Face","3","https://www.bkstr.com/webapp/wcs/stores/servlet/booklookServlet?bookstore_id-1=584&term_id-1=2022 Spring&crn-1=13082",""
"202210","HUM102","WRITING, SPEAKING, THINKING II","006","13083","MW","11:30 AM - 12:50 PM","CKB 207","Closed","22","22","Banerjee, Debjani","Face-to-Face","3","https://www.bkstr.com/webapp/wcs/stores/servlet/booklookServlet?bookstore_id-1=584&term_id-1=2022 Spring&crn-1=13083",""
"202210","HUM102","WRITING, SPEAKING, THINKING II","008","13084","TF","4:00 PM - 5:20 PM","FMH 403","Open","22","21","Caris, Emily","Face-to-Face","3","https://www.bkstr.com/webapp/wcs/stores/servlet/booklookServlet?bookstore_id-1=584&term_id-1=2022 Spring&crn-1=13084",""
"202210","HUM102","WRITING, SPEAKING, THINKING II","010","13085","MW","8:30 AM - 9:50 AM","CKB 126","Closed","22","22","Carpenter, Samuel","Face-to-Face","3","https://www.bkstr.com/webapp/wcs/stores/servlet/booklookServlet?bookstore_id-1=584&term_id-1=2022 Spring&crn-1=13085",""
"202210","HUM102","WRITING, SPEAKING, THINKING II","012","13086","TF","10:00 AM - 11:20 AM","FMH 403","Closed","22","22","Apatoff, Benjamin","Face-to-Face","3","https://www.bkstr.com/webapp/wcs/stores/servlet/booklookServlet?bookstore_id-1=584&term_id-1=2022 Spring&crn-1=13086",""
"202210","HUM102","WRITING, SPEAKING, THINKING II","014","13087","MW","10:00 AM - 11:20 AM","CKB 310","Closed","22","22","Coppola, Michael","Face-to-Face","3","https://www.bkstr.com/webapp/wcs/stores/servlet/booklookServlet?bookstore_id-1=584&term_id-1=2022 Spring&crn-1=13087",""
"202210","HUM102","WRITING, SPEAKING, THINKING II","016","13088","TR","2:30 PM - 3:50 PM","FMH 407","Closed","22","22","Hamai, Crystal","Face-to-Face","3","https://www.bkstr.com/webapp/wcs/stores/servlet/booklookServlet?bookstore_id-1=584&term_id-1=2022 Spring&crn-1=13088",""
"202210","HUM102","WRITING, SPEAKING, THINKING II","018","13089","MR","2:30 PM - 3:50 PM","CKB 220","Closed","22","22","Crespo Solis, Andres","Face-to-Face","3","https://www.bkstr.com/webapp/wcs/stores/servlet/booklookServlet?bookstore_id-1=584&term_id-1=2022 Spring&crn-1=13089",""
"202210","HUM102","WRITING, SPEAKING, THINKING II","020","13090","TF","1:00 PM - 2:20 PM","CKB 207","Closed","22","22","Delloiacono, Benjamin","Face-to-Face","3","https://www.bkstr.com/webapp/wcs/stores/servlet/booklookServlet?bookstore_id-1=584&term_id-1=2022 Spring&crn-1=13090",""
"202210","HUM102","WRITING, SPEAKING, THINKING II","022","13091","MR","10:00 AM - 11:20 AM","FMH 407","Closed","22","22","Ascarelli, Miriam","Face-to-Face","3","https://www.bkstr.com/webapp/wcs/stores/servlet/booklookServlet?bookstore_id-1=584&term_id-1=2022 Spring&crn-1=13091",""
"202210","HUM102","WRITING, SPEAKING, THINKING II","024","13092","TR","10:00 AM - 11:20 AM","CKB 126","Closed","22","22","Bernstein, Larry","Face-to-Face","3","https://www.bkstr.com/webapp/wcs/stores/servlet/booklookServlet?bookstore_id-1=584&term_id-1=2022 Spring&crn-1=13092",""
"202210","HUM102","WRITING, SPEAKING, THINKING II","026","13093","MR","2:30 PM - 3:50 PM","CKB 310","Closed","22","22","Gonzalez-Ledezma, Grisele","Face-to-Face","3","https://www.bkstr.com/webapp/wcs/stores/servlet/booklookServlet?bookstore_id-1=584&term_id-1=2022 Spring&crn-1=13093",""
"202210","HUM102","WRITING, SPEAKING, THINKING II","028","13094","MW","8:30 AM - 9:50 AM","FMH 405","Open","22","20","Hawkins, Randilynn","Face-to-Face","3","https://www.bkstr.com/webapp/wcs/stores/servlet/booklookServlet?bookstore_id-1=584&term_id-1=2022 Spring&crn-1=13094",""
"202210","HUM102","WRITING, SPEAKING, THINKING II","030","13095","TR","4:00 PM - 5:20 PM","CKB 212","Closed","22","22","Lozauskas, Jeni","Face-to-Face","3","https://www.bkstr.com/webapp/wcs/stores/servlet/booklookServlet?bookstore_id-1=584&term_id-1=2022 Spring&crn-1=13095",""
"202210","HUM102","WRITING, SPEAKING, THINKING II","032","13096","TR","1:00 PM - 2:20 PM","CKB 126","Closed","22","23","Masullo, Raymond","Face-to-Face","3","https://www.bkstr.com/webapp/wcs/stores/servlet/booklookServlet?bookstore_id-1=584&term_id-1=2022 Spring&crn-1=13096",""
"202210","HUM102","WRITING, SPEAKING, THINKING II","034","13097","TR","4:00 PM - 5:20 PM","TIER 105","Open","22","15","Hamai, Crystal","Face-to-Face","3","https://www.bkstr.com/webapp/wcs/stores/servlet/booklookServlet?bookstore_id-1=584&term_id-1=2022 Spring&crn-1=13097",""
"202210","HUM102","WRITING, SPEAKING, THINKING II","036","13098","MR","11:30 AM - 12:50 PM","CKB 214","Closed","22","22","Gonzalez-Ledezma, Grisele","Face-to-Face","3","https://www.bkstr.com/webapp/wcs/stores/servlet/booklookServlet?bookstore_id-1=584&term_id-1=2022 Spring&crn-1=13098",""
"202210","HUM102","WRITING, SPEAKING, THINKING II","038","13099","WF","1:00 PM - 2:20 PM","CKB 220","Closed","22","22","Fischl-Kruger, Jennifer","Face-to-Face","3","https://www.bkstr.com/webapp/wcs/stores/servlet/booklookServlet?bookstore_id-1=584&term_id-1=2022 Spring&crn-1=13099",""
"202210","HUM102","WRITING, SPEAKING, THINKING II","040","13100","TR","4:00 PM - 5:20 PM","CKB 214","Closed","22","22","Chen, Kim","Face-to-Face","3","https://www.bkstr.com/webapp/wcs/stores/servlet/booklookServlet?bookstore_id-1=584&term_id-1=2022 Spring&crn-1=13100",""
"202210","HUM102","WRITING, SPEAKING, THINKING II","042","13101","TF","1:00 PM - 2:20 PM","FMH 407","Closed","22","22","Caris, Emily","Face-to-Face","3","https://www.bkstr.com/webapp/wcs/stores/servlet/booklookServlet?bookstore_id-1=584&term_id-1=2022 Spring&crn-1=13101",""
"202210","HUM102","WRITING, SPEAKING, THINKING II","044","13102","TF","2:30 PM - 3:50 PM","CKB 214","Closed","22","22","Esche, John","Face-to-Face","3","https://www.bkstr.com/webapp/wcs/stores/servlet/booklookServlet?bookstore_id-1=584&term_id-1=2022 Spring&crn-1=13102",""
"202210","HUM102","WRITING, SPEAKING, THINKING II","046","13103","MR","8:30 AM - 9:50 AM","CKB 341","Closed","22","22","Blender, Roberta","Face-to-Face","3","https://www.bkstr.com/webapp/wcs/stores/servlet/booklookServlet?bookstore_id-1=584&term_id-1=2022 Spring&crn-1=13103",""
"202210","HUM102","WRITING, SPEAKING, THINKING II","048","13104","MR","2:30 PM - 3:50 PM","CKB 315","Closed","22","22","Walling, Christina","Face-to-Face","3","https://www.bkstr.com/webapp/wcs/stores/servlet/booklookServlet?bookstore_id-1=584&term_id-1=2022 Spring&crn-1=13104",""
"202210","HUM102","WRITING, SPEAKING, THINKING II","050","13105","TF","2:30 PM - 3:50 PM","CKB 126","Closed","22","22","Caris, Emily","Face-to-Face","3","https://www.bkstr.com/webapp/wcs/stores/servlet/booklookServlet?bookstore_id-1=584&term_id-1=2022 Spring&crn-1=13105",""
"202210","HUM102","WRITING, SPEAKING, THINKING II","052","13106","MW","10:00 AM - 11:20 AM","CKB 212","Closed","22","22","Banerjee, Debjani","Face-to-Face","3","https://www.bkstr.com/webapp/wcs/stores/servlet/booklookServlet?bookstore_id-1=584&term_id-1=2022 Spring&crn-1=13106",""
"202210","HUM102","WRITING, SPEAKING, THINKING II","054","13107","MR","8:30 AM - 9:50 AM","CKB 220","Closed","22","22","Slovis, Jake","Face-to-Face","3","https://www.bkstr.com/webapp/wcs/stores/servlet/booklookServlet?bookstore_id-1=584&term_id-1=2022 Spring&crn-1=13107",""
"202210","HUM102","WRITING, SPEAKING, THINKING II","056","13108","MR","2:30 PM - 3:50 PM","CKB 126","Open","22","21","Gorelick, Risa","Face-to-Face","3","https://www.bkstr.com/webapp/wcs/stores/servlet/booklookServlet?bookstore_id-1=584&term_id-1=2022 Spring&crn-1=13108",""
"202210","HUM102","WRITING, SPEAKING, THINKING II","058","13109","TR","1:00 PM - 2:20 PM","CKB 315","Closed","22","23","Deane, Johanna","Face-to-Face","3","https://www.bkstr.com/webapp/wcs/stores/servlet/booklookServlet?bookstore_id-1=584&term_id-1=2022 Spring&crn-1=13109",""
"202210","HUM102","WRITING, SPEAKING, THINKING II","060","13110","MW","10:00 AM - 11:20 AM","CKB 207","Closed","22","22","Gaston Arhin, Kaneisha","Face-to-Face","3","https://www.bkstr.com/webapp/wcs/stores/servlet/booklookServlet?bookstore_id-1=584&term_id-1=2022 Spring&crn-1=13110",""
"202210","HUM102","WRITING, SPEAKING, THINKING II","062","13111","MR","8:30 AM - 9:50 AM","FMH 108","Open","22","18","Gonzalez-Ledezma, Grisele","Face-to-Face","3","https://www.bkstr.com/webapp/wcs/stores/servlet/booklookServlet?bookstore_id-1=584&term_id-1=2022 Spring&crn-1=13111",""
"202210","HUM102","WRITING, SPEAKING, THINKING II","064","13112","MR","10:00 AM - 11:20 AM","CKB 315","Closed","22","22","Blender, Roberta","Face-to-Face","3","https://www.bkstr.com/webapp/wcs/stores/servlet/booklookServlet?bookstore_id-1=584&term_id-1=2022 Spring&crn-1=13112",""
"202210","HUM102","WRITING, SPEAKING, THINKING II","066","13113","TR","1:00 PM - 2:20 PM","CKB 220","Closed","22","22","Lozauskas, Jeni","Face-to-Face","3","https://www.bkstr.com/webapp/wcs/stores/servlet/booklookServlet?bookstore_id-1=584&term_id-1=2022 Spring&crn-1=13113",""
"202210","HUM102","WRITING, SPEAKING, THINKING II","068","13114","TF","2:30 PM - 3:50 PM"," ","Cancelled","22","0","","Face-to-Face","3","https://www.bkstr.com/webapp/wcs/stores/servlet/booklookServlet?bookstore_id-1=584&term_id-1=2022 Spring&crn-1=13114","Cancelled 01/10/22"
"202210","HUM102","WRITING, SPEAKING, THINKING II","070","13115","MW","8:30 AM - 9:50 AM","FMH 407","Open","22","14","Gaston Arhin, Kaneisha","Face-to-Face","3","https://www.bkstr.com/webapp/wcs/stores/servlet/booklookServlet?bookstore_id-1=584&term_id-1=2022 Spring&crn-1=13115",""
"202210","HUM102","WRITING, SPEAKING, THINKING II","072","13116","TF","8:30 AM - 9:50 AM","CKB 220","Open","22","21","Bruzzano, Carol","Face-to-Face","3","https://www.bkstr.com/webapp/wcs/stores/servlet/booklookServlet?bookstore_id-1=584&term_id-1=2022 Spring&crn-1=13116",""
"202210","HUM102","WRITING, SPEAKING, THINKING II","074","13117","TF","1:00 PM - 2:20 PM","CKB 212","Open","22","11","Apatoff, Benjamin","Face-to-Face","3","https://www.bkstr.com/webapp/wcs/stores/servlet/booklookServlet?bookstore_id-1=584&term_id-1=2022 Spring&crn-1=13117",""
"202210","HUM102","WRITING, SPEAKING, THINKING II","076","13118","WF","1:00 PM - 2:20 PM","CKB 126","Closed","22","22","Bruzzano, Carol","Face-to-Face","3","https://www.bkstr.com/webapp/wcs/stores/servlet/booklookServlet?bookstore_id-1=584&term_id-1=2022 Spring&crn-1=13118",""
"202210","HUM102","WRITING, SPEAKING, THINKING II","078","13119","TR","11:30 AM - 12:50 PM","CKB 315","Closed","22","22","Masullo, Raymond","Face-to-Face","3","https://www.bkstr.com/webapp/wcs/stores/servlet/booklookServlet?bookstore_id-1=584&term_id-1=2022 Spring&crn-1=13119",""
"202210","HUM102","WRITING, SPEAKING, THINKING II","080","13120","TR","11:30 AM - 12:50 PM","CKB 207","Closed","22","22","O'Neill, Megan","Face-to-Face","3","https://www.bkstr.com/webapp/wcs/stores/servlet/booklookServlet?bookstore_id-1=584&term_id-1=2022 Spring&crn-1=13120",""
"202210","HUM102","WRITING, SPEAKING, THINKING II","082","13121","TF","2:30 PM - 3:50 PM","FMH 108","Closed","22","22","Bruzzano, Carol","Face-to-Face","3","https://www.bkstr.com/webapp/wcs/stores/servlet/booklookServlet?bookstore_id-1=584&term_id-1=2022 Spring&crn-1=13121",""
"202210","HUM102","WRITING, SPEAKING, THINKING II","084","13122","MR","1:00 PM - 2:20 PM","CKB 214","Closed","22","22","Gorelick, Risa","Face-to-Face","3","https://www.bkstr.com/webapp/wcs/stores/servlet/booklookServlet?bookstore_id-1=584&term_id-1=2022 Spring&crn-1=13122",""
"202210","HUM102","WRITING, SPEAKING, THINKING II","086","13123","MR","8:30 AM - 9:50 AM"," ","Cancelled","22","0","","Face-to-Face","3","https://www.bkstr.com/webapp/wcs/stores/servlet/booklookServlet?bookstore_id-1=584&term_id-1=2022 Spring&crn-1=13123","Cancelled 1/4/22"
"202210","HUM102","WRITING, SPEAKING, THINKING II","088","13124","MW","11:30 AM - 12:50 PM","CKB 212","Closed","22","23","Carpenter, Samuel","Face-to-Face","3","https://www.bkstr.com/webapp/wcs/stores/servlet/booklookServlet?bookstore_id-1=584&term_id-1=2022 Spring&crn-1=13124",""
"202210","HUM102","WRITING, SPEAKING, THINKING II","090","13125","WF","10:00 AM - 11:20 AM","CKB 214","Closed","22","23","Bruzzano, Carol","Face-to-Face","3","https://www.bkstr.com/webapp/wcs/stores/servlet/booklookServlet?bookstore_id-1=584&term_id-1=2022 Spring&crn-1=13125",""
"202210","HUM102","WRITING, SPEAKING, THINKING II","092","13126","TF","1:00 PM - 2:20 PM"," ","Cancelled","22","0","","Face-to-Face","3","https://www.bkstr.com/webapp/wcs/stores/servlet/booklookServlet?bookstore_id-1=584&term_id-1=2022 Spring&crn-1=13126","Cancelled 1/4/22"
"202210","HUM102","WRITING, SPEAKING, THINKING II","094","13133","WF","8:30 AM - 9:50 AM","CKB 214","Open","22","21","Fischl-Kruger, Jennifer","Face-to-Face","3","https://www.bkstr.com/webapp/wcs/stores/servlet/booklookServlet?bookstore_id-1=584&term_id-1=2022 Spring&crn-1=13133",""
"202210","HUM102","WRITING, SPEAKING, THINKING II","096","13134","TR","10:00 AM - 11:20 AM","CKB 214","Open","22","21","Lozauskas, Jeni","Face-to-Face","3","https://www.bkstr.com/webapp/wcs/stores/servlet/booklookServlet?bookstore_id-1=584&term_id-1=2022 Spring&crn-1=13134",""
"202210","HUM102","WRITING, SPEAKING, THINKING II","098","13135","TR","10:00 AM - 11:20 AM","CKB 310","Closed","22","23","Chen, Kim","Face-to-Face","3","https://www.bkstr.com/webapp/wcs/stores/servlet/booklookServlet?bookstore_id-1=584&term_id-1=2022 Spring&crn-1=13135",""
"202210","HUM102","WRITING, SPEAKING, THINKING II","102","13127","T","6:00 PM - 8:50 PM","FMH 108","Closed","22","22","Owens, Meghan","Face-to-Face","3","https://www.bkstr.com/webapp/wcs/stores/servlet/booklookServlet?bookstore_id-1=584&term_id-1=2022 Spring&crn-1=13127",""
"202210","HUM102","WRITING, SPEAKING, THINKING II","104","13128","R","6:00 PM - 8:50 PM","FMH 407","Closed","22","22","Tress, David","Face-to-Face","3","https://www.bkstr.com/webapp/wcs/stores/servlet/booklookServlet?bookstore_id-1=584&term_id-1=2022 Spring&crn-1=13128",""
"202210","HUM102","WRITING, SPEAKING, THINKING II","106","13129","M","6:00 PM - 8:50 PM","FMH 407","Closed","22","22","Owens, Meghan","Face-to-Face","3","https://www.bkstr.com/webapp/wcs/stores/servlet/booklookServlet?bookstore_id-1=584&term_id-1=2022 Spring&crn-1=13129",""
"202210","HUM232","INTRODUCTION TO FILM","102","13136","M","6:00 PM - 8:50 PM","CKB 206","Closed","25","25","McRae, Calista","Face-to-Face","3","https://www.bkstr.com/webapp/wcs/stores/servlet/booklookServlet?bookstore_id-1=584&term_id-1=2022 Spring&crn-1=13136",""
"202210","HUM401","INDEPENDENT STUDY","683","13137","",""," ","Closed","0","0","Funkhouser, Christopher","Face-to-Face","3","https://www.bkstr.com/webapp/wcs/stores/servlet/booklookServlet?bookstore_id-1=584&term_id-1=2022 Spring&crn-1=13137",""
