"Term","Course","Title","Section","CRN","Days","Times","Location","Status","Max","Now","Instructor","Delivery Mode","Credits","Info","Comments"
"202210","ID217","MODELING AND MANUFACTURING","002","13138","MW","10:00 AM - 11:20 AM"," ","Cancelled","19","0","","Face-to-Face","3","https://www.bkstr.com/webapp/wcs/stores/servlet/booklookServlet?bookstore_id-1=584&term_id-1=2022 Spring&crn-1=13138","Cancelled 01/21/22"
"202210","ID217","MODELING AND MANUFACTURING","102","15975","T","6:00 PM - 8:50 PM","CKB 219","Closed","19","19","Sosa, Daniel","Face-to-Face","3","https://www.bkstr.com/webapp/wcs/stores/servlet/booklookServlet?bookstore_id-1=584&term_id-1=2022 Spring&crn-1=15975",""
"202210","ID264","INDUSTRIAL DESIGN STUDIO II","002","13139","MR","1:00 PM - 5:20 PM"," ","Open","15","9","Schwartz, Mathew","Face-to-Face","4","https://www.bkstr.com/webapp/wcs/stores/servlet/booklookServlet?bookstore_id-1=584&term_id-1=2022 Spring&crn-1=13139",""
"202210","ID341","SUSTAINABLE MATERIAL & PROCESS","002","13140","W","1:00 PM - 2:20 PM"," ","Closed","0","0","","Hybrid","3","https://www.bkstr.com/webapp/wcs/stores/servlet/booklookServlet?bookstore_id-1=584&term_id-1=2022 Spring&crn-1=13140","Cancelled 1/3/22"
"202210","ID341","SUSTAINABLE MATERIAL & PROCESS","002","13140","",""," ","Closed","0","0","","Hybrid","3","https://www.bkstr.com/webapp/wcs/stores/servlet/booklookServlet?bookstore_id-1=584&term_id-1=2022 Spring&crn-1=13140","Cancelled 1/3/22"
"202210","ID341","SUSTAINABLE MATERIAL & PROCESS","004","15841","MW","10:00 AM - 11:20 AM","CKB 320","Closed","20","21","Alcala, Jose","Face-to-Face","3","https://www.bkstr.com/webapp/wcs/stores/servlet/booklookServlet?bookstore_id-1=584&term_id-1=2022 Spring&crn-1=15841",""
"202210","ID364","INDUSTRIAL DESIGN STUDIO IV","002","13141","MR","12:00 PM - 5:20 PM"," ","Open","15","11","Alcala, Jose","Face-to-Face","5","https://www.bkstr.com/webapp/wcs/stores/servlet/booklookServlet?bookstore_id-1=584&term_id-1=2022 Spring&crn-1=13141",""
"202210","ID464","COMPREHENSIVE/THESIS STUDIO","002","13142","MR","12:00 PM - 5:20 PM"," ","Open","15","12","Decker, Martina","Face-to-Face","5","https://www.bkstr.com/webapp/wcs/stores/servlet/booklookServlet?bookstore_id-1=584&term_id-1=2022 Spring&crn-1=13142",""
