"Term","Course","Title","Section","CRN","Days","Times","Location","Status","Max","Now","Instructor","Delivery Mode","Credits","Info","Comments"
"202210","IE224","PRODUCTION PROCESS DESIGN","002","13143","TF","4:00 PM - 5:20 PM","GITC 2305","Open","30","28","Das, Sanchoy","Face-to-Face","3","https://www.bkstr.com/webapp/wcs/stores/servlet/booklookServlet?bookstore_id-1=584&term_id-1=2022 Spring&crn-1=13143",""
"202210","IE331","APPLIED STATISTICAL METHODS","002","13144","MR","4:00 PM - 5:20 PM","GITC 2305","Open","30","22","Bengu, Golgen","Face-to-Face","3","https://www.bkstr.com/webapp/wcs/stores/servlet/booklookServlet?bookstore_id-1=584&term_id-1=2022 Spring&crn-1=13144",""
"202210","IE334","ENGR ECO & CPTL INV ANAL","002","13145","TF","10:00 AM - 11:20 AM","GITC 2305","Open","30","22","Bladikas, Athanassios","Face-to-Face","3","https://www.bkstr.com/webapp/wcs/stores/servlet/booklookServlet?bookstore_id-1=584&term_id-1=2022 Spring&crn-1=13145",""
"202210","IE335","ENGR COST ANAL & CONTROL","452","13146","",""," ","Closed","43","43","Dumay, Dielanda","","3","https://www.bkstr.com/webapp/wcs/stores/servlet/booklookServlet?bookstore_id-1=584&term_id-1=2022 Spring&crn-1=13146","Online Course"
"202210","IE339","WORK MEASUREMENT AND STANDARDS","002","13147","MR","10:00 AM - 11:55 AM"," ","Cancelled","20","0","","Face-to-Face","3","https://www.bkstr.com/webapp/wcs/stores/servlet/booklookServlet?bookstore_id-1=584&term_id-1=2022 Spring&crn-1=13147","Cancelled 11/24/21"
"202210","IE355","HUMAN FACTORS IN IE","102","13148","R","6:00 PM - 8:50 PM","FMH 305","Open","30","28","Kothari, Prakash","Face-to-Face","3","https://www.bkstr.com/webapp/wcs/stores/servlet/booklookServlet?bookstore_id-1=584&term_id-1=2022 Spring&crn-1=13148",""
"202210","IE355","HUMAN FACTORS IN IE","104","13149","S","9:00 AM - 11:50 AM"," ","Cancelled","30","0","","Face-to-Face","3","https://www.bkstr.com/webapp/wcs/stores/servlet/booklookServlet?bookstore_id-1=584&term_id-1=2022 Spring&crn-1=13149","Cancelled 1/6/22"
"202210","IE440","STOCHASTIC MOD IN OPER RESRCH","002","13150","T","11:30 AM - 2:20 PM","ME 221","Open","36","14","Abdel-Malek, Layek","Face-to-Face","3","https://www.bkstr.com/webapp/wcs/stores/servlet/booklookServlet?bookstore_id-1=584&term_id-1=2022 Spring&crn-1=13150",""
"202210","IE440","STOCHASTIC MOD IN OPER RESRCH - HONORS","HM2","13151","T","11:30 AM - 2:20 PM","ME 221","Open","7","1","Abdel-Malek, Layek","Face-to-Face","3","https://www.bkstr.com/webapp/wcs/stores/servlet/booklookServlet?bookstore_id-1=584&term_id-1=2022 Spring&crn-1=13151","Honors Course"
"202210","IE441","INFO & KNOW ENGR SYSTEMS","102","13152","F","6:00 PM - 8:50 PM","GITC 2305","Closed","30","31","Buyuktahtakin-Toy, Ismet","Face-to-Face","3","https://www.bkstr.com/webapp/wcs/stores/servlet/booklookServlet?bookstore_id-1=584&term_id-1=2022 Spring&crn-1=13152",""
"202210","IE444","SENIOR PROJECT II","102","13153","T","6:00 PM - 10:05 PM","ME 221","Open","36","26","Abdel-Malek, Layek","Face-to-Face","2","https://www.bkstr.com/webapp/wcs/stores/servlet/booklookServlet?bookstore_id-1=584&term_id-1=2022 Spring&crn-1=13153",""
"202210","IE444","SENIOR PROJECT II - HONORS","HM2","13154","T","6:00 PM - 10:05 PM","ME 221","Open","7","1","Abdel-Malek, Layek","Face-to-Face","2","https://www.bkstr.com/webapp/wcs/stores/servlet/booklookServlet?bookstore_id-1=584&term_id-1=2022 Spring&crn-1=13154","Honors Course"
"202210","IE445","SIM MODEL INDUST SYSTEMS","102","13155","M","6:00 PM - 8:50 PM","GITC 2305","Open","30","22","Bengu, Golgen","Face-to-Face","3","https://www.bkstr.com/webapp/wcs/stores/servlet/booklookServlet?bookstore_id-1=584&term_id-1=2022 Spring&crn-1=13155",""
"202210","IE447","LEGAL ASPECTS OF ENGINEERING","452","13156","",""," ","Closed","43","43","Avoryie, Abigail","","3","https://www.bkstr.com/webapp/wcs/stores/servlet/booklookServlet?bookstore_id-1=584&term_id-1=2022 Spring&crn-1=13156","Online Course"
"202210","IE447","LEGAL ASPECTS OF ENGINEERING","454","13157","",""," ","Closed","43","44","Avoryie, Abigail","","3","https://www.bkstr.com/webapp/wcs/stores/servlet/booklookServlet?bookstore_id-1=584&term_id-1=2022 Spring&crn-1=13157","Online Course"
"202210","IE449","INDUSTRIAL ROBOTICS","102","13158","M","6:00 PM - 10:05 PM","GITC 2310","Closed","20","21","Aristilde, Evens","Face-to-Face","3","https://www.bkstr.com/webapp/wcs/stores/servlet/booklookServlet?bookstore_id-1=584&term_id-1=2022 Spring&crn-1=13158",""
"202210","IE449","INDUSTRIAL ROBOTICS","104","15824","S","9:00 AM - 1:20 PM","GITC 2310","Open","18","17","Aristilde, Evens","Face-to-Face","3","https://www.bkstr.com/webapp/wcs/stores/servlet/booklookServlet?bookstore_id-1=584&term_id-1=2022 Spring&crn-1=15824",""
"202210","IE459","SUPPLY CHAIN AND PROD PLANNING","002","13159","MW","1:00 PM - 2:20 PM","GITC 2305","Open","30","25","Abdou, George","Face-to-Face","3","https://www.bkstr.com/webapp/wcs/stores/servlet/booklookServlet?bookstore_id-1=584&term_id-1=2022 Spring&crn-1=13159",""
"202210","IE459","SUPPLY CHAIN AND PROD PLANNING - HONORS","HM2","13160","MW","1:00 PM - 2:20 PM","GITC 2305","Open","5","0","Abdou, George","Face-to-Face","3","https://www.bkstr.com/webapp/wcs/stores/servlet/booklookServlet?bookstore_id-1=584&term_id-1=2022 Spring&crn-1=13160","Honors Course"
"202210","IE463","INVENTION AND ENTREPRENEURSHIP","002","13161","MW","8:30 AM - 9:50 AM"," ","Cancelled","43","0","","Face-to-Face","3","https://www.bkstr.com/webapp/wcs/stores/servlet/booklookServlet?bookstore_id-1=584&term_id-1=2022 Spring&crn-1=13161","Cancelled 01/10/22"
"202210","IE463","INVENTION AND ENTREPRENEURSHIP","004","13162","MW","10:00 AM - 11:20 AM","ME 221","Open","43","39","Tricamo, Stephen","Face-to-Face","3","https://www.bkstr.com/webapp/wcs/stores/servlet/booklookServlet?bookstore_id-1=584&term_id-1=2022 Spring&crn-1=13162",""
"202210","IE466","MATRLS MGT & DIST LGSTCS","002","13163","M","2:30 PM - 3:50 PM","GITC 2305","Open","43","35","Abdou, George","Face-to-Face","3","https://www.bkstr.com/webapp/wcs/stores/servlet/booklookServlet?bookstore_id-1=584&term_id-1=2022 Spring&crn-1=13163",""
"202210","IE466","MATRLS MGT & DIST LGSTCS","002","13163","W","11:30 AM - 12:50 PM","GITC 2305","Open","43","35","Abdou, George","Face-to-Face","3","https://www.bkstr.com/webapp/wcs/stores/servlet/booklookServlet?bookstore_id-1=584&term_id-1=2022 Spring&crn-1=13163",""
"202210","IE481","INVSTGTNS IN INDS ENGR I","390","15843","",""," ","Closed","0","1","Abdel-Malek, Layek","Face-to-Face","3","https://www.bkstr.com/webapp/wcs/stores/servlet/booklookServlet?bookstore_id-1=584&term_id-1=2022 Spring&crn-1=15843",""
"202210","IE481","INVSTGTNS IN INDS ENGR I","400","13164","",""," ","Closed","0","0","Abdou, George","","3","https://www.bkstr.com/webapp/wcs/stores/servlet/booklookServlet?bookstore_id-1=584&term_id-1=2022 Spring&crn-1=13164",""
"202210","IE481","INVSTGTNS IN INDS ENGR I","H02","15844","",""," ","Closed","0","1","Abdel-Malek, Layek","Face-to-Face","3","https://www.bkstr.com/webapp/wcs/stores/servlet/booklookServlet?bookstore_id-1=584&term_id-1=2022 Spring&crn-1=15844",""
"202210","IE492","ENGINEERING MANAGEMENT","102","13165","F","6:00 PM - 8:50 PM","CKB 215","Closed","35","35","Desai, Amit","Hybrid","3","https://www.bkstr.com/webapp/wcs/stores/servlet/booklookServlet?bookstore_id-1=584&term_id-1=2022 Spring&crn-1=13165","Hybrid Course - Meets Alternate Weeks<br />https://www.njit.edu/registrar/instructionaldelivery/"
"202210","IE492","ENGINEERING MANAGEMENT","104","13166","M","6:00 PM - 8:50 PM","TIER 111","Closed","35","36","Desai, Amit","Face-to-Face","3","https://www.bkstr.com/webapp/wcs/stores/servlet/booklookServlet?bookstore_id-1=584&term_id-1=2022 Spring&crn-1=13166",""
"202210","IE492","ENGINEERING MANAGEMENT","452","13167","",""," ","Closed","35","35","Karnik, Ankush","","3","https://www.bkstr.com/webapp/wcs/stores/servlet/booklookServlet?bookstore_id-1=584&term_id-1=2022 Spring&crn-1=13167","Online Course"
"202210","IE492","ENGINEERING MANAGEMENT","454","13168","",""," ","Closed","35","35","Tchouassi, Lucie","","3","https://www.bkstr.com/webapp/wcs/stores/servlet/booklookServlet?bookstore_id-1=584&term_id-1=2022 Spring&crn-1=13168","Online Course"
"202210","IE492","ENGINEERING MANAGEMENT","456","13169","",""," ","Closed","35","35","Karnik, Ankush","","3","https://www.bkstr.com/webapp/wcs/stores/servlet/booklookServlet?bookstore_id-1=584&term_id-1=2022 Spring&crn-1=13169","Online Course"
"202210","IE492","ENGINEERING MANAGEMENT - HONORS","H02","13170","",""," ","Open","35","21","Karnik, Ankush","","3","https://www.bkstr.com/webapp/wcs/stores/servlet/booklookServlet?bookstore_id-1=584&term_id-1=2022 Spring&crn-1=13170","Honors Course<br />Online Course"
"202210","IE590","GRAD CO-OP WORK EXPERIENCE I","400","13171","",""," ","Closed","0","1","Abdou, George","","1","https://www.bkstr.com/webapp/wcs/stores/servlet/booklookServlet?bookstore_id-1=584&term_id-1=2022 Spring&crn-1=13171",""
"202210","IE591","GRAD CO-OP WORK EXPERIENCE II","400","13172","",""," ","Closed","0","0","Abdou, George","","1","https://www.bkstr.com/webapp/wcs/stores/servlet/booklookServlet?bookstore_id-1=584&term_id-1=2022 Spring&crn-1=13172",""
"202210","IE592","GRAD CO-OP WORK EXPERIENCE III","400","13173","",""," ","Closed","0","0","Abdou, George","","1","https://www.bkstr.com/webapp/wcs/stores/servlet/booklookServlet?bookstore_id-1=584&term_id-1=2022 Spring&crn-1=13173",""
"202210","IE593","GRADUATE CO-OP WORK EXP IV","400","13174","",""," ","Closed","0","0","Abdou, George","","0","https://www.bkstr.com/webapp/wcs/stores/servlet/booklookServlet?bookstore_id-1=584&term_id-1=2022 Spring&crn-1=13174",""
"202210","IE604","ADVANCED ENGINEERNG STAT","102","13175","R","6:00 PM - 8:50 PM","GITC 2305","Closed","30","36","Bengu, Golgen","Face-to-Face","3","https://www.bkstr.com/webapp/wcs/stores/servlet/booklookServlet?bookstore_id-1=584&term_id-1=2022 Spring&crn-1=13175",""
"202210","IE614","SAFETY ENGINEERING METHODS","102","13176","T","6:00 PM - 8:50 PM"," ","Cancelled","30","0","","Face-to-Face","3","https://www.bkstr.com/webapp/wcs/stores/servlet/booklookServlet?bookstore_id-1=584&term_id-1=2022 Spring&crn-1=13176","Cancelled 11/9/21"
"202210","IE615","IND HYGIENE & OCCUP HLTH","102","13177","M","6:00 PM - 8:50 PM"," ","Cancelled","30","0","","Face-to-Face","3","https://www.bkstr.com/webapp/wcs/stores/servlet/booklookServlet?bookstore_id-1=584&term_id-1=2022 Spring&crn-1=13177","CANCELLED 1/10/22"
"202210","IE618","ENGR COST & PRODUC ECONO","852","13178","",""," ","Open","30","11","Naraine, Deoraj","Online","3","https://www.bkstr.com/webapp/wcs/stores/servlet/booklookServlet?bookstore_id-1=584&term_id-1=2022 Spring&crn-1=13178","Restricted to Virtual Campus Students Only<br />Online Course"
"202210","IE618","ENGR COST & PRODUC ECONO","854","13179","",""," ","Open","30","28","Naraine, Deoraj","","3","https://www.bkstr.com/webapp/wcs/stores/servlet/booklookServlet?bookstore_id-1=584&term_id-1=2022 Spring&crn-1=13179","Restricted to Newark Campus Students Only<br />Online Course"
"202210","IE655","CONCURRENT ENGINEERING","852","13180","",""," ","Open","30","5","Ranky, Paul","Online","3","https://www.bkstr.com/webapp/wcs/stores/servlet/booklookServlet?bookstore_id-1=584&term_id-1=2022 Spring&crn-1=13180","Restricted to Virtual Campus Students Only<br />Online Course"
"202210","IE655","CONCURRENT ENGINEERING","854","13181","",""," ","Cancelled","30","0","","","3","https://www.bkstr.com/webapp/wcs/stores/servlet/booklookServlet?bookstore_id-1=584&term_id-1=2022 Spring&crn-1=13181","Cancelled 11/9/21"
"202210","IE672","INDUSTRIAL QUALITY CONTROL","852","13182","",""," ","Open","30","7","Bernier, Craig","Online","3","https://www.bkstr.com/webapp/wcs/stores/servlet/booklookServlet?bookstore_id-1=584&term_id-1=2022 Spring&crn-1=13182","Restricted to Virtual Campus Students Only<br />Online Course"
"202210","IE672","INDUSTRIAL QUALITY CONTROL","854","13183","",""," ","Open","30","29","Bernier, Craig","","3","https://www.bkstr.com/webapp/wcs/stores/servlet/booklookServlet?bookstore_id-1=584&term_id-1=2022 Spring&crn-1=13183","Restricted to Newark Campus Students Only<br />Online Campus"
"202210","IE673","TOTAL QUALITY MANAGEMENT","102","13184","T","6:00 PM - 8:50 PM","WEST LECT 2","Closed","30","42","Ranky, Paul","Face-to-Face","3","https://www.bkstr.com/webapp/wcs/stores/servlet/booklookServlet?bookstore_id-1=584&term_id-1=2022 Spring&crn-1=13184",""
"202210","IE673","TOTAL QUALITY MANAGEMENT","852","13185","",""," ","Open","30","15","Ranky, Paul","Online","3","https://www.bkstr.com/webapp/wcs/stores/servlet/booklookServlet?bookstore_id-1=584&term_id-1=2022 Spring&crn-1=13185","Restricted to Virtual Campus Students Only<br />Online Course"
"202210","IE673","TOTAL QUALITY MANAGEMENT","854","13186","",""," ","Open","30","28","Ranky, Paul","","3","https://www.bkstr.com/webapp/wcs/stores/servlet/booklookServlet?bookstore_id-1=584&term_id-1=2022 Spring&crn-1=13186","Restricted to Newark Campus Students Only<br />Online Course"
"202210","IE682","INDSTRL SAFETY & HLTH EVALUTN","002","13187","W","9:30 AM - 12:50 PM"," ","Open","15","3","Olsen, George","Face-to-Face","3","https://www.bkstr.com/webapp/wcs/stores/servlet/booklookServlet?bookstore_id-1=584&term_id-1=2022 Spring&crn-1=13187","Offered at NYU"
"202210","IE700B","MASTER'S PROJECT","390","13188","",""," ","Closed","0","0","Abdel-Malek, Layek","Face-to-Face","3","https://www.bkstr.com/webapp/wcs/stores/servlet/booklookServlet?bookstore_id-1=584&term_id-1=2022 Spring&crn-1=13188",""
"202210","IE700B","MASTER'S PROJECT","391","13189","",""," ","Closed","0","0","Bengu, Golgen","Face-to-Face","3","https://www.bkstr.com/webapp/wcs/stores/servlet/booklookServlet?bookstore_id-1=584&term_id-1=2022 Spring&crn-1=13189",""
"202210","IE700B","MASTER'S PROJECT","392","13190","",""," ","Closed","0","1","Bladikas, Athanassios","Face-to-Face","3","https://www.bkstr.com/webapp/wcs/stores/servlet/booklookServlet?bookstore_id-1=584&term_id-1=2022 Spring&crn-1=13190",""
"202210","IE700B","MASTER'S PROJECT","394","13191","",""," ","Closed","0","0","Das, Sanchoy","Face-to-Face","3","https://www.bkstr.com/webapp/wcs/stores/servlet/booklookServlet?bookstore_id-1=584&term_id-1=2022 Spring&crn-1=13191",""
"202210","IE700B","MASTER'S PROJECT","400","13192","",""," ","Closed","0","0","Abdou, George","Face-to-Face","3","https://www.bkstr.com/webapp/wcs/stores/servlet/booklookServlet?bookstore_id-1=584&term_id-1=2022 Spring&crn-1=13192",""
"202210","IE700B","MASTER'S PROJECT","402","13193","",""," ","Closed","0","0","Sengupta, Arijit","Face-to-Face","3","https://www.bkstr.com/webapp/wcs/stores/servlet/booklookServlet?bookstore_id-1=584&term_id-1=2022 Spring&crn-1=13193",""
"202210","IE700B","MASTER'S PROJECT","403","13194","",""," ","Closed","0","0","Tricamo, Stephen","Face-to-Face","3","https://www.bkstr.com/webapp/wcs/stores/servlet/booklookServlet?bookstore_id-1=584&term_id-1=2022 Spring&crn-1=13194",""
"202210","IE700B","MASTER'S PROJECT","407","13195","",""," ","Closed","0","1","Ranky, Paul","Face-to-Face","3","https://www.bkstr.com/webapp/wcs/stores/servlet/booklookServlet?bookstore_id-1=584&term_id-1=2022 Spring&crn-1=13195",""
"202210","IE700B","MASTER'S PROJECT","487","13196","",""," ","Closed","0","0","Cai, Wenbo","Face-to-Face","3","https://www.bkstr.com/webapp/wcs/stores/servlet/booklookServlet?bookstore_id-1=584&term_id-1=2022 Spring&crn-1=13196",""
"202210","IE700B","MASTER'S PROJECT","488","13197","",""," ","Closed","0","0","Buyuktahtakin-Toy, Ismet","Face-to-Face","3","https://www.bkstr.com/webapp/wcs/stores/servlet/booklookServlet?bookstore_id-1=584&term_id-1=2022 Spring&crn-1=13197",""
"202210","IE701B","MASTER'S THESIS","390","13198","",""," ","Closed","0","0","Abdel-Malek, Layek","Face-to-Face","3","https://www.bkstr.com/webapp/wcs/stores/servlet/booklookServlet?bookstore_id-1=584&term_id-1=2022 Spring&crn-1=13198",""
"202210","IE701B","MASTER'S THESIS","391","13199","",""," ","Closed","0","0","Bengu, Golgen","Face-to-Face","3","https://www.bkstr.com/webapp/wcs/stores/servlet/booklookServlet?bookstore_id-1=584&term_id-1=2022 Spring&crn-1=13199",""
"202210","IE701B","MASTER'S THESIS","392","13200","",""," ","Closed","0","0","Bladikas, Athanassios","Face-to-Face","3","https://www.bkstr.com/webapp/wcs/stores/servlet/booklookServlet?bookstore_id-1=584&term_id-1=2022 Spring&crn-1=13200",""
"202210","IE701B","MASTER'S THESIS","394","13201","",""," ","Closed","0","0","Das, Sanchoy","Face-to-Face","3","https://www.bkstr.com/webapp/wcs/stores/servlet/booklookServlet?bookstore_id-1=584&term_id-1=2022 Spring&crn-1=13201",""
"202210","IE701B","MASTER'S THESIS","400","13202","",""," ","Closed","0","0","Abdou, George","Face-to-Face","3","https://www.bkstr.com/webapp/wcs/stores/servlet/booklookServlet?bookstore_id-1=584&term_id-1=2022 Spring&crn-1=13202",""
"202210","IE701B","MASTER'S THESIS","402","13203","",""," ","Closed","0","2","Sengupta, Arijit","Face-to-Face","3","https://www.bkstr.com/webapp/wcs/stores/servlet/booklookServlet?bookstore_id-1=584&term_id-1=2022 Spring&crn-1=13203",""
"202210","IE701B","MASTER'S THESIS","403","13204","",""," ","Closed","0","0","Tricamo, Stephen","Face-to-Face","3","https://www.bkstr.com/webapp/wcs/stores/servlet/booklookServlet?bookstore_id-1=584&term_id-1=2022 Spring&crn-1=13204",""
"202210","IE701B","MASTER'S THESIS","407","13205","",""," ","Closed","0","0","Ranky, Paul","Face-to-Face","3","https://www.bkstr.com/webapp/wcs/stores/servlet/booklookServlet?bookstore_id-1=584&term_id-1=2022 Spring&crn-1=13205",""
"202210","IE701B","MASTER'S THESIS","487","13206","",""," ","Closed","0","0","Cai, Wenbo","Face-to-Face","3","https://www.bkstr.com/webapp/wcs/stores/servlet/booklookServlet?bookstore_id-1=584&term_id-1=2022 Spring&crn-1=13206",""
"202210","IE701B","MASTER'S THESIS","488","13207","",""," ","Closed","0","0","Buyuktahtakin-Toy, Ismet","Face-to-Face","3","https://www.bkstr.com/webapp/wcs/stores/servlet/booklookServlet?bookstore_id-1=584&term_id-1=2022 Spring&crn-1=13207",""
"202210","IE701C","MASTER'S THESIS","390","13208","",""," ","Closed","0","0","Abdel-Malek, Layek","Face-to-Face","6","https://www.bkstr.com/webapp/wcs/stores/servlet/booklookServlet?bookstore_id-1=584&term_id-1=2022 Spring&crn-1=13208",""
"202210","IE701C","MASTER'S THESIS","391","13209","",""," ","Closed","0","0","Bengu, Golgen","Face-to-Face","6","https://www.bkstr.com/webapp/wcs/stores/servlet/booklookServlet?bookstore_id-1=584&term_id-1=2022 Spring&crn-1=13209",""
"202210","IE701C","MASTER'S THESIS","392","13210","",""," ","Closed","0","0","Bladikas, Athanassios","Face-to-Face","6","https://www.bkstr.com/webapp/wcs/stores/servlet/booklookServlet?bookstore_id-1=584&term_id-1=2022 Spring&crn-1=13210",""
"202210","IE701C","MASTER'S THESIS","394","13211","",""," ","Closed","0","0","Das, Sanchoy","Face-to-Face","6","https://www.bkstr.com/webapp/wcs/stores/servlet/booklookServlet?bookstore_id-1=584&term_id-1=2022 Spring&crn-1=13211",""
"202210","IE701C","MASTER'S THESIS","400","13212","",""," ","Closed","0","0","Abdou, George","Face-to-Face","6","https://www.bkstr.com/webapp/wcs/stores/servlet/booklookServlet?bookstore_id-1=584&term_id-1=2022 Spring&crn-1=13212",""
"202210","IE701C","MASTER'S THESIS","402","13213","",""," ","Closed","0","0","Sengupta, Arijit","Face-to-Face","6","https://www.bkstr.com/webapp/wcs/stores/servlet/booklookServlet?bookstore_id-1=584&term_id-1=2022 Spring&crn-1=13213",""
"202210","IE701C","MASTER'S THESIS","403","13214","",""," ","Closed","0","0","Tricamo, Stephen","Face-to-Face","6","https://www.bkstr.com/webapp/wcs/stores/servlet/booklookServlet?bookstore_id-1=584&term_id-1=2022 Spring&crn-1=13214",""
"202210","IE701C","MASTER'S THESIS","407","13215","",""," ","Closed","0","0","Ranky, Paul","Face-to-Face","6","https://www.bkstr.com/webapp/wcs/stores/servlet/booklookServlet?bookstore_id-1=584&term_id-1=2022 Spring&crn-1=13215",""
"202210","IE701C","MASTER'S THESIS","487","13216","",""," ","Closed","0","0","Cai, Wenbo","Face-to-Face","6","https://www.bkstr.com/webapp/wcs/stores/servlet/booklookServlet?bookstore_id-1=584&term_id-1=2022 Spring&crn-1=13216",""
"202210","IE701C","MASTER'S THESIS","488","13217","",""," ","Closed","0","0","Buyuktahtakin-Toy, Ismet","Face-to-Face","6","https://www.bkstr.com/webapp/wcs/stores/servlet/booklookServlet?bookstore_id-1=584&term_id-1=2022 Spring&crn-1=13217",""
"202210","IE725","INDEPENDENT RESEARCH I","390","13218","",""," ","Closed","0","1","Abdel-Malek, Layek","Face-to-Face","3","https://www.bkstr.com/webapp/wcs/stores/servlet/booklookServlet?bookstore_id-1=584&term_id-1=2022 Spring&crn-1=13218",""
"202210","IE725","INDEPENDENT RESEARCH I","391","13219","",""," ","Closed","0","0","Bengu, Golgen","Face-to-Face","3","https://www.bkstr.com/webapp/wcs/stores/servlet/booklookServlet?bookstore_id-1=584&term_id-1=2022 Spring&crn-1=13219",""
"202210","IE725","INDEPENDENT RESEARCH I","392","13220","",""," ","Closed","0","0","Bladikas, Athanassios","Face-to-Face","3","https://www.bkstr.com/webapp/wcs/stores/servlet/booklookServlet?bookstore_id-1=584&term_id-1=2022 Spring&crn-1=13220",""
"202210","IE725","INDEPENDENT RESEARCH I","394","13221","",""," ","Closed","0","0","Das, Sanchoy","Face-to-Face","3","https://www.bkstr.com/webapp/wcs/stores/servlet/booklookServlet?bookstore_id-1=584&term_id-1=2022 Spring&crn-1=13221",""
"202210","IE725","INDEPENDENT RESEARCH I","400","13222","",""," ","Closed","0","0","Abdou, George","Face-to-Face","3","https://www.bkstr.com/webapp/wcs/stores/servlet/booklookServlet?bookstore_id-1=584&term_id-1=2022 Spring&crn-1=13222",""
"202210","IE725","INDEPENDENT RESEARCH I","402","13223","",""," ","Closed","0","0","Sengupta, Arijit","Face-to-Face","3","https://www.bkstr.com/webapp/wcs/stores/servlet/booklookServlet?bookstore_id-1=584&term_id-1=2022 Spring&crn-1=13223",""
"202210","IE725","INDEPENDENT RESEARCH I","403","13224","",""," ","Closed","0","0","Tricamo, Stephen","Face-to-Face","3","https://www.bkstr.com/webapp/wcs/stores/servlet/booklookServlet?bookstore_id-1=584&term_id-1=2022 Spring&crn-1=13224",""
"202210","IE725","INDEPENDENT RESEARCH I","407","13225","",""," ","Closed","0","0","Ranky, Paul","Face-to-Face","3","https://www.bkstr.com/webapp/wcs/stores/servlet/booklookServlet?bookstore_id-1=584&term_id-1=2022 Spring&crn-1=13225",""
"202210","IE725","INDEPENDENT RESEARCH I","487","13226","",""," ","Closed","0","0","Cai, Wenbo","Face-to-Face","3","https://www.bkstr.com/webapp/wcs/stores/servlet/booklookServlet?bookstore_id-1=584&term_id-1=2022 Spring&crn-1=13226",""
"202210","IE725","INDEPENDENT RESEARCH I","488","13227","",""," ","Closed","0","0","Buyuktahtakin-Toy, Ismet","Face-to-Face","3","https://www.bkstr.com/webapp/wcs/stores/servlet/booklookServlet?bookstore_id-1=584&term_id-1=2022 Spring&crn-1=13227",""
"202210","IE726","INDEPENDENT RESEARCH II","390","13228","",""," ","Closed","0","0","Abdel-Malek, Layek","Face-to-Face","3","https://www.bkstr.com/webapp/wcs/stores/servlet/booklookServlet?bookstore_id-1=584&term_id-1=2022 Spring&crn-1=13228",""
"202210","IE726","INDEPENDENT RESEARCH II","391","13229","",""," ","Closed","0","0","Bengu, Golgen","Face-to-Face","3","https://www.bkstr.com/webapp/wcs/stores/servlet/booklookServlet?bookstore_id-1=584&term_id-1=2022 Spring&crn-1=13229",""
"202210","IE726","INDEPENDENT RESEARCH II","392","13230","",""," ","Closed","0","0","Bladikas, Athanassios","Face-to-Face","3","https://www.bkstr.com/webapp/wcs/stores/servlet/booklookServlet?bookstore_id-1=584&term_id-1=2022 Spring&crn-1=13230",""
"202210","IE726","INDEPENDENT RESEARCH II","394","13231","",""," ","Closed","0","0","Das, Sanchoy","Face-to-Face","3","https://www.bkstr.com/webapp/wcs/stores/servlet/booklookServlet?bookstore_id-1=584&term_id-1=2022 Spring&crn-1=13231",""
"202210","IE726","INDEPENDENT RESEARCH II","400","13232","",""," ","Closed","0","0","Abdou, George","Face-to-Face","3","https://www.bkstr.com/webapp/wcs/stores/servlet/booklookServlet?bookstore_id-1=584&term_id-1=2022 Spring&crn-1=13232",""
"202210","IE726","INDEPENDENT RESEARCH II","402","13233","",""," ","Closed","0","0","Sengupta, Arijit","Face-to-Face","3","https://www.bkstr.com/webapp/wcs/stores/servlet/booklookServlet?bookstore_id-1=584&term_id-1=2022 Spring&crn-1=13233",""
"202210","IE726","INDEPENDENT RESEARCH II","403","13234","",""," ","Closed","0","0","Tricamo, Stephen","Face-to-Face","3","https://www.bkstr.com/webapp/wcs/stores/servlet/booklookServlet?bookstore_id-1=584&term_id-1=2022 Spring&crn-1=13234",""
"202210","IE726","INDEPENDENT RESEARCH II","407","13235","",""," ","Closed","0","0","Ranky, Paul","Face-to-Face","3","https://www.bkstr.com/webapp/wcs/stores/servlet/booklookServlet?bookstore_id-1=584&term_id-1=2022 Spring&crn-1=13235",""
"202210","IE726","INDEPENDENT RESEARCH II","487","13236","",""," ","Closed","0","0","Cai, Wenbo","Face-to-Face","3","https://www.bkstr.com/webapp/wcs/stores/servlet/booklookServlet?bookstore_id-1=584&term_id-1=2022 Spring&crn-1=13236",""
"202210","IE726","INDEPENDENT RESEARCH II","488","13237","",""," ","Closed","0","0","Buyuktahtakin-Toy, Ismet","Face-to-Face","3","https://www.bkstr.com/webapp/wcs/stores/servlet/booklookServlet?bookstore_id-1=584&term_id-1=2022 Spring&crn-1=13237",""
"202210","IE790A","DOCTORAL DISSERTATION","390","13238","",""," ","Closed","0","0","Abdel-Malek, Layek","Face-to-Face","1","https://www.bkstr.com/webapp/wcs/stores/servlet/booklookServlet?bookstore_id-1=584&term_id-1=2022 Spring&crn-1=13238",""
"202210","IE790A","DOCTORAL DISSERTATION","391","13239","",""," ","Closed","0","0","Bengu, Golgen","Face-to-Face","1","https://www.bkstr.com/webapp/wcs/stores/servlet/booklookServlet?bookstore_id-1=584&term_id-1=2022 Spring&crn-1=13239",""
"202210","IE790A","DOCTORAL DISSERTATION","392","13240","",""," ","Closed","0","0","Bladikas, Athanassios","Face-to-Face","1","https://www.bkstr.com/webapp/wcs/stores/servlet/booklookServlet?bookstore_id-1=584&term_id-1=2022 Spring&crn-1=13240",""
"202210","IE790A","DOCTORAL DISSERTATION","394","13241","",""," ","Closed","0","1","Das, Sanchoy","Face-to-Face","1","https://www.bkstr.com/webapp/wcs/stores/servlet/booklookServlet?bookstore_id-1=584&term_id-1=2022 Spring&crn-1=13241",""
"202210","IE790A","DOCTORAL DISSERTATION","400","13242","",""," ","Closed","0","0","Abdou, George","Face-to-Face","1","https://www.bkstr.com/webapp/wcs/stores/servlet/booklookServlet?bookstore_id-1=584&term_id-1=2022 Spring&crn-1=13242",""
"202210","IE790A","DOCTORAL DISSERTATION","402","13243","",""," ","Closed","0","0","Sengupta, Arijit","Face-to-Face","1","https://www.bkstr.com/webapp/wcs/stores/servlet/booklookServlet?bookstore_id-1=584&term_id-1=2022 Spring&crn-1=13243",""
"202210","IE790A","DOCTORAL DISSERTATION","403","13244","",""," ","Closed","0","0","Tricamo, Stephen","Face-to-Face","1","https://www.bkstr.com/webapp/wcs/stores/servlet/booklookServlet?bookstore_id-1=584&term_id-1=2022 Spring&crn-1=13244",""
"202210","IE790A","DOCTORAL DISSERTATION","407","13245","",""," ","Closed","0","0","Ranky, Paul","Face-to-Face","1","https://www.bkstr.com/webapp/wcs/stores/servlet/booklookServlet?bookstore_id-1=584&term_id-1=2022 Spring&crn-1=13245",""
"202210","IE790A","DOCTORAL DISSERTATION","487","13246","",""," ","Closed","0","1","Cai, Wenbo","Face-to-Face","1","https://www.bkstr.com/webapp/wcs/stores/servlet/booklookServlet?bookstore_id-1=584&term_id-1=2022 Spring&crn-1=13246",""
"202210","IE790A","DOCTORAL DISSERTATION","488","13247","",""," ","Closed","0","1","Buyuktahtakin-Toy, Ismet","Face-to-Face","1","https://www.bkstr.com/webapp/wcs/stores/servlet/booklookServlet?bookstore_id-1=584&term_id-1=2022 Spring&crn-1=13247",""
"202210","IE790B","DOCTORAL DISSERTATION","390","13248","",""," ","Closed","0","0","Abdel-Malek, Layek","Face-to-Face","3","https://www.bkstr.com/webapp/wcs/stores/servlet/booklookServlet?bookstore_id-1=584&term_id-1=2022 Spring&crn-1=13248",""
"202210","IE790B","DOCTORAL DISSERTATION","391","13249","",""," ","Closed","0","0","Bengu, Golgen","Face-to-Face","3","https://www.bkstr.com/webapp/wcs/stores/servlet/booklookServlet?bookstore_id-1=584&term_id-1=2022 Spring&crn-1=13249",""
"202210","IE790B","DOCTORAL DISSERTATION","392","13250","",""," ","Closed","0","0","Bladikas, Athanassios","Face-to-Face","3","https://www.bkstr.com/webapp/wcs/stores/servlet/booklookServlet?bookstore_id-1=584&term_id-1=2022 Spring&crn-1=13250",""
"202210","IE790B","DOCTORAL DISSERTATION","394","13251","",""," ","Closed","0","1","Das, Sanchoy","Face-to-Face","3","https://www.bkstr.com/webapp/wcs/stores/servlet/booklookServlet?bookstore_id-1=584&term_id-1=2022 Spring&crn-1=13251",""
"202210","IE790B","DOCTORAL DISSERTATION","400","13252","",""," ","Closed","0","0","Abdou, George","Face-to-Face","3","https://www.bkstr.com/webapp/wcs/stores/servlet/booklookServlet?bookstore_id-1=584&term_id-1=2022 Spring&crn-1=13252",""
"202210","IE790B","DOCTORAL DISSERTATION","402","13253","",""," ","Closed","0","0","Sengupta, Arijit","Face-to-Face","3","https://www.bkstr.com/webapp/wcs/stores/servlet/booklookServlet?bookstore_id-1=584&term_id-1=2022 Spring&crn-1=13253",""
"202210","IE790B","DOCTORAL DISSERTATION","403","13254","",""," ","Closed","0","0","Tricamo, Stephen","Face-to-Face","3","https://www.bkstr.com/webapp/wcs/stores/servlet/booklookServlet?bookstore_id-1=584&term_id-1=2022 Spring&crn-1=13254",""
"202210","IE790B","DOCTORAL DISSERTATION","407","13255","",""," ","Closed","0","0","Ranky, Paul","Face-to-Face","3","https://www.bkstr.com/webapp/wcs/stores/servlet/booklookServlet?bookstore_id-1=584&term_id-1=2022 Spring&crn-1=13255",""
"202210","IE790B","DOCTORAL DISSERTATION","487","13256","",""," ","Closed","0","0","Cai, Wenbo","Face-to-Face","3","https://www.bkstr.com/webapp/wcs/stores/servlet/booklookServlet?bookstore_id-1=584&term_id-1=2022 Spring&crn-1=13256",""
"202210","IE790B","DOCTORAL DISSERTATION","488","13257","",""," ","Closed","0","0","Buyuktahtakin-Toy, Ismet","Face-to-Face","3","https://www.bkstr.com/webapp/wcs/stores/servlet/booklookServlet?bookstore_id-1=584&term_id-1=2022 Spring&crn-1=13257",""
"202210","IE790C","DOC DISSERTATION & RES","390","13258","",""," ","Closed","0","0","Abdel-Malek, Layek","Face-to-Face","6","https://www.bkstr.com/webapp/wcs/stores/servlet/booklookServlet?bookstore_id-1=584&term_id-1=2022 Spring&crn-1=13258",""
"202210","IE790C","DOC DISSERTATION & RES","391","13259","",""," ","Closed","0","0","Bengu, Golgen","Face-to-Face","6","https://www.bkstr.com/webapp/wcs/stores/servlet/booklookServlet?bookstore_id-1=584&term_id-1=2022 Spring&crn-1=13259",""
"202210","IE790C","DOC DISSERTATION & RES","392","13260","",""," ","Closed","0","0","Bladikas, Athanassios","Face-to-Face","6","https://www.bkstr.com/webapp/wcs/stores/servlet/booklookServlet?bookstore_id-1=584&term_id-1=2022 Spring&crn-1=13260",""
"202210","IE790C","DOC DISSERTATION & RES","394","13261","",""," ","Closed","0","0","Das, Sanchoy","Face-to-Face","6","https://www.bkstr.com/webapp/wcs/stores/servlet/booklookServlet?bookstore_id-1=584&term_id-1=2022 Spring&crn-1=13261",""
"202210","IE790C","DOC DISSERTATION & RES","400","13262","",""," ","Closed","0","0","Abdou, George","Face-to-Face","6","https://www.bkstr.com/webapp/wcs/stores/servlet/booklookServlet?bookstore_id-1=584&term_id-1=2022 Spring&crn-1=13262",""
"202210","IE790C","DOC DISSERTATION & RES","402","13263","",""," ","Closed","0","0","Sengupta, Arijit","Face-to-Face","6","https://www.bkstr.com/webapp/wcs/stores/servlet/booklookServlet?bookstore_id-1=584&term_id-1=2022 Spring&crn-1=13263",""
"202210","IE790C","DOC DISSERTATION & RES","403","13264","",""," ","Closed","0","0","Tricamo, Stephen","Face-to-Face","6","https://www.bkstr.com/webapp/wcs/stores/servlet/booklookServlet?bookstore_id-1=584&term_id-1=2022 Spring&crn-1=13264",""
"202210","IE790C","DOC DISSERTATION & RES","407","13265","",""," ","Closed","0","0","Ranky, Paul","Face-to-Face","6","https://www.bkstr.com/webapp/wcs/stores/servlet/booklookServlet?bookstore_id-1=584&term_id-1=2022 Spring&crn-1=13265",""
"202210","IE790C","DOC DISSERTATION & RES","487","13266","",""," ","Closed","0","0","Cai, Wenbo","Face-to-Face","6","https://www.bkstr.com/webapp/wcs/stores/servlet/booklookServlet?bookstore_id-1=584&term_id-1=2022 Spring&crn-1=13266",""
"202210","IE790C","DOC DISSERTATION & RES","488","13267","",""," ","Closed","0","0","Buyuktahtakin-Toy, Ismet","Face-to-Face","6","https://www.bkstr.com/webapp/wcs/stores/servlet/booklookServlet?bookstore_id-1=584&term_id-1=2022 Spring&crn-1=13267",""
"202210","IE790D","DOC DISSERTATION & RES","390","13268","",""," ","Closed","0","0","Abdel-Malek, Layek","Face-to-Face","9","https://www.bkstr.com/webapp/wcs/stores/servlet/booklookServlet?bookstore_id-1=584&term_id-1=2022 Spring&crn-1=13268",""
"202210","IE790D","DOC DISSERTATION & RES","391","13269","",""," ","Closed","0","0","Bengu, Golgen","Face-to-Face","9","https://www.bkstr.com/webapp/wcs/stores/servlet/booklookServlet?bookstore_id-1=584&term_id-1=2022 Spring&crn-1=13269",""
"202210","IE790D","DOC DISSERTATION & RES","392","13270","",""," ","Closed","0","0","Bladikas, Athanassios","Face-to-Face","9","https://www.bkstr.com/webapp/wcs/stores/servlet/booklookServlet?bookstore_id-1=584&term_id-1=2022 Spring&crn-1=13270",""
"202210","IE790D","DOC DISSERTATION & RES","394","13271","",""," ","Closed","0","0","Das, Sanchoy","Face-to-Face","9","https://www.bkstr.com/webapp/wcs/stores/servlet/booklookServlet?bookstore_id-1=584&term_id-1=2022 Spring&crn-1=13271",""
"202210","IE790D","DOC DISSERTATION & RES","400","13272","",""," ","Closed","0","0","Abdou, George","Face-to-Face","9","https://www.bkstr.com/webapp/wcs/stores/servlet/booklookServlet?bookstore_id-1=584&term_id-1=2022 Spring&crn-1=13272",""
"202210","IE790D","DOC DISSERTATION & RES","402","13273","",""," ","Closed","0","0","Sengupta, Arijit","Face-to-Face","9","https://www.bkstr.com/webapp/wcs/stores/servlet/booklookServlet?bookstore_id-1=584&term_id-1=2022 Spring&crn-1=13273",""
"202210","IE790D","DOC DISSERTATION & RES","403","13274","",""," ","Closed","0","0","Tricamo, Stephen","Face-to-Face","9","https://www.bkstr.com/webapp/wcs/stores/servlet/booklookServlet?bookstore_id-1=584&term_id-1=2022 Spring&crn-1=13274",""
"202210","IE790D","DOC DISSERTATION & RES","407","13275","",""," ","Closed","0","0","Ranky, Paul","Face-to-Face","9","https://www.bkstr.com/webapp/wcs/stores/servlet/booklookServlet?bookstore_id-1=584&term_id-1=2022 Spring&crn-1=13275",""
"202210","IE790D","DOC DISSERTATION & RES","487","13276","",""," ","Closed","0","0","Cai, Wenbo","Face-to-Face","9","https://www.bkstr.com/webapp/wcs/stores/servlet/booklookServlet?bookstore_id-1=584&term_id-1=2022 Spring&crn-1=13276",""
"202210","IE790D","DOC DISSERTATION & RES","488","13277","",""," ","Closed","0","0","Buyuktahtakin-Toy, Ismet","Face-to-Face","9","https://www.bkstr.com/webapp/wcs/stores/servlet/booklookServlet?bookstore_id-1=584&term_id-1=2022 Spring&crn-1=13277",""
"202210","IE791","GRADUATE SEMINAR","002","13278","W","1:00 PM - 2:20 PM","ME 221","Open","30","0","Das, Sanchoy","Face-to-Face","0","https://www.bkstr.com/webapp/wcs/stores/servlet/booklookServlet?bookstore_id-1=584&term_id-1=2022 Spring&crn-1=13278",""
"202210","IE792B","PRE DOCTORAL RESEARCH","390","15886","",""," ","Closed","0","1","Abdel-Malek, Layek","Face-to-Face","3","https://www.bkstr.com/webapp/wcs/stores/servlet/booklookServlet?bookstore_id-1=584&term_id-1=2022 Spring&crn-1=15886",""
"202210","IE792B","PRE DOCTORAL RESEARCH","394","15845","",""," ","Closed","0","0","Das, Sanchoy","Face-to-Face","3","https://www.bkstr.com/webapp/wcs/stores/servlet/booklookServlet?bookstore_id-1=584&term_id-1=2022 Spring&crn-1=15845",""
