"Term","Course","Title","Section","CRN","Days","Times","Location","Status","Max","Now","Instructor","Delivery Mode","Credits","Info","Comments"
"202210","INT222","BUILDING & INTERIOR SYSTEMS II","002","13279","TF","10:00 AM - 11:20 AM","FMH 203","Closed","15","15","Garcia Figueroa, Julio","Face-to-Face","3","https://www.bkstr.com/webapp/wcs/stores/servlet/booklookServlet?bookstore_id-1=584&term_id-1=2022 Spring&crn-1=13279",""
"202210","INT264","INTERIOR DESIGN STUDIO II","002","13280","MR","1:00 PM - 5:20 PM"," ","Open","15","13","Goldman, Glenn","Face-to-Face","4","https://www.bkstr.com/webapp/wcs/stores/servlet/booklookServlet?bookstore_id-1=584&term_id-1=2022 Spring&crn-1=13280",""
"202210","INT322","CONTRACT DOCUMENTS","102","13281","T","6:00 PM - 8:50 PM","ECEC 100","Open","15","11","Cisneros, Myrland","Face-to-Face","3","https://www.bkstr.com/webapp/wcs/stores/servlet/booklookServlet?bookstore_id-1=584&term_id-1=2022 Spring&crn-1=13281",""
"202210","INT351","FURNITURE DESIGN","002","13282","W","11:30 AM - 2:20 PM"," ","Closed","15","16","Mead, Kiel","Face-to-Face","3","https://www.bkstr.com/webapp/wcs/stores/servlet/booklookServlet?bookstore_id-1=584&term_id-1=2022 Spring&crn-1=13282",""
"202210","INT364","INTERIOR DESIGN STUDIO IV","002","13283","MR","12:00 PM - 5:20 PM"," ","Open","15","12","Penalba Estebanez, Ana","Face-to-Face","5","https://www.bkstr.com/webapp/wcs/stores/servlet/booklookServlet?bookstore_id-1=584&term_id-1=2022 Spring&crn-1=13283",""
"202210","INT464","INTERIOR DESIGN STUDIO V","002","13284","MR","12:00 PM - 5:20 PM"," ","Open","15","13","Brothers, David","Face-to-Face","5","https://www.bkstr.com/webapp/wcs/stores/servlet/booklookServlet?bookstore_id-1=584&term_id-1=2022 Spring&crn-1=13284",""
