"Term","Course","Title","Section","CRN","Days","Times","Location","Status","Max","Now","Instructor","Delivery Mode","Credits","Info","Comments"
"202210","IS117","INTRO TO WEBSITE DEVELOPMENT","004","13286","MW","1:00 PM - 2:20 PM","GITC 2400","Closed","30","30","Chiusano, Mark","Face-to-Face","3","https://www.bkstr.com/webapp/wcs/stores/servlet/booklookServlet?bookstore_id-1=584&term_id-1=2022 Spring&crn-1=13286",""
"202210","IS117","INTRO TO WEBSITE DEVELOPMENT","006","13287","MR","2:30 PM - 3:50 PM","MALL PC39","Closed","30","30","Chiusano, Mark","Face-to-Face","3","https://www.bkstr.com/webapp/wcs/stores/servlet/booklookServlet?bookstore_id-1=584&term_id-1=2022 Spring&crn-1=13287",""
"202210","IS117","INTRO TO WEBSITE DEVELOPMENT","102","13288","W","6:00 PM - 8:50 PM","FENS 160","Closed","30","30","Hendela, Arthur","Face-to-Face","3","https://www.bkstr.com/webapp/wcs/stores/servlet/booklookServlet?bookstore_id-1=584&term_id-1=2022 Spring&crn-1=13288",""
"202210","IS117","INTRO TO WEBSITE DEVELOPMENT","104","15838","R","6:00 PM - 8:50 PM","MALL PC36","Closed","30","30","Chiusano, Mark","Face-to-Face","3","https://www.bkstr.com/webapp/wcs/stores/servlet/booklookServlet?bookstore_id-1=584&term_id-1=2022 Spring&crn-1=15838",""
"202210","IS218","BUILDING WEB APPLICATIONS","002","13289","MW","10:00 AM - 11:20 AM","GITC 2400","Closed","30","30","Li, Yi","Face-to-Face","3","https://www.bkstr.com/webapp/wcs/stores/servlet/booklookServlet?bookstore_id-1=584&term_id-1=2022 Spring&crn-1=13289",""
"202210","IS218","BUILDING WEB APPLICATIONS","004","13290","TR","10:00 AM - 11:20 AM","MALL PC39","Closed","30","30","Williams, Keith","Face-to-Face","3","https://www.bkstr.com/webapp/wcs/stores/servlet/booklookServlet?bookstore_id-1=584&term_id-1=2022 Spring&crn-1=13290",""
"202210","IS218","BUILDING WEB APPLICATIONS","006","13291","TR","1:00 PM - 2:20 PM","MALL PC40","Closed","30","30","Williams, Keith","Face-to-Face","3","https://www.bkstr.com/webapp/wcs/stores/servlet/booklookServlet?bookstore_id-1=584&term_id-1=2022 Spring&crn-1=13291",""
"202210","IS219","ADV WEBSITE DEVELOPMENT","002","13292","WF","1:00 PM - 2:20 PM","MALL PC40","Closed","30","30","Williams, Keith","Face-to-Face","3","https://www.bkstr.com/webapp/wcs/stores/servlet/booklookServlet?bookstore_id-1=584&term_id-1=2022 Spring&crn-1=13292",""
"202210","IS219","ADV WEBSITE DEVELOPMENT","FHS","15897","",""," ","Closed","0","9","","Face-to-Face","3","https://www.bkstr.com/webapp/wcs/stores/servlet/booklookServlet?bookstore_id-1=584&term_id-1=2022 Spring&crn-1=15897","For Freehold High School Students Only"
"202210","IS247","DESIGNING THE USER EXPERIENCE","002","13293","TF","10:00 AM - 11:20 AM","CKB 315","Closed","30","30","Cartwright, Mark","Face-to-Face","3","https://www.bkstr.com/webapp/wcs/stores/servlet/booklookServlet?bookstore_id-1=584&term_id-1=2022 Spring&crn-1=13293",""
"202210","IS247","DESIGNING THE USER EXPERIENCE","004","13294","MW","1:00 PM - 2:20 PM","CKB G-08","Open","30","29","Jones, Quentin","Face-to-Face","3","https://www.bkstr.com/webapp/wcs/stores/servlet/booklookServlet?bookstore_id-1=584&term_id-1=2022 Spring&crn-1=13294",""
"202210","IS247","DESIGNING THE USER EXPERIENCE","102","13295","R","6:00 PM - 8:50 PM","CKB G-08","Open","30","23","Jones, Quentin","Face-to-Face","3","https://www.bkstr.com/webapp/wcs/stores/servlet/booklookServlet?bookstore_id-1=584&term_id-1=2022 Spring&crn-1=13295",""
"202210","IS265","INTRO TO INFORMATION SYSTEMS","002","13296","TR","10:00 AM - 11:20 AM","TIER 106","Open","30","29","Hendela, Arthur","Face-to-Face","3","https://www.bkstr.com/webapp/wcs/stores/servlet/booklookServlet?bookstore_id-1=584&term_id-1=2022 Spring&crn-1=13296",""
"202210","IS265","INTRO TO INFORMATION SYSTEMS","004","13297","TR","11:30 AM - 12:50 PM","CKB 223","Open","30","29","Wu, Yi-Fang","Face-to-Face","3","https://www.bkstr.com/webapp/wcs/stores/servlet/booklookServlet?bookstore_id-1=584&term_id-1=2022 Spring&crn-1=13297",""
"202210","IS265","INTRO TO INFORMATION SYSTEMS","006","13298","R","6:00 PM - 8:50 PM","TIER 105","Closed","30","30","Wu, Yi-Fang","Face-to-Face","3","https://www.bkstr.com/webapp/wcs/stores/servlet/booklookServlet?bookstore_id-1=584&term_id-1=2022 Spring&crn-1=13298",""
"202210","IS322","MOBILE APPLICATIONS: DESIGN","102","13299","W","6:00 PM - 8:50 PM","MALL PC36","Open","30","26","Nissen, Bryan","Face-to-Face","3","https://www.bkstr.com/webapp/wcs/stores/servlet/booklookServlet?bookstore_id-1=584&term_id-1=2022 Spring&crn-1=13299",""
"202210","IS331","DATABASE DESIGN, MGMT & APPL","002","13300","M","1:00 PM - 2:20 PM","GITC 2315C","Closed","30","30","Hendela, Arthur","Face-to-Face","3","https://www.bkstr.com/webapp/wcs/stores/servlet/booklookServlet?bookstore_id-1=584&term_id-1=2022 Spring&crn-1=13300",""
"202210","IS331","DATABASE DESIGN, MGMT & APPL","002","13300","M","1:00 PM - 2:20 PM","GITC 2315C","Closed","30","30","Hendela, Arthur","Face-to-Face","3","https://www.bkstr.com/webapp/wcs/stores/servlet/booklookServlet?bookstore_id-1=584&term_id-1=2022 Spring&crn-1=13300",""
"202210","IS331","DATABASE DESIGN, MGMT & APPL","002","13300","T","1:00 PM - 2:20 PM","GITC 2315C","Closed","30","30","Hendela, Arthur","Face-to-Face","3","https://www.bkstr.com/webapp/wcs/stores/servlet/booklookServlet?bookstore_id-1=584&term_id-1=2022 Spring&crn-1=13300",""
"202210","IS331","DATABASE DESIGN, MGMT & APPL","002","13300","T","1:00 PM - 2:20 PM","GITC 2315C","Closed","30","30","Hendela, Arthur","Face-to-Face","3","https://www.bkstr.com/webapp/wcs/stores/servlet/booklookServlet?bookstore_id-1=584&term_id-1=2022 Spring&crn-1=13300",""
"202210","IS331","DATABASE DESIGN, MGMT & APPL","004","13301","M","2:30 PM - 3:50 PM","MALL PC40","Closed","30","30","Hendela, Arthur","Face-to-Face","3","https://www.bkstr.com/webapp/wcs/stores/servlet/booklookServlet?bookstore_id-1=584&term_id-1=2022 Spring&crn-1=13301",""
"202210","IS331","DATABASE DESIGN, MGMT & APPL","004","13301","M","2:30 PM - 3:50 PM","MALL PC40","Closed","30","30","Hendela, Arthur","Face-to-Face","3","https://www.bkstr.com/webapp/wcs/stores/servlet/booklookServlet?bookstore_id-1=584&term_id-1=2022 Spring&crn-1=13301",""
"202210","IS331","DATABASE DESIGN, MGMT & APPL","004","13301","T","2:30 PM - 3:50 PM","GITC 2400","Closed","30","30","Hendela, Arthur","Face-to-Face","3","https://www.bkstr.com/webapp/wcs/stores/servlet/booklookServlet?bookstore_id-1=584&term_id-1=2022 Spring&crn-1=13301",""
"202210","IS331","DATABASE DESIGN, MGMT & APPL","004","13301","T","2:30 PM - 3:50 PM","GITC 2400","Closed","30","30","Hendela, Arthur","Face-to-Face","3","https://www.bkstr.com/webapp/wcs/stores/servlet/booklookServlet?bookstore_id-1=584&term_id-1=2022 Spring&crn-1=13301",""
"202210","IS331","DATABASE DESIGN, MGMT & APPL","006","13302","TF","1:00 PM - 2:20 PM","MALL PC36","Open","30","14","Lin, Lin","Face-to-Face","3","https://www.bkstr.com/webapp/wcs/stores/servlet/booklookServlet?bookstore_id-1=584&term_id-1=2022 Spring&crn-1=13302",""
"202210","IS331","DATABASE DESIGN, MGMT & APPL","452","13303","",""," ","Closed","30","30","Markson, Christopher","","3","https://www.bkstr.com/webapp/wcs/stores/servlet/booklookServlet?bookstore_id-1=584&term_id-1=2022 Spring&crn-1=13303","Online Course"
"202210","IS333","SOCIAL NETWORK ANALYSIS","002","13304","WF","1:00 PM - 2:20 PM","CKB 215","Open","30","13","Phan, Hai","Face-to-Face","3","https://www.bkstr.com/webapp/wcs/stores/servlet/booklookServlet?bookstore_id-1=584&term_id-1=2022 Spring&crn-1=13304",""
"202210","IS344","COMPUTING APPLICATIONS IN BUS","002","13305","T","10:00 AM - 11:20 AM","ECEC 115","Open","30","29","Ullman, David","Hybrid","3","https://www.bkstr.com/webapp/wcs/stores/servlet/booklookServlet?bookstore_id-1=584&term_id-1=2022 Spring&crn-1=13305","Hybrid Course<br />https://www.njit.edu/registrar/instructionaldelivery/"
"202210","IS344","COMPUTING APPLICATIONS IN BUS","002","13305","",""," ","Open","30","29","Ullman, David","Hybrid","3","https://www.bkstr.com/webapp/wcs/stores/servlet/booklookServlet?bookstore_id-1=584&term_id-1=2022 Spring&crn-1=13305","Hybrid Course<br />https://www.njit.edu/registrar/instructionaldelivery/"
"202210","IS344","COMPUTING APPLICATIONS IN BUS","102","13306","M","6:00 PM - 7:20 PM","FMH 413","Open","30","13","Ullman, David","Hybrid","3","https://www.bkstr.com/webapp/wcs/stores/servlet/booklookServlet?bookstore_id-1=584&term_id-1=2022 Spring&crn-1=13306","Hybrid Course<br />https://www.njit.edu/registrar/instructionaldelivery/"
"202210","IS344","COMPUTING APPLICATIONS IN BUS","102","13306","",""," ","Open","30","13","Ullman, David","Hybrid","3","https://www.bkstr.com/webapp/wcs/stores/servlet/booklookServlet?bookstore_id-1=584&term_id-1=2022 Spring&crn-1=13306","Hybrid Course<br />https://www.njit.edu/registrar/instructionaldelivery/"
"202210","IS350","COMPUTERS, SOCIETY AND ETHICS","002","13307","MR","2:30 PM - 3:50 PM","FMH 110","Closed","36","36","Egan, Richard","Face-to-Face","3","https://www.bkstr.com/webapp/wcs/stores/servlet/booklookServlet?bookstore_id-1=584&term_id-1=2022 Spring&crn-1=13307",""
"202210","IS350","COMPUTERS, SOCIETY AND ETHICS","102","13308","R","6:00 PM - 8:50 PM","FMH 213","Closed","36","36","Egan, Richard","Face-to-Face","3","https://www.bkstr.com/webapp/wcs/stores/servlet/booklookServlet?bookstore_id-1=584&term_id-1=2022 Spring&crn-1=13308",""
"202210","IS350","COMPUTERS, SOCIETY AND ETHICS","104","13309","T","6:00 PM - 8:50 PM","CKB 215","Closed","36","36","Will, Todd","Face-to-Face","3","https://www.bkstr.com/webapp/wcs/stores/servlet/booklookServlet?bookstore_id-1=584&term_id-1=2022 Spring&crn-1=13309",""
"202210","IS350","COMPUTERS, SOCIETY AND ETHICS","106","13310","R","6:00 PM - 8:50 PM","FMH 408","Closed","36","36","Will, Todd","Face-to-Face","3","https://www.bkstr.com/webapp/wcs/stores/servlet/booklookServlet?bookstore_id-1=584&term_id-1=2022 Spring&crn-1=13310",""
"202210","IS350","COMPUTERS, SOCIETY AND ETHICS","452","13311","",""," ","Closed","30","30","Plotnick, Linda","","3","https://www.bkstr.com/webapp/wcs/stores/servlet/booklookServlet?bookstore_id-1=584&term_id-1=2022 Spring&crn-1=13311","Online Course"
"202210","IS350","COMPUTERS, SOCIETY AND ETHICS","454","13312","",""," ","Closed","30","30","Teran, Segundo","","3","https://www.bkstr.com/webapp/wcs/stores/servlet/booklookServlet?bookstore_id-1=584&term_id-1=2022 Spring&crn-1=13312","Online Course"
"202210","IS350","COMPUTERS, SOCIETY AND ETHICS","456","13313","",""," ","Closed","30","30","Teran, Segundo","","3","https://www.bkstr.com/webapp/wcs/stores/servlet/booklookServlet?bookstore_id-1=584&term_id-1=2022 Spring&crn-1=13313","Online Course"
"202210","IS350","COMPUTERS, SOCIETY AND ETHICS","458","13314","",""," ","Closed","30","30","Egan, Frances","","3","https://www.bkstr.com/webapp/wcs/stores/servlet/booklookServlet?bookstore_id-1=584&term_id-1=2022 Spring&crn-1=13314","Online Course"
"202210","IS350","COMPUTERS, SOCIETY AND ETHICS","460","13315","",""," ","Closed","30","30","Egan, Frances","","3","https://www.bkstr.com/webapp/wcs/stores/servlet/booklookServlet?bookstore_id-1=584&term_id-1=2022 Spring&crn-1=13315","Online Course"
"202210","IS350","COMPUTERS, SOCIETY AND ETHICS","462","13316","",""," ","Closed","30","30","Plotnick, Linda","","3","https://www.bkstr.com/webapp/wcs/stores/servlet/booklookServlet?bookstore_id-1=584&term_id-1=2022 Spring&crn-1=13316","Online Course"
"202210","IS390","ANALYSIS & SYSTEM DESIGN","002","13317","T","11:30 AM - 12:50 PM","ECEC 115","Open","30","20","Ullman, David","Hybrid","3","https://www.bkstr.com/webapp/wcs/stores/servlet/booklookServlet?bookstore_id-1=584&term_id-1=2022 Spring&crn-1=13317","Hybrid Course<br />https://www.njit.edu/registrar/instructionaldelivery/"
"202210","IS390","ANALYSIS & SYSTEM DESIGN","002","13317","",""," ","Open","30","20","Ullman, David","Hybrid","3","https://www.bkstr.com/webapp/wcs/stores/servlet/booklookServlet?bookstore_id-1=584&term_id-1=2022 Spring&crn-1=13317","Hybrid Course<br />https://www.njit.edu/registrar/instructionaldelivery/"
"202210","IS390","ANALYSIS & SYSTEM DESIGN","452","13318","",""," ","Closed","30","30","Yoo, Charles","","3","https://www.bkstr.com/webapp/wcs/stores/servlet/booklookServlet?bookstore_id-1=584&term_id-1=2022 Spring&crn-1=13318","Online Course"
"202210","IS392","WEB MINING & INFOR RETRIEVAL","002","13319","MW","11:30 AM - 12:50 PM","TIER 113","Open","30","21","Wei, Hua","Face-to-Face","3","https://www.bkstr.com/webapp/wcs/stores/servlet/booklookServlet?bookstore_id-1=584&term_id-1=2022 Spring&crn-1=13319",""
"202210","IS421","ADVANCED WEB APPLICATIONS","002","13320","WF","10:00 AM - 11:20 AM","CKB 313","Open","30","11","Williams, Keith","Face-to-Face","3","https://www.bkstr.com/webapp/wcs/stores/servlet/booklookServlet?bookstore_id-1=584&term_id-1=2022 Spring&crn-1=13320",""
"202210","IS455","IS MGMT & BUSINESS PROCESSES","102","13321","M","6:00 PM - 8:50 PM","FMH 307","Closed","30","33","Egan, Richard","Face-to-Face","3","https://www.bkstr.com/webapp/wcs/stores/servlet/booklookServlet?bookstore_id-1=584&term_id-1=2022 Spring&crn-1=13321",""
"202210","IS465","ADVANCED INFORMATION SYSTEMS","002","13322","TF","2:30 PM - 3:50 PM","KUPF 203","Closed","30","31","Lin, Lin","Face-to-Face","3","https://www.bkstr.com/webapp/wcs/stores/servlet/booklookServlet?bookstore_id-1=584&term_id-1=2022 Spring&crn-1=13322",""
"202210","IS485","ST: AI FOR ARTIFICIAL WORLDS","002","15346","T","4:00 PM - 5:20 PM"," ","Cancelled","13","0","","Face-to-Face","3","https://www.bkstr.com/webapp/wcs/stores/servlet/booklookServlet?bookstore_id-1=584&term_id-1=2022 Spring&crn-1=15346","Cancelled 01/18/22"
"202210","IS485","ST: AI FOR ARTIFICIAL WORLDS","002","15346","W","11:30 AM - 12:50 PM"," ","Cancelled","13","0","","Face-to-Face","3","https://www.bkstr.com/webapp/wcs/stores/servlet/booklookServlet?bookstore_id-1=584&term_id-1=2022 Spring&crn-1=15346","Cancelled 01/18/22"
"202210","IS485","ST: DESIGN THINKING: ADDRESSING STRUCTURAL INEQUALITY - HONORS","H02","13323","TR","1:00 PM - 2:20 PM","CULM 111","Open","25","14","Lee, Michael","Face-to-Face","3","https://www.bkstr.com/webapp/wcs/stores/servlet/booklookServlet?bookstore_id-1=584&term_id-1=2022 Spring&crn-1=13323","Honors Course"
"202210","IS488","INDEPENDENT STUDY IN INFO","547","13324","",""," ","Closed","0","0","McHugh, James","Face-to-Face","3","https://www.bkstr.com/webapp/wcs/stores/servlet/booklookServlet?bookstore_id-1=584&term_id-1=2022 Spring&crn-1=13324",""
"202210","IS488","INDEPENDENT STUDY IN INFO","558","13325","",""," ","Closed","0","0","Wohn, Donghee","Face-to-Face","3","https://www.bkstr.com/webapp/wcs/stores/servlet/booklookServlet?bookstore_id-1=584&term_id-1=2022 Spring&crn-1=13325",""
"202210","IS488","INDEPENDENT STUDY IN INFO","559","13326","",""," ","Closed","0","0","Lin, Lin","Face-to-Face","3","https://www.bkstr.com/webapp/wcs/stores/servlet/booklookServlet?bookstore_id-1=584&term_id-1=2022 Spring&crn-1=13326",""
"202210","IS488","INDEPENDENT STUDY IN INFO","564","13327","",""," ","Closed","0","0","Borcea, Cristian","Face-to-Face","3","https://www.bkstr.com/webapp/wcs/stores/servlet/booklookServlet?bookstore_id-1=584&term_id-1=2022 Spring&crn-1=13327",""
"202210","IS488","INDEPENDENT STUDY IN INFO","569","13328","",""," ","Closed","0","0","Sequeira, Marc","Face-to-Face","3","https://www.bkstr.com/webapp/wcs/stores/servlet/booklookServlet?bookstore_id-1=584&term_id-1=2022 Spring&crn-1=13328",""
"202210","IS488","INDEPENDENT STUDY IN INFO","581","13329","",""," ","Closed","0","0","Nakayama, Marvin","Face-to-Face","3","https://www.bkstr.com/webapp/wcs/stores/servlet/booklookServlet?bookstore_id-1=584&term_id-1=2022 Spring&crn-1=13329",""
"202210","IS488","INDEPENDENT STUDY IN INFO","590","13330","",""," ","Closed","0","0","Statica, Robert","Face-to-Face","3","https://www.bkstr.com/webapp/wcs/stores/servlet/booklookServlet?bookstore_id-1=584&term_id-1=2022 Spring&crn-1=13330",""
"202210","IS488","INDEPENDENT STUDY IN INFO","595","13331","",""," ","Closed","0","0","Williams, Keith","Face-to-Face","3","https://www.bkstr.com/webapp/wcs/stores/servlet/booklookServlet?bookstore_id-1=584&term_id-1=2022 Spring&crn-1=13331",""
"202210","IS488","INDEPENDENT STUDY IN INFO","599","13332","",""," ","Closed","0","1","Chiusano, Mark","Face-to-Face","3","https://www.bkstr.com/webapp/wcs/stores/servlet/booklookServlet?bookstore_id-1=584&term_id-1=2022 Spring&crn-1=13332",""
"202210","IS488","INDEPENDENT STUDY IN INFO","602","13333","",""," ","Closed","0","0","Wei, Hua","Face-to-Face","3","https://www.bkstr.com/webapp/wcs/stores/servlet/booklookServlet?bookstore_id-1=584&term_id-1=2022 Spring&crn-1=13333",""
"202210","IS488","INDEPENDENT STUDY IN INFO","603","13334","",""," ","Closed","0","0","Biocca, Frank","Face-to-Face","3","https://www.bkstr.com/webapp/wcs/stores/servlet/booklookServlet?bookstore_id-1=584&term_id-1=2022 Spring&crn-1=13334",""
"202210","IS488","INDEPENDENT STUDY IN INFO","604","13335","",""," ","Closed","0","0","Oria, Vincent","Face-to-Face","3","https://www.bkstr.com/webapp/wcs/stores/servlet/booklookServlet?bookstore_id-1=584&term_id-1=2022 Spring&crn-1=13335",""
"202210","IS488","INDEPENDENT STUDY IN INFO","605","13336","",""," ","Closed","0","0","Halper, Michael","Face-to-Face","3","https://www.bkstr.com/webapp/wcs/stores/servlet/booklookServlet?bookstore_id-1=584&term_id-1=2022 Spring&crn-1=13336",""
"202210","IS488","INDEPENDENT STUDY IN INFO","607","13337","",""," ","Closed","0","1","Kehoe, Donald","Face-to-Face","3","https://www.bkstr.com/webapp/wcs/stores/servlet/booklookServlet?bookstore_id-1=584&term_id-1=2022 Spring&crn-1=13337",""
"202210","IS488","INDEPENDENT STUDY IN INFO","609","13338","",""," ","Closed","0","0","Cartwright, Mark","Face-to-Face","3","https://www.bkstr.com/webapp/wcs/stores/servlet/booklookServlet?bookstore_id-1=584&term_id-1=2022 Spring&crn-1=13338",""
"202210","IS488","INDEPENDENT STUDY IN INFO","610","13339","",""," ","Closed","0","0","Dasgupta, Aritra","Face-to-Face","3","https://www.bkstr.com/webapp/wcs/stores/servlet/booklookServlet?bookstore_id-1=584&term_id-1=2022 Spring&crn-1=13339",""
"202210","IS488","INDEPENDENT STUDY IN INFO","611","13340","",""," ","Closed","0","0","Hoover, Amy","Face-to-Face","3","https://www.bkstr.com/webapp/wcs/stores/servlet/booklookServlet?bookstore_id-1=584&term_id-1=2022 Spring&crn-1=13340",""
"202210","IS488","INDEPENDENT STUDY IN INFO","612","13341","",""," ","Closed","0","0","Vinnikov, Margarita","Face-to-Face","3","https://www.bkstr.com/webapp/wcs/stores/servlet/booklookServlet?bookstore_id-1=584&term_id-1=2022 Spring&crn-1=13341",""
"202210","IS488","INDEPENDENT STUDY IN INFO","613","13342","",""," ","Closed","0","0","Chen, Yi","Face-to-Face","3","https://www.bkstr.com/webapp/wcs/stores/servlet/booklookServlet?bookstore_id-1=584&term_id-1=2022 Spring&crn-1=13342",""
"202210","IS488","INDEPENDENT STUDY IN INFO","615","13343","",""," ","Closed","0","0","Wang, Shaohua","Face-to-Face","3","https://www.bkstr.com/webapp/wcs/stores/servlet/booklookServlet?bookstore_id-1=584&term_id-1=2022 Spring&crn-1=13343",""
"202210","IS488","INDEPENDENT STUDY IN INFO","616","13344","",""," ","Closed","0","0","Phan, Hai","Face-to-Face","3","https://www.bkstr.com/webapp/wcs/stores/servlet/booklookServlet?bookstore_id-1=584&term_id-1=2022 Spring&crn-1=13344",""
"202210","IS488","INDEPENDENT STUDY IN INFO","617","13345","",""," ","Closed","0","0","Daher, Salam","Face-to-Face","3","https://www.bkstr.com/webapp/wcs/stores/servlet/booklookServlet?bookstore_id-1=584&term_id-1=2022 Spring&crn-1=13345",""
"202210","IS488","INDEPENDENT STUDY IN INFO","618","13346","",""," ","Closed","0","0","Neamtiu, Iulian","Face-to-Face","3","https://www.bkstr.com/webapp/wcs/stores/servlet/booklookServlet?bookstore_id-1=584&term_id-1=2022 Spring&crn-1=13346",""
"202210","IS488","INDEPENDENT STUDY IN INFO","619","13347","",""," ","Closed","0","0","Jones, Quentin","Face-to-Face","3","https://www.bkstr.com/webapp/wcs/stores/servlet/booklookServlet?bookstore_id-1=584&term_id-1=2022 Spring&crn-1=13347",""
"202210","IS488","INDEPENDENT STUDY IN INFO","621","13348","",""," ","Closed","0","0","Egan, Richard","Face-to-Face","3","https://www.bkstr.com/webapp/wcs/stores/servlet/booklookServlet?bookstore_id-1=584&term_id-1=2022 Spring&crn-1=13348",""
"202210","IS488","INDEPENDENT STUDY IN INFO","622","13349","",""," ","Closed","0","0","Wu, Yi-Fang","Face-to-Face","3","https://www.bkstr.com/webapp/wcs/stores/servlet/booklookServlet?bookstore_id-1=584&term_id-1=2022 Spring&crn-1=13349",""
"202210","IS488","INDEPENDENT STUDY IN INFO","626","13350","",""," ","Closed","0","0","Cakareski, Jakov","Face-to-Face","3","https://www.bkstr.com/webapp/wcs/stores/servlet/booklookServlet?bookstore_id-1=584&term_id-1=2022 Spring&crn-1=13350",""
"202210","IS488","INDEPENDENT STUDY IN INFO","627","13351","",""," ","Closed","0","0","Weiss, Tomer","Face-to-Face","3","https://www.bkstr.com/webapp/wcs/stores/servlet/booklookServlet?bookstore_id-1=584&term_id-1=2022 Spring&crn-1=13351",""
"202210","IS488","INDEPENDENT STUDY IN INFO","628","13352","",""," ","Closed","0","0","Ullman, David","Face-to-Face","3","https://www.bkstr.com/webapp/wcs/stores/servlet/booklookServlet?bookstore_id-1=584&term_id-1=2022 Spring&crn-1=13352",""
"202210","IS488","INDEPENDENT STUDY IN INFO","629","13353","",""," ","Closed","0","0","","Face-to-Face","3","https://www.bkstr.com/webapp/wcs/stores/servlet/booklookServlet?bookstore_id-1=584&term_id-1=2022 Spring&crn-1=13353",""
"202210","IS488","INDEPENDENT STUDY IN INFO","630","13354","",""," ","Closed","0","0","Lee, Michael","Face-to-Face","3","https://www.bkstr.com/webapp/wcs/stores/servlet/booklookServlet?bookstore_id-1=584&term_id-1=2022 Spring&crn-1=13354",""
"202210","IS488","INDEPENDENT STUDY IN INFO","650","13355","",""," ","Closed","0","0","Klobucar, Philip","Face-to-Face","3","https://www.bkstr.com/webapp/wcs/stores/servlet/booklookServlet?bookstore_id-1=584&term_id-1=2022 Spring&crn-1=13355",""
"202210","IS488","INDEPENDENT STUDY IN INFO","896","13356","",""," ","Closed","0","0","Fjermestad, Jerry","Face-to-Face","3","https://www.bkstr.com/webapp/wcs/stores/servlet/booklookServlet?bookstore_id-1=584&term_id-1=2022 Spring&crn-1=13356",""
"202210","IS488","INDEPENDENT STUDY IN INFO","931","13357","",""," ","Closed","0","0","Ehrlich, Michael","Face-to-Face","3","https://www.bkstr.com/webapp/wcs/stores/servlet/booklookServlet?bookstore_id-1=584&term_id-1=2022 Spring&crn-1=13357",""
"202210","IS489","INFO UNDERGRAD THESIS RESEARCH","547","13358","",""," ","Closed","0","0","McHugh, James","Face-to-Face","3","https://www.bkstr.com/webapp/wcs/stores/servlet/booklookServlet?bookstore_id-1=584&term_id-1=2022 Spring&crn-1=13358",""
"202210","IS489","INFO UNDERGRAD THESIS RESEARCH","558","13359","",""," ","Closed","0","0","Wohn, Donghee","Face-to-Face","3","https://www.bkstr.com/webapp/wcs/stores/servlet/booklookServlet?bookstore_id-1=584&term_id-1=2022 Spring&crn-1=13359",""
"202210","IS489","INFO UNDERGRAD THESIS RESEARCH","564","13360","",""," ","Closed","0","0","Borcea, Cristian","Face-to-Face","3","https://www.bkstr.com/webapp/wcs/stores/servlet/booklookServlet?bookstore_id-1=584&term_id-1=2022 Spring&crn-1=13360",""
"202210","IS489","INFO UNDERGRAD THESIS RESEARCH","581","13361","",""," ","Closed","0","0","Nakayama, Marvin","Face-to-Face","3","https://www.bkstr.com/webapp/wcs/stores/servlet/booklookServlet?bookstore_id-1=584&term_id-1=2022 Spring&crn-1=13361",""
"202210","IS489","INFO UNDERGRAD THESIS RESEARCH","599","13362","",""," ","Closed","0","0","","Face-to-Face","3","https://www.bkstr.com/webapp/wcs/stores/servlet/booklookServlet?bookstore_id-1=584&term_id-1=2022 Spring&crn-1=13362",""
"202210","IS489","INFO UNDERGRAD THESIS RESEARCH","602","13363","",""," ","Closed","0","0","Wei, Hua","Face-to-Face","3","https://www.bkstr.com/webapp/wcs/stores/servlet/booklookServlet?bookstore_id-1=584&term_id-1=2022 Spring&crn-1=13363",""
"202210","IS489","INFO UNDERGRAD THESIS RESEARCH","603","13364","",""," ","Closed","0","0","Biocca, Frank","Face-to-Face","3","https://www.bkstr.com/webapp/wcs/stores/servlet/booklookServlet?bookstore_id-1=584&term_id-1=2022 Spring&crn-1=13364",""
"202210","IS489","INFO UNDERGRAD THESIS RESEARCH","604","13365","",""," ","Closed","0","0","Oria, Vincent","Face-to-Face","3","https://www.bkstr.com/webapp/wcs/stores/servlet/booklookServlet?bookstore_id-1=584&term_id-1=2022 Spring&crn-1=13365",""
"202210","IS489","INFO UNDERGRAD THESIS RESEARCH","605","13366","",""," ","Closed","0","0","Halper, Michael","Face-to-Face","3","https://www.bkstr.com/webapp/wcs/stores/servlet/booklookServlet?bookstore_id-1=584&term_id-1=2022 Spring&crn-1=13366",""
"202210","IS489","INFO UNDERGRAD THESIS RESEARCH","609","13367","",""," ","Closed","0","0","Cartwright, Mark","Face-to-Face","3","https://www.bkstr.com/webapp/wcs/stores/servlet/booklookServlet?bookstore_id-1=584&term_id-1=2022 Spring&crn-1=13367",""
"202210","IS489","INFO UNDERGRAD THESIS RESEARCH","610","13368","",""," ","Closed","0","0","Dasgupta, Aritra","Face-to-Face","3","https://www.bkstr.com/webapp/wcs/stores/servlet/booklookServlet?bookstore_id-1=584&term_id-1=2022 Spring&crn-1=13368",""
"202210","IS489","INFO UNDERGRAD THESIS RESEARCH","611","13369","",""," ","Closed","0","0","Hoover, Amy","Face-to-Face","3","https://www.bkstr.com/webapp/wcs/stores/servlet/booklookServlet?bookstore_id-1=584&term_id-1=2022 Spring&crn-1=13369",""
"202210","IS489","INFO UNDERGRAD THESIS RESEARCH","612","13370","",""," ","Closed","0","0","Vinnikov, Margarita","Face-to-Face","3","https://www.bkstr.com/webapp/wcs/stores/servlet/booklookServlet?bookstore_id-1=584&term_id-1=2022 Spring&crn-1=13370",""
"202210","IS489","INFO UNDERGRAD THESIS RESEARCH","613","13371","",""," ","Closed","0","0","Chen, Yi","Face-to-Face","3","https://www.bkstr.com/webapp/wcs/stores/servlet/booklookServlet?bookstore_id-1=584&term_id-1=2022 Spring&crn-1=13371",""
"202210","IS489","INFO UNDERGRAD THESIS RESEARCH","615","13372","",""," ","Closed","0","0","Wang, Shaohua","Face-to-Face","3","https://www.bkstr.com/webapp/wcs/stores/servlet/booklookServlet?bookstore_id-1=584&term_id-1=2022 Spring&crn-1=13372",""
"202210","IS489","INFO UNDERGRAD THESIS RESEARCH","616","13373","",""," ","Closed","0","0","Phan, Hai","Face-to-Face","3","https://www.bkstr.com/webapp/wcs/stores/servlet/booklookServlet?bookstore_id-1=584&term_id-1=2022 Spring&crn-1=13373",""
"202210","IS489","INFO UNDERGRAD THESIS RESEARCH","617","13374","",""," ","Closed","0","0","Daher, Salam","Face-to-Face","3","https://www.bkstr.com/webapp/wcs/stores/servlet/booklookServlet?bookstore_id-1=584&term_id-1=2022 Spring&crn-1=13374",""
"202210","IS489","INFO UNDERGRAD THESIS RESEARCH","618","13375","",""," ","Closed","0","0","Neamtiu, Iulian","Face-to-Face","3","https://www.bkstr.com/webapp/wcs/stores/servlet/booklookServlet?bookstore_id-1=584&term_id-1=2022 Spring&crn-1=13375",""
"202210","IS489","INFO UNDERGRAD THESIS RESEARCH","619","13376","",""," ","Closed","0","0","Jones, Quentin","Face-to-Face","3","https://www.bkstr.com/webapp/wcs/stores/servlet/booklookServlet?bookstore_id-1=584&term_id-1=2022 Spring&crn-1=13376",""
"202210","IS489","INFO UNDERGRAD THESIS RESEARCH","622","13377","",""," ","Closed","0","0","Wu, Yi-Fang","Face-to-Face","3","https://www.bkstr.com/webapp/wcs/stores/servlet/booklookServlet?bookstore_id-1=584&term_id-1=2022 Spring&crn-1=13377",""
"202210","IS489","INFO UNDERGRAD THESIS RESEARCH","626","13378","",""," ","Closed","0","0","Cakareski, Jakov","Face-to-Face","3","https://www.bkstr.com/webapp/wcs/stores/servlet/booklookServlet?bookstore_id-1=584&term_id-1=2022 Spring&crn-1=13378",""
"202210","IS489","INFO UNDERGRAD THESIS RESEARCH","627","13379","",""," ","Closed","0","0","Weiss, Tomer","Face-to-Face","3","https://www.bkstr.com/webapp/wcs/stores/servlet/booklookServlet?bookstore_id-1=584&term_id-1=2022 Spring&crn-1=13379",""
"202210","IS489","INFO UNDERGRAD THESIS RESEARCH","629","13380","",""," ","Closed","0","0","","Face-to-Face","3","https://www.bkstr.com/webapp/wcs/stores/servlet/booklookServlet?bookstore_id-1=584&term_id-1=2022 Spring&crn-1=13380",""
"202210","IS489","INFO UNDERGRAD THESIS RESEARCH","630","13381","",""," ","Closed","0","0","Lee, Michael","Face-to-Face","3","https://www.bkstr.com/webapp/wcs/stores/servlet/booklookServlet?bookstore_id-1=584&term_id-1=2022 Spring&crn-1=13381",""
"202210","IS489","INFO UNDERGRAD THESIS RESEARCH","650","13382","",""," ","Closed","0","0","Klobucar, Philip","Face-to-Face","3","https://www.bkstr.com/webapp/wcs/stores/servlet/booklookServlet?bookstore_id-1=584&term_id-1=2022 Spring&crn-1=13382",""
"202210","IS489","INFO UNDERGRAD THESIS RESEARCH","896","13383","",""," ","Closed","0","0","Fjermestad, Jerry","Face-to-Face","3","https://www.bkstr.com/webapp/wcs/stores/servlet/booklookServlet?bookstore_id-1=584&term_id-1=2022 Spring&crn-1=13383",""
"202210","IS489","INFO UNDERGRAD THESIS RESEARCH","931","13384","",""," ","Closed","0","0","Ehrlich, Michael","Face-to-Face","3","https://www.bkstr.com/webapp/wcs/stores/servlet/booklookServlet?bookstore_id-1=584&term_id-1=2022 Spring&crn-1=13384",""
"202210","IS491","SENIOR PROJECT - IS","513","15871","",""," ","Closed","0","6","Eljabiri, Osama","Face-to-Face","3","https://www.bkstr.com/webapp/wcs/stores/servlet/booklookServlet?bookstore_id-1=584&term_id-1=2022 Spring&crn-1=15871",""
"202210","IS601","WEB SYSTEMS DEVELOPMENT","002","13385","TR","2:30 PM - 3:50 PM","FMH 409","Closed","30","30","Williams, Keith","Face-to-Face","3","https://www.bkstr.com/webapp/wcs/stores/servlet/booklookServlet?bookstore_id-1=584&term_id-1=2022 Spring&crn-1=13385",""
"202210","IS601","WEB SYSTEMS DEVELOPMENT","004","15878","TR","2:30 PM - 3:50 PM","TIER 113","Closed","0","31","Toegel, Matthew","Face-to-Face","3","https://www.bkstr.com/webapp/wcs/stores/servlet/booklookServlet?bookstore_id-1=584&term_id-1=2022 Spring&crn-1=15878","Students must bring their own device for this section."
"202210","IS601","WEB SYSTEMS DEVELOPMENT","1J2","13386","M","6:00 PM - 8:50 PM"," ","Open","30","18","Tolboom, Ryan","Face-to-Face","3","https://www.bkstr.com/webapp/wcs/stores/servlet/booklookServlet?bookstore_id-1=584&term_id-1=2022 Spring&crn-1=13386","For Jersey City Students Only"
"202210","IS601","WEB SYSTEMS DEVELOPMENT","852","13387","",""," ","Closed","30","35","Williams, Keith","Online","3","https://www.bkstr.com/webapp/wcs/stores/servlet/booklookServlet?bookstore_id-1=584&term_id-1=2022 Spring&crn-1=13387","Restricted to Virtual Campus Students Only<br />Online Course"
"202210","IS631","ENTERPRISE DATABASE MANAGEMENT","102","13388","R","6:00 PM - 8:50 PM","CKB 217","Closed","30","38","Markulic, James","Face-to-Face","3","https://www.bkstr.com/webapp/wcs/stores/servlet/booklookServlet?bookstore_id-1=584&term_id-1=2022 Spring&crn-1=13388",""
"202210","IS631","ENTERPRISE DATABASE MANAGEMENT","852","13389","",""," ","Open","30","28","Markulic, James","Online","3","https://www.bkstr.com/webapp/wcs/stores/servlet/booklookServlet?bookstore_id-1=584&term_id-1=2022 Spring&crn-1=13389","Restricted to Virtual Campus Students Only<br />Online Course"
"202210","IS650","DATA VISUALIZATION & INTERPRET","1J2","13390","R","6:00 PM - 8:50 PM"," ","Closed","30","30","Dasgupta, Aritra","Face-to-Face","3","https://www.bkstr.com/webapp/wcs/stores/servlet/booklookServlet?bookstore_id-1=584&term_id-1=2022 Spring&crn-1=13390","For Jersey City Students Only"
"202210","IS661","USER EXPERIENCE DESIGN","002","13391","TR","4:00 PM - 5:20 PM"," ","Closed","0","0","","Face-to-Face","3","https://www.bkstr.com/webapp/wcs/stores/servlet/booklookServlet?bookstore_id-1=584&term_id-1=2022 Spring&crn-1=13391","Cancelled 2/8/22"
"202210","IS663","SYSTEM ANALYSIS AND DESIGN","102","13392","W","6:00 PM - 8:50 PM","CULM 110","Closed","39","40","Kirova, Vassilka","Hybrid","3","https://www.bkstr.com/webapp/wcs/stores/servlet/booklookServlet?bookstore_id-1=584&term_id-1=2022 Spring&crn-1=13392","Hybrid Course - Meets Alternate Weeks<br />https://www.njit.edu/registrar/instructionaldelivery/"
"202210","IS663","SYSTEM ANALYSIS AND DESIGN","852","13393","",""," ","Open","30","19","Sabet, Sameh","Online","3","https://www.bkstr.com/webapp/wcs/stores/servlet/booklookServlet?bookstore_id-1=584&term_id-1=2022 Spring&crn-1=13393","Restricted to Virtual Campus Students Only<br />Online Course"
"202210","IS665","DATA ANALYTICS FOR INFO SYSTEM","002","15348","T","11:30 AM - 2:20 PM","KUPF 117","Closed","40","40","Wang, Shaohua","Face-to-Face","3","https://www.bkstr.com/webapp/wcs/stores/servlet/booklookServlet?bookstore_id-1=584&term_id-1=2022 Spring&crn-1=15348",""
"202210","IS665","DATA ANALYTICS FOR INFO SYSTEM","004","15879","F","1:00 PM - 3:50 PM","KUPF 106","Open","30","20","Lai, Thi Kim Phung","Face-to-Face","3","https://www.bkstr.com/webapp/wcs/stores/servlet/booklookServlet?bookstore_id-1=584&term_id-1=2022 Spring&crn-1=15879",""
"202210","IS665","DATA ANALYTICS FOR INFO SYSTEM","1J2","13394","F","6:00 PM - 8:50 PM"," ","Open","30","10","Lin, Lin","Face-to-Face","3","https://www.bkstr.com/webapp/wcs/stores/servlet/booklookServlet?bookstore_id-1=584&term_id-1=2022 Spring&crn-1=13394","For Jersey City Students Only"
"202210","IS665","DATA ANALYTICS FOR INFO SYSTEM","852","13395","",""," ","Open","30","23","Lin, Lin","Online","3","https://www.bkstr.com/webapp/wcs/stores/servlet/booklookServlet?bookstore_id-1=584&term_id-1=2022 Spring&crn-1=13395","Restricted to Virtual Campus Students Only<br />Online Course"
"202210","IS676","REQUIREMENT ENGINEERING","852","13396","",""," ","Open","30","20","Sabet, Sameh","","3","https://www.bkstr.com/webapp/wcs/stores/servlet/booklookServlet?bookstore_id-1=584&term_id-1=2022 Spring&crn-1=13396","Restricted to Newark Campus Students Only<br />Online Course"
"202210","IS677","INFORMATION SYSTEM PRINCIPLES","002","13397","MR","1:00 PM - 2:20 PM","FMH 413","Closed","30","32","Egan, Richard","Face-to-Face","3","https://www.bkstr.com/webapp/wcs/stores/servlet/booklookServlet?bookstore_id-1=584&term_id-1=2022 Spring&crn-1=13397",""
"202210","IS681","COMPUTER SECURITY AUDITING","852","13398","",""," ","Closed","30","30","Pak, Charles","Online","3","https://www.bkstr.com/webapp/wcs/stores/servlet/booklookServlet?bookstore_id-1=584&term_id-1=2022 Spring&crn-1=13398","Restricted to Virtual Campus Students Only<br />Online Course"
"202210","IS681","COMPUTER SECURITY AUDITING","854","13399","",""," ","Closed","30","32","Pak, Charles","","3","https://www.bkstr.com/webapp/wcs/stores/servlet/booklookServlet?bookstore_id-1=584&term_id-1=2022 Spring&crn-1=13399","Restricted to Newark Campus Students Only<br />Online Course"
"202210","IS684","BUSINESS PROCESS INNOVATION","1J2","15422","R","6:00 PM - 8:50 PM"," ","Open","30","4","Ullman, David","Face-to-Face","3","https://www.bkstr.com/webapp/wcs/stores/servlet/booklookServlet?bookstore_id-1=584&term_id-1=2022 Spring&crn-1=15422","For Jersey City Students Only"
"202210","IS684","BUSINESS PROCESS INNOVATION","852","13400","",""," ","Open","30","18","Ullman, David","Online","3","https://www.bkstr.com/webapp/wcs/stores/servlet/booklookServlet?bookstore_id-1=584&term_id-1=2022 Spring&crn-1=13400","Restricted to Virtual Campus Students Only<br />Online Course"
"202210","IS688","WEB MINING","102","13401","W","6:00 PM - 8:50 PM","FMH 413","Open","30","27","Phan, Hai","Face-to-Face","3","https://www.bkstr.com/webapp/wcs/stores/servlet/booklookServlet?bookstore_id-1=584&term_id-1=2022 Spring&crn-1=13401",""
"202210","IS688","WEB MINING","1J2","15424","T","6:00 PM - 8:50 PM"," ","Open","30","3","Buntain, Cody","Face-to-Face","3","https://www.bkstr.com/webapp/wcs/stores/servlet/booklookServlet?bookstore_id-1=584&term_id-1=2022 Spring&crn-1=15424","For Jersey City Students Only"
"202210","IS698","ST: AI FOR ARTIFICIAL WORLDS","002","15347","T","4:00 PM - 5:20 PM"," ","Cancelled","13","0","","Face-to-Face","3","https://www.bkstr.com/webapp/wcs/stores/servlet/booklookServlet?bookstore_id-1=584&term_id-1=2022 Spring&crn-1=15347","Cancelled 01/18/22"
"202210","IS698","ST: AI FOR ARTIFICIAL WORLDS","002","15347","W","11:30 AM - 12:50 PM"," ","Cancelled","13","0","","Face-to-Face","3","https://www.bkstr.com/webapp/wcs/stores/servlet/booklookServlet?bookstore_id-1=584&term_id-1=2022 Spring&crn-1=15347","Cancelled 01/18/22"
"202210","IS700B","MASTER'S PROJECT","547","13402","",""," ","Closed","0","0","McHugh, James","Face-to-Face","3","https://www.bkstr.com/webapp/wcs/stores/servlet/booklookServlet?bookstore_id-1=584&term_id-1=2022 Spring&crn-1=13402",""
"202210","IS700B","MASTER'S PROJECT","558","13403","",""," ","Closed","0","0","Wohn, Donghee","Face-to-Face","3","https://www.bkstr.com/webapp/wcs/stores/servlet/booklookServlet?bookstore_id-1=584&term_id-1=2022 Spring&crn-1=13403",""
"202210","IS700B","MASTER'S PROJECT","564","13404","",""," ","Closed","0","0","Borcea, Cristian","Face-to-Face","3","https://www.bkstr.com/webapp/wcs/stores/servlet/booklookServlet?bookstore_id-1=584&term_id-1=2022 Spring&crn-1=13404",""
"202210","IS700B","MASTER'S PROJECT","581","13405","",""," ","Closed","0","0","Nakayama, Marvin","Face-to-Face","3","https://www.bkstr.com/webapp/wcs/stores/servlet/booklookServlet?bookstore_id-1=584&term_id-1=2022 Spring&crn-1=13405",""
"202210","IS700B","MASTER'S PROJECT","599","13406","",""," ","Closed","0","0","","Face-to-Face","3","https://www.bkstr.com/webapp/wcs/stores/servlet/booklookServlet?bookstore_id-1=584&term_id-1=2022 Spring&crn-1=13406",""
"202210","IS700B","MASTER'S PROJECT","602","13407","",""," ","Closed","0","0","Wei, Hua","Face-to-Face","3","https://www.bkstr.com/webapp/wcs/stores/servlet/booklookServlet?bookstore_id-1=584&term_id-1=2022 Spring&crn-1=13407",""
"202210","IS700B","MASTER'S PROJECT","603","13408","",""," ","Closed","0","0","Biocca, Frank","Face-to-Face","3","https://www.bkstr.com/webapp/wcs/stores/servlet/booklookServlet?bookstore_id-1=584&term_id-1=2022 Spring&crn-1=13408",""
"202210","IS700B","MASTER'S PROJECT","604","13409","",""," ","Closed","0","0","Oria, Vincent","Face-to-Face","3","https://www.bkstr.com/webapp/wcs/stores/servlet/booklookServlet?bookstore_id-1=584&term_id-1=2022 Spring&crn-1=13409",""
"202210","IS700B","MASTER'S PROJECT","605","13410","",""," ","Closed","0","0","Halper, Michael","Face-to-Face","3","https://www.bkstr.com/webapp/wcs/stores/servlet/booklookServlet?bookstore_id-1=584&term_id-1=2022 Spring&crn-1=13410",""
"202210","IS700B","MASTER'S PROJECT","609","13411","",""," ","Closed","0","0","Cartwright, Mark","Face-to-Face","3","https://www.bkstr.com/webapp/wcs/stores/servlet/booklookServlet?bookstore_id-1=584&term_id-1=2022 Spring&crn-1=13411",""
"202210","IS700B","MASTER'S PROJECT","610","13412","",""," ","Closed","0","0","Dasgupta, Aritra","Face-to-Face","3","https://www.bkstr.com/webapp/wcs/stores/servlet/booklookServlet?bookstore_id-1=584&term_id-1=2022 Spring&crn-1=13412",""
"202210","IS700B","MASTER'S PROJECT","611","13413","",""," ","Closed","0","0","Hoover, Amy","Face-to-Face","3","https://www.bkstr.com/webapp/wcs/stores/servlet/booklookServlet?bookstore_id-1=584&term_id-1=2022 Spring&crn-1=13413",""
"202210","IS700B","MASTER'S PROJECT","612","13414","",""," ","Closed","0","0","Vinnikov, Margarita","Face-to-Face","3","https://www.bkstr.com/webapp/wcs/stores/servlet/booklookServlet?bookstore_id-1=584&term_id-1=2022 Spring&crn-1=13414",""
"202210","IS700B","MASTER'S PROJECT","613","13415","",""," ","Closed","0","0","Chen, Yi","Face-to-Face","3","https://www.bkstr.com/webapp/wcs/stores/servlet/booklookServlet?bookstore_id-1=584&term_id-1=2022 Spring&crn-1=13415",""
"202210","IS700B","MASTER'S PROJECT","615","13416","",""," ","Closed","0","0","Wang, Shaohua","Face-to-Face","3","https://www.bkstr.com/webapp/wcs/stores/servlet/booklookServlet?bookstore_id-1=584&term_id-1=2022 Spring&crn-1=13416",""
"202210","IS700B","MASTER'S PROJECT","616","13417","",""," ","Closed","0","0","Phan, Hai","Face-to-Face","3","https://www.bkstr.com/webapp/wcs/stores/servlet/booklookServlet?bookstore_id-1=584&term_id-1=2022 Spring&crn-1=13417",""
"202210","IS700B","MASTER'S PROJECT","617","13418","",""," ","Closed","0","0","Daher, Salam","Face-to-Face","3","https://www.bkstr.com/webapp/wcs/stores/servlet/booklookServlet?bookstore_id-1=584&term_id-1=2022 Spring&crn-1=13418",""
"202210","IS700B","MASTER'S PROJECT","618","13419","",""," ","Closed","0","0","Neamtiu, Iulian","Face-to-Face","3","https://www.bkstr.com/webapp/wcs/stores/servlet/booklookServlet?bookstore_id-1=584&term_id-1=2022 Spring&crn-1=13419",""
"202210","IS700B","MASTER'S PROJECT","619","13420","",""," ","Closed","0","0","Jones, Quentin","Face-to-Face","3","https://www.bkstr.com/webapp/wcs/stores/servlet/booklookServlet?bookstore_id-1=584&term_id-1=2022 Spring&crn-1=13420",""
"202210","IS700B","MASTER'S PROJECT","622","13421","",""," ","Closed","0","0","Wu, Yi-Fang","Face-to-Face","3","https://www.bkstr.com/webapp/wcs/stores/servlet/booklookServlet?bookstore_id-1=584&term_id-1=2022 Spring&crn-1=13421",""
"202210","IS700B","MASTER'S PROJECT","626","13422","",""," ","Closed","0","0","Cakareski, Jakov","Face-to-Face","3","https://www.bkstr.com/webapp/wcs/stores/servlet/booklookServlet?bookstore_id-1=584&term_id-1=2022 Spring&crn-1=13422",""
"202210","IS700B","MASTER'S PROJECT","627","13423","",""," ","Closed","0","0","Weiss, Tomer","Face-to-Face","3","https://www.bkstr.com/webapp/wcs/stores/servlet/booklookServlet?bookstore_id-1=584&term_id-1=2022 Spring&crn-1=13423",""
"202210","IS700B","MASTER'S PROJECT","629","13424","",""," ","Closed","0","0","","Face-to-Face","3","https://www.bkstr.com/webapp/wcs/stores/servlet/booklookServlet?bookstore_id-1=584&term_id-1=2022 Spring&crn-1=13424",""
"202210","IS700B","MASTER'S PROJECT","630","13425","",""," ","Closed","0","0","Lee, Michael","Face-to-Face","3","https://www.bkstr.com/webapp/wcs/stores/servlet/booklookServlet?bookstore_id-1=584&term_id-1=2022 Spring&crn-1=13425",""
"202210","IS700B","MASTER'S PROJECT","650","13426","",""," ","Closed","0","0","Klobucar, Philip","Face-to-Face","3","https://www.bkstr.com/webapp/wcs/stores/servlet/booklookServlet?bookstore_id-1=584&term_id-1=2022 Spring&crn-1=13426",""
"202210","IS700B","MASTER'S PROJECT","896","13427","",""," ","Closed","0","0","Fjermestad, Jerry","Face-to-Face","3","https://www.bkstr.com/webapp/wcs/stores/servlet/booklookServlet?bookstore_id-1=584&term_id-1=2022 Spring&crn-1=13427",""
"202210","IS700B","MASTER'S PROJECT","931","13428","",""," ","Closed","0","0","Ehrlich, Michael","Face-to-Face","3","https://www.bkstr.com/webapp/wcs/stores/servlet/booklookServlet?bookstore_id-1=584&term_id-1=2022 Spring&crn-1=13428",""
"202210","IS701B","MASTER'S THESIS","547","13429","",""," ","Closed","0","0","McHugh, James","Face-to-Face","3","https://www.bkstr.com/webapp/wcs/stores/servlet/booklookServlet?bookstore_id-1=584&term_id-1=2022 Spring&crn-1=13429",""
"202210","IS701B","MASTER'S THESIS","558","13430","",""," ","Closed","0","0","Wohn, Donghee","Face-to-Face","3","https://www.bkstr.com/webapp/wcs/stores/servlet/booklookServlet?bookstore_id-1=584&term_id-1=2022 Spring&crn-1=13430",""
"202210","IS701B","MASTER'S THESIS","564","13431","",""," ","Closed","0","0","Borcea, Cristian","Face-to-Face","3","https://www.bkstr.com/webapp/wcs/stores/servlet/booklookServlet?bookstore_id-1=584&term_id-1=2022 Spring&crn-1=13431",""
"202210","IS701B","MASTER'S THESIS","581","13432","",""," ","Closed","0","0","Nakayama, Marvin","Face-to-Face","3","https://www.bkstr.com/webapp/wcs/stores/servlet/booklookServlet?bookstore_id-1=584&term_id-1=2022 Spring&crn-1=13432",""
"202210","IS701B","MASTER'S THESIS","599","13433","",""," ","Closed","0","0","","Face-to-Face","3","https://www.bkstr.com/webapp/wcs/stores/servlet/booklookServlet?bookstore_id-1=584&term_id-1=2022 Spring&crn-1=13433",""
"202210","IS701B","MASTER'S THESIS","602","13434","",""," ","Closed","0","0","Wei, Hua","Face-to-Face","3","https://www.bkstr.com/webapp/wcs/stores/servlet/booklookServlet?bookstore_id-1=584&term_id-1=2022 Spring&crn-1=13434",""
"202210","IS701B","MASTER'S THESIS","603","13435","",""," ","Closed","0","0","Biocca, Frank","Face-to-Face","3","https://www.bkstr.com/webapp/wcs/stores/servlet/booklookServlet?bookstore_id-1=584&term_id-1=2022 Spring&crn-1=13435",""
"202210","IS701B","MASTER'S THESIS","604","13436","",""," ","Closed","0","0","Oria, Vincent","Face-to-Face","3","https://www.bkstr.com/webapp/wcs/stores/servlet/booklookServlet?bookstore_id-1=584&term_id-1=2022 Spring&crn-1=13436",""
"202210","IS701B","MASTER'S THESIS","605","13437","",""," ","Closed","0","0","Halper, Michael","Face-to-Face","3","https://www.bkstr.com/webapp/wcs/stores/servlet/booklookServlet?bookstore_id-1=584&term_id-1=2022 Spring&crn-1=13437",""
"202210","IS701B","MASTER'S THESIS","609","13438","",""," ","Closed","0","0","Cartwright, Mark","Face-to-Face","3","https://www.bkstr.com/webapp/wcs/stores/servlet/booklookServlet?bookstore_id-1=584&term_id-1=2022 Spring&crn-1=13438",""
"202210","IS701B","MASTER'S THESIS","610","13439","",""," ","Closed","0","0","Dasgupta, Aritra","Face-to-Face","3","https://www.bkstr.com/webapp/wcs/stores/servlet/booklookServlet?bookstore_id-1=584&term_id-1=2022 Spring&crn-1=13439",""
"202210","IS701B","MASTER'S THESIS","611","13440","",""," ","Closed","0","0","Hoover, Amy","Face-to-Face","3","https://www.bkstr.com/webapp/wcs/stores/servlet/booklookServlet?bookstore_id-1=584&term_id-1=2022 Spring&crn-1=13440",""
"202210","IS701B","MASTER'S THESIS","612","13441","",""," ","Closed","0","0","Vinnikov, Margarita","Face-to-Face","3","https://www.bkstr.com/webapp/wcs/stores/servlet/booklookServlet?bookstore_id-1=584&term_id-1=2022 Spring&crn-1=13441",""
"202210","IS701B","MASTER'S THESIS","613","13442","",""," ","Closed","0","0","Chen, Yi","Face-to-Face","3","https://www.bkstr.com/webapp/wcs/stores/servlet/booklookServlet?bookstore_id-1=584&term_id-1=2022 Spring&crn-1=13442",""
"202210","IS701B","MASTER'S THESIS","615","13443","",""," ","Closed","0","0","Wang, Shaohua","Face-to-Face","3","https://www.bkstr.com/webapp/wcs/stores/servlet/booklookServlet?bookstore_id-1=584&term_id-1=2022 Spring&crn-1=13443",""
"202210","IS701B","MASTER'S THESIS","616","13444","",""," ","Closed","0","0","Phan, Hai","Face-to-Face","3","https://www.bkstr.com/webapp/wcs/stores/servlet/booklookServlet?bookstore_id-1=584&term_id-1=2022 Spring&crn-1=13444",""
"202210","IS701B","MASTER'S THESIS","617","13445","",""," ","Closed","0","1","Daher, Salam","Face-to-Face","3","https://www.bkstr.com/webapp/wcs/stores/servlet/booklookServlet?bookstore_id-1=584&term_id-1=2022 Spring&crn-1=13445",""
"202210","IS701B","MASTER'S THESIS","618","13446","",""," ","Closed","0","0","Neamtiu, Iulian","Face-to-Face","3","https://www.bkstr.com/webapp/wcs/stores/servlet/booklookServlet?bookstore_id-1=584&term_id-1=2022 Spring&crn-1=13446",""
"202210","IS701B","MASTER'S THESIS","619","13447","",""," ","Closed","0","0","Jones, Quentin","Face-to-Face","3","https://www.bkstr.com/webapp/wcs/stores/servlet/booklookServlet?bookstore_id-1=584&term_id-1=2022 Spring&crn-1=13447",""
"202210","IS701B","MASTER'S THESIS","622","13448","",""," ","Closed","0","0","Wu, Yi-Fang","Face-to-Face","3","https://www.bkstr.com/webapp/wcs/stores/servlet/booklookServlet?bookstore_id-1=584&term_id-1=2022 Spring&crn-1=13448",""
"202210","IS701B","MASTER'S THESIS","626","13449","",""," ","Closed","0","0","Cakareski, Jakov","Face-to-Face","3","https://www.bkstr.com/webapp/wcs/stores/servlet/booklookServlet?bookstore_id-1=584&term_id-1=2022 Spring&crn-1=13449",""
"202210","IS701B","MASTER'S THESIS","627","13450","",""," ","Closed","0","0","Weiss, Tomer","Face-to-Face","3","https://www.bkstr.com/webapp/wcs/stores/servlet/booklookServlet?bookstore_id-1=584&term_id-1=2022 Spring&crn-1=13450",""
"202210","IS701B","MASTER'S THESIS","629","13451","",""," ","Closed","0","0","","Face-to-Face","3","https://www.bkstr.com/webapp/wcs/stores/servlet/booklookServlet?bookstore_id-1=584&term_id-1=2022 Spring&crn-1=13451",""
"202210","IS701B","MASTER'S THESIS","630","13452","",""," ","Closed","0","0","Lee, Michael","Face-to-Face","3","https://www.bkstr.com/webapp/wcs/stores/servlet/booklookServlet?bookstore_id-1=584&term_id-1=2022 Spring&crn-1=13452",""
"202210","IS701B","MASTER'S THESIS","650","13453","",""," ","Closed","0","0","Klobucar, Philip","Face-to-Face","3","https://www.bkstr.com/webapp/wcs/stores/servlet/booklookServlet?bookstore_id-1=584&term_id-1=2022 Spring&crn-1=13453",""
"202210","IS701B","MASTER'S THESIS","896","13454","",""," ","Closed","0","0","Fjermestad, Jerry","Face-to-Face","3","https://www.bkstr.com/webapp/wcs/stores/servlet/booklookServlet?bookstore_id-1=584&term_id-1=2022 Spring&crn-1=13454",""
"202210","IS701B","MASTER'S THESIS","931","13455","",""," ","Closed","0","0","Ehrlich, Michael","Face-to-Face","3","https://www.bkstr.com/webapp/wcs/stores/servlet/booklookServlet?bookstore_id-1=584&term_id-1=2022 Spring&crn-1=13455",""
"202210","IS725","INDEPENDENT STUDY I","547","13456","",""," ","Closed","0","0","McHugh, James","Face-to-Face","3","https://www.bkstr.com/webapp/wcs/stores/servlet/booklookServlet?bookstore_id-1=584&term_id-1=2022 Spring&crn-1=13456",""
"202210","IS725","INDEPENDENT STUDY I","558","13457","",""," ","Closed","0","0","Wohn, Donghee","Face-to-Face","3","https://www.bkstr.com/webapp/wcs/stores/servlet/booklookServlet?bookstore_id-1=584&term_id-1=2022 Spring&crn-1=13457",""
"202210","IS725","INDEPENDENT STUDY I","564","13458","",""," ","Closed","0","0","Borcea, Cristian","Face-to-Face","3","https://www.bkstr.com/webapp/wcs/stores/servlet/booklookServlet?bookstore_id-1=584&term_id-1=2022 Spring&crn-1=13458",""
"202210","IS725","INDEPENDENT STUDY I","581","13459","",""," ","Closed","0","0","Nakayama, Marvin","Face-to-Face","3","https://www.bkstr.com/webapp/wcs/stores/servlet/booklookServlet?bookstore_id-1=584&term_id-1=2022 Spring&crn-1=13459",""
"202210","IS725","INDEPENDENT STUDY I","599","13460","",""," ","Closed","0","0","","Face-to-Face","3","https://www.bkstr.com/webapp/wcs/stores/servlet/booklookServlet?bookstore_id-1=584&term_id-1=2022 Spring&crn-1=13460",""
"202210","IS725","INDEPENDENT STUDY I","602","13461","",""," ","Closed","0","0","Wei, Hua","Face-to-Face","3","https://www.bkstr.com/webapp/wcs/stores/servlet/booklookServlet?bookstore_id-1=584&term_id-1=2022 Spring&crn-1=13461",""
"202210","IS725","INDEPENDENT STUDY I","603","13462","",""," ","Closed","0","0","Biocca, Frank","Face-to-Face","3","https://www.bkstr.com/webapp/wcs/stores/servlet/booklookServlet?bookstore_id-1=584&term_id-1=2022 Spring&crn-1=13462",""
"202210","IS725","INDEPENDENT STUDY I","604","13463","",""," ","Closed","0","0","Oria, Vincent","Face-to-Face","3","https://www.bkstr.com/webapp/wcs/stores/servlet/booklookServlet?bookstore_id-1=584&term_id-1=2022 Spring&crn-1=13463",""
"202210","IS725","INDEPENDENT STUDY I","605","13464","",""," ","Closed","0","0","Halper, Michael","Face-to-Face","3","https://www.bkstr.com/webapp/wcs/stores/servlet/booklookServlet?bookstore_id-1=584&term_id-1=2022 Spring&crn-1=13464",""
"202210","IS725","INDEPENDENT STUDY I","609","13465","",""," ","Closed","0","0","Cartwright, Mark","Face-to-Face","3","https://www.bkstr.com/webapp/wcs/stores/servlet/booklookServlet?bookstore_id-1=584&term_id-1=2022 Spring&crn-1=13465",""
"202210","IS725","INDEPENDENT STUDY I","610","13466","",""," ","Closed","0","0","Dasgupta, Aritra","Face-to-Face","3","https://www.bkstr.com/webapp/wcs/stores/servlet/booklookServlet?bookstore_id-1=584&term_id-1=2022 Spring&crn-1=13466",""
"202210","IS725","INDEPENDENT STUDY I","611","13467","",""," ","Closed","0","0","Hoover, Amy","Face-to-Face","3","https://www.bkstr.com/webapp/wcs/stores/servlet/booklookServlet?bookstore_id-1=584&term_id-1=2022 Spring&crn-1=13467",""
"202210","IS725","INDEPENDENT STUDY I","612","13468","",""," ","Closed","0","1","Vinnikov, Margarita","Face-to-Face","3","https://www.bkstr.com/webapp/wcs/stores/servlet/booklookServlet?bookstore_id-1=584&term_id-1=2022 Spring&crn-1=13468",""
"202210","IS725","INDEPENDENT STUDY I","613","13469","",""," ","Closed","0","0","Chen, Yi","Face-to-Face","3","https://www.bkstr.com/webapp/wcs/stores/servlet/booklookServlet?bookstore_id-1=584&term_id-1=2022 Spring&crn-1=13469",""
"202210","IS725","INDEPENDENT STUDY I","615","13470","",""," ","Closed","0","1","Wang, Shaohua","Face-to-Face","3","https://www.bkstr.com/webapp/wcs/stores/servlet/booklookServlet?bookstore_id-1=584&term_id-1=2022 Spring&crn-1=13470",""
"202210","IS725","INDEPENDENT STUDY I","616","13471","",""," ","Closed","0","1","Phan, Hai","Face-to-Face","3","https://www.bkstr.com/webapp/wcs/stores/servlet/booklookServlet?bookstore_id-1=584&term_id-1=2022 Spring&crn-1=13471",""
"202210","IS725","INDEPENDENT STUDY I","617","13472","",""," ","Closed","0","1","Daher, Salam","Face-to-Face","3","https://www.bkstr.com/webapp/wcs/stores/servlet/booklookServlet?bookstore_id-1=584&term_id-1=2022 Spring&crn-1=13472",""
"202210","IS725","INDEPENDENT STUDY I","618","13473","",""," ","Closed","0","0","Neamtiu, Iulian","Face-to-Face","3","https://www.bkstr.com/webapp/wcs/stores/servlet/booklookServlet?bookstore_id-1=584&term_id-1=2022 Spring&crn-1=13473",""
"202210","IS725","INDEPENDENT STUDY I","619","13474","",""," ","Closed","0","0","Jones, Quentin","Face-to-Face","3","https://www.bkstr.com/webapp/wcs/stores/servlet/booklookServlet?bookstore_id-1=584&term_id-1=2022 Spring&crn-1=13474",""
"202210","IS725","INDEPENDENT STUDY I","622","13475","",""," ","Closed","0","0","Wu, Yi-Fang","Face-to-Face","3","https://www.bkstr.com/webapp/wcs/stores/servlet/booklookServlet?bookstore_id-1=584&term_id-1=2022 Spring&crn-1=13475",""
"202210","IS725","INDEPENDENT STUDY I","626","13476","",""," ","Closed","0","0","Cakareski, Jakov","Face-to-Face","3","https://www.bkstr.com/webapp/wcs/stores/servlet/booklookServlet?bookstore_id-1=584&term_id-1=2022 Spring&crn-1=13476",""
"202210","IS725","INDEPENDENT STUDY I","627","13477","",""," ","Closed","0","0","Weiss, Tomer","Face-to-Face","3","https://www.bkstr.com/webapp/wcs/stores/servlet/booklookServlet?bookstore_id-1=584&term_id-1=2022 Spring&crn-1=13477",""
"202210","IS725","INDEPENDENT STUDY I","629","13478","",""," ","Closed","0","0","","Face-to-Face","3","https://www.bkstr.com/webapp/wcs/stores/servlet/booklookServlet?bookstore_id-1=584&term_id-1=2022 Spring&crn-1=13478",""
"202210","IS725","INDEPENDENT STUDY I","630","13479","",""," ","Closed","0","0","Lee, Michael","Face-to-Face","3","https://www.bkstr.com/webapp/wcs/stores/servlet/booklookServlet?bookstore_id-1=584&term_id-1=2022 Spring&crn-1=13479",""
"202210","IS725","INDEPENDENT STUDY I","650","13480","",""," ","Closed","0","0","Klobucar, Philip","Face-to-Face","3","https://www.bkstr.com/webapp/wcs/stores/servlet/booklookServlet?bookstore_id-1=584&term_id-1=2022 Spring&crn-1=13480",""
"202210","IS725","INDEPENDENT STUDY I","896","13481","",""," ","Closed","0","0","Fjermestad, Jerry","Face-to-Face","3","https://www.bkstr.com/webapp/wcs/stores/servlet/booklookServlet?bookstore_id-1=584&term_id-1=2022 Spring&crn-1=13481",""
"202210","IS725","INDEPENDENT STUDY I","931","13482","",""," ","Closed","0","0","Ehrlich, Michael","Face-to-Face","3","https://www.bkstr.com/webapp/wcs/stores/servlet/booklookServlet?bookstore_id-1=584&term_id-1=2022 Spring&crn-1=13482",""
"202210","IS726","INDEPENDENT STUDY II","547","13483","",""," ","Closed","0","0","McHugh, James","Face-to-Face","3","https://www.bkstr.com/webapp/wcs/stores/servlet/booklookServlet?bookstore_id-1=584&term_id-1=2022 Spring&crn-1=13483",""
"202210","IS726","INDEPENDENT STUDY II","558","13484","",""," ","Closed","0","0","Wohn, Donghee","Face-to-Face","3","https://www.bkstr.com/webapp/wcs/stores/servlet/booklookServlet?bookstore_id-1=584&term_id-1=2022 Spring&crn-1=13484",""
"202210","IS726","INDEPENDENT STUDY II","564","13485","",""," ","Closed","0","0","Borcea, Cristian","Face-to-Face","3","https://www.bkstr.com/webapp/wcs/stores/servlet/booklookServlet?bookstore_id-1=584&term_id-1=2022 Spring&crn-1=13485",""
"202210","IS726","INDEPENDENT STUDY II","581","13486","",""," ","Closed","0","0","Nakayama, Marvin","Face-to-Face","3","https://www.bkstr.com/webapp/wcs/stores/servlet/booklookServlet?bookstore_id-1=584&term_id-1=2022 Spring&crn-1=13486",""
"202210","IS726","INDEPENDENT STUDY II","599","13487","",""," ","Closed","0","0","","Face-to-Face","3","https://www.bkstr.com/webapp/wcs/stores/servlet/booklookServlet?bookstore_id-1=584&term_id-1=2022 Spring&crn-1=13487",""
"202210","IS726","INDEPENDENT STUDY II","602","13488","",""," ","Closed","0","0","Wei, Hua","Face-to-Face","3","https://www.bkstr.com/webapp/wcs/stores/servlet/booklookServlet?bookstore_id-1=584&term_id-1=2022 Spring&crn-1=13488",""
"202210","IS726","INDEPENDENT STUDY II","603","13489","",""," ","Closed","0","0","Biocca, Frank","Face-to-Face","3","https://www.bkstr.com/webapp/wcs/stores/servlet/booklookServlet?bookstore_id-1=584&term_id-1=2022 Spring&crn-1=13489",""
"202210","IS726","INDEPENDENT STUDY II","604","13490","",""," ","Closed","0","0","Oria, Vincent","Face-to-Face","3","https://www.bkstr.com/webapp/wcs/stores/servlet/booklookServlet?bookstore_id-1=584&term_id-1=2022 Spring&crn-1=13490",""
"202210","IS726","INDEPENDENT STUDY II","605","13491","",""," ","Closed","0","0","Halper, Michael","Face-to-Face","3","https://www.bkstr.com/webapp/wcs/stores/servlet/booklookServlet?bookstore_id-1=584&term_id-1=2022 Spring&crn-1=13491",""
"202210","IS726","INDEPENDENT STUDY II","609","13492","",""," ","Closed","0","2","Cartwright, Mark","Face-to-Face","3","https://www.bkstr.com/webapp/wcs/stores/servlet/booklookServlet?bookstore_id-1=584&term_id-1=2022 Spring&crn-1=13492",""
"202210","IS726","INDEPENDENT STUDY II","610","13493","",""," ","Closed","0","0","Dasgupta, Aritra","Face-to-Face","3","https://www.bkstr.com/webapp/wcs/stores/servlet/booklookServlet?bookstore_id-1=584&term_id-1=2022 Spring&crn-1=13493",""
"202210","IS726","INDEPENDENT STUDY II","611","13494","",""," ","Closed","0","0","Hoover, Amy","Face-to-Face","3","https://www.bkstr.com/webapp/wcs/stores/servlet/booklookServlet?bookstore_id-1=584&term_id-1=2022 Spring&crn-1=13494",""
"202210","IS726","INDEPENDENT STUDY II","612","13495","",""," ","Closed","0","0","Vinnikov, Margarita","Face-to-Face","3","https://www.bkstr.com/webapp/wcs/stores/servlet/booklookServlet?bookstore_id-1=584&term_id-1=2022 Spring&crn-1=13495",""
"202210","IS726","INDEPENDENT STUDY II","613","13496","",""," ","Closed","0","0","Chen, Yi","Face-to-Face","3","https://www.bkstr.com/webapp/wcs/stores/servlet/booklookServlet?bookstore_id-1=584&term_id-1=2022 Spring&crn-1=13496",""
"202210","IS726","INDEPENDENT STUDY II","615","13497","",""," ","Closed","0","1","Wang, Shaohua","Face-to-Face","3","https://www.bkstr.com/webapp/wcs/stores/servlet/booklookServlet?bookstore_id-1=584&term_id-1=2022 Spring&crn-1=13497",""
"202210","IS726","INDEPENDENT STUDY II","616","13498","",""," ","Closed","0","0","Phan, Hai","Face-to-Face","3","https://www.bkstr.com/webapp/wcs/stores/servlet/booklookServlet?bookstore_id-1=584&term_id-1=2022 Spring&crn-1=13498",""
"202210","IS726","INDEPENDENT STUDY II","617","13499","",""," ","Closed","0","1","Daher, Salam","Face-to-Face","3","https://www.bkstr.com/webapp/wcs/stores/servlet/booklookServlet?bookstore_id-1=584&term_id-1=2022 Spring&crn-1=13499",""
"202210","IS726","INDEPENDENT STUDY II","618","13500","",""," ","Closed","0","0","Neamtiu, Iulian","Face-to-Face","3","https://www.bkstr.com/webapp/wcs/stores/servlet/booklookServlet?bookstore_id-1=584&term_id-1=2022 Spring&crn-1=13500",""
"202210","IS726","INDEPENDENT STUDY II","619","13501","",""," ","Closed","0","0","Jones, Quentin","Face-to-Face","3","https://www.bkstr.com/webapp/wcs/stores/servlet/booklookServlet?bookstore_id-1=584&term_id-1=2022 Spring&crn-1=13501",""
"202210","IS726","INDEPENDENT STUDY II","622","13502","",""," ","Closed","0","0","Wu, Yi-Fang","Face-to-Face","3","https://www.bkstr.com/webapp/wcs/stores/servlet/booklookServlet?bookstore_id-1=584&term_id-1=2022 Spring&crn-1=13502",""
"202210","IS726","INDEPENDENT STUDY II","626","13503","",""," ","Closed","0","0","Cakareski, Jakov","Face-to-Face","3","https://www.bkstr.com/webapp/wcs/stores/servlet/booklookServlet?bookstore_id-1=584&term_id-1=2022 Spring&crn-1=13503",""
"202210","IS726","INDEPENDENT STUDY II","627","13504","",""," ","Closed","0","1","Weiss, Tomer","Face-to-Face","3","https://www.bkstr.com/webapp/wcs/stores/servlet/booklookServlet?bookstore_id-1=584&term_id-1=2022 Spring&crn-1=13504",""
"202210","IS726","INDEPENDENT STUDY II","629","13505","",""," ","Closed","0","0","","Face-to-Face","3","https://www.bkstr.com/webapp/wcs/stores/servlet/booklookServlet?bookstore_id-1=584&term_id-1=2022 Spring&crn-1=13505",""
"202210","IS726","INDEPENDENT STUDY II","630","13506","",""," ","Closed","0","0","Lee, Michael","Face-to-Face","3","https://www.bkstr.com/webapp/wcs/stores/servlet/booklookServlet?bookstore_id-1=584&term_id-1=2022 Spring&crn-1=13506",""
"202210","IS726","INDEPENDENT STUDY II","650","13507","",""," ","Closed","0","0","Klobucar, Philip","Face-to-Face","3","https://www.bkstr.com/webapp/wcs/stores/servlet/booklookServlet?bookstore_id-1=584&term_id-1=2022 Spring&crn-1=13507",""
"202210","IS726","INDEPENDENT STUDY II","896","13508","",""," ","Closed","0","1","Fjermestad, Jerry","Face-to-Face","3","https://www.bkstr.com/webapp/wcs/stores/servlet/booklookServlet?bookstore_id-1=584&term_id-1=2022 Spring&crn-1=13508",""
"202210","IS726","INDEPENDENT STUDY II","931","13509","",""," ","Closed","0","0","Ehrlich, Michael","Face-to-Face","3","https://www.bkstr.com/webapp/wcs/stores/servlet/booklookServlet?bookstore_id-1=584&term_id-1=2022 Spring&crn-1=13509",""
"202210","IS776","IS RESEARCH STUDY","547","13510","",""," ","Closed","0","0","McHugh, James","Face-to-Face","3","https://www.bkstr.com/webapp/wcs/stores/servlet/booklookServlet?bookstore_id-1=584&term_id-1=2022 Spring&crn-1=13510",""
"202210","IS776","IS RESEARCH STUDY","558","13511","",""," ","Closed","0","0","Wohn, Donghee","Face-to-Face","3","https://www.bkstr.com/webapp/wcs/stores/servlet/booklookServlet?bookstore_id-1=584&term_id-1=2022 Spring&crn-1=13511",""
"202210","IS776","IS RESEARCH STUDY","564","13512","",""," ","Closed","0","0","Borcea, Cristian","Face-to-Face","3","https://www.bkstr.com/webapp/wcs/stores/servlet/booklookServlet?bookstore_id-1=584&term_id-1=2022 Spring&crn-1=13512",""
"202210","IS776","IS RESEARCH STUDY","581","13513","",""," ","Closed","0","0","Nakayama, Marvin","Face-to-Face","3","https://www.bkstr.com/webapp/wcs/stores/servlet/booklookServlet?bookstore_id-1=584&term_id-1=2022 Spring&crn-1=13513",""
"202210","IS776","IS RESEARCH STUDY","599","13514","",""," ","Closed","0","0","","Face-to-Face","3","https://www.bkstr.com/webapp/wcs/stores/servlet/booklookServlet?bookstore_id-1=584&term_id-1=2022 Spring&crn-1=13514",""
"202210","IS776","IS RESEARCH STUDY","602","13515","",""," ","Closed","0","0","Wei, Hua","Face-to-Face","3","https://www.bkstr.com/webapp/wcs/stores/servlet/booklookServlet?bookstore_id-1=584&term_id-1=2022 Spring&crn-1=13515",""
"202210","IS776","IS RESEARCH STUDY","603","13516","",""," ","Closed","0","0","Biocca, Frank","Face-to-Face","3","https://www.bkstr.com/webapp/wcs/stores/servlet/booklookServlet?bookstore_id-1=584&term_id-1=2022 Spring&crn-1=13516",""
"202210","IS776","IS RESEARCH STUDY","604","13517","",""," ","Closed","0","1","Oria, Vincent","Face-to-Face","3","https://www.bkstr.com/webapp/wcs/stores/servlet/booklookServlet?bookstore_id-1=584&term_id-1=2022 Spring&crn-1=13517",""
"202210","IS776","IS RESEARCH STUDY","605","13518","",""," ","Closed","0","0","Halper, Michael","Face-to-Face","3","https://www.bkstr.com/webapp/wcs/stores/servlet/booklookServlet?bookstore_id-1=584&term_id-1=2022 Spring&crn-1=13518",""
"202210","IS776","IS RESEARCH STUDY","609","13519","",""," ","Closed","0","0","Cartwright, Mark","Face-to-Face","3","https://www.bkstr.com/webapp/wcs/stores/servlet/booklookServlet?bookstore_id-1=584&term_id-1=2022 Spring&crn-1=13519",""
"202210","IS776","IS RESEARCH STUDY","610","13520","",""," ","Closed","0","0","Dasgupta, Aritra","Face-to-Face","3","https://www.bkstr.com/webapp/wcs/stores/servlet/booklookServlet?bookstore_id-1=584&term_id-1=2022 Spring&crn-1=13520",""
"202210","IS776","IS RESEARCH STUDY","611","13521","",""," ","Closed","0","0","Hoover, Amy","Face-to-Face","3","https://www.bkstr.com/webapp/wcs/stores/servlet/booklookServlet?bookstore_id-1=584&term_id-1=2022 Spring&crn-1=13521",""
"202210","IS776","IS RESEARCH STUDY","612","13522","",""," ","Closed","0","0","Vinnikov, Margarita","Face-to-Face","3","https://www.bkstr.com/webapp/wcs/stores/servlet/booklookServlet?bookstore_id-1=584&term_id-1=2022 Spring&crn-1=13522",""
"202210","IS776","IS RESEARCH STUDY","613","13523","",""," ","Closed","0","0","Chen, Yi","Face-to-Face","3","https://www.bkstr.com/webapp/wcs/stores/servlet/booklookServlet?bookstore_id-1=584&term_id-1=2022 Spring&crn-1=13523",""
"202210","IS776","IS RESEARCH STUDY","615","13524","",""," ","Closed","0","1","Wang, Shaohua","Face-to-Face","3","https://www.bkstr.com/webapp/wcs/stores/servlet/booklookServlet?bookstore_id-1=584&term_id-1=2022 Spring&crn-1=13524",""
"202210","IS776","IS RESEARCH STUDY","616","13525","",""," ","Closed","0","1","Phan, Hai","Face-to-Face","3","https://www.bkstr.com/webapp/wcs/stores/servlet/booklookServlet?bookstore_id-1=584&term_id-1=2022 Spring&crn-1=13525",""
"202210","IS776","IS RESEARCH STUDY","617","13526","",""," ","Closed","0","0","Daher, Salam","Face-to-Face","3","https://www.bkstr.com/webapp/wcs/stores/servlet/booklookServlet?bookstore_id-1=584&term_id-1=2022 Spring&crn-1=13526",""
"202210","IS776","IS RESEARCH STUDY","618","13527","",""," ","Closed","0","0","Neamtiu, Iulian","Face-to-Face","3","https://www.bkstr.com/webapp/wcs/stores/servlet/booklookServlet?bookstore_id-1=584&term_id-1=2022 Spring&crn-1=13527",""
"202210","IS776","IS RESEARCH STUDY","619","13528","",""," ","Closed","0","0","Jones, Quentin","Face-to-Face","3","https://www.bkstr.com/webapp/wcs/stores/servlet/booklookServlet?bookstore_id-1=584&term_id-1=2022 Spring&crn-1=13528",""
"202210","IS776","IS RESEARCH STUDY","622","13529","",""," ","Closed","0","0","Wu, Yi-Fang","Face-to-Face","3","https://www.bkstr.com/webapp/wcs/stores/servlet/booklookServlet?bookstore_id-1=584&term_id-1=2022 Spring&crn-1=13529",""
"202210","IS776","IS RESEARCH STUDY","626","13530","",""," ","Closed","0","0","Cakareski, Jakov","Face-to-Face","3","https://www.bkstr.com/webapp/wcs/stores/servlet/booklookServlet?bookstore_id-1=584&term_id-1=2022 Spring&crn-1=13530",""
"202210","IS776","IS RESEARCH STUDY","627","13531","",""," ","Closed","0","0","Weiss, Tomer","Face-to-Face","3","https://www.bkstr.com/webapp/wcs/stores/servlet/booklookServlet?bookstore_id-1=584&term_id-1=2022 Spring&crn-1=13531",""
"202210","IS776","IS RESEARCH STUDY","629","13532","",""," ","Closed","0","0","","Face-to-Face","3","https://www.bkstr.com/webapp/wcs/stores/servlet/booklookServlet?bookstore_id-1=584&term_id-1=2022 Spring&crn-1=13532",""
"202210","IS776","IS RESEARCH STUDY","630","13533","",""," ","Closed","0","3","Lee, Michael","Face-to-Face","3","https://www.bkstr.com/webapp/wcs/stores/servlet/booklookServlet?bookstore_id-1=584&term_id-1=2022 Spring&crn-1=13533",""
"202210","IS776","IS RESEARCH STUDY","650","13534","",""," ","Closed","0","0","Klobucar, Philip","Face-to-Face","3","https://www.bkstr.com/webapp/wcs/stores/servlet/booklookServlet?bookstore_id-1=584&term_id-1=2022 Spring&crn-1=13534",""
"202210","IS776","IS RESEARCH STUDY","896","13535","",""," ","Closed","0","0","Fjermestad, Jerry","Face-to-Face","3","https://www.bkstr.com/webapp/wcs/stores/servlet/booklookServlet?bookstore_id-1=584&term_id-1=2022 Spring&crn-1=13535",""
"202210","IS776","IS RESEARCH STUDY","931","13536","",""," ","Closed","0","0","Ehrlich, Michael","Face-to-Face","3","https://www.bkstr.com/webapp/wcs/stores/servlet/booklookServlet?bookstore_id-1=584&term_id-1=2022 Spring&crn-1=13536",""
"202210","IS790A","DOCT DISSERTATION & RES","538","13537","",""," ","Closed","0","0","Hiltz, S.","Face-to-Face","1","https://www.bkstr.com/webapp/wcs/stores/servlet/booklookServlet?bookstore_id-1=584&term_id-1=2022 Spring&crn-1=13537",""
"202210","IS790A","DOCT DISSERTATION & RES","547","13538","",""," ","Closed","0","0","McHugh, James","Face-to-Face","1","https://www.bkstr.com/webapp/wcs/stores/servlet/booklookServlet?bookstore_id-1=584&term_id-1=2022 Spring&crn-1=13538",""
"202210","IS790A","DOCT DISSERTATION & RES","558","13539","",""," ","Closed","0","1","Wohn, Donghee","Face-to-Face","1","https://www.bkstr.com/webapp/wcs/stores/servlet/booklookServlet?bookstore_id-1=584&term_id-1=2022 Spring&crn-1=13539",""
"202210","IS790A","DOCT DISSERTATION & RES","564","13540","",""," ","Closed","0","0","Borcea, Cristian","Face-to-Face","1","https://www.bkstr.com/webapp/wcs/stores/servlet/booklookServlet?bookstore_id-1=584&term_id-1=2022 Spring&crn-1=13540",""
"202210","IS790A","DOCT DISSERTATION & RES","577","13541","",""," ","Closed","0","0","Bieber, Michael","Face-to-Face","1","https://www.bkstr.com/webapp/wcs/stores/servlet/booklookServlet?bookstore_id-1=584&term_id-1=2022 Spring&crn-1=13541",""
"202210","IS790A","DOCT DISSERTATION & RES","581","13542","",""," ","Closed","0","0","Nakayama, Marvin","Face-to-Face","1","https://www.bkstr.com/webapp/wcs/stores/servlet/booklookServlet?bookstore_id-1=584&term_id-1=2022 Spring&crn-1=13542",""
"202210","IS790A","DOCT DISSERTATION & RES","599","13543","",""," ","Closed","0","0","","Face-to-Face","1","https://www.bkstr.com/webapp/wcs/stores/servlet/booklookServlet?bookstore_id-1=584&term_id-1=2022 Spring&crn-1=13543",""
"202210","IS790A","DOCT DISSERTATION & RES","602","13544","",""," ","Closed","0","0","Wei, Hua","Face-to-Face","1","https://www.bkstr.com/webapp/wcs/stores/servlet/booklookServlet?bookstore_id-1=584&term_id-1=2022 Spring&crn-1=13544",""
"202210","IS790A","DOCT DISSERTATION & RES","603","13545","",""," ","Closed","0","0","Biocca, Frank","Face-to-Face","1","https://www.bkstr.com/webapp/wcs/stores/servlet/booklookServlet?bookstore_id-1=584&term_id-1=2022 Spring&crn-1=13545",""
"202210","IS790A","DOCT DISSERTATION & RES","604","13546","",""," ","Closed","0","0","Oria, Vincent","Face-to-Face","1","https://www.bkstr.com/webapp/wcs/stores/servlet/booklookServlet?bookstore_id-1=584&term_id-1=2022 Spring&crn-1=13546",""
"202210","IS790A","DOCT DISSERTATION & RES","605","13547","",""," ","Closed","0","0","Halper, Michael","Face-to-Face","1","https://www.bkstr.com/webapp/wcs/stores/servlet/booklookServlet?bookstore_id-1=584&term_id-1=2022 Spring&crn-1=13547",""
"202210","IS790A","DOCT DISSERTATION & RES","609","13548","",""," ","Closed","0","0","Cartwright, Mark","Face-to-Face","1","https://www.bkstr.com/webapp/wcs/stores/servlet/booklookServlet?bookstore_id-1=584&term_id-1=2022 Spring&crn-1=13548",""
"202210","IS790A","DOCT DISSERTATION & RES","610","13549","",""," ","Closed","0","0","Dasgupta, Aritra","Face-to-Face","1","https://www.bkstr.com/webapp/wcs/stores/servlet/booklookServlet?bookstore_id-1=584&term_id-1=2022 Spring&crn-1=13549",""
"202210","IS790A","DOCT DISSERTATION & RES","611","13550","",""," ","Closed","0","0","Hoover, Amy","Face-to-Face","1","https://www.bkstr.com/webapp/wcs/stores/servlet/booklookServlet?bookstore_id-1=584&term_id-1=2022 Spring&crn-1=13550",""
"202210","IS790A","DOCT DISSERTATION & RES","612","13551","",""," ","Closed","0","0","Vinnikov, Margarita","Face-to-Face","1","https://www.bkstr.com/webapp/wcs/stores/servlet/booklookServlet?bookstore_id-1=584&term_id-1=2022 Spring&crn-1=13551",""
"202210","IS790A","DOCT DISSERTATION & RES","613","13552","",""," ","Closed","0","0","Chen, Yi","Face-to-Face","1","https://www.bkstr.com/webapp/wcs/stores/servlet/booklookServlet?bookstore_id-1=584&term_id-1=2022 Spring&crn-1=13552",""
"202210","IS790A","DOCT DISSERTATION & RES","615","13553","",""," ","Closed","0","1","Wang, Shaohua","Face-to-Face","1","https://www.bkstr.com/webapp/wcs/stores/servlet/booklookServlet?bookstore_id-1=584&term_id-1=2022 Spring&crn-1=13553",""
"202210","IS790A","DOCT DISSERTATION & RES","616","13554","",""," ","Closed","0","1","Phan, Hai","Face-to-Face","1","https://www.bkstr.com/webapp/wcs/stores/servlet/booklookServlet?bookstore_id-1=584&term_id-1=2022 Spring&crn-1=13554",""
"202210","IS790A","DOCT DISSERTATION & RES","617","13555","",""," ","Closed","0","0","Daher, Salam","Face-to-Face","1","https://www.bkstr.com/webapp/wcs/stores/servlet/booklookServlet?bookstore_id-1=584&term_id-1=2022 Spring&crn-1=13555",""
"202210","IS790A","DOCT DISSERTATION & RES","618","13556","",""," ","Closed","0","0","Neamtiu, Iulian","Face-to-Face","1","https://www.bkstr.com/webapp/wcs/stores/servlet/booklookServlet?bookstore_id-1=584&term_id-1=2022 Spring&crn-1=13556",""
"202210","IS790A","DOCT DISSERTATION & RES","619","13557","",""," ","Closed","0","0","Jones, Quentin","Face-to-Face","1","https://www.bkstr.com/webapp/wcs/stores/servlet/booklookServlet?bookstore_id-1=584&term_id-1=2022 Spring&crn-1=13557",""
"202210","IS790A","DOCT DISSERTATION & RES","622","13558","",""," ","Closed","0","0","Wu, Yi-Fang","Face-to-Face","1","https://www.bkstr.com/webapp/wcs/stores/servlet/booklookServlet?bookstore_id-1=584&term_id-1=2022 Spring&crn-1=13558",""
"202210","IS790A","DOCT DISSERTATION & RES","626","13559","",""," ","Closed","0","0","Cakareski, Jakov","Face-to-Face","1","https://www.bkstr.com/webapp/wcs/stores/servlet/booklookServlet?bookstore_id-1=584&term_id-1=2022 Spring&crn-1=13559",""
"202210","IS790A","DOCT DISSERTATION & RES","627","13560","",""," ","Closed","0","0","Weiss, Tomer","Face-to-Face","1","https://www.bkstr.com/webapp/wcs/stores/servlet/booklookServlet?bookstore_id-1=584&term_id-1=2022 Spring&crn-1=13560",""
"202210","IS790A","DOCT DISSERTATION & RES","629","13561","",""," ","Closed","0","0","","Face-to-Face","1","https://www.bkstr.com/webapp/wcs/stores/servlet/booklookServlet?bookstore_id-1=584&term_id-1=2022 Spring&crn-1=13561",""
"202210","IS790A","DOCT DISSERTATION & RES","630","13562","",""," ","Closed","0","0","Lee, Michael","Face-to-Face","1","https://www.bkstr.com/webapp/wcs/stores/servlet/booklookServlet?bookstore_id-1=584&term_id-1=2022 Spring&crn-1=13562",""
"202210","IS790A","DOCT DISSERTATION & RES","896","13563","",""," ","Closed","0","0","Fjermestad, Jerry","Face-to-Face","1","https://www.bkstr.com/webapp/wcs/stores/servlet/booklookServlet?bookstore_id-1=584&term_id-1=2022 Spring&crn-1=13563",""
"202210","IS790A","DOCT DISSERTATION & RES","931","13564","",""," ","Closed","0","0","Ehrlich, Michael","Face-to-Face","1","https://www.bkstr.com/webapp/wcs/stores/servlet/booklookServlet?bookstore_id-1=584&term_id-1=2022 Spring&crn-1=13564",""
"202210","IS791","DOCTORAL SEMINAR","002","13565","",""," ","Open","50","25","Lee, Michael","Face-to-Face","0","https://www.bkstr.com/webapp/wcs/stores/servlet/booklookServlet?bookstore_id-1=584&term_id-1=2022 Spring&crn-1=13565",""
"202210","IS792","PRE-DOCTORAL RESEARCH","538","13566","",""," ","Closed","0","0","Hiltz, S.","Face-to-Face","3","https://www.bkstr.com/webapp/wcs/stores/servlet/booklookServlet?bookstore_id-1=584&term_id-1=2022 Spring&crn-1=13566",""
"202210","IS792","PRE-DOCTORAL RESEARCH","547","13567","",""," ","Closed","0","0","McHugh, James","Face-to-Face","3","https://www.bkstr.com/webapp/wcs/stores/servlet/booklookServlet?bookstore_id-1=584&term_id-1=2022 Spring&crn-1=13567",""
"202210","IS792","PRE-DOCTORAL RESEARCH","558","13568","",""," ","Closed","0","0","Wohn, Donghee","Face-to-Face","3","https://www.bkstr.com/webapp/wcs/stores/servlet/booklookServlet?bookstore_id-1=584&term_id-1=2022 Spring&crn-1=13568",""
"202210","IS792","PRE-DOCTORAL RESEARCH","564","13569","",""," ","Closed","0","0","Borcea, Cristian","Face-to-Face","3","https://www.bkstr.com/webapp/wcs/stores/servlet/booklookServlet?bookstore_id-1=584&term_id-1=2022 Spring&crn-1=13569",""
"202210","IS792","PRE-DOCTORAL RESEARCH","577","13570","",""," ","Closed","0","0","Bieber, Michael","Face-to-Face","3","https://www.bkstr.com/webapp/wcs/stores/servlet/booklookServlet?bookstore_id-1=584&term_id-1=2022 Spring&crn-1=13570",""
"202210","IS792","PRE-DOCTORAL RESEARCH","581","13571","",""," ","Closed","0","0","Nakayama, Marvin","Face-to-Face","3","https://www.bkstr.com/webapp/wcs/stores/servlet/booklookServlet?bookstore_id-1=584&term_id-1=2022 Spring&crn-1=13571",""
"202210","IS792","PRE-DOCTORAL RESEARCH","599","13572","",""," ","Closed","0","0","","Face-to-Face","3","https://www.bkstr.com/webapp/wcs/stores/servlet/booklookServlet?bookstore_id-1=584&term_id-1=2022 Spring&crn-1=13572",""
"202210","IS792","PRE-DOCTORAL RESEARCH","602","13573","",""," ","Closed","0","0","Wei, Hua","Face-to-Face","3","https://www.bkstr.com/webapp/wcs/stores/servlet/booklookServlet?bookstore_id-1=584&term_id-1=2022 Spring&crn-1=13573",""
"202210","IS792","PRE-DOCTORAL RESEARCH","603","13574","",""," ","Closed","0","0","Biocca, Frank","Face-to-Face","3","https://www.bkstr.com/webapp/wcs/stores/servlet/booklookServlet?bookstore_id-1=584&term_id-1=2022 Spring&crn-1=13574",""
"202210","IS792","PRE-DOCTORAL RESEARCH","604","13575","",""," ","Closed","0","0","Oria, Vincent","Face-to-Face","3","https://www.bkstr.com/webapp/wcs/stores/servlet/booklookServlet?bookstore_id-1=584&term_id-1=2022 Spring&crn-1=13575",""
"202210","IS792","PRE-DOCTORAL RESEARCH","605","13576","",""," ","Closed","0","0","Halper, Michael","Face-to-Face","3","https://www.bkstr.com/webapp/wcs/stores/servlet/booklookServlet?bookstore_id-1=584&term_id-1=2022 Spring&crn-1=13576",""
"202210","IS792","PRE-DOCTORAL RESEARCH","609","13577","",""," ","Closed","0","0","Cartwright, Mark","Face-to-Face","3","https://www.bkstr.com/webapp/wcs/stores/servlet/booklookServlet?bookstore_id-1=584&term_id-1=2022 Spring&crn-1=13577",""
"202210","IS792","PRE-DOCTORAL RESEARCH","610","13578","",""," ","Closed","0","3","Dasgupta, Aritra","Face-to-Face","3","https://www.bkstr.com/webapp/wcs/stores/servlet/booklookServlet?bookstore_id-1=584&term_id-1=2022 Spring&crn-1=13578",""
"202210","IS792","PRE-DOCTORAL RESEARCH","611","13579","",""," ","Closed","0","1","Hoover, Amy","Face-to-Face","3","https://www.bkstr.com/webapp/wcs/stores/servlet/booklookServlet?bookstore_id-1=584&term_id-1=2022 Spring&crn-1=13579",""
"202210","IS792","PRE-DOCTORAL RESEARCH","612","13580","",""," ","Closed","0","1","Vinnikov, Margarita","Face-to-Face","3","https://www.bkstr.com/webapp/wcs/stores/servlet/booklookServlet?bookstore_id-1=584&term_id-1=2022 Spring&crn-1=13580",""
"202210","IS792","PRE-DOCTORAL RESEARCH","613","13581","",""," ","Closed","0","0","Chen, Yi","Face-to-Face","3","https://www.bkstr.com/webapp/wcs/stores/servlet/booklookServlet?bookstore_id-1=584&term_id-1=2022 Spring&crn-1=13581",""
"202210","IS792","PRE-DOCTORAL RESEARCH","615","13582","",""," ","Closed","0","1","Wang, Shaohua","Face-to-Face","3","https://www.bkstr.com/webapp/wcs/stores/servlet/booklookServlet?bookstore_id-1=584&term_id-1=2022 Spring&crn-1=13582",""
"202210","IS792","PRE-DOCTORAL RESEARCH","616","13583","",""," ","Closed","0","0","Phan, Hai","Face-to-Face","3","https://www.bkstr.com/webapp/wcs/stores/servlet/booklookServlet?bookstore_id-1=584&term_id-1=2022 Spring&crn-1=13583",""
"202210","IS792","PRE-DOCTORAL RESEARCH","617","13584","",""," ","Closed","0","0","Daher, Salam","Face-to-Face","3","https://www.bkstr.com/webapp/wcs/stores/servlet/booklookServlet?bookstore_id-1=584&term_id-1=2022 Spring&crn-1=13584",""
"202210","IS792","PRE-DOCTORAL RESEARCH","618","13585","",""," ","Closed","0","1","Neamtiu, Iulian","Face-to-Face","3","https://www.bkstr.com/webapp/wcs/stores/servlet/booklookServlet?bookstore_id-1=584&term_id-1=2022 Spring&crn-1=13585",""
"202210","IS792","PRE-DOCTORAL RESEARCH","619","13586","",""," ","Closed","0","0","Jones, Quentin","Face-to-Face","3","https://www.bkstr.com/webapp/wcs/stores/servlet/booklookServlet?bookstore_id-1=584&term_id-1=2022 Spring&crn-1=13586",""
"202210","IS792","PRE-DOCTORAL RESEARCH","622","13587","",""," ","Closed","0","0","Wu, Yi-Fang","Face-to-Face","3","https://www.bkstr.com/webapp/wcs/stores/servlet/booklookServlet?bookstore_id-1=584&term_id-1=2022 Spring&crn-1=13587",""
"202210","IS792","PRE-DOCTORAL RESEARCH","626","13588","",""," ","Closed","0","0","Cakareski, Jakov","Face-to-Face","3","https://www.bkstr.com/webapp/wcs/stores/servlet/booklookServlet?bookstore_id-1=584&term_id-1=2022 Spring&crn-1=13588",""
"202210","IS792","PRE-DOCTORAL RESEARCH","627","13589","",""," ","Closed","0","1","Weiss, Tomer","Face-to-Face","3","https://www.bkstr.com/webapp/wcs/stores/servlet/booklookServlet?bookstore_id-1=584&term_id-1=2022 Spring&crn-1=13589",""
"202210","IS792","PRE-DOCTORAL RESEARCH","629","13590","",""," ","Closed","0","0","","Face-to-Face","3","https://www.bkstr.com/webapp/wcs/stores/servlet/booklookServlet?bookstore_id-1=584&term_id-1=2022 Spring&crn-1=13590",""
"202210","IS792","PRE-DOCTORAL RESEARCH","630","13591","",""," ","Closed","0","2","Lee, Michael","Face-to-Face","3","https://www.bkstr.com/webapp/wcs/stores/servlet/booklookServlet?bookstore_id-1=584&term_id-1=2022 Spring&crn-1=13591",""
"202210","IS792","PRE-DOCTORAL RESEARCH","896","13592","",""," ","Closed","0","0","Fjermestad, Jerry","Face-to-Face","3","https://www.bkstr.com/webapp/wcs/stores/servlet/booklookServlet?bookstore_id-1=584&term_id-1=2022 Spring&crn-1=13592",""
"202210","IS792","PRE-DOCTORAL RESEARCH","931","13593","",""," ","Closed","0","0","Ehrlich, Michael","Face-to-Face","3","https://www.bkstr.com/webapp/wcs/stores/servlet/booklookServlet?bookstore_id-1=584&term_id-1=2022 Spring&crn-1=13593",""
