"Term","Course","Title","Section","CRN","Days","Times","Location","Status","Max","Now","Instructor","Delivery Mode","Credits","Info","Comments"
"202210","IT101","INTRO TO INFORMTN TECHNOLGY","002","13594","TF","2:30 PM - 3:50 PM","MALL PC39","Closed","30","30","Watrous-deVersterre, Lori","Face-to-Face","3","https://www.bkstr.com/webapp/wcs/stores/servlet/booklookServlet?bookstore_id-1=584&term_id-1=2022 Spring&crn-1=13594",""
"202210","IT101","INTRO TO INFORMTN TECHNOLGY","004","13595","TF","1:00 PM - 2:20 PM","MALL PC37","Closed","30","30","Watrous-deVersterre, Lori","Face-to-Face","3","https://www.bkstr.com/webapp/wcs/stores/servlet/booklookServlet?bookstore_id-1=584&term_id-1=2022 Spring&crn-1=13595",""
"202210","IT101","INTRO TO INFORMTN TECHNOLGY","102","13596","W","6:00 PM - 8:50 PM","MALL PC40","Closed","30","30","Nazzaro, Mark","Face-to-Face","3","https://www.bkstr.com/webapp/wcs/stores/servlet/booklookServlet?bookstore_id-1=584&term_id-1=2022 Spring&crn-1=13596",""
"202210","IT101","INTRO TO INFORMTN TECHNOLGY","104","13597","M","6:00 PM - 8:50 PM","MALL PC39","Closed","30","30","Nazzaro, Mark","Face-to-Face","3","https://www.bkstr.com/webapp/wcs/stores/servlet/booklookServlet?bookstore_id-1=584&term_id-1=2022 Spring&crn-1=13597",""
"202210","IT114","ADV PROGRAM FOR INFOR TECH","002","13598","TR","1:00 PM - 2:20 PM","GITC 3600","Open","30","29","Halper, Michael","Face-to-Face","3","https://www.bkstr.com/webapp/wcs/stores/servlet/booklookServlet?bookstore_id-1=584&term_id-1=2022 Spring&crn-1=13598",""
"202210","IT114","ADV PROGRAM FOR INFOR TECH","004","13599","TR","4:00 PM - 5:20 PM","GITC 3600","Open","30","11","Halper, Michael","Face-to-Face","3","https://www.bkstr.com/webapp/wcs/stores/servlet/booklookServlet?bookstore_id-1=584&term_id-1=2022 Spring&crn-1=13599",""
"202210","IT114","ADV PROGRAM FOR INFOR TECH","006","13600","MW","1:00 PM - 2:20 PM","MALL PC36","Closed","30","30","Hoover, Amy","Face-to-Face","3","https://www.bkstr.com/webapp/wcs/stores/servlet/booklookServlet?bookstore_id-1=584&term_id-1=2022 Spring&crn-1=13600",""
"202210","IT114","ADV PROGRAM FOR INFOR TECH","452","13601","",""," ","Open","30","29","Deek, Maura","","3","https://www.bkstr.com/webapp/wcs/stores/servlet/booklookServlet?bookstore_id-1=584&term_id-1=2022 Spring&crn-1=13601","Online Course"
"202210","IT120","INTRO TO NETWORKING TECHNOLOGY","002","13602","TR","1:00 PM - 2:20 PM","GITC 1202","Closed","30","30","Patel, Dipesh","Face-to-Face","3","https://www.bkstr.com/webapp/wcs/stores/servlet/booklookServlet?bookstore_id-1=584&term_id-1=2022 Spring&crn-1=13602",""
"202210","IT120","INTRO TO NETWORKING TECHNOLOGY","004","13603","TR","10:00 AM - 11:20 AM","GITC 1202","Closed","30","30","Patel, Dipesh","Face-to-Face","3","https://www.bkstr.com/webapp/wcs/stores/servlet/booklookServlet?bookstore_id-1=584&term_id-1=2022 Spring&crn-1=13603",""
"202210","IT120","INTRO TO NETWORKING TECHNOLOGY","006","13604","TF","8:30 AM - 9:50 AM","GITC 1202","Open","30","29","Watrous-deVersterre, Lori","Face-to-Face","3","https://www.bkstr.com/webapp/wcs/stores/servlet/booklookServlet?bookstore_id-1=584&term_id-1=2022 Spring&crn-1=13604",""
"202210","IT120","INTRO TO NETWORKING TECHNOLOGY","102","13605","M","6:00 PM - 8:50 PM","GITC 1202","Closed","30","30","Apostolyuk, Vadym","Face-to-Face","3","https://www.bkstr.com/webapp/wcs/stores/servlet/booklookServlet?bookstore_id-1=584&term_id-1=2022 Spring&crn-1=13605",""
"202210","IT120","INTRO TO NETWORKING TECHNOLOGY","104","13606","R","6:00 PM - 8:50 PM","GITC 1202","Closed","30","30","Apostolyuk, Vadym","Face-to-Face","3","https://www.bkstr.com/webapp/wcs/stores/servlet/booklookServlet?bookstore_id-1=584&term_id-1=2022 Spring&crn-1=13606",""
"202210","IT120","INTRO TO NETWORKING TECHNOLOGY","106","13607","F","6:00 PM - 8:50 PM"," ","Closed","0","0","","Face-to-Face","3","https://www.bkstr.com/webapp/wcs/stores/servlet/booklookServlet?bookstore_id-1=584&term_id-1=2022 Spring&crn-1=13607","Cancelled 1/11/22"
"202210","IT201","INFORMATION DESIGN TECHNIQUES","002","13608","M","1:00 PM - 2:20 PM","GITC 3200","Closed","26","26","Sequeira, Marc","Hybrid","3","https://www.bkstr.com/webapp/wcs/stores/servlet/booklookServlet?bookstore_id-1=584&term_id-1=2022 Spring&crn-1=13608","Hybrid Course<br />https://www.njit.edu/registrar/instructionaldelivery/"
"202210","IT201","INFORMATION DESIGN TECHNIQUES","002","13608","",""," ","Closed","26","26","Sequeira, Marc","Hybrid","3","https://www.bkstr.com/webapp/wcs/stores/servlet/booklookServlet?bookstore_id-1=584&term_id-1=2022 Spring&crn-1=13608","Hybrid Course<br />https://www.njit.edu/registrar/instructionaldelivery/"
"202210","IT201","INFORMATION DESIGN TECHNIQUES","004","13609","M","2:30 PM - 3:50 PM","GITC 3200","Closed","26","26","Sequeira, Marc","Hybrid","3","https://www.bkstr.com/webapp/wcs/stores/servlet/booklookServlet?bookstore_id-1=584&term_id-1=2022 Spring&crn-1=13609","Hybrid Course<br />https://www.njit.edu/registrar/instructionaldelivery/"
"202210","IT201","INFORMATION DESIGN TECHNIQUES","004","13609","",""," ","Closed","26","26","Sequeira, Marc","Hybrid","3","https://www.bkstr.com/webapp/wcs/stores/servlet/booklookServlet?bookstore_id-1=584&term_id-1=2022 Spring&crn-1=13609","Hybrid Course<br />https://www.njit.edu/registrar/instructionaldelivery/"
"202210","IT201","INFORMATION DESIGN TECHNIQUES","006","13610","R","1:00 PM - 2:20 PM","GITC 3200","Closed","26","26","Sequeira, Marc","Hybrid","3","https://www.bkstr.com/webapp/wcs/stores/servlet/booklookServlet?bookstore_id-1=584&term_id-1=2022 Spring&crn-1=13610","Hybrid Course<br />https://www.njit.edu/registrar/instructionaldelivery/"
"202210","IT201","INFORMATION DESIGN TECHNIQUES","006","13610","",""," ","Closed","26","26","Sequeira, Marc","Hybrid","3","https://www.bkstr.com/webapp/wcs/stores/servlet/booklookServlet?bookstore_id-1=584&term_id-1=2022 Spring&crn-1=13610","Hybrid Course<br />https://www.njit.edu/registrar/instructionaldelivery/"
"202210","IT201","INFORMATION DESIGN TECHNIQUES","008","13611","R","2:30 PM - 3:50 PM","GITC 3200","Open","26","21","Sequeira, Marc","Hybrid","3","https://www.bkstr.com/webapp/wcs/stores/servlet/booklookServlet?bookstore_id-1=584&term_id-1=2022 Spring&crn-1=13611","Hybrid Course<br />https://www.njit.edu/registrar/instructionaldelivery/"
"202210","IT201","INFORMATION DESIGN TECHNIQUES","008","13611","",""," ","Open","26","21","Sequeira, Marc","Hybrid","3","https://www.bkstr.com/webapp/wcs/stores/servlet/booklookServlet?bookstore_id-1=584&term_id-1=2022 Spring&crn-1=13611","Hybrid Course<br />https://www.njit.edu/registrar/instructionaldelivery/"
"202210","IT201","INFORMATION DESIGN TECHNIQUES","010","13612","T","1:00 PM - 2:20 PM","GITC 3200","Open","26","25","Nersesian, Eric","Hybrid","3","https://www.bkstr.com/webapp/wcs/stores/servlet/booklookServlet?bookstore_id-1=584&term_id-1=2022 Spring&crn-1=13612","Hybrid Course<br />https://www.njit.edu/registrar/instructionaldelivery/"
"202210","IT201","INFORMATION DESIGN TECHNIQUES","010","13612","",""," ","Open","26","25","Nersesian, Eric","Hybrid","3","https://www.bkstr.com/webapp/wcs/stores/servlet/booklookServlet?bookstore_id-1=584&term_id-1=2022 Spring&crn-1=13612","Hybrid Course<br />https://www.njit.edu/registrar/instructionaldelivery/"
"202210","IT201","INFORMATION DESIGN TECHNIQUES","012","13613","F","1:00 PM - 2:20 PM","GITC 3200","Closed","26","26","Nersesian, Eric","Hybrid","3","https://www.bkstr.com/webapp/wcs/stores/servlet/booklookServlet?bookstore_id-1=584&term_id-1=2022 Spring&crn-1=13613","Hybrid Course<br />https://www.njit.edu/registrar/instructionaldelivery/"
"202210","IT201","INFORMATION DESIGN TECHNIQUES","012","13613","",""," ","Closed","26","26","Nersesian, Eric","Hybrid","3","https://www.bkstr.com/webapp/wcs/stores/servlet/booklookServlet?bookstore_id-1=584&term_id-1=2022 Spring&crn-1=13613","Hybrid Course<br />https://www.njit.edu/registrar/instructionaldelivery/"
"202210","IT201","INFORMATION DESIGN TECHNIQUES","014","13614","R","11:30 AM - 12:50 PM","GITC 3200","Closed","26","26","Daher, Salam","Hybrid","3","https://www.bkstr.com/webapp/wcs/stores/servlet/booklookServlet?bookstore_id-1=584&term_id-1=2022 Spring&crn-1=13614","Hybrid Course<br />https://www.njit.edu/registrar/instructionaldelivery/"
"202210","IT201","INFORMATION DESIGN TECHNIQUES","014","13614","",""," ","Closed","26","26","Daher, Salam","Hybrid","3","https://www.bkstr.com/webapp/wcs/stores/servlet/booklookServlet?bookstore_id-1=584&term_id-1=2022 Spring&crn-1=13614","Hybrid Course<br />https://www.njit.edu/registrar/instructionaldelivery/"
"202210","IT201","INFORMATION DESIGN TECHNIQUES","016","15605","R","4:00 PM - 5:20 PM","GITC 3200","Open","26","24","Sequeira, Marc","Hybrid","3","https://www.bkstr.com/webapp/wcs/stores/servlet/booklookServlet?bookstore_id-1=584&term_id-1=2022 Spring&crn-1=15605","Hybrid Course<br />https://www.njit.edu/registrar/instructionaldelivery/"
"202210","IT201","INFORMATION DESIGN TECHNIQUES","016","15605","R","4:00 PM - 5:20 PM","GITC 3200","Open","26","24","Daher, Salam","Hybrid","3","https://www.bkstr.com/webapp/wcs/stores/servlet/booklookServlet?bookstore_id-1=584&term_id-1=2022 Spring&crn-1=15605","Hybrid Course<br />https://www.njit.edu/registrar/instructionaldelivery/"
"202210","IT201","INFORMATION DESIGN TECHNIQUES","016","15605","",""," ","Open","26","24","Sequeira, Marc","Hybrid","3","https://www.bkstr.com/webapp/wcs/stores/servlet/booklookServlet?bookstore_id-1=584&term_id-1=2022 Spring&crn-1=15605","Hybrid Course<br />https://www.njit.edu/registrar/instructionaldelivery/"
"202210","IT201","INFORMATION DESIGN TECHNIQUES","016","15605","",""," ","Open","26","24","Daher, Salam","Hybrid","3","https://www.bkstr.com/webapp/wcs/stores/servlet/booklookServlet?bookstore_id-1=584&term_id-1=2022 Spring&crn-1=15605","Hybrid Course<br />https://www.njit.edu/registrar/instructionaldelivery/"
"202210","IT201","INFORMATION DESIGN TECHNIQUES","018","15608","F","10:00 AM - 11:20 AM","GITC 3200","Open","26","14","Sequeira, Marc","Hybrid","3","https://www.bkstr.com/webapp/wcs/stores/servlet/booklookServlet?bookstore_id-1=584&term_id-1=2022 Spring&crn-1=15608","Hybrid Course<br />https://www.njit.edu/registrar/instructionaldelivery/"
"202210","IT201","INFORMATION DESIGN TECHNIQUES","018","15608","F","10:00 AM - 11:20 AM","GITC 3200","Open","26","14","Vinnikov, Margarita","Hybrid","3","https://www.bkstr.com/webapp/wcs/stores/servlet/booklookServlet?bookstore_id-1=584&term_id-1=2022 Spring&crn-1=15608","Hybrid Course<br />https://www.njit.edu/registrar/instructionaldelivery/"
"202210","IT201","INFORMATION DESIGN TECHNIQUES","018","15608","",""," ","Open","26","14","Sequeira, Marc","Hybrid","3","https://www.bkstr.com/webapp/wcs/stores/servlet/booklookServlet?bookstore_id-1=584&term_id-1=2022 Spring&crn-1=15608","Hybrid Course<br />https://www.njit.edu/registrar/instructionaldelivery/"
"202210","IT201","INFORMATION DESIGN TECHNIQUES","018","15608","",""," ","Open","26","14","Vinnikov, Margarita","Hybrid","3","https://www.bkstr.com/webapp/wcs/stores/servlet/booklookServlet?bookstore_id-1=584&term_id-1=2022 Spring&crn-1=15608","Hybrid Course<br />https://www.njit.edu/registrar/instructionaldelivery/"
"202210","IT201","INFORMATION DESIGN TECHNIQUES","102","13615","T","6:00 PM - 7:20 PM","GITC 3200","Closed","26","26","Sequeira, Marc","Hybrid","3","https://www.bkstr.com/webapp/wcs/stores/servlet/booklookServlet?bookstore_id-1=584&term_id-1=2022 Spring&crn-1=13615","Hybrid Course<br />https://www.njit.edu/registrar/instructionaldelivery/"
"202210","IT201","INFORMATION DESIGN TECHNIQUES","102","13615","T","6:00 PM - 7:20 PM","GITC 3200","Closed","26","26","Nersesian, Eric","Hybrid","3","https://www.bkstr.com/webapp/wcs/stores/servlet/booklookServlet?bookstore_id-1=584&term_id-1=2022 Spring&crn-1=13615","Hybrid Course<br />https://www.njit.edu/registrar/instructionaldelivery/"
"202210","IT201","INFORMATION DESIGN TECHNIQUES","102","13615","",""," ","Closed","26","26","Sequeira, Marc","Hybrid","3","https://www.bkstr.com/webapp/wcs/stores/servlet/booklookServlet?bookstore_id-1=584&term_id-1=2022 Spring&crn-1=13615","Hybrid Course<br />https://www.njit.edu/registrar/instructionaldelivery/"
"202210","IT201","INFORMATION DESIGN TECHNIQUES","102","13615","",""," ","Closed","26","26","Nersesian, Eric","Hybrid","3","https://www.bkstr.com/webapp/wcs/stores/servlet/booklookServlet?bookstore_id-1=584&term_id-1=2022 Spring&crn-1=13615","Hybrid Course<br />https://www.njit.edu/registrar/instructionaldelivery/"
"202210","IT202","INTERNET APPLICATIONS","002","13616","MW","10:00 AM - 11:20 AM","MALL PC36","Closed","30","30","Toegel, Matthew","Face-to-Face","3","https://www.bkstr.com/webapp/wcs/stores/servlet/booklookServlet?bookstore_id-1=584&term_id-1=2022 Spring&crn-1=13616",""
"202210","IT202","INTERNET APPLICATIONS","004","13617","MW","11:30 AM - 12:50 PM","GITC 2302","Closed","30","31","Toegel, Matthew","Face-to-Face","3","https://www.bkstr.com/webapp/wcs/stores/servlet/booklookServlet?bookstore_id-1=584&term_id-1=2022 Spring&crn-1=13617",""
"202210","IT202","INTERNET APPLICATIONS","006","13618","MW","1:00 PM - 2:20 PM","GITC 2302","Closed","30","32","Toegel, Matthew","Face-to-Face","3","https://www.bkstr.com/webapp/wcs/stores/servlet/booklookServlet?bookstore_id-1=584&term_id-1=2022 Spring&crn-1=13618",""
"202210","IT202","INTERNET APPLICATIONS","008","13619","TR","10:00 AM - 11:20 AM","CKB 106","Closed","30","31","Toegel, Matthew","Face-to-Face","3","https://www.bkstr.com/webapp/wcs/stores/servlet/booklookServlet?bookstore_id-1=584&term_id-1=2022 Spring&crn-1=13619","Students must bring their own device for this section."
"202210","IT202","INTERNET APPLICATIONS","010","13620","TR","1:00 PM - 2:20 PM","GITC 2302","Closed","30","30","Toegel, Matthew","Face-to-Face","3","https://www.bkstr.com/webapp/wcs/stores/servlet/booklookServlet?bookstore_id-1=584&term_id-1=2022 Spring&crn-1=13620",""
"202210","IT202","INTERNET APPLICATIONS","102","15433","W","6:00 PM - 8:50 PM","GITC 2305","Closed","30","30","Vohra, Rosemina","Face-to-Face","3","https://www.bkstr.com/webapp/wcs/stores/servlet/booklookServlet?bookstore_id-1=584&term_id-1=2022 Spring&crn-1=15433",""
"202210","IT202","INTERNET APPLICATIONS","452","13621","",""," ","Closed","30","31","Deek, Maura","","3","https://www.bkstr.com/webapp/wcs/stores/servlet/booklookServlet?bookstore_id-1=584&term_id-1=2022 Spring&crn-1=13621","Online Course"
"202210","IT202","INTERNET APPLICATIONS","454","13622","",""," ","Closed","30","30","Deek, Maura","","3","https://www.bkstr.com/webapp/wcs/stores/servlet/booklookServlet?bookstore_id-1=584&term_id-1=2022 Spring&crn-1=13622","Online Course"
"202210","IT202","INTERNET APPLICATIONS","456","13623","",""," ","Open","30","29","Deek, Maura","","3","https://www.bkstr.com/webapp/wcs/stores/servlet/booklookServlet?bookstore_id-1=584&term_id-1=2022 Spring&crn-1=13623","Online Course"
"202210","IT220","WIRELESS NETWORKS","002","13624","TR","2:30 PM - 3:50 PM"," ","Closed","0","0","","Face-to-Face","3","https://www.bkstr.com/webapp/wcs/stores/servlet/booklookServlet?bookstore_id-1=584&term_id-1=2022 Spring&crn-1=13624","Cancelled 01/20/22"
"202210","IT220","WIRELESS NETWORKS","452","13625","",""," ","Closed","30","59","Statica, Robert","","3","https://www.bkstr.com/webapp/wcs/stores/servlet/booklookServlet?bookstore_id-1=584&term_id-1=2022 Spring&crn-1=13625","Online Course"
"202210","IT230","COMPUTER SYSTEMS SECURITY","102","13626","T","6:00 PM - 8:50 PM","FMH 314","Closed","30","31","Tolboom, Ryan","Face-to-Face","3","https://www.bkstr.com/webapp/wcs/stores/servlet/booklookServlet?bookstore_id-1=584&term_id-1=2022 Spring&crn-1=13626",""
"202210","IT230","COMPUTER SYSTEMS SECURITY","104","13627","R","6:00 PM - 8:50 PM"," ","Cancelled","30","0","","Face-to-Face","3","https://www.bkstr.com/webapp/wcs/stores/servlet/booklookServlet?bookstore_id-1=584&term_id-1=2022 Spring&crn-1=13627","Cancelled 11/22/21"
"202210","IT230","COMPUTER SYSTEMS SECURITY","452","15439","",""," ","Open","30","29","Giannoglou, Karl","","3","https://www.bkstr.com/webapp/wcs/stores/servlet/booklookServlet?bookstore_id-1=584&term_id-1=2022 Spring&crn-1=15439","Online Course"
"202210","IT240","SCRIPTING FOR SYSTEM ADMIN","002","13628","TR","11:30 AM - 12:50 PM","GITC 2400","Closed","30","30","Senesy, Stanley","Face-to-Face","3","https://www.bkstr.com/webapp/wcs/stores/servlet/booklookServlet?bookstore_id-1=584&term_id-1=2022 Spring&crn-1=13628",""
"202210","IT240","SCRIPTING FOR SYSTEM ADMIN","452","13629","",""," ","Closed","30","31","Senesy, Stanley","","3","https://www.bkstr.com/webapp/wcs/stores/servlet/booklookServlet?bookstore_id-1=584&term_id-1=2022 Spring&crn-1=13629","Online Course"
"202210","IT265","GAME ARCHITECTURE AND DESIGN","002","13630","TF","4:00 PM - 5:20 PM","CKB 320","Closed","30","31","Thompson, Ulysee","Face-to-Face","3","https://www.bkstr.com/webapp/wcs/stores/servlet/booklookServlet?bookstore_id-1=584&term_id-1=2022 Spring&crn-1=13630",""
"202210","IT266","GAME MOD DEVELOPMENT","002","13631","MW","10:00 AM - 11:20 AM","GITC 3200","Closed","26","26","Kehoe, Donald","Face-to-Face","3","https://www.bkstr.com/webapp/wcs/stores/servlet/booklookServlet?bookstore_id-1=584&term_id-1=2022 Spring&crn-1=13631",""
"202210","IT276","2D GAME DEVELOPMENT","002","13632","TR","10:00 AM - 11:20 AM","GITC 3200","Open","26","15","Kehoe, Donald","Face-to-Face","3","https://www.bkstr.com/webapp/wcs/stores/servlet/booklookServlet?bookstore_id-1=584&term_id-1=2022 Spring&crn-1=13632",""
"202210","IT310","E-COMMERCE TECHNOLOGY","002","13633","T","2:30 PM - 3:50 PM","CKB 330","Closed","30","30","Patel, Dipesh","Hybrid","3","https://www.bkstr.com/webapp/wcs/stores/servlet/booklookServlet?bookstore_id-1=584&term_id-1=2022 Spring&crn-1=13633","Hybrid Course<br />https://www.njit.edu/registrar/instructionaldelivery/"
"202210","IT310","E-COMMERCE TECHNOLOGY","002","13633","",""," ","Closed","30","30","Patel, Dipesh","Hybrid","3","https://www.bkstr.com/webapp/wcs/stores/servlet/booklookServlet?bookstore_id-1=584&term_id-1=2022 Spring&crn-1=13633","Hybrid Course<br />https://www.njit.edu/registrar/instructionaldelivery/"
"202210","IT310","E-COMMERCE TECHNOLOGY","004","13634","R","2:30 PM - 3:50 PM","CKB 314","Closed","30","30","Patel, Dipesh","Hybrid","3","https://www.bkstr.com/webapp/wcs/stores/servlet/booklookServlet?bookstore_id-1=584&term_id-1=2022 Spring&crn-1=13634","Hybrid Course<br />https://www.njit.edu/registrar/instructionaldelivery/"
"202210","IT310","E-COMMERCE TECHNOLOGY","004","13634","",""," ","Closed","30","30","Patel, Dipesh","Hybrid","3","https://www.bkstr.com/webapp/wcs/stores/servlet/booklookServlet?bookstore_id-1=584&term_id-1=2022 Spring&crn-1=13634","Hybrid Course<br />https://www.njit.edu/registrar/instructionaldelivery/"
"202210","IT310","E-COMMERCE TECHNOLOGY","006","13635","TR","11:30 AM - 12:50 PM","CKB 226","Closed","30","30","Statica, Robert","Face-to-Face","3","https://www.bkstr.com/webapp/wcs/stores/servlet/booklookServlet?bookstore_id-1=584&term_id-1=2022 Spring&crn-1=13635",""
"202210","IT310","E-COMMERCE TECHNOLOGY","102","13636","T","6:00 PM - 8:50 PM","FMH 413","Closed","30","30","Thompson, Ulysee","Face-to-Face","3","https://www.bkstr.com/webapp/wcs/stores/servlet/booklookServlet?bookstore_id-1=584&term_id-1=2022 Spring&crn-1=13636",""
"202210","IT310","E-COMMERCE TECHNOLOGY","452","13637","",""," ","Closed","30","30","Statica, Robert","","3","https://www.bkstr.com/webapp/wcs/stores/servlet/booklookServlet?bookstore_id-1=584&term_id-1=2022 Spring&crn-1=13637","Online Course"
"202210","IT310","E-COMMERCE TECHNOLOGY - HONORS","HM2","13638","TR","11:30 AM - 12:50 PM","CKB 226","Closed","5","5","Statica, Robert","Face-to-Face","3","https://www.bkstr.com/webapp/wcs/stores/servlet/booklookServlet?bookstore_id-1=584&term_id-1=2022 Spring&crn-1=13638","Honors Course"
"202210","IT330","COMPUTER FORENSIC","102","13639","S","10:30 AM - 11:50 AM","CKB 215","Closed","36","36","Statica, Robert","Hybrid","3","https://www.bkstr.com/webapp/wcs/stores/servlet/booklookServlet?bookstore_id-1=584&term_id-1=2022 Spring&crn-1=13639","Hybrid Course<br />https://www.njit.edu/registrar/instructionaldelivery/"
"202210","IT330","COMPUTER FORENSIC","102","13639","",""," ","Closed","36","36","Statica, Robert","Hybrid","3","https://www.bkstr.com/webapp/wcs/stores/servlet/booklookServlet?bookstore_id-1=584&term_id-1=2022 Spring&crn-1=13639","Hybrid Course<br />https://www.njit.edu/registrar/instructionaldelivery/"
"202210","IT331","PRIVACY & INFORMTN TECHNLGY","102","13640","M","6:00 PM - 8:50 PM","CKB 120","Closed","35","35","Rendon, Andrew","Face-to-Face","3","https://www.bkstr.com/webapp/wcs/stores/servlet/booklookServlet?bookstore_id-1=584&term_id-1=2022 Spring&crn-1=13640",""
"202210","IT332","DIGITAL CRIME","102","13641","S","9:00 AM - 10:20 AM","CKB 215","Closed","36","36","Statica, Robert","Hybrid","3","https://www.bkstr.com/webapp/wcs/stores/servlet/booklookServlet?bookstore_id-1=584&term_id-1=2022 Spring&crn-1=13641","Hybrid Course<br />https://www.njit.edu/registrar/instructionaldelivery/"
"202210","IT332","DIGITAL CRIME","102","13641","",""," ","Closed","36","36","Statica, Robert","Hybrid","3","https://www.bkstr.com/webapp/wcs/stores/servlet/booklookServlet?bookstore_id-1=584&term_id-1=2022 Spring&crn-1=13641","Hybrid Course<br />https://www.njit.edu/registrar/instructionaldelivery/"
"202210","IT332","DIGITAL CRIME","452","13642","",""," ","Closed","30","32","Patel, Dipesh","","3","https://www.bkstr.com/webapp/wcs/stores/servlet/booklookServlet?bookstore_id-1=584&term_id-1=2022 Spring&crn-1=13642","Online Course"
"202210","IT340","INTRO TO SYSTEM ADMINISTRATION","002","13643","MW","10:00 AM - 11:20 AM","GITC 1202","Closed","30","30","Senesy, Stanley","Face-to-Face","3","https://www.bkstr.com/webapp/wcs/stores/servlet/booklookServlet?bookstore_id-1=584&term_id-1=2022 Spring&crn-1=13643",""
"202210","IT340","INTRO TO SYSTEM ADMINISTRATION","452","13644","",""," ","Closed","30","30","Lay, Larry","","3","https://www.bkstr.com/webapp/wcs/stores/servlet/booklookServlet?bookstore_id-1=584&term_id-1=2022 Spring&crn-1=13644","Online Course"
"202210","IT340","INTRO TO SYSTEM ADMINISTRATION","454","13645","",""," ","Closed","30","30","Lay, Larry","","3","https://www.bkstr.com/webapp/wcs/stores/servlet/booklookServlet?bookstore_id-1=584&term_id-1=2022 Spring&crn-1=13645","Online Course"
"202210","IT360","PROGRMMING FOR COMPUTR GRAPH","002","13646","T","4:00 PM - 5:20 PM"," ","Cancelled","26","0","","Face-to-Face","3","https://www.bkstr.com/webapp/wcs/stores/servlet/booklookServlet?bookstore_id-1=584&term_id-1=2022 Spring&crn-1=13646","Cancelled 11/9/21"
"202210","IT360","PROGRMMING FOR COMPUTR GRAPH","002","13646","W","11:30 AM - 12:50 PM"," ","Cancelled","26","0","","Face-to-Face","3","https://www.bkstr.com/webapp/wcs/stores/servlet/booklookServlet?bookstore_id-1=584&term_id-1=2022 Spring&crn-1=13646","Cancelled 11/9/21"
"202210","IT383","GAME DESIGN FOR XR","002","15609","F","1:00 PM - 2:20 PM","CKB 315","Open","26","20","Vinnikov, Margarita","Face-to-Face","3","https://www.bkstr.com/webapp/wcs/stores/servlet/booklookServlet?bookstore_id-1=584&term_id-1=2022 Spring&crn-1=15609",""
"202210","IT383","GAME DESIGN FOR XR","002","15609","W","1:00 PM - 2:20 PM","GITC 3200","Open","26","20","Vinnikov, Margarita","Face-to-Face","3","https://www.bkstr.com/webapp/wcs/stores/servlet/booklookServlet?bookstore_id-1=584&term_id-1=2022 Spring&crn-1=15609",""
"202210","IT386","3D MODELING AND ANIMATION","002","13647","TF","2:30 PM - 3:50 PM","GITC 3200","Open","26","25","Nersesian, Eric","Face-to-Face","3","https://www.bkstr.com/webapp/wcs/stores/servlet/booklookServlet?bookstore_id-1=584&term_id-1=2022 Spring&crn-1=13647",""
"202210","IT420","COMPUTER SYSTEMS AND NETWORKS","002","13648","MW","8:30 AM - 9:50 AM"," ","Closed","0","0","","Face-to-Face","3","https://www.bkstr.com/webapp/wcs/stores/servlet/booklookServlet?bookstore_id-1=584&term_id-1=2022 Spring&crn-1=13648","Cancelled 1/11/22"
"202210","IT420","COMPUTER SYSTEMS AND NETWORKS","004","13649","MW","11:30 AM - 12:50 PM","GITC 1202","Open","30","27","Martino, Daniel","Face-to-Face","3","https://www.bkstr.com/webapp/wcs/stores/servlet/booklookServlet?bookstore_id-1=584&term_id-1=2022 Spring&crn-1=13649",""
"202210","IT420","COMPUTER SYSTEMS AND NETWORKS","006","13650","MW","1:00 PM - 2:20 PM","GITC 1202","Open","30","21","Martino, Daniel","Face-to-Face","3","https://www.bkstr.com/webapp/wcs/stores/servlet/booklookServlet?bookstore_id-1=584&term_id-1=2022 Spring&crn-1=13650",""
"202210","IT420","COMPUTER SYSTEMS AND NETWORKS","008","13651","TR","2:30 PM - 3:50 PM","GITC 1202","Open","30","26","Tolboom, Ryan","Face-to-Face","3","https://www.bkstr.com/webapp/wcs/stores/servlet/booklookServlet?bookstore_id-1=584&term_id-1=2022 Spring&crn-1=13651",""
"202210","IT420","COMPUTER SYSTEMS AND NETWORKS","102","13652","W","6:00 PM - 8:50 PM","GITC 1202","Open","30","21","Rendon, Andrew","Face-to-Face","3","https://www.bkstr.com/webapp/wcs/stores/servlet/booklookServlet?bookstore_id-1=584&term_id-1=2022 Spring&crn-1=13652",""
"202210","IT430","ETHICAL HACKING FOR SYS ADMINS","002","13653","TR","10:00 AM - 11:20 AM","GITC 2400","Open","30","29","Senesy, Stanley","Face-to-Face","3","https://www.bkstr.com/webapp/wcs/stores/servlet/booklookServlet?bookstore_id-1=584&term_id-1=2022 Spring&crn-1=13653",""
"202210","IT430","ETHICAL HACKING FOR SYS ADMINS","452","13654","",""," ","Closed","30","30","Senesy, Stanley","","3","https://www.bkstr.com/webapp/wcs/stores/servlet/booklookServlet?bookstore_id-1=584&term_id-1=2022 Spring&crn-1=13654","Online Course"
"202210","IT490","SYSTEMS INTEGRATION","002","13655","MW","11:30 AM - 12:50 PM","TIER 112","Closed","30","33","Kehoe, Donald","Face-to-Face","3","https://www.bkstr.com/webapp/wcs/stores/servlet/booklookServlet?bookstore_id-1=584&term_id-1=2022 Spring&crn-1=13655","Students must bring their own device for this section."
"202210","IT490","SYSTEMS INTEGRATION","004","13656","TR","11:30 AM - 12:50 PM","CKB 106","Closed","30","33","Kehoe, Donald","Face-to-Face","3","https://www.bkstr.com/webapp/wcs/stores/servlet/booklookServlet?bookstore_id-1=584&term_id-1=2022 Spring&crn-1=13656","Students must bring their own device for this section."
"202210","IT490","SYSTEMS INTEGRATION","102","13657","T","6:00 PM - 8:50 PM","GITC 3600","Closed","30","37","Patel, Dipesh","Face-to-Face","3","https://www.bkstr.com/webapp/wcs/stores/servlet/booklookServlet?bookstore_id-1=584&term_id-1=2022 Spring&crn-1=13657","Students must bring their own device for this section."
"202210","IT491","INFORMTN TECHNLGY CAPSTONE","102","13658","T","6:00 PM - 8:50 PM","WEST LECT 1","Open","90","85","Eljabiri, Osama","Face-to-Face","3","https://www.bkstr.com/webapp/wcs/stores/servlet/booklookServlet?bookstore_id-1=584&term_id-1=2022 Spring&crn-1=13658",""
"202210","IT491","INFORMTN TECHNLGY CAPSTONE","104","13659","R","6:00 PM - 8:50 PM","WEST LECT 1","Open","90","82","Eljabiri, Osama","Face-to-Face","3","https://www.bkstr.com/webapp/wcs/stores/servlet/booklookServlet?bookstore_id-1=584&term_id-1=2022 Spring&crn-1=13659",""
"202210","IT491","INFORMTN TECHNLGY CAPSTONE - HONORS","HM2","13660","T","6:00 PM - 8:50 PM","WEST LECT 1","Closed","5","5","Eljabiri, Osama","Face-to-Face","3","https://www.bkstr.com/webapp/wcs/stores/servlet/booklookServlet?bookstore_id-1=584&term_id-1=2022 Spring&crn-1=13660","Honors Course"
"202210","IT491","INFORMTN TECHNLGY CAPSTONE - HONORS","HM4","13661","R","6:00 PM - 8:50 PM","WEST LECT 1","Open","5","2","Eljabiri, Osama","Face-to-Face","3","https://www.bkstr.com/webapp/wcs/stores/servlet/booklookServlet?bookstore_id-1=584&term_id-1=2022 Spring&crn-1=13661","Honors Course"
"202210","IT635","DATABASE ADMINISTRATION","102","13662","R","6:00 PM - 8:50 PM","CKB 207","Open","30","25","Tolboom, Ryan","Face-to-Face","3","https://www.bkstr.com/webapp/wcs/stores/servlet/booklookServlet?bookstore_id-1=584&term_id-1=2022 Spring&crn-1=13662",""
"202210","IT635","DATABASE ADMINISTRATION","852","13663","",""," ","Open","30","16","Tolboom, Ryan","Online","3","https://www.bkstr.com/webapp/wcs/stores/servlet/booklookServlet?bookstore_id-1=584&term_id-1=2022 Spring&crn-1=13663","Restricted to Virtual Campus Students Only<br />Online Course"
"202210","IT640","NETWORK SERVCES ADMINISTRTN","002","13664","TR","2:30 PM - 3:50 PM","CKB 317","Open","30","28","Senesy, Stanley","Face-to-Face","3","https://www.bkstr.com/webapp/wcs/stores/servlet/booklookServlet?bookstore_id-1=584&term_id-1=2022 Spring&crn-1=13664",""
