"Term","Course","Title","Section","CRN","Days","Times","Location","Status","Max","Now","Instructor","Delivery Mode","Credits","Info","Comments"
"202210","LIT340","CONTEMPORARY LITERATURE","002","13665","TF","2:30 PM - 3:50 PM","CKB 310","Closed","25","25","Curley, Jonathan","Face-to-Face","3","https://www.bkstr.com/webapp/wcs/stores/servlet/booklookServlet?bookstore_id-1=584&term_id-1=2022 Spring&crn-1=13665",""
"202210","LIT376","LATIN AMERICAN LITERATURE","002","13666","MR","1:00 PM - 2:20 PM"," ","Cancelled","25","0","","Face-to-Face","3","https://www.bkstr.com/webapp/wcs/stores/servlet/booklookServlet?bookstore_id-1=584&term_id-1=2022 Spring&crn-1=13666","Cancelled 1/6/22"
"202210","LIT386","SCIENCE FICTION","102","13667","T","6:00 PM - 8:50 PM"," ","Closed","20","20","Steffen-Fluhr, Nancy","Synchronous Online","3","https://www.bkstr.com/webapp/wcs/stores/servlet/booklookServlet?bookstore_id-1=584&term_id-1=2022 Spring&crn-1=13667","Synchronous Online Course<br />https://www.njit.edu/registrar/instructionaldelivery/"
"202210","LIT386","SCIENCE FICTION - HONORS","HM2","13668","T","6:00 PM - 8:50 PM"," ","Closed","10","12","Steffen-Fluhr, Nancy","Synchronous Online","3","https://www.bkstr.com/webapp/wcs/stores/servlet/booklookServlet?bookstore_id-1=584&term_id-1=2022 Spring&crn-1=13668","Honors Course<br />Synchronous Online Course<br />https://www.njit.edu/registrar/instructionaldelivery/"
