"Term","Course","Title","Section","CRN","Days","Times","Location","Status","Max","Now","Instructor","Delivery Mode","Credits","Info","Comments"
"202210","MATH105","ELEM PROBABILITY & STATISTICS","002","13678","TF","4:00 PM - 5:20 PM","FMH 110","Closed","32","34","Ashraf, Wahab","Face-to-Face","3","https://www.bkstr.com/webapp/wcs/stores/servlet/booklookServlet?bookstore_id-1=584&term_id-1=2022 Spring&crn-1=13678",""
"202210","MATH105","ELEM PROBABILITY & STATISTICS","004","13679","MR","11:30 AM - 12:50 PM","CULM 110","Closed","32","37","Carfora, Kristin","Face-to-Face","3","https://www.bkstr.com/webapp/wcs/stores/servlet/booklookServlet?bookstore_id-1=584&term_id-1=2022 Spring&crn-1=13679",""
"202210","MATH105","ELEM PROBABILITY & STATISTICS","006","13680","MW","8:30 AM - 9:50 AM","CKB 106","Closed","32","33","Martello-Firriolo, Linda","Face-to-Face","3","https://www.bkstr.com/webapp/wcs/stores/servlet/booklookServlet?bookstore_id-1=584&term_id-1=2022 Spring&crn-1=13680",""
"202210","MATH105","ELEM PROBABILITY & STATISTICS","008","13681","TR","4:00 PM - 5:20 PM","FMH 213","Closed","32","33","Dandan, Raed","Face-to-Face","3","https://www.bkstr.com/webapp/wcs/stores/servlet/booklookServlet?bookstore_id-1=584&term_id-1=2022 Spring&crn-1=13681",""
"202210","MATH105","ELEM PROBABILITY & STATISTICS","010","13682","MW","10:00 AM - 11:20 AM","CULM 110","Closed","32","37","Martello-Firriolo, Linda","Face-to-Face","3","https://www.bkstr.com/webapp/wcs/stores/servlet/booklookServlet?bookstore_id-1=584&term_id-1=2022 Spring&crn-1=13682",""
"202210","MATH105","ELEM PROBABILITY & STATISTICS","012","13683","TR","4:00 PM - 5:20 PM","CKB 215","Closed","32","33","Carfora, Kristin","Face-to-Face","3","https://www.bkstr.com/webapp/wcs/stores/servlet/booklookServlet?bookstore_id-1=584&term_id-1=2022 Spring&crn-1=13683",""
"202210","MATH105","ELEM PROBABILITY & STATISTICS","014","15822","TF","4:00 PM - 5:20 PM","FMH 108","Closed","32","32","Patiak, Benjamin","Face-to-Face","3","https://www.bkstr.com/webapp/wcs/stores/servlet/booklookServlet?bookstore_id-1=584&term_id-1=2022 Spring&crn-1=15822",""
"202210","MATH105","ELEM PROBABILITY & STATISTICS","102","13684","W","6:00 PM - 8:50 PM","FMH 314","Closed","32","32","Flores, Renzo","Face-to-Face","3","https://www.bkstr.com/webapp/wcs/stores/servlet/booklookServlet?bookstore_id-1=584&term_id-1=2022 Spring&crn-1=13684",""
"202210","MATH105","ELEM PROBABILITY & STATISTICS","104","13685","F","6:00 PM - 8:50 PM","CKB 330","Open","32","31","Ashraf, Wahab","Face-to-Face","3","https://www.bkstr.com/webapp/wcs/stores/servlet/booklookServlet?bookstore_id-1=584&term_id-1=2022 Spring&crn-1=13685",""
"202210","MATH105","ELEM PROBABILITY & STATISTICS","HPH","15964","",""," ","Closed","0","1","","Face-to-Face","3","https://www.bkstr.com/webapp/wcs/stores/servlet/booklookServlet?bookstore_id-1=584&term_id-1=2022 Spring&crn-1=15964","For High Point Regional High School Students Only"
"202210","MATH107","UNIVERSITY MATHEMATICS A","002","13686","MR","2:30 PM - 3:50 PM","CKB 222","Open","32","31","Mahmood, Sirag","Face-to-Face","3","https://www.bkstr.com/webapp/wcs/stores/servlet/booklookServlet?bookstore_id-1=584&term_id-1=2022 Spring&crn-1=13686","This course has common exams.<br />See https://www.njit.edu/registrar/exams/ for details."
"202210","MATH107","UNIVERSITY MATHEMATICS A","004","13687","TF","2:30 PM - 3:50 PM","CKB 206","Closed","32","34","Potocki-Dul, Magdallena","Face-to-Face","3","https://www.bkstr.com/webapp/wcs/stores/servlet/booklookServlet?bookstore_id-1=584&term_id-1=2022 Spring&crn-1=13687","This course has common exams.<br />See https://www.njit.edu/registrar/exams/ for details."
"202210","MATH107","UNIVERSITY MATHEMATICS A","006","13688","TF","8:30 AM - 9:50 AM"," ","Closed","0","0","","Face-to-Face","3","https://www.bkstr.com/webapp/wcs/stores/servlet/booklookServlet?bookstore_id-1=584&term_id-1=2022 Spring&crn-1=13688","Cancelled 01/18/22"
"202210","MATH107","UNIVERSITY MATHEMATICS A","102","13689","W","6:00 PM - 8:50 PM","CKB 226","Open","32","21","Smaily, Cambiz","Face-to-Face","3","https://www.bkstr.com/webapp/wcs/stores/servlet/booklookServlet?bookstore_id-1=584&term_id-1=2022 Spring&crn-1=13689","This course has common exams.<br />See https://www.njit.edu/registrar/exams/ for details."
"202210","MATH108","UNIVERSITY MATHEMATICS B","002","13690","F","4:00 PM - 5:00 PM","TIER 112","Open","32","24","DeBarros, Abilio","Face-to-Face","4","https://www.bkstr.com/webapp/wcs/stores/servlet/booklookServlet?bookstore_id-1=584&term_id-1=2022 Spring&crn-1=13690","This course has common exams.<br />See https://www.njit.edu/registrar/exams/ for details."
"202210","MATH108","UNIVERSITY MATHEMATICS B","002","13690","MTR","2:30 PM - 3:50 PM","TIER 108","Open","32","24","DeBarros, Abilio","Face-to-Face","4","https://www.bkstr.com/webapp/wcs/stores/servlet/booklookServlet?bookstore_id-1=584&term_id-1=2022 Spring&crn-1=13690","This course has common exams.<br />See https://www.njit.edu/registrar/exams/ for details."
"202210","MATH108","UNIVERSITY MATHEMATICS B","004","13691","F","1:00 PM - 2:00 PM","CKB 223","Open","32","17","DeBarros, Abilio","Face-to-Face","4","https://www.bkstr.com/webapp/wcs/stores/servlet/booklookServlet?bookstore_id-1=584&term_id-1=2022 Spring&crn-1=13691","This course has common exams.<br />See https://www.njit.edu/registrar/exams/ for details."
"202210","MATH108","UNIVERSITY MATHEMATICS B","004","13691","MTR","1:00 PM - 2:20 PM","TIER 114","Open","32","17","DeBarros, Abilio","Face-to-Face","4","https://www.bkstr.com/webapp/wcs/stores/servlet/booklookServlet?bookstore_id-1=584&term_id-1=2022 Spring&crn-1=13691","This course has common exams.<br />See https://www.njit.edu/registrar/exams/ for details."
"202210","MATH108","UNIVERSITY MATHEMATICS B","006","13692","F","1:00 PM - 2:00 PM"," ","Closed","0","0","","Face-to-Face","4","https://www.bkstr.com/webapp/wcs/stores/servlet/booklookServlet?bookstore_id-1=584&term_id-1=2022 Spring&crn-1=13692","Cancelled 1/13/22"
"202210","MATH108","UNIVERSITY MATHEMATICS B","006","13692","MTR","1:00 PM - 2:20 PM"," ","Closed","0","0","","Face-to-Face","4","https://www.bkstr.com/webapp/wcs/stores/servlet/booklookServlet?bookstore_id-1=584&term_id-1=2022 Spring&crn-1=13692","Cancelled 1/13/22"
"202210","MATH110","UNIVERSITY MATHEMATICS B II","002","13693","MTF","2:30 PM - 3:50 PM","TIER 114","Closed","32","33","Oton, Chanda-Louise","Face-to-Face","4","https://www.bkstr.com/webapp/wcs/stores/servlet/booklookServlet?bookstore_id-1=584&term_id-1=2022 Spring&crn-1=13693","This course has common exams.<br />See https://www.njit.edu/registrar/exams/ for details."
"202210","MATH110","UNIVERSITY MATHEMATICS B II","002","13693","R","11:30 AM - 12:30 PM","TIER 105","Closed","32","33","Oton, Chanda-Louise","Face-to-Face","4","https://www.bkstr.com/webapp/wcs/stores/servlet/booklookServlet?bookstore_id-1=584&term_id-1=2022 Spring&crn-1=13693","This course has common exams.<br />See https://www.njit.edu/registrar/exams/ for details."
"202210","MATH110","UNIVERSITY MATHEMATICS B II","004","13694","M","2:30 PM - 3:30 PM","TIER 113","Closed","32","32","McKenzie, Howard","Face-to-Face","4","https://www.bkstr.com/webapp/wcs/stores/servlet/booklookServlet?bookstore_id-1=584&term_id-1=2022 Spring&crn-1=13694","This course has common exams.<br />See https://www.njit.edu/registrar/exams/ for details."
"202210","MATH110","UNIVERSITY MATHEMATICS B II","004","13694","R","4:00 PM - 5:20 PM","TIER 108","Closed","32","32","McKenzie, Howard","Face-to-Face","4","https://www.bkstr.com/webapp/wcs/stores/servlet/booklookServlet?bookstore_id-1=584&term_id-1=2022 Spring&crn-1=13694","This course has common exams.<br />See https://www.njit.edu/registrar/exams/ for details."
"202210","MATH110","UNIVERSITY MATHEMATICS B II","004","13694","TF","4:00 PM - 5:20 PM","TIER 108","Closed","32","32","McKenzie, Howard","Face-to-Face","4","https://www.bkstr.com/webapp/wcs/stores/servlet/booklookServlet?bookstore_id-1=584&term_id-1=2022 Spring&crn-1=13694","This course has common exams.<br />See https://www.njit.edu/registrar/exams/ for details."
"202210","MATH110","UNIVERSITY MATHEMATICS B II","006","13695","MTF","2:30 PM - 3:50 PM","CKB 314","Closed","32","32","Bouayad, Rachid","Face-to-Face","4","https://www.bkstr.com/webapp/wcs/stores/servlet/booklookServlet?bookstore_id-1=584&term_id-1=2022 Spring&crn-1=13695","This course has common exams.<br />See https://www.njit.edu/registrar/exams/ for details."
"202210","MATH110","UNIVERSITY MATHEMATICS B II","006","13695","R","1:00 PM - 2:00 PM","KUPF 208","Closed","32","32","Bouayad, Rachid","Face-to-Face","4","https://www.bkstr.com/webapp/wcs/stores/servlet/booklookServlet?bookstore_id-1=584&term_id-1=2022 Spring&crn-1=13695","This course has common exams.<br />See https://www.njit.edu/registrar/exams/ for details."
"202210","MATH110","UNIVERSITY MATHEMATICS B II","008","13696","R","8:30 AM - 9:30 AM","TIER 114","Closed","32","33","Peltekov, Ivaylo","Face-to-Face","4","https://www.bkstr.com/webapp/wcs/stores/servlet/booklookServlet?bookstore_id-1=584&term_id-1=2022 Spring&crn-1=13696","This course has common exams.<br />See https://www.njit.edu/registrar/exams/ for details."
"202210","MATH110","UNIVERSITY MATHEMATICS B II","008","13696","TWF","8:30 AM - 9:50 AM","TIER 112","Closed","32","33","Peltekov, Ivaylo","Face-to-Face","4","https://www.bkstr.com/webapp/wcs/stores/servlet/booklookServlet?bookstore_id-1=584&term_id-1=2022 Spring&crn-1=13696","This course has common exams.<br />See https://www.njit.edu/registrar/exams/ for details."
"202210","MATH110","UNIVERSITY MATHEMATICS B II","102","13697","F","6:00 PM - 7:55 PM","KUPF 104","Closed","32","32","Kniaziewicz, Kristine","Face-to-Face","4","https://www.bkstr.com/webapp/wcs/stores/servlet/booklookServlet?bookstore_id-1=584&term_id-1=2022 Spring&crn-1=13697","This course has common exams.<br />See https://www.njit.edu/registrar/exams/ for details."
"202210","MATH110","UNIVERSITY MATHEMATICS B II","102","13697","W","6:00 PM - 8:50 PM","CKB 303","Closed","32","32","Kniaziewicz, Kristine","Face-to-Face","4","https://www.bkstr.com/webapp/wcs/stores/servlet/booklookServlet?bookstore_id-1=584&term_id-1=2022 Spring&crn-1=13697","This course has common exams.<br />See https://www.njit.edu/registrar/exams/ for details."
"202210","MATH110","UNIVERSITY MATHEMATICS B II","HS1","15958","S","9:00 AM - 12:50 PM","CKB 212","Closed","0","8","Rana Concepcion, Priyanka","Face-to-Face","4","https://www.bkstr.com/webapp/wcs/stores/servlet/booklookServlet?bookstore_id-1=584&term_id-1=2022 Spring&crn-1=15958","For High School Students Only"
"202210","MATH110","UNIVERSITY MATHEMATICS B II","MS2","13698","MTWRF","8:30 AM - 9:50 AM","CKB 226","Closed","0","0","Schmidt, Donivyn","Face-to-Face","4","https://www.bkstr.com/webapp/wcs/stores/servlet/booklookServlet?bookstore_id-1=584&term_id-1=2022 Spring&crn-1=13698","For MSI Students Only"
"202210","MATH110","UNIVERSITY MATHEMATICS B II","MSI","13699","MTWRF","8:30 AM - 9:50 AM","CKB 212","Closed","0","0","Ward, Peter","Face-to-Face","4","https://www.bkstr.com/webapp/wcs/stores/servlet/booklookServlet?bookstore_id-1=584&term_id-1=2022 Spring&crn-1=13699","For MSI Students Only"
"202210","MATH111","CALCULUS I","002","13700","M","2:30 PM - 3:30 PM","TIER 107","Closed","34","34","Erfani, Sourorazam","Face-to-Face","4","https://www.bkstr.com/webapp/wcs/stores/servlet/booklookServlet?bookstore_id-1=584&term_id-1=2022 Spring&crn-1=13700","This course has common exams.<br />See https://www.njit.edu/registrar/exams/ for details."
"202210","MATH111","CALCULUS I","002","13700","TRF","1:00 PM - 2:20 PM","TIER 108","Closed","34","34","Erfani, Sourorazam","Face-to-Face","4","https://www.bkstr.com/webapp/wcs/stores/servlet/booklookServlet?bookstore_id-1=584&term_id-1=2022 Spring&crn-1=13700","This course has common exams.<br />See https://www.njit.edu/registrar/exams/ for details."
"202210","MATH111","CALCULUS I","004","13701","M","2:30 PM - 3:30 PM","TIER 112","Closed","34","34","Erfani, Sourorazam","Face-to-Face","4","https://www.bkstr.com/webapp/wcs/stores/servlet/booklookServlet?bookstore_id-1=584&term_id-1=2022 Spring&crn-1=13701","This course has common exams.<br />See https://www.njit.edu/registrar/exams/ for details."
"202210","MATH111","CALCULUS I","004","13701","TRF","2:30 PM - 3:50 PM","TIER 105","Closed","34","34","Erfani, Sourorazam","Face-to-Face","4","https://www.bkstr.com/webapp/wcs/stores/servlet/booklookServlet?bookstore_id-1=584&term_id-1=2022 Spring&crn-1=13701","This course has common exams.<br />See https://www.njit.edu/registrar/exams/ for details."
"202210","MATH111","CALCULUS I","006","13702","TRF","10:00 AM - 11:20 AM","CKB 223","Closed","34","34","Sherman, Thomas","Face-to-Face","4","https://www.bkstr.com/webapp/wcs/stores/servlet/booklookServlet?bookstore_id-1=584&term_id-1=2022 Spring&crn-1=13702","This course has common exams.<br />See https://www.njit.edu/registrar/exams/ for details."
"202210","MATH111","CALCULUS I","006","13702","W","1:00 PM - 2:00 PM","TIER 113","Closed","34","34","Sherman, Thomas","Face-to-Face","4","https://www.bkstr.com/webapp/wcs/stores/servlet/booklookServlet?bookstore_id-1=584&term_id-1=2022 Spring&crn-1=13702","This course has common exams.<br />See https://www.njit.edu/registrar/exams/ for details."
"202210","MATH111","CALCULUS I","008","13703","M","10:00 AM - 11:00 AM","KUPF 204","Open","34","33","Sherman, Thomas","Face-to-Face","4","https://www.bkstr.com/webapp/wcs/stores/servlet/booklookServlet?bookstore_id-1=584&term_id-1=2022 Spring&crn-1=13703","This course has common exams.<br />See https://www.njit.edu/registrar/exams/ for details."
"202210","MATH111","CALCULUS I","008","13703","TRF","8:30 AM - 9:50 AM","KUPF 204","Open","34","33","Sherman, Thomas","Face-to-Face","4","https://www.bkstr.com/webapp/wcs/stores/servlet/booklookServlet?bookstore_id-1=584&term_id-1=2022 Spring&crn-1=13703","This course has common exams.<br />See https://www.njit.edu/registrar/exams/ for details."
"202210","MATH111","CALCULUS I","010","13704","TRF","1:00 PM - 2:20 PM","TIER 107","Open","34","32","Adames-Ng, Julian","Face-to-Face","4","https://www.bkstr.com/webapp/wcs/stores/servlet/booklookServlet?bookstore_id-1=584&term_id-1=2022 Spring&crn-1=13704","This course has common exams.<br />See https://www.njit.edu/registrar/exams/ for details."
"202210","MATH111","CALCULUS I","010","13704","W","8:30 AM - 9:30 AM","TIER 105","Open","34","32","Adames-Ng, Julian","Face-to-Face","4","https://www.bkstr.com/webapp/wcs/stores/servlet/booklookServlet?bookstore_id-1=584&term_id-1=2022 Spring&crn-1=13704","This course has common exams.<br />See https://www.njit.edu/registrar/exams/ for details."
"202210","MATH111","CALCULUS I","012","13705","M","2:30 PM - 3:30 PM","TIER 105","Closed","34","34","Adames-Ng, Julian","Face-to-Face","4","https://www.bkstr.com/webapp/wcs/stores/servlet/booklookServlet?bookstore_id-1=584&term_id-1=2022 Spring&crn-1=13705","This course has common exams.<br />See https://www.njit.edu/registrar/exams/ for details."
"202210","MATH111","CALCULUS I","012","13705","TRF","2:30 PM - 3:50 PM","TIER 107","Closed","34","34","Adames-Ng, Julian","Face-to-Face","4","https://www.bkstr.com/webapp/wcs/stores/servlet/booklookServlet?bookstore_id-1=584&term_id-1=2022 Spring&crn-1=13705","This course has common exams.<br />See https://www.njit.edu/registrar/exams/ for details."
"202210","MATH111","CALCULUS I","014","13706","M","11:30 AM - 12:30 PM","KUPF 205","Open","34","24","Flax, Amy","Face-to-Face","4","https://www.bkstr.com/webapp/wcs/stores/servlet/booklookServlet?bookstore_id-1=584&term_id-1=2022 Spring&crn-1=13706","This course has common exams.<br />See https://www.njit.edu/registrar/exams/ for details."
"202210","MATH111","CALCULUS I","014","13706","TRF","8:30 AM - 9:50 AM","KUPF 205","Open","34","24","Flax, Amy","Face-to-Face","4","https://www.bkstr.com/webapp/wcs/stores/servlet/booklookServlet?bookstore_id-1=584&term_id-1=2022 Spring&crn-1=13706","This course has common exams.<br />See https://www.njit.edu/registrar/exams/ for details."
"202210","MATH111","CALCULUS I","016","13707","M","10:00 AM - 11:00 AM","TIER 105","Open","34","25","Flax, Amy","Face-to-Face","4","https://www.bkstr.com/webapp/wcs/stores/servlet/booklookServlet?bookstore_id-1=584&term_id-1=2022 Spring&crn-1=13707","This course has common exams.<br />See https://www.njit.edu/registrar/exams/ for details."
"202210","MATH111","CALCULUS I","016","13707","TRF","1:00 PM - 2:20 PM","TIER 112","Open","34","25","Flax, Amy","Face-to-Face","4","https://www.bkstr.com/webapp/wcs/stores/servlet/booklookServlet?bookstore_id-1=584&term_id-1=2022 Spring&crn-1=13707","This course has common exams.<br />See https://www.njit.edu/registrar/exams/ for details."
"202210","MATH111","CALCULUS I","018","13708","MRF","1:00 PM - 2:20 PM"," ","Closed","0","0","","Face-to-Face","4","https://www.bkstr.com/webapp/wcs/stores/servlet/booklookServlet?bookstore_id-1=584&term_id-1=2022 Spring&crn-1=13708","Cancelled 1/13/22"
"202210","MATH111","CALCULUS I","018","13708","W","8:30 AM - 9:30 AM"," ","Closed","0","0","","Face-to-Face","4","https://www.bkstr.com/webapp/wcs/stores/servlet/booklookServlet?bookstore_id-1=584&term_id-1=2022 Spring&crn-1=13708","Cancelled 1/13/22"
"202210","MATH111","CALCULUS I","020","13709","F","8:30 AM - 9:30 AM","TIER 114","Open","34","19","Davis, Joshua","Face-to-Face","4","https://www.bkstr.com/webapp/wcs/stores/servlet/booklookServlet?bookstore_id-1=584&term_id-1=2022 Spring&crn-1=13709","This course has common exams.<br />See https://www.njit.edu/registrar/exams/ for details."
"202210","MATH111","CALCULUS I","020","13709","MTR","1:00 PM - 2:20 PM","CKB 120","Open","34","19","Davis, Joshua","Face-to-Face","4","https://www.bkstr.com/webapp/wcs/stores/servlet/booklookServlet?bookstore_id-1=584&term_id-1=2022 Spring&crn-1=13709","This course has common exams.<br />See https://www.njit.edu/registrar/exams/ for details."
"202210","MATH111","CALCULUS I","022","13710","M","2:30 PM - 3:30 PM","KUPF 203","Open","34","15","Elassa, Aomar","Face-to-Face","4","https://www.bkstr.com/webapp/wcs/stores/servlet/booklookServlet?bookstore_id-1=584&term_id-1=2022 Spring&crn-1=13710","This course has common exams.<br />See https://www.njit.edu/registrar/exams/ for details."
"202210","MATH111","CALCULUS I","022","13710","TRF","4:00 PM - 5:20 PM","KUPF 206","Open","34","15","Elassa, Aomar","Face-to-Face","4","https://www.bkstr.com/webapp/wcs/stores/servlet/booklookServlet?bookstore_id-1=584&term_id-1=2022 Spring&crn-1=13710","This course has common exams.<br />See https://www.njit.edu/registrar/exams/ for details."
"202210","MATH111","CALCULUS I","102","13711","F","6:00 PM - 7:55 PM","TIER 106","Open","34","22","Aytas, David","Face-to-Face","4","https://www.bkstr.com/webapp/wcs/stores/servlet/booklookServlet?bookstore_id-1=584&term_id-1=2022 Spring&crn-1=13711","This course has common exams.<br />See https://www.njit.edu/registrar/exams/ for details."
"202210","MATH111","CALCULUS I","102","13711","W","6:00 PM - 8:50 PM","TIER 112","Open","34","22","Aytas, David","Face-to-Face","4","https://www.bkstr.com/webapp/wcs/stores/servlet/booklookServlet?bookstore_id-1=584&term_id-1=2022 Spring&crn-1=13711","This course has common exams.<br />See https://www.njit.edu/registrar/exams/ for details."
"202210","MATH111","CALCULUS I","JDT","15899","",""," ","Closed","0","16","","Face-to-Face","4","https://www.bkstr.com/webapp/wcs/stores/servlet/booklookServlet?bookstore_id-1=584&term_id-1=2022 Spring&crn-1=15899","For John E. Dwyer Technology Academy Students Only"
"202210","MATH111","CALCULUS I","MSI","13712","MTWRF","8:30 AM - 9:50 AM","CULM 110","Closed","0","0","Horwitz, Kenneth","Face-to-Face","4","https://www.bkstr.com/webapp/wcs/stores/servlet/booklookServlet?bookstore_id-1=584&term_id-1=2022 Spring&crn-1=13712","For MSI Students Only"
"202210","MATH111","CALCULUS I","SHS","15904","",""," ","Closed","0","1","","Face-to-Face","4","https://www.bkstr.com/webapp/wcs/stores/servlet/booklookServlet?bookstore_id-1=584&term_id-1=2022 Spring&crn-1=15904","For Sparta High School Students Only"
"202210","MATH112","CALCULUS II","002","13713","MWF","1:00 PM - 2:20 PM","CKB 320","Closed","34","34","Reyes Carranza, Roberto","Face-to-Face","4","https://www.bkstr.com/webapp/wcs/stores/servlet/booklookServlet?bookstore_id-1=584&term_id-1=2022 Spring&crn-1=13713","This course has common exams.<br />See https://www.njit.edu/registrar/exams/ for details."
"202210","MATH112","CALCULUS II","002","13713","T","10:00 AM - 11:00 AM","CKB 314","Closed","34","34","Reyes Carranza, Roberto","Face-to-Face","4","https://www.bkstr.com/webapp/wcs/stores/servlet/booklookServlet?bookstore_id-1=584&term_id-1=2022 Spring&crn-1=13713","This course has common exams.<br />See https://www.njit.edu/registrar/exams/ for details."
"202210","MATH112","CALCULUS II","004","13714","MTF","1:00 PM - 2:20 PM","KUPF 208","Closed","34","34","Ro, Je Hyun","Face-to-Face","4","https://www.bkstr.com/webapp/wcs/stores/servlet/booklookServlet?bookstore_id-1=584&term_id-1=2022 Spring&crn-1=13714","This course has common exams.<br />See https://www.njit.edu/registrar/exams/ for details."
"202210","MATH112","CALCULUS II","004","13714","W","11:30 AM - 12:30 PM","KUPF 208","Closed","34","34","Ro, Je Hyun","Face-to-Face","4","https://www.bkstr.com/webapp/wcs/stores/servlet/booklookServlet?bookstore_id-1=584&term_id-1=2022 Spring&crn-1=13714","This course has common exams.<br />See https://www.njit.edu/registrar/exams/ for details."
"202210","MATH112","CALCULUS II","006","13715","M","1:00 PM - 2:00 PM","CKB 314","Open","34","33","Peltekov, Ivaylo","Face-to-Face","4","https://www.bkstr.com/webapp/wcs/stores/servlet/booklookServlet?bookstore_id-1=584&term_id-1=2022 Spring&crn-1=13715","This course has common exams.<br />See https://www.njit.edu/registrar/exams/ for details."
"202210","MATH112","CALCULUS II","006","13715","TWF","10:00 AM - 11:20 AM","TIER 114","Open","34","33","Peltekov, Ivaylo","Face-to-Face","4","https://www.bkstr.com/webapp/wcs/stores/servlet/booklookServlet?bookstore_id-1=584&term_id-1=2022 Spring&crn-1=13715","This course has common exams.<br />See https://www.njit.edu/registrar/exams/ for details."
"202210","MATH112","CALCULUS II","008","13716","M","1:00 PM - 2:00 PM","CKB 219","Open","34","27","Gulistan, Evren","Face-to-Face","4","https://www.bkstr.com/webapp/wcs/stores/servlet/booklookServlet?bookstore_id-1=584&term_id-1=2022 Spring&crn-1=13716","This course has common exams.<br />See https://www.njit.edu/registrar/exams/ for details."
"202210","MATH112","CALCULUS II","008","13716","TRF","4:00 PM - 5:20 PM","CKB 314","Open","34","27","Gulistan, Evren","Face-to-Face","4","https://www.bkstr.com/webapp/wcs/stores/servlet/booklookServlet?bookstore_id-1=584&term_id-1=2022 Spring&crn-1=13716","This course has common exams.<br />See https://www.njit.edu/registrar/exams/ for details."
"202210","MATH112","CALCULUS II","010","13717","M","1:00 PM - 2:00 PM","CKB 313","Open","34","27","Alptekin, Sener","Face-to-Face","4","https://www.bkstr.com/webapp/wcs/stores/servlet/booklookServlet?bookstore_id-1=584&term_id-1=2022 Spring&crn-1=13717","This course has common exams.<br />See https://www.njit.edu/registrar/exams/ for details."
"202210","MATH112","CALCULUS II","010","13717","TRF","4:00 PM - 5:20 PM","CKB 313","Open","34","27","Alptekin, Sener","Face-to-Face","4","https://www.bkstr.com/webapp/wcs/stores/servlet/booklookServlet?bookstore_id-1=584&term_id-1=2022 Spring&crn-1=13717","This course has common exams.<br />See https://www.njit.edu/registrar/exams/ for details."
"202210","MATH112","CALCULUS II","012","13718","M","2:30 PM - 3:30 PM","CKB 226","Closed","34","34","Alptekin, Sener","Face-to-Face","4","https://www.bkstr.com/webapp/wcs/stores/servlet/booklookServlet?bookstore_id-1=584&term_id-1=2022 Spring&crn-1=13718","This course has common exams.<br />See https://www.njit.edu/registrar/exams/ for details."
"202210","MATH112","CALCULUS II","012","13718","TRF","2:30 PM - 3:50 PM","CKB 223","Closed","34","34","Alptekin, Sener","Face-to-Face","4","https://www.bkstr.com/webapp/wcs/stores/servlet/booklookServlet?bookstore_id-1=584&term_id-1=2022 Spring&crn-1=13718","This course has common exams.<br />See https://www.njit.edu/registrar/exams/ for details."
"202210","MATH112","CALCULUS II","014","13719","M","11:30 AM - 12:30 PM","CKB 314","Open","34","33","Schmidt, Donivyn","Face-to-Face","4","https://www.bkstr.com/webapp/wcs/stores/servlet/booklookServlet?bookstore_id-1=584&term_id-1=2022 Spring&crn-1=13719","This course has common exams.<br />See https://www.njit.edu/registrar/exams/ for details."
"202210","MATH112","CALCULUS II","014","13719","TRF","4:00 PM - 5:20 PM","CKB 226","Open","34","33","Schmidt, Donivyn","Face-to-Face","4","https://www.bkstr.com/webapp/wcs/stores/servlet/booklookServlet?bookstore_id-1=584&term_id-1=2022 Spring&crn-1=13719","This course has common exams.<br />See https://www.njit.edu/registrar/exams/ for details."
"202210","MATH112","CALCULUS II","016","13720","M","1:00 PM - 2:00 PM","CKB 215","Open","34","33","Schmidt, Donivyn","Face-to-Face","4","https://www.bkstr.com/webapp/wcs/stores/servlet/booklookServlet?bookstore_id-1=584&term_id-1=2022 Spring&crn-1=13720","This course has common exams.<br />See https://www.njit.edu/registrar/exams/ for details."
"202210","MATH112","CALCULUS II","016","13720","TRF","1:00 PM - 2:20 PM","KUPF 103","Open","34","33","Schmidt, Donivyn","Face-to-Face","4","https://www.bkstr.com/webapp/wcs/stores/servlet/booklookServlet?bookstore_id-1=584&term_id-1=2022 Spring&crn-1=13720","This course has common exams.<br />See https://www.njit.edu/registrar/exams/ for details."
"202210","MATH112","CALCULUS II","018","13721","MRF","1:00 PM - 2:20 PM","CKB 222","Closed","34","34","Guerra, David","Face-to-Face","4","https://www.bkstr.com/webapp/wcs/stores/servlet/booklookServlet?bookstore_id-1=584&term_id-1=2022 Spring&crn-1=13721","This course has common exams.<br />See https://www.njit.edu/registrar/exams/ for details."
"202210","MATH112","CALCULUS II","018","13721","W","10:00 AM - 11:00 AM","CKB 106","Closed","34","34","Guerra, David","Face-to-Face","4","https://www.bkstr.com/webapp/wcs/stores/servlet/booklookServlet?bookstore_id-1=584&term_id-1=2022 Spring&crn-1=13721","This course has common exams.<br />See https://www.njit.edu/registrar/exams/ for details."
"202210","MATH112","CALCULUS II","020","13722","MRF","2:30 PM - 3:50 PM","CKB 313","Closed","34","34","Guerra, David","Face-to-Face","4","https://www.bkstr.com/webapp/wcs/stores/servlet/booklookServlet?bookstore_id-1=584&term_id-1=2022 Spring&crn-1=13722","This course has common exams.<br />See https://www.njit.edu/registrar/exams/ for details."
"202210","MATH112","CALCULUS II","020","13722","T","1:00 PM - 2:00 PM","CKB 226","Closed","34","34","Guerra, David","Face-to-Face","4","https://www.bkstr.com/webapp/wcs/stores/servlet/booklookServlet?bookstore_id-1=584&term_id-1=2022 Spring&crn-1=13722","This course has common exams.<br />See https://www.njit.edu/registrar/exams/ for details."
"202210","MATH112","CALCULUS II","022","13723","MRF","2:30 PM - 3:50 PM"," ","Cancelled","34","0","","Face-to-Face","4","https://www.bkstr.com/webapp/wcs/stores/servlet/booklookServlet?bookstore_id-1=584&term_id-1=2022 Spring&crn-1=13723","Cancelled 01/14/22"
"202210","MATH112","CALCULUS II","022","13723","W","11:30 AM - 12:30 PM"," ","Cancelled","34","0","","Face-to-Face","4","https://www.bkstr.com/webapp/wcs/stores/servlet/booklookServlet?bookstore_id-1=584&term_id-1=2022 Spring&crn-1=13723","Cancelled 01/14/22"
"202210","MATH112","CALCULUS II","024","13724","MRF","1:00 PM - 2:20 PM","CKB 206","Open","34","17","Ratnaswamy, Jeyakumaran","Face-to-Face","4","https://www.bkstr.com/webapp/wcs/stores/servlet/booklookServlet?bookstore_id-1=584&term_id-1=2022 Spring&crn-1=13724","This course has common exams.<br />See https://www.njit.edu/registrar/exams/ for details."
"202210","MATH112","CALCULUS II","024","13724","T","10:00 AM - 11:00 AM","CKB 114","Open","34","17","Ratnaswamy, Jeyakumaran","Face-to-Face","4","https://www.bkstr.com/webapp/wcs/stores/servlet/booklookServlet?bookstore_id-1=584&term_id-1=2022 Spring&crn-1=13724","This course has common exams.<br />See https://www.njit.edu/registrar/exams/ for details."
"202210","MATH112","CALCULUS II","026","13725","MTF","8:30 AM - 9:50 AM","CKB 330","Closed","34","35","Ro, Je Hyun","Face-to-Face","4","https://www.bkstr.com/webapp/wcs/stores/servlet/booklookServlet?bookstore_id-1=584&term_id-1=2022 Spring&crn-1=13725","This course has common exams.<br />See https://www.njit.edu/registrar/exams/ for details."
"202210","MATH112","CALCULUS II","026","13725","R","1:00 PM - 2:00 PM","CKB 330","Closed","34","35","Ro, Je Hyun","Face-to-Face","4","https://www.bkstr.com/webapp/wcs/stores/servlet/booklookServlet?bookstore_id-1=584&term_id-1=2022 Spring&crn-1=13725","This course has common exams.<br />See https://www.njit.edu/registrar/exams/ for details."
"202210","MATH112","CALCULUS II","028","13726","MTF","2:30 PM - 3:50 PM","CULM LECT 2","Open","34","32","Porus, Jonathan","Face-to-Face","4","https://www.bkstr.com/webapp/wcs/stores/servlet/booklookServlet?bookstore_id-1=584&term_id-1=2022 Spring&crn-1=13726","This course has common exams.<br />See https://www.njit.edu/registrar/exams/ for details."
"202210","MATH112","CALCULUS II","028","13726","W","1:00 PM - 2:00 PM","TIER 111","Open","34","32","Porus, Jonathan","Face-to-Face","4","https://www.bkstr.com/webapp/wcs/stores/servlet/booklookServlet?bookstore_id-1=584&term_id-1=2022 Spring&crn-1=13726","This course has common exams.<br />See https://www.njit.edu/registrar/exams/ for details."
"202210","MATH112","CALCULUS II","030","13727","TRF","1:00 PM - 2:20 PM","CKB 313","Closed","34","34","Zaleski, Joseph","Face-to-Face","4","https://www.bkstr.com/webapp/wcs/stores/servlet/booklookServlet?bookstore_id-1=584&term_id-1=2022 Spring&crn-1=13727","This course has common exams.<br />See https://www.njit.edu/registrar/exams/ for details."
"202210","MATH112","CALCULUS II","030","13727","W","8:30 AM - 9:30 AM","CKB 313","Closed","34","34","Zaleski, Joseph","Face-to-Face","4","https://www.bkstr.com/webapp/wcs/stores/servlet/booklookServlet?bookstore_id-1=584&term_id-1=2022 Spring&crn-1=13727","This course has common exams.<br />See https://www.njit.edu/registrar/exams/ for details."
"202210","MATH112","CALCULUS II","032","13728","M","2:30 PM - 3:30 PM","KUPF 104","Open","34","33","Zaleski, Joseph","Face-to-Face","4","https://www.bkstr.com/webapp/wcs/stores/servlet/booklookServlet?bookstore_id-1=584&term_id-1=2022 Spring&crn-1=13728","This course has common exams.<br />See https://www.njit.edu/registrar/exams/ for details."
"202210","MATH112","CALCULUS II","032","13728","TRF","2:30 PM - 3:50 PM","KUPF 103","Open","34","33","Zaleski, Joseph","Face-to-Face","4","https://www.bkstr.com/webapp/wcs/stores/servlet/booklookServlet?bookstore_id-1=584&term_id-1=2022 Spring&crn-1=13728","This course has common exams.<br />See https://www.njit.edu/registrar/exams/ for details."
"202210","MATH112","CALCULUS II","034","13729","M","10:00 AM - 11:00 AM"," ","Cancelled","34","0","","Face-to-Face","4","https://www.bkstr.com/webapp/wcs/stores/servlet/booklookServlet?bookstore_id-1=584&term_id-1=2022 Spring&crn-1=13729","Cancelled 1/11/22"
"202210","MATH112","CALCULUS II","034","13729","TRF","4:00 PM - 5:20 PM"," ","Cancelled","34","0","","Face-to-Face","4","https://www.bkstr.com/webapp/wcs/stores/servlet/booklookServlet?bookstore_id-1=584&term_id-1=2022 Spring&crn-1=13729","Cancelled 1/11/22"
"202210","MATH112","CALCULUS II","102","13730","F","6:00 PM - 7:55 PM","CKB 314","Open","34","25","Behzadpour, Hooman","Face-to-Face","4","https://www.bkstr.com/webapp/wcs/stores/servlet/booklookServlet?bookstore_id-1=584&term_id-1=2022 Spring&crn-1=13730","This course has common exams.<br />See https://www.njit.edu/registrar/exams/ for details."
"202210","MATH112","CALCULUS II","102","13730","W","6:00 PM - 8:50 PM","CKB 314","Open","34","25","Behzadpour, Hooman","Face-to-Face","4","https://www.bkstr.com/webapp/wcs/stores/servlet/booklookServlet?bookstore_id-1=584&term_id-1=2022 Spring&crn-1=13730","This course has common exams.<br />See https://www.njit.edu/registrar/exams/ for details."
"202210","MATH112","CALCULUS II","PTH","15901","",""," ","Closed","0","3","","Face-to-Face","4","https://www.bkstr.com/webapp/wcs/stores/servlet/booklookServlet?bookstore_id-1=584&term_id-1=2022 Spring&crn-1=15901","For Parsippany-Troy Hills High School Students Only"
"202210","MATH112","CALCULUS II - HONORS","H02","13731","F","4:00 PM - 5:00 PM"," ","Cancelled","34","0","","Face-to-Face","4","https://www.bkstr.com/webapp/wcs/stores/servlet/booklookServlet?bookstore_id-1=584&term_id-1=2022 Spring&crn-1=13731","Cancelled 1/11/22"
"202210","MATH112","CALCULUS II - HONORS","H02","13731","MTR","2:30 PM - 3:50 PM"," ","Cancelled","34","0","","Face-to-Face","4","https://www.bkstr.com/webapp/wcs/stores/servlet/booklookServlet?bookstore_id-1=584&term_id-1=2022 Spring&crn-1=13731","Cancelled 1/11/22"
"202210","MATH113","FINITE MATH & CALCULUS I","102","13732","T","6:00 PM - 8:50 PM"," ","Closed","0","0","","Face-to-Face","3","https://www.bkstr.com/webapp/wcs/stores/servlet/booklookServlet?bookstore_id-1=584&term_id-1=2022 Spring&crn-1=13732","Cancelled 1/19/22"
"202210","MATH120","BASIC CONCEPTS IN STATISTICS","102","13733","F","6:00 PM - 7:00 PM"," ","Cancelled","32","0","","Face-to-Face","1","https://www.bkstr.com/webapp/wcs/stores/servlet/booklookServlet?bookstore_id-1=584&term_id-1=2022 Spring&crn-1=13733","Cancelled 1/11/22"
"202210","MATH135","CALCULUS FOR BUSINESS","102","13734","M","6:00 PM - 8:50 PM","TIER 106","Closed","37","37","Hussein, Daoud","Face-to-Face","3","https://www.bkstr.com/webapp/wcs/stores/servlet/booklookServlet?bookstore_id-1=584&term_id-1=2022 Spring&crn-1=13734",""
"202210","MATH138","GENERAL CALCULUS I","002","13735","TR","4:00 PM - 5:20 PM","KUPF 210","Open","34","19","Cohanoschi, Ion","Face-to-Face","3","https://www.bkstr.com/webapp/wcs/stores/servlet/booklookServlet?bookstore_id-1=584&term_id-1=2022 Spring&crn-1=13735",""
"202210","MATH138","GENERAL CALCULUS I","004","13736","WF","10:00 AM - 11:20 AM","CULM LECT 2","Open","34","31","Ratnaswamy, Jeyakumaran","Face-to-Face","3","https://www.bkstr.com/webapp/wcs/stores/servlet/booklookServlet?bookstore_id-1=584&term_id-1=2022 Spring&crn-1=13736",""
"202210","MATH138","GENERAL CALCULUS I","006","13737","TF","4:00 PM - 5:20 PM","KUPF 204","Closed","34","34","Ro, Je Hyun","Face-to-Face","3","https://www.bkstr.com/webapp/wcs/stores/servlet/booklookServlet?bookstore_id-1=584&term_id-1=2022 Spring&crn-1=13737",""
"202210","MATH138","GENERAL CALCULUS I","102","13738","M","6:00 PM - 8:50 PM","TIER 107","Open","34","33","Hercules-Menjivar, Manuel","Face-to-Face","3","https://www.bkstr.com/webapp/wcs/stores/servlet/booklookServlet?bookstore_id-1=584&term_id-1=2022 Spring&crn-1=13738",""
"202210","MATH211","CALCULUS III A","002","13739","TR","10:00 AM - 11:20 AM","KUPF 108","Open","34","32","Zaleski, Joseph","Face-to-Face","3","https://www.bkstr.com/webapp/wcs/stores/servlet/booklookServlet?bookstore_id-1=584&term_id-1=2022 Spring&crn-1=13739","This course has common exams.<br />See https://www.njit.edu/registrar/exams/ for details."
"202210","MATH211","CALCULUS III A","004","13740","TR","1:00 PM - 2:20 PM","KUPF 107","Open","34","28","Rana Concepcion, Priyanka","Face-to-Face","3","https://www.bkstr.com/webapp/wcs/stores/servlet/booklookServlet?bookstore_id-1=584&term_id-1=2022 Spring&crn-1=13740","This course has common exams.<br />See https://www.njit.edu/registrar/exams/ for details."
"202210","MATH211","CALCULUS III A","006","13741","TR","2:30 PM - 3:50 PM"," ","Cancelled","34","0","","Face-to-Face","3","https://www.bkstr.com/webapp/wcs/stores/servlet/booklookServlet?bookstore_id-1=584&term_id-1=2022 Spring&crn-1=13741","Cancelled 01/10/22"
"202210","MATH211","CALCULUS III A","008","13742","MW","1:00 PM - 2:20 PM","KUPF 205","Closed","34","34","Kelly, Rudy","Face-to-Face","3","https://www.bkstr.com/webapp/wcs/stores/servlet/booklookServlet?bookstore_id-1=584&term_id-1=2022 Spring&crn-1=13742","This course has common exams.<br />See https://www.njit.edu/registrar/exams/ for details."
"202210","MATH211","CALCULUS III A","102","13743","W","6:00 PM - 8:50 PM","KUPF 106","Open","34","22","Patiak, Benjamin","Face-to-Face","3","https://www.bkstr.com/webapp/wcs/stores/servlet/booklookServlet?bookstore_id-1=584&term_id-1=2022 Spring&crn-1=13743","This course has common exams.<br />See https://www.njit.edu/registrar/exams/ for details."
"202210","MATH213","CALCULUS III B","002","13744","TRF","8:30 AM - 9:50 AM","KUPF 207","Open","34","9","Barreto Aranda, Victor","Face-to-Face","4","https://www.bkstr.com/webapp/wcs/stores/servlet/booklookServlet?bookstore_id-1=584&term_id-1=2022 Spring&crn-1=13744","This course has common exams.<br />See https://www.njit.edu/registrar/exams/ for details."
"202210","MATH213","CALCULUS III B","004","13745","TRF","10:00 AM - 11:20 AM","KUPF 103","Open","34","24","Barreto Aranda, Victor","Face-to-Face","4","https://www.bkstr.com/webapp/wcs/stores/servlet/booklookServlet?bookstore_id-1=584&term_id-1=2022 Spring&crn-1=13745","This course has common exams.<br />See https://www.njit.edu/registrar/exams/ for details."
"202210","MATH213","CALCULUS III B","006","13746","TRF","10:00 AM - 11:20 AM","TIER 105","Closed","34","34","Ward, Peter","Face-to-Face","4","https://www.bkstr.com/webapp/wcs/stores/servlet/booklookServlet?bookstore_id-1=584&term_id-1=2022 Spring&crn-1=13746","This course has common exams.<br />See https://www.njit.edu/registrar/exams/ for details."
"202210","MATH213","CALCULUS III B","008","13747","TRF","1:00 PM - 2:20 PM","FMH 110","Open","34","33","Ward, Peter","Face-to-Face","4","https://www.bkstr.com/webapp/wcs/stores/servlet/booklookServlet?bookstore_id-1=584&term_id-1=2022 Spring&crn-1=13747","This course has common exams.<br />See https://www.njit.edu/registrar/exams/ for details."
"202210","MATH213","CALCULUS III B","010","13748","TRF","2:30 PM - 3:50 PM","CKB 114","Open","32","29","Muratov, Cyrill","Face-to-Face","4","https://www.bkstr.com/webapp/wcs/stores/servlet/booklookServlet?bookstore_id-1=584&term_id-1=2022 Spring&crn-1=13748","This course has common exams.<br />See https://www.njit.edu/registrar/exams/ for details."
"202210","MATH213","CALCULUS III B","012","13749","TRF","4:00 PM - 5:20 PM","KUPF 108","Closed","34","34","Turc, Catalin","Face-to-Face","4","https://www.bkstr.com/webapp/wcs/stores/servlet/booklookServlet?bookstore_id-1=584&term_id-1=2022 Spring&crn-1=13749","This course has common exams.<br />See https://www.njit.edu/registrar/exams/ for details."
"202210","MATH222","DIFFERENTIAL EQUATIONS","002","13750","TRF","8:30 AM - 9:50 AM","CKB 124","Closed","34","34","Rana Concepcion, Priyanka","Face-to-Face","4","https://www.bkstr.com/webapp/wcs/stores/servlet/booklookServlet?bookstore_id-1=584&term_id-1=2022 Spring&crn-1=13750","This course has common exams.<br />See https://www.njit.edu/registrar/exams/ for details."
"202210","MATH222","DIFFERENTIAL EQUATIONS","004","13751","TRF","10:00 AM - 11:20 AM"," ","Cancelled","34","0","","Face-to-Face","4","https://www.bkstr.com/webapp/wcs/stores/servlet/booklookServlet?bookstore_id-1=584&term_id-1=2022 Spring&crn-1=13751","Cancelled 01/11/22"
"202210","MATH222","DIFFERENTIAL EQUATIONS","006","13752","TRF","10:00 AM - 11:20 AM","KUPF 206","Open","34","33","Rana Concepcion, Priyanka","Face-to-Face","4","https://www.bkstr.com/webapp/wcs/stores/servlet/booklookServlet?bookstore_id-1=584&term_id-1=2022 Spring&crn-1=13752","This course has common exams.<br />See https://www.njit.edu/registrar/exams/ for details."
"202210","MATH222","DIFFERENTIAL EQUATIONS","008","13753","MWF","1:00 PM - 2:20 PM","KUPF 204","Open","34","25","Tsipenyuk, Natalya","Face-to-Face","4","https://www.bkstr.com/webapp/wcs/stores/servlet/booklookServlet?bookstore_id-1=584&term_id-1=2022 Spring&crn-1=13753","This course has common exams.<br />See https://www.njit.edu/registrar/exams/ for details."
"202210","MATH222","DIFFERENTIAL EQUATIONS","010","13754","TRF","1:00 PM - 2:20 PM"," ","Cancelled","34","0","","Face-to-Face","4","https://www.bkstr.com/webapp/wcs/stores/servlet/booklookServlet?bookstore_id-1=584&term_id-1=2022 Spring&crn-1=13754","Cancelled 01/11/22"
"202210","MATH222","DIFFERENTIAL EQUATIONS","012","13755","TRF","1:00 PM - 2:20 PM","KUPF 206","Closed","34","34","Potocki-Dul, Magdallena","Face-to-Face","4","https://www.bkstr.com/webapp/wcs/stores/servlet/booklookServlet?bookstore_id-1=584&term_id-1=2022 Spring&crn-1=13755","This course has common exams.<br />See https://www.njit.edu/registrar/exams/ for details."
"202210","MATH222","DIFFERENTIAL EQUATIONS","014","13756","TRF","2:30 PM - 3:50 PM","KUPF 205","Open","34","28","Goodman, Roy","Face-to-Face","4","https://www.bkstr.com/webapp/wcs/stores/servlet/booklookServlet?bookstore_id-1=584&term_id-1=2022 Spring&crn-1=13756","This course has common exams.<br />See https://www.njit.edu/registrar/exams/ for details."
"202210","MATH222","DIFFERENTIAL EQUATIONS","016","13757","TRF","4:00 PM - 5:20 PM","KUPF 104","Open","34","16","Potocki-Dul, Magdallena","Face-to-Face","4","https://www.bkstr.com/webapp/wcs/stores/servlet/booklookServlet?bookstore_id-1=584&term_id-1=2022 Spring&crn-1=13757","This course has common exams.<br />See https://www.njit.edu/registrar/exams/ for details."
"202210","MATH222","DIFFERENTIAL EQUATIONS","018","13758","MWF","10:00 AM - 11:20 AM","FMH 408","Open","34","33","Tsipenyuk, Natalya","Face-to-Face","4","https://www.bkstr.com/webapp/wcs/stores/servlet/booklookServlet?bookstore_id-1=584&term_id-1=2022 Spring&crn-1=13758","This course has common exams.<br />See https://www.njit.edu/registrar/exams/ for details."
"202210","MATH222","DIFFERENTIAL EQUATIONS","102","13759","WF","6:00 PM - 7:55 PM","CKB 317","Open","34","8","Ratnaswamy, Jeyakumaran","Face-to-Face","4","https://www.bkstr.com/webapp/wcs/stores/servlet/booklookServlet?bookstore_id-1=584&term_id-1=2022 Spring&crn-1=13759","This course has common exams.<br />See https://www.njit.edu/registrar/exams/ for details."
"202210","MATH222","DIFFERENTIAL EQUATIONS","104","13760","WF","6:00 PM - 7:55 PM","TIER 114","Open","34","12","Potocki-Dul, Magdallena","Face-to-Face","4","https://www.bkstr.com/webapp/wcs/stores/servlet/booklookServlet?bookstore_id-1=584&term_id-1=2022 Spring&crn-1=13760","This course has common exams.<br />See https://www.njit.edu/registrar/exams/ for details."
"202210","MATH222","DIFFERENTIAL EQUATIONS - HONORS","H02","13761","TRF","1:00 PM - 2:20 PM","CKB 314","Open","33","22","Bechtold, John","Face-to-Face","4","https://www.bkstr.com/webapp/wcs/stores/servlet/booklookServlet?bookstore_id-1=584&term_id-1=2022 Spring&crn-1=13761","Honors Course<br />This course has common exams.<br />See https://www.njit.edu/registrar/exams/ for details."
"202210","MATH225","SURVEY OF PROB AND STATS","002","13762","R","4:00 PM - 5:00 PM","KUPF 204","Open","34","15","Flores, Renzo","Face-to-Face","1","https://www.bkstr.com/webapp/wcs/stores/servlet/booklookServlet?bookstore_id-1=584&term_id-1=2022 Spring&crn-1=13762",""
"202210","MATH225","SURVEY OF PROB AND STATS","102","13763","R","6:00 PM - 7:00 PM","TIER 112","Open","34","13","Flores, Renzo","Face-to-Face","1","https://www.bkstr.com/webapp/wcs/stores/servlet/booklookServlet?bookstore_id-1=584&term_id-1=2022 Spring&crn-1=13763",""
"202210","MATH238","GENERAL CALCULUS II","002","13764","TF","10:00 AM - 11:20 AM","TIER 113","Open","34","33","Milojevic, Petronije","Face-to-Face","3","https://www.bkstr.com/webapp/wcs/stores/servlet/booklookServlet?bookstore_id-1=584&term_id-1=2022 Spring&crn-1=13764",""
"202210","MATH238","GENERAL CALCULUS II","004","13765","TF","4:00 PM - 5:20 PM","KUPF 105","Open","34","22","Milojevic, Petronije","Face-to-Face","3","https://www.bkstr.com/webapp/wcs/stores/servlet/booklookServlet?bookstore_id-1=584&term_id-1=2022 Spring&crn-1=13765",""
"202210","MATH238","GENERAL CALCULUS II","006","13766","TF","4:00 PM - 5:20 PM","CULM LECT 2","Closed","34","34","Bouayad, Rachid","Face-to-Face","3","https://www.bkstr.com/webapp/wcs/stores/servlet/booklookServlet?bookstore_id-1=584&term_id-1=2022 Spring&crn-1=13766",""
"202210","MATH238","GENERAL CALCULUS II","102","13767","T","6:00 PM - 8:50 PM","TIER 112","Closed","34","34","Hercules-Menjivar, Manuel","Face-to-Face","3","https://www.bkstr.com/webapp/wcs/stores/servlet/booklookServlet?bookstore_id-1=584&term_id-1=2022 Spring&crn-1=13767",""
"202210","MATH244","INTRO TO PROBABILITY THEORY","002","13768","TF","4:00 PM - 5:20 PM","CKB 219","Open","35","17","Kim, Chulmin","Face-to-Face","3","https://www.bkstr.com/webapp/wcs/stores/servlet/booklookServlet?bookstore_id-1=584&term_id-1=2022 Spring&crn-1=13768",""
"202210","MATH279","STATS &PROBABILITY FOR ENGR","002","13769","F","9:15 AM - 11:10 AM","KUPF 209","Closed","42","42","Jamedar, Fariborz","Face-to-Face","2","https://www.bkstr.com/webapp/wcs/stores/servlet/booklookServlet?bookstore_id-1=584&term_id-1=2022 Spring&crn-1=13769",""
"202210","MATH279","STATS &PROBABILITY FOR ENGR","004","13770","F","1:00 PM - 2:55 PM","KUPF 209","Closed","42","42","Jamedar, Fariborz","Face-to-Face","2","https://www.bkstr.com/webapp/wcs/stores/servlet/booklookServlet?bookstore_id-1=584&term_id-1=2022 Spring&crn-1=13770",""
"202210","MATH279","STATS &PROBABILITY FOR ENGR","006","13771","F","3:15 PM - 5:10 PM","KUPF 209","Open","42","31","Jamedar, Fariborz","Face-to-Face","2","https://www.bkstr.com/webapp/wcs/stores/servlet/booklookServlet?bookstore_id-1=584&term_id-1=2022 Spring&crn-1=13771",""
"202210","MATH279","STATS &PROBABILITY FOR ENGR","102","13772","T","6:50 PM - 8:45 PM","KUPF 202","Open","42","12","Ionescu, Adrian","Face-to-Face","2","https://www.bkstr.com/webapp/wcs/stores/servlet/booklookServlet?bookstore_id-1=584&term_id-1=2022 Spring&crn-1=13772",""
"202210","MATH279","STATS &PROBABILITY FOR ENGR","104","13773","R","6:50 PM - 8:45 PM","CULM 111","Open","35","12","Schmidt, Donivyn","Face-to-Face","2","https://www.bkstr.com/webapp/wcs/stores/servlet/booklookServlet?bookstore_id-1=584&term_id-1=2022 Spring&crn-1=13773",""
"202210","MATH279","STATS &PROBABILITY FOR ENGR","106","13774","F","6:00 PM - 7:55 PM"," ","Cancelled","42","0","","Face-to-Face","2","https://www.bkstr.com/webapp/wcs/stores/servlet/booklookServlet?bookstore_id-1=584&term_id-1=2022 Spring&crn-1=13774","Cancelled 01/10/22"
"202210","MATH305","STATISTICS FOR TECHNOLOGY","102","13775","M","6:00 PM - 8:50 PM","FMH 408","Open","42","38","Kariuki, George","Face-to-Face","3","https://www.bkstr.com/webapp/wcs/stores/servlet/booklookServlet?bookstore_id-1=584&term_id-1=2022 Spring&crn-1=13775",""
"202210","MATH309","MATH ANALYSIS FOR TECH","002","13776","TRF","2:30 PM - 3:50 PM","FMH 213","Open","37","28","Horwitz, Kenneth","Face-to-Face","4","https://www.bkstr.com/webapp/wcs/stores/servlet/booklookServlet?bookstore_id-1=584&term_id-1=2022 Spring&crn-1=13776",""
"202210","MATH309","MATH ANALYSIS FOR TECH","102","13777","TF","6:00 PM - 7:55 PM","TIER 111","Open","37","33","Horwitz, Kenneth","Face-to-Face","4","https://www.bkstr.com/webapp/wcs/stores/servlet/booklookServlet?bookstore_id-1=584&term_id-1=2022 Spring&crn-1=13777",""
"202210","MATH310","WORK EXPERIENCE I","751","15993","",""," ","Closed","0","1","","Face-to-Face","3","https://www.bkstr.com/webapp/wcs/stores/servlet/booklookServlet?bookstore_id-1=584&term_id-1=2022 Spring&crn-1=15993",""
"202210","MATH322","DIFF EQUATIONS FOR APPLICATION","002","13778","TR","10:00 AM - 11:20 AM","ECEC 100","Open","34","24","Plastock, Roy","Face-to-Face","3","https://www.bkstr.com/webapp/wcs/stores/servlet/booklookServlet?bookstore_id-1=584&term_id-1=2022 Spring&crn-1=13778",""
"202210","MATH322","DIFF EQUATIONS FOR APPLICATION","004","13779","TR","11:30 AM - 12:50 PM","CULM LECT 1","Open","34","25","Plastock, Roy","Face-to-Face","3","https://www.bkstr.com/webapp/wcs/stores/servlet/booklookServlet?bookstore_id-1=584&term_id-1=2022 Spring&crn-1=13779",""
"202210","MATH322","DIFF EQUATIONS FOR APPLICATION","006","13780","TR","2:30 PM - 3:50 PM","KUPF 208","Open","34","27","Plastock, Roy","Face-to-Face","3","https://www.bkstr.com/webapp/wcs/stores/servlet/booklookServlet?bookstore_id-1=584&term_id-1=2022 Spring&crn-1=13780",""
"202210","MATH322","DIFF EQUATIONS FOR APPLICATION","102","13781","R","6:00 PM - 8:50 PM","KUPF 107","Open","34","10","Plastock, Roy","Face-to-Face","3","https://www.bkstr.com/webapp/wcs/stores/servlet/booklookServlet?bookstore_id-1=584&term_id-1=2022 Spring&crn-1=13781",""
"202210","MATH328","MATH METHODS FOR SCI & ENGR","002","13782","MW","10:00 AM - 11:20 AM","KUPF 206","Open","41","19","Luke, Jonathan","Face-to-Face","3","https://www.bkstr.com/webapp/wcs/stores/servlet/booklookServlet?bookstore_id-1=584&term_id-1=2022 Spring&crn-1=13782",""
"202210","MATH331","INTRO PARTIAL DIFF EQ","002","13783","MR","4:00 PM - 5:20 PM","KUPF 105","Open","34","22","Matveev, Victor","Face-to-Face","3","https://www.bkstr.com/webapp/wcs/stores/servlet/booklookServlet?bookstore_id-1=584&term_id-1=2022 Spring&crn-1=13783",""
"202210","MATH331","INTRO PARTIAL DIFF EQ","004","13784","TR","1:00 PM - 2:20 PM","FMH 213","Open","34","20","Oza, Anand","Face-to-Face","3","https://www.bkstr.com/webapp/wcs/stores/servlet/booklookServlet?bookstore_id-1=584&term_id-1=2022 Spring&crn-1=13784",""
"202210","MATH332","INTRO COMPLEX VARIABLES","002","13785","TF","2:30 PM - 3:50 PM","CKB 217","Open","41","20","Lushi, Enkeleida","Face-to-Face","3","https://www.bkstr.com/webapp/wcs/stores/servlet/booklookServlet?bookstore_id-1=584&term_id-1=2022 Spring&crn-1=13785",""
"202210","MATH333","PROBABILITY AND STATISTICS","002","13786","TR","10:00 AM - 11:20 AM","KUPF 105","Closed","36","36","Carfora, Kristin","Face-to-Face","3","https://www.bkstr.com/webapp/wcs/stores/servlet/booklookServlet?bookstore_id-1=584&term_id-1=2022 Spring&crn-1=13786","This course has common exams.<br />See https://www.njit.edu/registrar/exams/ for details."
"202210","MATH333","PROBABILITY AND STATISTICS","004","13787","TR","10:00 AM - 11:20 AM","KUPF 209","Closed","36","36","Kim, Chulmin","Face-to-Face","3","https://www.bkstr.com/webapp/wcs/stores/servlet/booklookServlet?bookstore_id-1=584&term_id-1=2022 Spring&crn-1=13787","This course has common exams.<br />See https://www.njit.edu/registrar/exams/ for details."
"202210","MATH333","PROBABILITY AND STATISTICS","006","13788","TR","11:30 AM - 12:50 PM","KUPF 105","Closed","36","36","Schmidt, Donivyn","Face-to-Face","3","https://www.bkstr.com/webapp/wcs/stores/servlet/booklookServlet?bookstore_id-1=584&term_id-1=2022 Spring&crn-1=13788","This course has common exams.<br />See https://www.njit.edu/registrar/exams/ for details."
"202210","MATH333","PROBABILITY AND STATISTICS","008","13789","TR","1:00 PM - 2:20 PM","CKB 106","Closed","36","36","Horwitz, Kenneth","Face-to-Face","3","https://www.bkstr.com/webapp/wcs/stores/servlet/booklookServlet?bookstore_id-1=584&term_id-1=2022 Spring&crn-1=13789","This course has common exams.<br />See https://www.njit.edu/registrar/exams/ for details."
"202210","MATH333","PROBABILITY AND STATISTICS","010","13790","TR","2:30 PM - 3:50 PM","CKB 106","Closed","36","36","Kim, Chulmin","Face-to-Face","3","https://www.bkstr.com/webapp/wcs/stores/servlet/booklookServlet?bookstore_id-1=584&term_id-1=2022 Spring&crn-1=13790","This course has common exams.<br />See https://www.njit.edu/registrar/exams/ for details."
"202210","MATH333","PROBABILITY AND STATISTICS","012","13791","TF","4:00 PM - 5:20 PM","ECEC 100","Open","36","30","Guo, Wenge","Face-to-Face","3","https://www.bkstr.com/webapp/wcs/stores/servlet/booklookServlet?bookstore_id-1=584&term_id-1=2022 Spring&crn-1=13791","This course has common exams.<br />See https://www.njit.edu/registrar/exams/ for details."
"202210","MATH333","PROBABILITY AND STATISTICS","014","13792","MW","11:30 AM - 12:50 PM","KUPF 105","Closed","36","37","Natarajan, Padma","Face-to-Face","3","https://www.bkstr.com/webapp/wcs/stores/servlet/booklookServlet?bookstore_id-1=584&term_id-1=2022 Spring&crn-1=13792","This course has common exams.<br />See https://www.njit.edu/registrar/exams/ for details."
"202210","MATH333","PROBABILITY AND STATISTICS","016","13793","TR","8:30 AM - 9:50 AM","CKB 106","Open","36","35","Kim, Chulmin","Face-to-Face","3","https://www.bkstr.com/webapp/wcs/stores/servlet/booklookServlet?bookstore_id-1=584&term_id-1=2022 Spring&crn-1=13793","This course has common exams.<br />See https://www.njit.edu/registrar/exams/ for details."
"202210","MATH333","PROBABILITY AND STATISTICS","102","13794","W","6:00 PM - 8:50 PM","KUPF 202","Closed","36","37","Porus, Jonathan","Face-to-Face","3","https://www.bkstr.com/webapp/wcs/stores/servlet/booklookServlet?bookstore_id-1=584&term_id-1=2022 Spring&crn-1=13794","This course has common exams.<br />See https://www.njit.edu/registrar/exams/ for details."
"202210","MATH333","PROBABILITY AND STATISTICS - HONORS","H02","13795","TR","2:30 PM - 3:50 PM","KUPF 108","Open","36","20","Natarajan, Padma","Face-to-Face","3","https://www.bkstr.com/webapp/wcs/stores/servlet/booklookServlet?bookstore_id-1=584&term_id-1=2022 Spring&crn-1=13795","Honors Course<br />This course has common exams.<br />See https://www.njit.edu/registrar/exams/ for details."
"202210","MATH335","VECTOR ANALYSIS","002","13796","TR","10:00 AM - 11:20 AM","CKB 124","Open","42","23","Petropoulos, Peter","Face-to-Face","3","https://www.bkstr.com/webapp/wcs/stores/servlet/booklookServlet?bookstore_id-1=584&term_id-1=2022 Spring&crn-1=13796",""
"202210","MATH337","LINEAR ALGEBRA","002","13797","TR","10:00 AM - 11:20 AM","KUPF 106","Open","34","20","Boubendir, Yassine","Face-to-Face","3","https://www.bkstr.com/webapp/wcs/stores/servlet/booklookServlet?bookstore_id-1=584&term_id-1=2022 Spring&crn-1=13797","This course has common exams.<br />See https://www.njit.edu/registrar/exams/ for details."
"202210","MATH337","LINEAR ALGEBRA","004","13798","TR","11:30 AM - 12:50 PM","KUPF 206","Closed","34","34","Lushi, Enkeleida","Face-to-Face","3","https://www.bkstr.com/webapp/wcs/stores/servlet/booklookServlet?bookstore_id-1=584&term_id-1=2022 Spring&crn-1=13798","This course has common exams.<br />See https://www.njit.edu/registrar/exams/ for details."
"202210","MATH337","LINEAR ALGEBRA","006","13799","TR","2:30 PM - 3:50 PM","KUPF 118","Closed","34","34","Carfora, Kristin","Face-to-Face","3","https://www.bkstr.com/webapp/wcs/stores/servlet/booklookServlet?bookstore_id-1=584&term_id-1=2022 Spring&crn-1=13799","This course has common exams.<br />See https://www.njit.edu/registrar/exams/ for details."
"202210","MATH337","LINEAR ALGEBRA","008","13800","TR","4:00 PM - 5:20 PM"," ","Cancelled","34","0","","Face-to-Face","3","https://www.bkstr.com/webapp/wcs/stores/servlet/booklookServlet?bookstore_id-1=584&term_id-1=2022 Spring&crn-1=13800","Cancelled 01/10/22"
"202210","MATH337","LINEAR ALGEBRA","010","13801","M","1:00 PM - 2:20 PM","CKB 217","Closed","34","36","Frederick, Christina","Face-to-Face","3","https://www.bkstr.com/webapp/wcs/stores/servlet/booklookServlet?bookstore_id-1=584&term_id-1=2022 Spring&crn-1=13801","This course has common exams.<br />See https://www.njit.edu/registrar/exams/ for details."
"202210","MATH337","LINEAR ALGEBRA","010","13801","W","1:00 PM - 2:20 PM","CKB 217","Closed","34","36","Frederick, Christina","Face-to-Face","3","https://www.bkstr.com/webapp/wcs/stores/servlet/booklookServlet?bookstore_id-1=584&term_id-1=2022 Spring&crn-1=13801","This course has common exams.<br />See https://www.njit.edu/registrar/exams/ for details."
"202210","MATH337","LINEAR ALGEBRA","102","13802","W","6:00 PM - 8:50 PM","CKB 106","Closed","34","39","Ro, Je Hyun","Face-to-Face","3","https://www.bkstr.com/webapp/wcs/stores/servlet/booklookServlet?bookstore_id-1=584&term_id-1=2022 Spring&crn-1=13802","This course has common exams.<br />See https://www.njit.edu/registrar/exams/ for details."
"202210","MATH337","LINEAR ALGEBRA - HONORS","H02","13803","TR","10:00 AM - 11:20 AM","FMH 405","Open","35","28","Askham, Travis","Face-to-Face","3","https://www.bkstr.com/webapp/wcs/stores/servlet/booklookServlet?bookstore_id-1=584&term_id-1=2022 Spring&crn-1=13803","Honors Course<br />This course has common exams.<br />See https://www.njit.edu/registrar/exams/ for details."
"202210","MATH340","APPLIED NUMERICAL METHODS","002","13804","F","10:00 AM - 11:20 AM","MALL PC37","Open","25","12","Bukiet, Bruce","Face-to-Face","3","https://www.bkstr.com/webapp/wcs/stores/servlet/booklookServlet?bookstore_id-1=584&term_id-1=2022 Spring&crn-1=13804",""
"202210","MATH340","APPLIED NUMERICAL METHODS","002","13804","MW","1:00 PM - 2:20 PM","FMH 408","Open","25","12","Bukiet, Bruce","Face-to-Face","3","https://www.bkstr.com/webapp/wcs/stores/servlet/booklookServlet?bookstore_id-1=584&term_id-1=2022 Spring&crn-1=13804",""
"202210","MATH340","APPLIED NUMERICAL METHODS","004","13805","F","1:00 PM - 2:20 PM","GITC 2315A","Open","25","19","Bukiet, Bruce","Face-to-Face","3","https://www.bkstr.com/webapp/wcs/stores/servlet/booklookServlet?bookstore_id-1=584&term_id-1=2022 Spring&crn-1=13805",""
"202210","MATH340","APPLIED NUMERICAL METHODS","004","13805","MW","1:00 PM - 2:20 PM","FMH 408","Open","25","19","Bukiet, Bruce","Face-to-Face","3","https://www.bkstr.com/webapp/wcs/stores/servlet/booklookServlet?bookstore_id-1=584&term_id-1=2022 Spring&crn-1=13805",""
"202210","MATH341","STATS METHODS I","002","13806","TR","11:30 AM - 12:50 PM","KUPF 104","Open","41","34","Subramanian, Sundarraman","Face-to-Face","3","https://www.bkstr.com/webapp/wcs/stores/servlet/booklookServlet?bookstore_id-1=584&term_id-1=2022 Spring&crn-1=13806",""
"202210","MATH345","MULTIVARIATE DISTRIBUTIONS","002","13807","TF","4:00 PM - 5:20 PM","CKB 217","Open","41","12","Dhar, Sunil","Face-to-Face","3","https://www.bkstr.com/webapp/wcs/stores/servlet/booklookServlet?bookstore_id-1=584&term_id-1=2022 Spring&crn-1=13807",""
"202210","MATH346","MATHEMATICS OF FINANCE I","002","13808","TR","1:00 PM - 2:20 PM","KUPF 210","Open","42","22","Pole, Andrew","Face-to-Face","3","https://www.bkstr.com/webapp/wcs/stores/servlet/booklookServlet?bookstore_id-1=584&term_id-1=2022 Spring&crn-1=13808",""
"202210","MATH347","MATHEMATICS OF FINANCE II","002","13809","TR","10:00 AM - 11:20 AM","FMH 409","Open","35","18","Mahmood, Sirag","Face-to-Face","3","https://www.bkstr.com/webapp/wcs/stores/servlet/booklookServlet?bookstore_id-1=584&term_id-1=2022 Spring&crn-1=13809",""
"202210","MATH356","LOSS MODELS","002","13810","TR","11:30 AM - 12:50 PM","CKB 314","Open","20","9","Mahmood, Sirag","Face-to-Face","3","https://www.bkstr.com/webapp/wcs/stores/servlet/booklookServlet?bookstore_id-1=584&term_id-1=2022 Spring&crn-1=13810",""
"202210","MATH373","INTRO TO MATHEMATICAL BIOLOGY","002","13811","TF","4:00 PM - 5:20 PM","WEST LECT 2","Open","41","17","MacLaurin, James","Face-to-Face","3","https://www.bkstr.com/webapp/wcs/stores/servlet/booklookServlet?bookstore_id-1=584&term_id-1=2022 Spring&crn-1=13811",""
"202210","MATH410","WORK EXPERIENCE II","726","15755","",""," ","Closed","0","1","Dhar, Sunil","Face-to-Face","3","https://www.bkstr.com/webapp/wcs/stores/servlet/booklookServlet?bookstore_id-1=584&term_id-1=2022 Spring&crn-1=15755",""
"202210","MATH433","MATH OF FINANCIAL DERIVATIVES II - HONORS","H02","13812","MR","4:00 PM - 5:20 PM","CKB 206","Open","32","9","Pole, Andrew","Face-to-Face","3","https://www.bkstr.com/webapp/wcs/stores/servlet/booklookServlet?bookstore_id-1=584&term_id-1=2022 Spring&crn-1=13812","Honors Course"
"202210","MATH440","ADV APPL NUMERICAL METH","002","13813","TR","1:00 PM - 2:20 PM","KUPF 209","Open","41","16","Boubendir, Yassine","Face-to-Face","3","https://www.bkstr.com/webapp/wcs/stores/servlet/booklookServlet?bookstore_id-1=584&term_id-1=2022 Spring&crn-1=13813",""
"202210","MATH442","ACTUARIAL MATHEMATICS II","002","13814","TR","2:30 PM - 3:50 PM"," ","Cancelled","20","0","","Face-to-Face","3","https://www.bkstr.com/webapp/wcs/stores/servlet/booklookServlet?bookstore_id-1=584&term_id-1=2022 Spring&crn-1=13814","Cancelled 01/10/22"
"202210","MATH447","APPLIED TIME SERIES ANALYSIS","002","13815","MW","1:00 PM - 2:20 PM","TIER 106","Open","37","18","Wang, Antai","Face-to-Face","3","https://www.bkstr.com/webapp/wcs/stores/servlet/booklookServlet?bookstore_id-1=584&term_id-1=2022 Spring&crn-1=13815",""
"202210","MATH451","METHODS APPL MATH II - HONORS","H02","13816","MR","4:00 PM - 5:20 PM","CULM 514","Open","12","9","Kondic, Lou","Face-to-Face","3","https://www.bkstr.com/webapp/wcs/stores/servlet/booklookServlet?bookstore_id-1=584&term_id-1=2022 Spring&crn-1=13816","Honors Course"
"202210","MATH451","METHODS APPL MATH II - HONORS","H04","15762","MR","4:00 PM - 5:20 PM","CULM 110","Open","10","9","Diekman, Casey","Face-to-Face","3","https://www.bkstr.com/webapp/wcs/stores/servlet/booklookServlet?bookstore_id-1=584&term_id-1=2022 Spring&crn-1=15762","Honors Course"
"202210","MATH453","HIGH-PERF NUMERICAL COMPUTING","002","13817","TR","11:30 AM - 12:50 PM","CKB 222","Open","30","7","Afkhami, Shahriar","Face-to-Face","3","https://www.bkstr.com/webapp/wcs/stores/servlet/booklookServlet?bookstore_id-1=584&term_id-1=2022 Spring&crn-1=13817",""
"202210","MATH461","INTRO STATISTICAL COMP SAS/R","102","13818","W","6:00 PM - 8:50 PM","FMH 213","Open","10","4","Shang, Zuofeng","Face-to-Face","3","https://www.bkstr.com/webapp/wcs/stores/servlet/booklookServlet?bookstore_id-1=584&term_id-1=2022 Spring&crn-1=13818",""
"202210","MATH477","STOCHASTIC PROCESSES","102","13819","T","6:00 PM - 8:50 PM","KUPF 205","Open","41","21","Horntrop, David","Face-to-Face","3","https://www.bkstr.com/webapp/wcs/stores/servlet/booklookServlet?bookstore_id-1=584&term_id-1=2022 Spring&crn-1=13819",""
"202210","MATH478","STAT METHODS IN DATA SCI","002","13820","MR","2:30 PM - 3:50 PM","FMH 203","Open","25","21","Shang, Zuofeng","Face-to-Face","3","https://www.bkstr.com/webapp/wcs/stores/servlet/booklookServlet?bookstore_id-1=584&term_id-1=2022 Spring&crn-1=13820",""
"202210","MATH481","ADVANCED CALCULUS","002","13821","TR","10:00 AM - 11:20 AM","CULM LECT 1","Open","25","16","Hamfeldt, Brittany","Face-to-Face","3","https://www.bkstr.com/webapp/wcs/stores/servlet/booklookServlet?bookstore_id-1=584&term_id-1=2022 Spring&crn-1=13821",""
"202210","MATH491","INDEPENDENT STDY IN MATH","701","13822","",""," ","Closed","0","0","","Face-to-Face","3","https://www.bkstr.com/webapp/wcs/stores/servlet/booklookServlet?bookstore_id-1=584&term_id-1=2022 Spring&crn-1=13822",""
"202210","MATH495","TOPICS IN APPLIED MATHEMATICS","737","13823","",""," ","Closed","0","0","","Face-to-Face","3","https://www.bkstr.com/webapp/wcs/stores/servlet/booklookServlet?bookstore_id-1=584&term_id-1=2022 Spring&crn-1=13823","Cancelled 11/23/21"
"202210","MATH546","ADVANCED CALCULUS II","002","13824","TR","10:00 AM - 11:20 AM","CULM LECT 1","Open","10","1","Hamfeldt, Brittany","Face-to-Face","3","https://www.bkstr.com/webapp/wcs/stores/servlet/booklookServlet?bookstore_id-1=584&term_id-1=2022 Spring&crn-1=13824",""
"202210","MATH590","GRADUATE CO-OP WORK EXPER I","719","13825","",""," ","Closed","0","0","Guo, Wenge","Face-to-Face","1","https://www.bkstr.com/webapp/wcs/stores/servlet/booklookServlet?bookstore_id-1=584&term_id-1=2022 Spring&crn-1=13825",""
"202210","MATH590","GRADUATE CO-OP WORK EXPER I","726","13826","",""," ","Closed","0","0","Dhar, Sunil","Face-to-Face","1","https://www.bkstr.com/webapp/wcs/stores/servlet/booklookServlet?bookstore_id-1=584&term_id-1=2022 Spring&crn-1=13826",""
"202210","MATH591","GRADUATE CO-OP WORK EXPER II","726","13827","",""," ","Closed","0","0","Dhar, Sunil","Face-to-Face","1","https://www.bkstr.com/webapp/wcs/stores/servlet/booklookServlet?bookstore_id-1=584&term_id-1=2022 Spring&crn-1=13827",""
"202210","MATH610","GRADUATE RESEARCH METHODS","749","13828","",""," ","Closed","0","0","Lushi, Enkeleida","Face-to-Face","3","https://www.bkstr.com/webapp/wcs/stores/servlet/booklookServlet?bookstore_id-1=584&term_id-1=2022 Spring&crn-1=13828",""
"202210","MATH614","NUMERICAL METHODS I","002","13829","TR","1:00 PM - 2:20 PM","FMH 403","Open","25","10","Young, Yuan-Nan","Face-to-Face","3","https://www.bkstr.com/webapp/wcs/stores/servlet/booklookServlet?bookstore_id-1=584&term_id-1=2022 Spring&crn-1=13829",""
"202210","MATH615","APPR QUANT ANALYSIS LIFE SCI","102","13830","T","6:00 PM - 8:50 PM","CKB 206","Closed","25","27","Russell, Gareth","Face-to-Face","3","https://www.bkstr.com/webapp/wcs/stores/servlet/booklookServlet?bookstore_id-1=584&term_id-1=2022 Spring&crn-1=13830",""
"202210","MATH615","APPR QUANT ANALYSIS LIFE SCI","102","13830","T","6:00 PM - 8:50 PM","CKB 206","Closed","25","27","Garnier, Simon","Face-to-Face","3","https://www.bkstr.com/webapp/wcs/stores/servlet/booklookServlet?bookstore_id-1=584&term_id-1=2022 Spring&crn-1=13830",""
"202210","MATH630","LINEAR ALGEBRA & APPLICA","102","13831","M","6:00 PM - 8:50 PM","FMH 412","Open","32","30","Ammicht, Egbert","Face-to-Face","3","https://www.bkstr.com/webapp/wcs/stores/servlet/booklookServlet?bookstore_id-1=584&term_id-1=2022 Spring&crn-1=13831",""
"202210","MATH644","REGRESSION ANALYSIS METHODS","852","13832","",""," ","Open","25","12","Pole, Andrew","","3","https://www.bkstr.com/webapp/wcs/stores/servlet/booklookServlet?bookstore_id-1=584&term_id-1=2022 Spring&crn-1=13832","Restricted to Newark Campus Students Only<br />Online Course"
"202210","MATH654","CLINICAL TRIALS DESIGN &ANALYS","102","13833","M","6:00 PM - 8:50 PM"," ","Cancelled","25","0","","Face-to-Face","3","https://www.bkstr.com/webapp/wcs/stores/servlet/booklookServlet?bookstore_id-1=584&term_id-1=2022 Spring&crn-1=13833","Cancelled 01/14/22"
"202210","MATH656","COMPLEX VARIABLES I","002","13834","TF","2:30 PM - 3:50 PM","CKB 120","Open","25","10","Cummings, Linda","Face-to-Face","3","https://www.bkstr.com/webapp/wcs/stores/servlet/booklookServlet?bookstore_id-1=584&term_id-1=2022 Spring&crn-1=13834",""
"202210","MATH660","INTRO TO STAT COMP W/ SAS & R","102","13835","W","6:00 PM - 8:50 PM","FMH 213","Closed","30","30","Shang, Zuofeng","Face-to-Face","3","https://www.bkstr.com/webapp/wcs/stores/servlet/booklookServlet?bookstore_id-1=584&term_id-1=2022 Spring&crn-1=13835",""
"202210","MATH661","APPLIED STATISTICS","102","13836","T","6:00 PM - 8:50 PM","CULM LECT 1","Closed","36","37","Natarajan, Padma","Face-to-Face","3","https://www.bkstr.com/webapp/wcs/stores/servlet/booklookServlet?bookstore_id-1=584&term_id-1=2022 Spring&crn-1=13836",""
"202210","MATH661","APPLIED STATISTICS","104","13837","R","6:00 PM - 8:50 PM","KUPF 205","Open","36","35","Natarajan, Padma","Face-to-Face","3","https://www.bkstr.com/webapp/wcs/stores/servlet/booklookServlet?bookstore_id-1=584&term_id-1=2022 Spring&crn-1=13837",""
"202210","MATH661","APPLIED STATISTICS","1J2","13838","T","6:00 PM - 8:50 PM"," ","Cancelled","36","0","","Face-to-Face","3","https://www.bkstr.com/webapp/wcs/stores/servlet/booklookServlet?bookstore_id-1=584&term_id-1=2022 Spring&crn-1=13838","Cancelled 11/24/21"
"202210","MATH661","APPLIED STATISTICS","852","13839","",""," ","Closed","36","37","Pole, Andrew","","3","https://www.bkstr.com/webapp/wcs/stores/servlet/booklookServlet?bookstore_id-1=584&term_id-1=2022 Spring&crn-1=13839","Restricted to Newark Campus Students Only<br />Online Course"
"202210","MATH661","APPLIED STATISTICS","854","15760","",""," ","Open","41","23","Pole, Andrew","Online","3","https://www.bkstr.com/webapp/wcs/stores/servlet/booklookServlet?bookstore_id-1=584&term_id-1=2022 Spring&crn-1=15760","Restricted to Virtual Campus Students Only<br />Online Course"
"202210","MATH664","METHODS FOR STAT CONSULT","102","13840","R","6:00 PM - 8:50 PM","FMH 203","Open","25","19","Loh, Ji Meng","Face-to-Face","3","https://www.bkstr.com/webapp/wcs/stores/servlet/booklookServlet?bookstore_id-1=584&term_id-1=2022 Spring&crn-1=13840",""
"202210","MATH665","STATISTICAL INFERENCE","102","13841","T","6:00 PM - 8:50 PM","KUPF 106","Open","32","11","Subramanian, Sundarraman","Face-to-Face","3","https://www.bkstr.com/webapp/wcs/stores/servlet/booklookServlet?bookstore_id-1=584&term_id-1=2022 Spring&crn-1=13841",""
"202210","MATH675","PARTIAL DIFFERENTIAL EQUATIONS","002","13842","TR","1:00 PM - 2:20 PM"," ","Cancelled","20","0","","Face-to-Face","3","https://www.bkstr.com/webapp/wcs/stores/servlet/booklookServlet?bookstore_id-1=584&term_id-1=2022 Spring&crn-1=13842","Cancelled 11/19/21"
"202210","MATH678","STAT METHODS IN DATA SCIENCE","102","13843","W","6:00 PM - 8:50 PM","CKB 330","Closed","30","30","Guo, Wenge","Face-to-Face","3","https://www.bkstr.com/webapp/wcs/stores/servlet/booklookServlet?bookstore_id-1=584&term_id-1=2022 Spring&crn-1=13843",""
"202210","MATH689","ADV APPLIED MATH II","002","13844","MW","11:30 AM - 12:50 PM"," ","Cancelled","25","0","","Face-to-Face","3","https://www.bkstr.com/webapp/wcs/stores/servlet/booklookServlet?bookstore_id-1=584&term_id-1=2022 Spring&crn-1=13844","Cancelled 1/12/22"
"202210","MATH691","STOCHASTIC PROCESSES","002","15619","TR","1:00 PM - 2:20 PM","FMH 409","Open","25","9","MacLaurin, James","Face-to-Face","3","https://www.bkstr.com/webapp/wcs/stores/servlet/booklookServlet?bookstore_id-1=584&term_id-1=2022 Spring&crn-1=15619",""
"202210","MATH698","SAMPLING THEORY","102","13845","M","6:00 PM - 8:50 PM"," ","Cancelled","25","0","","Face-to-Face","3","https://www.bkstr.com/webapp/wcs/stores/servlet/booklookServlet?bookstore_id-1=584&term_id-1=2022 Spring&crn-1=13845","Cancelled 01/14/22"
"202210","MATH699","DES & ANALY EXPERIMENTS","102","13846","W","6:00 PM - 8:50 PM","FMH 412","Open","32","11","Dhar, Sunil","Face-to-Face","3","https://www.bkstr.com/webapp/wcs/stores/servlet/booklookServlet?bookstore_id-1=584&term_id-1=2022 Spring&crn-1=13846",""
"202210","MATH700B","MASTER'S PROJECT","766","13847","",""," ","Closed","0","0","","Face-to-Face","3","https://www.bkstr.com/webapp/wcs/stores/servlet/booklookServlet?bookstore_id-1=584&term_id-1=2022 Spring&crn-1=13847",""
"202210","MATH701B","MASTER'S THESIS","701","15849","",""," ","Closed","0","1","Diekman, Casey","Face-to-Face","3","https://www.bkstr.com/webapp/wcs/stores/servlet/booklookServlet?bookstore_id-1=584&term_id-1=2022 Spring&crn-1=15849",""
"202210","MATH701B","MASTER'S THESIS","702","13848","",""," ","Closed","0","0","Shirokoff, David","Face-to-Face","3","https://www.bkstr.com/webapp/wcs/stores/servlet/booklookServlet?bookstore_id-1=584&term_id-1=2022 Spring&crn-1=13848",""
"202210","MATH701B","MASTER'S THESIS","759","13849","",""," ","Closed","0","0","Frederick, Christina","Face-to-Face","3","https://www.bkstr.com/webapp/wcs/stores/servlet/booklookServlet?bookstore_id-1=584&term_id-1=2022 Spring&crn-1=13849",""
"202210","MATH707","ST: INTRODUCTION TO BAYESIAN ANALYSIS","002","13850","TR","1:00 PM - 2:20 PM","CULM LECT 1","Open","30","7","Loh, Ji Meng","Face-to-Face","3","https://www.bkstr.com/webapp/wcs/stores/servlet/booklookServlet?bookstore_id-1=584&term_id-1=2022 Spring&crn-1=13850",""
"202210","MATH713","ADVANCED SCIENTIFIC COMPUTING","002","13851","MR","4:00 PM - 5:20 PM"," ","Cancelled","30","0","","Face-to-Face","3","https://www.bkstr.com/webapp/wcs/stores/servlet/booklookServlet?bookstore_id-1=584&term_id-1=2022 Spring&crn-1=13851","Cancelled 1/12/22"
"202210","MATH725","INDEPENDENT STUDY I","695","13852","",""," ","Closed","0","0","","Face-to-Face","3","https://www.bkstr.com/webapp/wcs/stores/servlet/booklookServlet?bookstore_id-1=584&term_id-1=2022 Spring&crn-1=13852",""
"202210","MATH725","INDEPENDENT STUDY I","703","13853","",""," ","Closed","0","0","Young, Yuan-Nan","Face-to-Face","3","https://www.bkstr.com/webapp/wcs/stores/servlet/booklookServlet?bookstore_id-1=584&term_id-1=2022 Spring&crn-1=13853",""
"202210","MATH725","INDEPENDENT STUDY I","709","15887","",""," ","Closed","0","1","Hamfeldt, Brittany","Face-to-Face","3","https://www.bkstr.com/webapp/wcs/stores/servlet/booklookServlet?bookstore_id-1=584&term_id-1=2022 Spring&crn-1=15887",""
"202210","MATH725","INDEPENDENT STUDY I","716","15767","",""," ","Closed","0","2","Shang, Zuofeng","Face-to-Face","3","https://www.bkstr.com/webapp/wcs/stores/servlet/booklookServlet?bookstore_id-1=584&term_id-1=2022 Spring&crn-1=15767",""
"202210","MATH725","INDEPENDENT STUDY I","719","13854","",""," ","Closed","0","0","","Face-to-Face","3","https://www.bkstr.com/webapp/wcs/stores/servlet/booklookServlet?bookstore_id-1=584&term_id-1=2022 Spring&crn-1=13854",""
"202210","MATH725","INDEPENDENT STUDY I","733","15926","",""," ","Closed","0","7","Booty, Michael","Face-to-Face","3","https://www.bkstr.com/webapp/wcs/stores/servlet/booklookServlet?bookstore_id-1=584&term_id-1=2022 Spring&crn-1=15926",""
"202210","MATH725","INDEPENDENT STUDY I","740","13855","",""," ","Closed","0","0","","Face-to-Face","3","https://www.bkstr.com/webapp/wcs/stores/servlet/booklookServlet?bookstore_id-1=584&term_id-1=2022 Spring&crn-1=13855",""
"202210","MATH725","INDEPENDENT STUDY I","745","13856","",""," ","Closed","0","0","Nadim, Farzan","Face-to-Face","3","https://www.bkstr.com/webapp/wcs/stores/servlet/booklookServlet?bookstore_id-1=584&term_id-1=2022 Spring&crn-1=13856",""
"202210","MATH725","INDEPENDENT STUDY I","771","13857","",""," ","Closed","0","0","","Face-to-Face","3","https://www.bkstr.com/webapp/wcs/stores/servlet/booklookServlet?bookstore_id-1=584&term_id-1=2022 Spring&crn-1=13857",""
"202210","MATH726","INDEPENDENT STUDY II","744","15927","",""," ","Closed","0","7","Petropoulos, Peter","Face-to-Face","3","https://www.bkstr.com/webapp/wcs/stores/servlet/booklookServlet?bookstore_id-1=584&term_id-1=2022 Spring&crn-1=15927",""
"202210","MATH726","INDEPENDENT STUDY II","780","15710","",""," ","Closed","0","2","Wang, Antai","Face-to-Face","3","https://www.bkstr.com/webapp/wcs/stores/servlet/booklookServlet?bookstore_id-1=584&term_id-1=2022 Spring&crn-1=15710",""
"202210","MATH745","MATHMATICAL ANALYSIS II","002","13858","TF","10:00 AM - 11:20 AM","CULM 110","Open","25","9","Bose, Amitabha","Face-to-Face","3","https://www.bkstr.com/webapp/wcs/stores/servlet/booklookServlet?bookstore_id-1=584&term_id-1=2022 Spring&crn-1=13858",""
"202210","MATH756","COMPLEX VARIABLES II","002","13859","F","1:00 PM - 2:20 PM","CKB 114","Open","25","8","Cummings, Linda","Face-to-Face","3","https://www.bkstr.com/webapp/wcs/stores/servlet/booklookServlet?bookstore_id-1=584&term_id-1=2022 Spring&crn-1=13859",""
"202210","MATH756","COMPLEX VARIABLES II","002","13859","T","4:00 PM - 5:20 PM","CKB 114","Open","25","8","Cummings, Linda","Face-to-Face","3","https://www.bkstr.com/webapp/wcs/stores/servlet/booklookServlet?bookstore_id-1=584&term_id-1=2022 Spring&crn-1=13859",""
"202210","MATH768","PROBABILITY THEORY","002","13860","MW","1:00 PM - 2:20 PM"," ","Cancelled","25","0","","Face-to-Face","3","https://www.bkstr.com/webapp/wcs/stores/servlet/booklookServlet?bookstore_id-1=584&term_id-1=2022 Spring&crn-1=13860","Cancelled 12/1/21"
"202210","MATH790A","DOCT DISSERTATION & RES","693","13861","",""," ","Closed","0","0","Afkhami, Shahriar","Face-to-Face","1","https://www.bkstr.com/webapp/wcs/stores/servlet/booklookServlet?bookstore_id-1=584&term_id-1=2022 Spring&crn-1=13861",""
"202210","MATH790A","DOCT DISSERTATION & RES","695","13862","",""," ","Closed","0","0","Blackmore, Denis","Face-to-Face","1","https://www.bkstr.com/webapp/wcs/stores/servlet/booklookServlet?bookstore_id-1=584&term_id-1=2022 Spring&crn-1=13862",""
"202210","MATH790A","DOCT DISSERTATION & RES","701","13863","",""," ","Closed","0","1","Diekman, Casey","Face-to-Face","1","https://www.bkstr.com/webapp/wcs/stores/servlet/booklookServlet?bookstore_id-1=584&term_id-1=2022 Spring&crn-1=13863",""
"202210","MATH790A","DOCT DISSERTATION & RES","702","13864","",""," ","Closed","0","0","Shirokoff, David","Face-to-Face","1","https://www.bkstr.com/webapp/wcs/stores/servlet/booklookServlet?bookstore_id-1=584&term_id-1=2022 Spring&crn-1=13864",""
"202210","MATH790A","DOCT DISSERTATION & RES","703","13865","",""," ","Closed","0","1","Young, Yuan-Nan","Face-to-Face","1","https://www.bkstr.com/webapp/wcs/stores/servlet/booklookServlet?bookstore_id-1=584&term_id-1=2022 Spring&crn-1=13865",""
"202210","MATH790A","DOCT DISSERTATION & RES","705","13866","",""," ","Closed","0","1","Jiang, Shidong","Face-to-Face","1","https://www.bkstr.com/webapp/wcs/stores/servlet/booklookServlet?bookstore_id-1=584&term_id-1=2022 Spring&crn-1=13866",""
"202210","MATH790A","DOCT DISSERTATION & RES","709","13867","",""," ","Closed","0","1","Hamfeldt, Brittany","Face-to-Face","1","https://www.bkstr.com/webapp/wcs/stores/servlet/booklookServlet?bookstore_id-1=584&term_id-1=2022 Spring&crn-1=13867",""
"202210","MATH790A","DOCT DISSERTATION & RES","719","13868","",""," ","Closed","0","2","Guo, Wenge","Face-to-Face","1","https://www.bkstr.com/webapp/wcs/stores/servlet/booklookServlet?bookstore_id-1=584&term_id-1=2022 Spring&crn-1=13868",""
"202210","MATH790A","DOCT DISSERTATION & RES","723","13869","",""," ","Closed","0","1","Turc, Catalin","Face-to-Face","1","https://www.bkstr.com/webapp/wcs/stores/servlet/booklookServlet?bookstore_id-1=584&term_id-1=2022 Spring&crn-1=13869",""
"202210","MATH790A","DOCT DISSERTATION & RES","726","13870","",""," ","Closed","0","0","Dhar, Sunil","Face-to-Face","1","https://www.bkstr.com/webapp/wcs/stores/servlet/booklookServlet?bookstore_id-1=584&term_id-1=2022 Spring&crn-1=13870",""
"202210","MATH790A","DOCT DISSERTATION & RES","733","13871","",""," ","Closed","0","1","Booty, Michael","Face-to-Face","1","https://www.bkstr.com/webapp/wcs/stores/servlet/booklookServlet?bookstore_id-1=584&term_id-1=2022 Spring&crn-1=13871",""
"202210","MATH790A","DOCT DISSERTATION & RES","734","13872","",""," ","Closed","0","0","Loh, Ji Meng","Face-to-Face","1","https://www.bkstr.com/webapp/wcs/stores/servlet/booklookServlet?bookstore_id-1=584&term_id-1=2022 Spring&crn-1=13872",""
"202210","MATH790A","DOCT DISSERTATION & RES","737","13873","",""," ","Closed","0","1","Michalopoulou, Zoi-Heleni","Face-to-Face","1","https://www.bkstr.com/webapp/wcs/stores/servlet/booklookServlet?bookstore_id-1=584&term_id-1=2022 Spring&crn-1=13873",""
"202210","MATH790A","DOCT DISSERTATION & RES","738","13874","",""," ","Closed","0","0","Siegel, Michael","Face-to-Face","1","https://www.bkstr.com/webapp/wcs/stores/servlet/booklookServlet?bookstore_id-1=584&term_id-1=2022 Spring&crn-1=13874",""
"202210","MATH790A","DOCT DISSERTATION & RES","740","13875","",""," ","Closed","0","1","Oza, Anand","Face-to-Face","1","https://www.bkstr.com/webapp/wcs/stores/servlet/booklookServlet?bookstore_id-1=584&term_id-1=2022 Spring&crn-1=13875",""
"202210","MATH790A","DOCT DISSERTATION & RES","741","13876","",""," ","Closed","0","0","Bose, Amitabha","Face-to-Face","1","https://www.bkstr.com/webapp/wcs/stores/servlet/booklookServlet?bookstore_id-1=584&term_id-1=2022 Spring&crn-1=13876",""
"202210","MATH790A","DOCT DISSERTATION & RES","745","13877","",""," ","Closed","0","0","Nadim, Farzan","Face-to-Face","1","https://www.bkstr.com/webapp/wcs/stores/servlet/booklookServlet?bookstore_id-1=584&term_id-1=2022 Spring&crn-1=13877",""
"202210","MATH790A","DOCT DISSERTATION & RES","747","13878","",""," ","Closed","0","1","Kondic, Lou","Face-to-Face","1","https://www.bkstr.com/webapp/wcs/stores/servlet/booklookServlet?bookstore_id-1=584&term_id-1=2022 Spring&crn-1=13878",""
"202210","MATH790A","DOCT DISSERTATION & RES","749","13879","",""," ","Closed","0","1","Lushi, Enkeleida","Face-to-Face","1","https://www.bkstr.com/webapp/wcs/stores/servlet/booklookServlet?bookstore_id-1=584&term_id-1=2022 Spring&crn-1=13879",""
"202210","MATH790A","DOCT DISSERTATION & RES","753","13880","",""," ","Closed","0","2","Askham, Travis","Face-to-Face","1","https://www.bkstr.com/webapp/wcs/stores/servlet/booklookServlet?bookstore_id-1=584&term_id-1=2022 Spring&crn-1=13880",""
"202210","MATH790A","DOCT DISSERTATION & RES","757","13881","",""," ","Closed","0","0","Goodman, Roy","Face-to-Face","1","https://www.bkstr.com/webapp/wcs/stores/servlet/booklookServlet?bookstore_id-1=584&term_id-1=2022 Spring&crn-1=13881",""
"202210","MATH790A","DOCT DISSERTATION & RES","760","13882","",""," ","Closed","0","0","Matveev, Victor","Face-to-Face","1","https://www.bkstr.com/webapp/wcs/stores/servlet/booklookServlet?bookstore_id-1=584&term_id-1=2022 Spring&crn-1=13882",""
"202210","MATH790A","DOCT DISSERTATION & RES","764","13883","",""," ","Closed","0","0","Choi, Wooyoung","Face-to-Face","1","https://www.bkstr.com/webapp/wcs/stores/servlet/booklookServlet?bookstore_id-1=584&term_id-1=2022 Spring&crn-1=13883",""
"202210","MATH790A","DOCT DISSERTATION & RES","769","13884","",""," ","Closed","0","1","Boubendir, Yassine","Face-to-Face","1","https://www.bkstr.com/webapp/wcs/stores/servlet/booklookServlet?bookstore_id-1=584&term_id-1=2022 Spring&crn-1=13884",""
"202210","MATH790A","DOCT DISSERTATION & RES","771","13885","",""," ","Closed","0","0","Subramanian, Sundarraman","Face-to-Face","1","https://www.bkstr.com/webapp/wcs/stores/servlet/booklookServlet?bookstore_id-1=584&term_id-1=2022 Spring&crn-1=13885",""
"202210","MATH790A","DOCT DISSERTATION & RES","772","13886","",""," ","Closed","0","1","Cummings, Linda","Face-to-Face","1","https://www.bkstr.com/webapp/wcs/stores/servlet/booklookServlet?bookstore_id-1=584&term_id-1=2022 Spring&crn-1=13886",""
"202210","MATH790A","DOCT DISSERTATION & RES","780","13887","",""," ","Closed","0","0","Wang, Antai","Face-to-Face","1","https://www.bkstr.com/webapp/wcs/stores/servlet/booklookServlet?bookstore_id-1=584&term_id-1=2022 Spring&crn-1=13887",""
"202210","MATH790B","DOCT DISSERTATION & RES","693","13888","",""," ","Closed","0","0","Afkhami, Shahriar","Face-to-Face","3","https://www.bkstr.com/webapp/wcs/stores/servlet/booklookServlet?bookstore_id-1=584&term_id-1=2022 Spring&crn-1=13888",""
"202210","MATH790B","DOCT DISSERTATION & RES","695","13889","",""," ","Closed","0","0","Blackmore, Denis","Face-to-Face","3","https://www.bkstr.com/webapp/wcs/stores/servlet/booklookServlet?bookstore_id-1=584&term_id-1=2022 Spring&crn-1=13889",""
"202210","MATH790B","DOCT DISSERTATION & RES","701","13890","",""," ","Closed","0","0","Diekman, Casey","Face-to-Face","3","https://www.bkstr.com/webapp/wcs/stores/servlet/booklookServlet?bookstore_id-1=584&term_id-1=2022 Spring&crn-1=13890",""
"202210","MATH790B","DOCT DISSERTATION & RES","703","13891","",""," ","Closed","0","0","Young, Yuan-Nan","Face-to-Face","3","https://www.bkstr.com/webapp/wcs/stores/servlet/booklookServlet?bookstore_id-1=584&term_id-1=2022 Spring&crn-1=13891",""
"202210","MATH790B","DOCT DISSERTATION & RES","705","13892","",""," ","Closed","0","0","Jiang, Shidong","Face-to-Face","3","https://www.bkstr.com/webapp/wcs/stores/servlet/booklookServlet?bookstore_id-1=584&term_id-1=2022 Spring&crn-1=13892",""
"202210","MATH790B","DOCT DISSERTATION & RES","711","13893","",""," ","Closed","0","0","Luke, Jonathan","Face-to-Face","3","https://www.bkstr.com/webapp/wcs/stores/servlet/booklookServlet?bookstore_id-1=584&term_id-1=2022 Spring&crn-1=13893",""
"202210","MATH790B","DOCT DISSERTATION & RES","719","13894","",""," ","Closed","0","0","Guo, Wenge","Face-to-Face","3","https://www.bkstr.com/webapp/wcs/stores/servlet/booklookServlet?bookstore_id-1=584&term_id-1=2022 Spring&crn-1=13894",""
"202210","MATH790B","DOCT DISSERTATION & RES","726","13895","",""," ","Closed","0","0","Dhar, Sunil","Face-to-Face","3","https://www.bkstr.com/webapp/wcs/stores/servlet/booklookServlet?bookstore_id-1=584&term_id-1=2022 Spring&crn-1=13895",""
"202210","MATH790B","DOCT DISSERTATION & RES","733","13896","",""," ","Closed","0","0","Booty, Michael","Face-to-Face","3","https://www.bkstr.com/webapp/wcs/stores/servlet/booklookServlet?bookstore_id-1=584&term_id-1=2022 Spring&crn-1=13896",""
"202210","MATH790B","DOCT DISSERTATION & RES","738","13897","",""," ","Closed","0","0","Siegel, Michael","Face-to-Face","3","https://www.bkstr.com/webapp/wcs/stores/servlet/booklookServlet?bookstore_id-1=584&term_id-1=2022 Spring&crn-1=13897",""
"202210","MATH790B","DOCT DISSERTATION & RES","745","13898","",""," ","Closed","0","0","Nadim, Farzan","Face-to-Face","3","https://www.bkstr.com/webapp/wcs/stores/servlet/booklookServlet?bookstore_id-1=584&term_id-1=2022 Spring&crn-1=13898",""
"202210","MATH790B","DOCT DISSERTATION & RES","747","13899","",""," ","Closed","0","0","Kondic, Lou","Face-to-Face","3","https://www.bkstr.com/webapp/wcs/stores/servlet/booklookServlet?bookstore_id-1=584&term_id-1=2022 Spring&crn-1=13899",""
"202210","MATH790B","DOCT DISSERTATION & RES","757","13900","",""," ","Closed","0","0","Goodman, Roy","Face-to-Face","3","https://www.bkstr.com/webapp/wcs/stores/servlet/booklookServlet?bookstore_id-1=584&term_id-1=2022 Spring&crn-1=13900",""
"202210","MATH790B","DOCT DISSERTATION & RES","769","13901","",""," ","Closed","0","0","Boubendir, Yassine","Face-to-Face","3","https://www.bkstr.com/webapp/wcs/stores/servlet/booklookServlet?bookstore_id-1=584&term_id-1=2022 Spring&crn-1=13901",""
"202210","MATH790B","DOCT DISSERTATION & RES","771","13902","",""," ","Closed","0","0","Subramanian, Sundarraman","Face-to-Face","3","https://www.bkstr.com/webapp/wcs/stores/servlet/booklookServlet?bookstore_id-1=584&term_id-1=2022 Spring&crn-1=13902",""
"202210","MATH790B","DOCT DISSERTATION & RES","772","13903","",""," ","Closed","0","0","Cummings, Linda","Face-to-Face","3","https://www.bkstr.com/webapp/wcs/stores/servlet/booklookServlet?bookstore_id-1=584&term_id-1=2022 Spring&crn-1=13903",""
"202210","MATH790C","DOCT DISSERTATION & RES","693","13904","",""," ","Closed","0","0","Afkhami, Shahriar","Face-to-Face","6","https://www.bkstr.com/webapp/wcs/stores/servlet/booklookServlet?bookstore_id-1=584&term_id-1=2022 Spring&crn-1=13904",""
"202210","MATH790C","DOCT DISSERTATION & RES","695","13905","",""," ","Closed","0","0","Blackmore, Denis","Face-to-Face","6","https://www.bkstr.com/webapp/wcs/stores/servlet/booklookServlet?bookstore_id-1=584&term_id-1=2022 Spring&crn-1=13905",""
"202210","MATH790C","DOCT DISSERTATION & RES","703","13906","",""," ","Closed","0","0","Young, Yuan-Nan","Face-to-Face","6","https://www.bkstr.com/webapp/wcs/stores/servlet/booklookServlet?bookstore_id-1=584&term_id-1=2022 Spring&crn-1=13906",""
"202210","MATH790C","DOCT DISSERTATION & RES","726","13907","",""," ","Closed","0","0","Dhar, Sunil","Face-to-Face","6","https://www.bkstr.com/webapp/wcs/stores/servlet/booklookServlet?bookstore_id-1=584&term_id-1=2022 Spring&crn-1=13907",""
"202210","MATH790C","DOCT DISSERTATION & RES","733","13908","",""," ","Closed","0","0","Booty, Michael","Face-to-Face","6","https://www.bkstr.com/webapp/wcs/stores/servlet/booklookServlet?bookstore_id-1=584&term_id-1=2022 Spring&crn-1=13908",""
"202210","MATH790C","DOCT DISSERTATION & RES","737","13909","",""," ","Closed","0","0","Michalopoulou, Zoi-Heleni","Face-to-Face","6","https://www.bkstr.com/webapp/wcs/stores/servlet/booklookServlet?bookstore_id-1=584&term_id-1=2022 Spring&crn-1=13909",""
"202210","MATH790C","DOCT DISSERTATION & RES","738","13910","",""," ","Closed","0","0","Siegel, Michael","Face-to-Face","6","https://www.bkstr.com/webapp/wcs/stores/servlet/booklookServlet?bookstore_id-1=584&term_id-1=2022 Spring&crn-1=13910",""
"202210","MATH790C","DOCT DISSERTATION & RES","757","13911","",""," ","Closed","0","0","Goodman, Roy","Face-to-Face","6","https://www.bkstr.com/webapp/wcs/stores/servlet/booklookServlet?bookstore_id-1=584&term_id-1=2022 Spring&crn-1=13911",""
"202210","MATH790C","DOCT DISSERTATION & RES","772","13912","",""," ","Closed","0","0","Cummings, Linda","Face-to-Face","6","https://www.bkstr.com/webapp/wcs/stores/servlet/booklookServlet?bookstore_id-1=584&term_id-1=2022 Spring&crn-1=13912",""
"202210","MATH790D","DOCT DISSERTATION & RES","693","13913","",""," ","Closed","0","0","Afkhami, Shahriar","Face-to-Face","9","https://www.bkstr.com/webapp/wcs/stores/servlet/booklookServlet?bookstore_id-1=584&term_id-1=2022 Spring&crn-1=13913",""
"202210","MATH790D","DOCT DISSERTATION & RES","695","13914","",""," ","Closed","0","0","Blackmore, Denis","Face-to-Face","9","https://www.bkstr.com/webapp/wcs/stores/servlet/booklookServlet?bookstore_id-1=584&term_id-1=2022 Spring&crn-1=13914",""
"202210","MATH790D","DOCT DISSERTATION & RES","711","13915","",""," ","Closed","0","0","Luke, Jonathan","Face-to-Face","9","https://www.bkstr.com/webapp/wcs/stores/servlet/booklookServlet?bookstore_id-1=584&term_id-1=2022 Spring&crn-1=13915",""
"202210","MATH790D","DOCT DISSERTATION & RES","719","13916","",""," ","Closed","0","0","Guo, Wenge","Face-to-Face","9","https://www.bkstr.com/webapp/wcs/stores/servlet/booklookServlet?bookstore_id-1=584&term_id-1=2022 Spring&crn-1=13916",""
"202210","MATH790D","DOCT DISSERTATION & RES","726","13917","",""," ","Closed","0","0","Dhar, Sunil","Face-to-Face","9","https://www.bkstr.com/webapp/wcs/stores/servlet/booklookServlet?bookstore_id-1=584&term_id-1=2022 Spring&crn-1=13917",""
"202210","MATH790D","DOCT DISSERTATION & RES","733","13918","",""," ","Closed","0","0","Booty, Michael","Face-to-Face","9","https://www.bkstr.com/webapp/wcs/stores/servlet/booklookServlet?bookstore_id-1=584&term_id-1=2022 Spring&crn-1=13918",""
"202210","MATH790D","DOCT DISSERTATION & RES","738","13919","",""," ","Closed","0","0","Siegel, Michael","Face-to-Face","9","https://www.bkstr.com/webapp/wcs/stores/servlet/booklookServlet?bookstore_id-1=584&term_id-1=2022 Spring&crn-1=13919",""
"202210","MATH790D","DOCT DISSERTATION & RES","772","13920","",""," ","Closed","0","0","Cummings, Linda","Face-to-Face","9","https://www.bkstr.com/webapp/wcs/stores/servlet/booklookServlet?bookstore_id-1=584&term_id-1=2022 Spring&crn-1=13920",""
"202210","MATH790D","DOCT DISSERTATION & RES","780","13921","",""," ","Closed","0","0","Wang, Antai","Face-to-Face","9","https://www.bkstr.com/webapp/wcs/stores/servlet/booklookServlet?bookstore_id-1=584&term_id-1=2022 Spring&crn-1=13921",""
"202210","MATH790E","DOCTORAL DISSERTATION","693","13922","",""," ","Closed","0","0","Afkhami, Shahriar","Face-to-Face","12","https://www.bkstr.com/webapp/wcs/stores/servlet/booklookServlet?bookstore_id-1=584&term_id-1=2022 Spring&crn-1=13922",""
"202210","MATH790E","DOCTORAL DISSERTATION","695","13923","",""," ","Closed","0","0","Blackmore, Denis","Face-to-Face","12","https://www.bkstr.com/webapp/wcs/stores/servlet/booklookServlet?bookstore_id-1=584&term_id-1=2022 Spring&crn-1=13923",""
"202210","MATH790E","DOCTORAL DISSERTATION","723","13924","",""," ","Closed","0","0","Turc, Catalin","Face-to-Face","12","https://www.bkstr.com/webapp/wcs/stores/servlet/booklookServlet?bookstore_id-1=584&term_id-1=2022 Spring&crn-1=13924",""
"202210","MATH790E","DOCTORAL DISSERTATION","733","13925","",""," ","Closed","0","0","Booty, Michael","Face-to-Face","12","https://www.bkstr.com/webapp/wcs/stores/servlet/booklookServlet?bookstore_id-1=584&term_id-1=2022 Spring&crn-1=13925",""
"202210","MATH790E","DOCTORAL DISSERTATION","734","13926","",""," ","Closed","0","0","Loh, Ji Meng","Face-to-Face","12","https://www.bkstr.com/webapp/wcs/stores/servlet/booklookServlet?bookstore_id-1=584&term_id-1=2022 Spring&crn-1=13926",""
"202210","MATH790E","DOCTORAL DISSERTATION","738","13927","",""," ","Closed","0","0","Siegel, Michael","Face-to-Face","12","https://www.bkstr.com/webapp/wcs/stores/servlet/booklookServlet?bookstore_id-1=584&term_id-1=2022 Spring&crn-1=13927",""
"202210","MATH790E","DOCTORAL DISSERTATION","766","13928","",""," ","Closed","0","0","","Face-to-Face","12","https://www.bkstr.com/webapp/wcs/stores/servlet/booklookServlet?bookstore_id-1=584&term_id-1=2022 Spring&crn-1=13928",""
"202210","MATH790E","DOCTORAL DISSERTATION","772","13929","",""," ","Closed","0","0","","Face-to-Face","12","https://www.bkstr.com/webapp/wcs/stores/servlet/booklookServlet?bookstore_id-1=584&term_id-1=2022 Spring&crn-1=13929",""
"202210","MATH791","GRADUATE SEMINAR","002","13930","F","11:30 AM - 12:50 PM","CULM LECT 2","Open","45","38","Afkhami, Shahriar","Face-to-Face","0","https://www.bkstr.com/webapp/wcs/stores/servlet/booklookServlet?bookstore_id-1=584&term_id-1=2022 Spring&crn-1=13930",""
"202210","MATH792B","PRE DOCTORAL RESEARCH","695","15715","",""," ","Closed","0","2","Blackmore, Denis","Face-to-Face","3","https://www.bkstr.com/webapp/wcs/stores/servlet/booklookServlet?bookstore_id-1=584&term_id-1=2022 Spring&crn-1=15715",""
"202210","MATH792B","PRE DOCTORAL RESEARCH","701","13931","",""," ","Closed","0","0","Diekman, Casey","Face-to-Face","3","https://www.bkstr.com/webapp/wcs/stores/servlet/booklookServlet?bookstore_id-1=584&term_id-1=2022 Spring&crn-1=13931",""
"202210","MATH792B","PRE DOCTORAL RESEARCH","702","15714","",""," ","Closed","0","1","Shirokoff, David","Face-to-Face","3","https://www.bkstr.com/webapp/wcs/stores/servlet/booklookServlet?bookstore_id-1=584&term_id-1=2022 Spring&crn-1=15714",""
"202210","MATH792B","PRE DOCTORAL RESEARCH","703","13932","",""," ","Closed","0","0","Young, Yuan-Nan","Face-to-Face","3","https://www.bkstr.com/webapp/wcs/stores/servlet/booklookServlet?bookstore_id-1=584&term_id-1=2022 Spring&crn-1=13932",""
"202210","MATH792B","PRE DOCTORAL RESEARCH","705","13933","",""," ","Closed","0","0","Jiang, Shidong","Face-to-Face","3","https://www.bkstr.com/webapp/wcs/stores/servlet/booklookServlet?bookstore_id-1=584&term_id-1=2022 Spring&crn-1=13933",""
"202210","MATH792B","PRE DOCTORAL RESEARCH","709","13934","",""," ","Closed","0","1","Hamfeldt, Brittany","Face-to-Face","3","https://www.bkstr.com/webapp/wcs/stores/servlet/booklookServlet?bookstore_id-1=584&term_id-1=2022 Spring&crn-1=13934",""
"202210","MATH792B","PRE DOCTORAL RESEARCH","716","13935","",""," ","Closed","0","1","Shang, Zuofeng","Face-to-Face","3","https://www.bkstr.com/webapp/wcs/stores/servlet/booklookServlet?bookstore_id-1=584&term_id-1=2022 Spring&crn-1=13935",""
"202210","MATH792B","PRE DOCTORAL RESEARCH","719","13936","",""," ","Closed","0","1","Guo, Wenge","Face-to-Face","3","https://www.bkstr.com/webapp/wcs/stores/servlet/booklookServlet?bookstore_id-1=584&term_id-1=2022 Spring&crn-1=13936",""
"202210","MATH792B","PRE DOCTORAL RESEARCH","722","15716","",""," ","Closed","0","1","MacLaurin, James","Face-to-Face","3","https://www.bkstr.com/webapp/wcs/stores/servlet/booklookServlet?bookstore_id-1=584&term_id-1=2022 Spring&crn-1=15716",""
"202210","MATH792B","PRE DOCTORAL RESEARCH","723","13937","",""," ","Closed","0","0","Turc, Catalin","Face-to-Face","3","https://www.bkstr.com/webapp/wcs/stores/servlet/booklookServlet?bookstore_id-1=584&term_id-1=2022 Spring&crn-1=13937",""
"202210","MATH792B","PRE DOCTORAL RESEARCH","733","15711","",""," ","Closed","0","0","Booty, Michael","Face-to-Face","3","https://www.bkstr.com/webapp/wcs/stores/servlet/booklookServlet?bookstore_id-1=584&term_id-1=2022 Spring&crn-1=15711",""
"202210","MATH792B","PRE DOCTORAL RESEARCH","734","13938","",""," ","Closed","0","0","Loh, Ji Meng","Face-to-Face","3","https://www.bkstr.com/webapp/wcs/stores/servlet/booklookServlet?bookstore_id-1=584&term_id-1=2022 Spring&crn-1=13938",""
"202210","MATH792B","PRE DOCTORAL RESEARCH","737","13939","",""," ","Closed","0","0","Michalopoulou, Zoi-Heleni","Face-to-Face","3","https://www.bkstr.com/webapp/wcs/stores/servlet/booklookServlet?bookstore_id-1=584&term_id-1=2022 Spring&crn-1=13939",""
"202210","MATH792B","PRE DOCTORAL RESEARCH","738","15717","",""," ","Closed","0","2","Siegel, Michael","Face-to-Face","3","https://www.bkstr.com/webapp/wcs/stores/servlet/booklookServlet?bookstore_id-1=584&term_id-1=2022 Spring&crn-1=15717",""
"202210","MATH792B","PRE DOCTORAL RESEARCH","741","15712","",""," ","Closed","0","1","Bose, Amitabha","Face-to-Face","3","https://www.bkstr.com/webapp/wcs/stores/servlet/booklookServlet?bookstore_id-1=584&term_id-1=2022 Spring&crn-1=15712",""
"202210","MATH792B","PRE DOCTORAL RESEARCH","748","13940","",""," ","Closed","0","0","Kondic, Lou","Face-to-Face","3","https://www.bkstr.com/webapp/wcs/stores/servlet/booklookServlet?bookstore_id-1=584&term_id-1=2022 Spring&crn-1=13940",""
"202210","MATH792B","PRE DOCTORAL RESEARCH","749","13941","",""," ","Closed","0","0","Lushi, Enkeleida","Face-to-Face","3","https://www.bkstr.com/webapp/wcs/stores/servlet/booklookServlet?bookstore_id-1=584&term_id-1=2022 Spring&crn-1=13941",""
"202210","MATH792B","PRE DOCTORAL RESEARCH","753","13942","",""," ","Closed","0","0","Askham, Travis","Face-to-Face","3","https://www.bkstr.com/webapp/wcs/stores/servlet/booklookServlet?bookstore_id-1=584&term_id-1=2022 Spring&crn-1=13942",""
"202210","MATH792B","PRE DOCTORAL RESEARCH","754","15713","",""," ","Closed","0","1","Muratov, Cyrill","Face-to-Face","3","https://www.bkstr.com/webapp/wcs/stores/servlet/booklookServlet?bookstore_id-1=584&term_id-1=2022 Spring&crn-1=15713",""
"202210","MATH792B","PRE DOCTORAL RESEARCH","757","13943","",""," ","Closed","0","0","Goodman, Roy","Face-to-Face","3","https://www.bkstr.com/webapp/wcs/stores/servlet/booklookServlet?bookstore_id-1=584&term_id-1=2022 Spring&crn-1=13943",""
"202210","MATH792B","PRE DOCTORAL RESEARCH","766","13944","",""," ","Closed","0","0","","Face-to-Face","3","https://www.bkstr.com/webapp/wcs/stores/servlet/booklookServlet?bookstore_id-1=584&term_id-1=2022 Spring&crn-1=13944",""
"202210","MATH792B","PRE DOCTORAL RESEARCH","771","13945","",""," ","Closed","0","0","","Face-to-Face","3","https://www.bkstr.com/webapp/wcs/stores/servlet/booklookServlet?bookstore_id-1=584&term_id-1=2022 Spring&crn-1=13945",""
"202210","MATH792B","PRE DOCTORAL RESEARCH","772","13946","",""," ","Closed","0","0","","Face-to-Face","3","https://www.bkstr.com/webapp/wcs/stores/servlet/booklookServlet?bookstore_id-1=584&term_id-1=2022 Spring&crn-1=13946",""
