"Term","Course","Title","Section","CRN","Days","Times","Location","Status","Max","Now","Instructor","Delivery Mode","Credits","Info","Comments"
"202210","ME215","ENGR MATERLS & PROCESSES","002","13947","T","10:00 AM - 11:55 AM","CKB 220","Closed","20","24","Suwattananont, Naruemon","Face-to-Face","3","https://www.bkstr.com/webapp/wcs/stores/servlet/booklookServlet?bookstore_id-1=584&term_id-1=2022 Spring&crn-1=13947","This course has common exams.<br />See https://www.njit.edu/registrar/exams/ for details."
"202210","ME215","ENGR MATERLS & PROCESSES","002","13947","W","12:15 PM - 2:10 PM","ME 232","Closed","20","24","Suwattananont, Naruemon","Face-to-Face","3","https://www.bkstr.com/webapp/wcs/stores/servlet/booklookServlet?bookstore_id-1=584&term_id-1=2022 Spring&crn-1=13947","This course has common exams.<br />See https://www.njit.edu/registrar/exams/ for details."
"202210","ME215","ENGR MATERLS & PROCESSES","004","13948","R","12:15 PM - 2:10 PM","ME 232","Closed","13","17","Samardzic, Veljko","Face-to-Face","3","https://www.bkstr.com/webapp/wcs/stores/servlet/booklookServlet?bookstore_id-1=584&term_id-1=2022 Spring&crn-1=13948","This course has common exams.<br />See https://www.njit.edu/registrar/exams/ for details."
"202210","ME215","ENGR MATERLS & PROCESSES","004","13948","T","12:15 PM - 2:10 PM","FMH 209","Closed","13","17","Samardzic, Veljko","Face-to-Face","3","https://www.bkstr.com/webapp/wcs/stores/servlet/booklookServlet?bookstore_id-1=584&term_id-1=2022 Spring&crn-1=13948","This course has common exams.<br />See https://www.njit.edu/registrar/exams/ for details."
"202210","ME215","ENGR MATERLS & PROCESSES","006","13949","F","9:15 AM - 11:10 AM","ME 232","Closed","13","14","Chester, Shawn","Face-to-Face","3","https://www.bkstr.com/webapp/wcs/stores/servlet/booklookServlet?bookstore_id-1=584&term_id-1=2022 Spring&crn-1=13949","This course has common exams.<br />See https://www.njit.edu/registrar/exams/ for details."
"202210","ME215","ENGR MATERLS & PROCESSES","006","13949","R","10:00 AM - 11:55 AM","CKB 220","Closed","13","14","Chester, Shawn","Face-to-Face","3","https://www.bkstr.com/webapp/wcs/stores/servlet/booklookServlet?bookstore_id-1=584&term_id-1=2022 Spring&crn-1=13949","This course has common exams.<br />See https://www.njit.edu/registrar/exams/ for details."
"202210","ME215","ENGR MATERLS & PROCESSES","008","13950","R","3:15 PM - 5:10 PM","ME 232","Closed","20","22","Samardzic, Veljko","Face-to-Face","3","https://www.bkstr.com/webapp/wcs/stores/servlet/booklookServlet?bookstore_id-1=584&term_id-1=2022 Spring&crn-1=13950","This course has common exams.<br />See https://www.njit.edu/registrar/exams/ for details."
"202210","ME215","ENGR MATERLS & PROCESSES","008","13950","T","3:15 PM - 5:10 PM","CKB 220","Closed","20","22","Samardzic, Veljko","Face-to-Face","3","https://www.bkstr.com/webapp/wcs/stores/servlet/booklookServlet?bookstore_id-1=584&term_id-1=2022 Spring&crn-1=13950","This course has common exams.<br />See https://www.njit.edu/registrar/exams/ for details."
"202210","ME215","ENGR MATERLS & PROCESSES","010","13951","M","10:00 AM - 11:55 AM"," ","Closed","0","0","","Face-to-Face","3","https://www.bkstr.com/webapp/wcs/stores/servlet/booklookServlet?bookstore_id-1=584&term_id-1=2022 Spring&crn-1=13951","Cancelled 1/20/22"
"202210","ME215","ENGR MATERLS & PROCESSES","010","13951","R","10:00 AM - 11:55 AM"," ","Closed","0","0","","Face-to-Face","3","https://www.bkstr.com/webapp/wcs/stores/servlet/booklookServlet?bookstore_id-1=584&term_id-1=2022 Spring&crn-1=13951","Cancelled 1/20/22"
"202210","ME215","ENGR MATERLS & PROCESSES","102","13952","T","6:00 PM - 7:55 PM","KUPF 105","Closed","20","22","Suwattananont, Naruemon","Face-to-Face","3","https://www.bkstr.com/webapp/wcs/stores/servlet/booklookServlet?bookstore_id-1=584&term_id-1=2022 Spring&crn-1=13952","This course has common exams.<br />See https://www.njit.edu/registrar/exams/ for details."
"202210","ME215","ENGR MATERLS & PROCESSES","102","13952","T","8:05 PM - 10:00 PM","ME 232","Closed","20","22","Suwattananont, Naruemon","Face-to-Face","3","https://www.bkstr.com/webapp/wcs/stores/servlet/booklookServlet?bookstore_id-1=584&term_id-1=2022 Spring&crn-1=13952","This course has common exams.<br />See https://www.njit.edu/registrar/exams/ for details."
"202210","ME215","ENGR MATERLS & PROCESSES","104","13953","R","6:00 PM - 7:55 PM","KUPF 207","Closed","20","23","Suwattananont, Naruemon","Face-to-Face","3","https://www.bkstr.com/webapp/wcs/stores/servlet/booklookServlet?bookstore_id-1=584&term_id-1=2022 Spring&crn-1=13953","This course has common exams.<br />See https://www.njit.edu/registrar/exams/ for details."
"202210","ME215","ENGR MATERLS & PROCESSES","104","13953","R","8:05 PM - 10:00 PM","ME 232","Closed","20","23","Suwattananont, Naruemon","Face-to-Face","3","https://www.bkstr.com/webapp/wcs/stores/servlet/booklookServlet?bookstore_id-1=584&term_id-1=2022 Spring&crn-1=13953","This course has common exams.<br />See https://www.njit.edu/registrar/exams/ for details."
"202210","ME215","ENGR MATERLS & PROCESSES - HONORS","HM2","13954","F","9:15 AM - 11:10 AM","ME 232","Open","7","1","Chester, Shawn","Face-to-Face","3","https://www.bkstr.com/webapp/wcs/stores/servlet/booklookServlet?bookstore_id-1=584&term_id-1=2022 Spring&crn-1=13954","Honors Course<br />This course has common exams.<br />See https://www.njit.edu/registrar/exams/ for details."
"202210","ME215","ENGR MATERLS & PROCESSES - HONORS","HM2","13954","R","10:00 AM - 11:55 AM","CKB 220","Open","7","1","Chester, Shawn","Face-to-Face","3","https://www.bkstr.com/webapp/wcs/stores/servlet/booklookServlet?bookstore_id-1=584&term_id-1=2022 Spring&crn-1=13954","Honors Course<br />This course has common exams.<br />See https://www.njit.edu/registrar/exams/ for details."
"202210","ME215","ENGR MATERLS & PROCESSES - HONORS","HM4","13955","R","12:15 PM - 2:10 PM","ME 232","Open","7","1","Samardzic, Veljko","Face-to-Face","3","https://www.bkstr.com/webapp/wcs/stores/servlet/booklookServlet?bookstore_id-1=584&term_id-1=2022 Spring&crn-1=13955","Honors Course<br />This course has common exams.<br />See https://www.njit.edu/registrar/exams/ for details."
"202210","ME215","ENGR MATERLS & PROCESSES - HONORS","HM4","13955","T","12:15 PM - 2:10 PM","FMH 209","Open","7","1","Samardzic, Veljko","Face-to-Face","3","https://www.bkstr.com/webapp/wcs/stores/servlet/booklookServlet?bookstore_id-1=584&term_id-1=2022 Spring&crn-1=13955","Honors Course<br />This course has common exams.<br />See https://www.njit.edu/registrar/exams/ for details."
"202210","ME231","KINEMATICS OF MACHINERY","002","13956","TR","4:00 PM - 5:20 PM","KUPF 205","Open","43","40","Ji, Zhiming","Face-to-Face","3","https://www.bkstr.com/webapp/wcs/stores/servlet/booklookServlet?bookstore_id-1=584&term_id-1=2022 Spring&crn-1=13956",""
"202210","ME231","KINEMATICS OF MACHINERY","004","13957","TR","1:00 PM - 2:20 PM","TIER 105","Open","39","38","Glick, Anthony","Face-to-Face","3","https://www.bkstr.com/webapp/wcs/stores/servlet/booklookServlet?bookstore_id-1=584&term_id-1=2022 Spring&crn-1=13957",""
"202210","ME231","KINEMATICS OF MACHINERY","102","13958","M","6:00 PM - 8:50 PM","KUPF 211","Open","43","15","Fischer, Ian","Face-to-Face","3","https://www.bkstr.com/webapp/wcs/stores/servlet/booklookServlet?bookstore_id-1=584&term_id-1=2022 Spring&crn-1=13958",""
"202210","ME231","KINEMATICS OF MACHINERY","104","13959","W","6:00 PM - 8:50 PM"," ","Cancelled","43","0","","Face-to-Face","3","https://www.bkstr.com/webapp/wcs/stores/servlet/booklookServlet?bookstore_id-1=584&term_id-1=2022 Spring&crn-1=13959","Cancelled 01/10/22"
"202210","ME304","FLUID MECHANICS","002","13960","MR","1:00 PM - 2:20 PM","ME 221","Open","43","42","Rao, I.","Face-to-Face","3","https://www.bkstr.com/webapp/wcs/stores/servlet/booklookServlet?bookstore_id-1=584&term_id-1=2022 Spring&crn-1=13960",""
"202210","ME304","FLUID MECHANICS","004","13961","TR","4:00 PM - 5:20 PM","CULM LECT 1","Closed","43","43","Alisafaei, Farid","Face-to-Face","3","https://www.bkstr.com/webapp/wcs/stores/servlet/booklookServlet?bookstore_id-1=584&term_id-1=2022 Spring&crn-1=13961",""
"202210","ME304","FLUID MECHANICS","006","13962","TR","8:30 AM - 9:50 AM"," ","Cancelled","43","0","","Face-to-Face","3","https://www.bkstr.com/webapp/wcs/stores/servlet/booklookServlet?bookstore_id-1=584&term_id-1=2022 Spring&crn-1=13962","Cancelled 01/10/22"
"202210","ME304","FLUID MECHANICS","102","13963","M","6:00 PM - 8:50 PM","TIER 105","Open","39","33","Farokhirad, Samaneh","Face-to-Face","3","https://www.bkstr.com/webapp/wcs/stores/servlet/booklookServlet?bookstore_id-1=584&term_id-1=2022 Spring&crn-1=13963",""
"202210","ME305","INTRO TO SYSTEM DYNAMICS","002","13964","TR","1:00 PM - 2:20 PM","KUPF 204","Open","43","13","Fischer, Ian","Face-to-Face","3","https://www.bkstr.com/webapp/wcs/stores/servlet/booklookServlet?bookstore_id-1=584&term_id-1=2022 Spring&crn-1=13964",""
"202210","ME305","INTRO TO SYSTEM DYNAMICS","102","13965","R","6:00 PM - 8:50 PM","KUPF 210","Closed","43","43","Lu, Lu","Face-to-Face","3","https://www.bkstr.com/webapp/wcs/stores/servlet/booklookServlet?bookstore_id-1=584&term_id-1=2022 Spring&crn-1=13965",""
"202210","ME305","INTRO TO SYSTEM DYNAMICS","104","13966","M","6:00 PM - 8:50 PM","CKB 204","Open","43","25","Costa, Luis","Face-to-Face","3","https://www.bkstr.com/webapp/wcs/stores/servlet/booklookServlet?bookstore_id-1=584&term_id-1=2022 Spring&crn-1=13966",""
"202210","ME305","INTRO TO SYSTEM DYNAMICS","106","13967","W","6:00 PM - 8:50 PM","CULM LECT 1","Open","43","25","Costa, Luis","Face-to-Face","3","https://www.bkstr.com/webapp/wcs/stores/servlet/booklookServlet?bookstore_id-1=584&term_id-1=2022 Spring&crn-1=13967",""
"202210","ME311","THERMODYNAMICS I","002","13968","WF","10:00 AM - 11:20 AM","KUPF 211","Closed","43","43","Datta, Dibakar","Face-to-Face","3","https://www.bkstr.com/webapp/wcs/stores/servlet/booklookServlet?bookstore_id-1=584&term_id-1=2022 Spring&crn-1=13968",""
"202210","ME311","THERMODYNAMICS I","102","13969","R","6:00 PM - 8:50 PM","KUPF 209","Open","43","19","Enayati, Hooman","Face-to-Face","3","https://www.bkstr.com/webapp/wcs/stores/servlet/booklookServlet?bookstore_id-1=584&term_id-1=2022 Spring&crn-1=13969",""
"202210","ME311","THERMODYNAMICS I","104","13970","W","6:00 PM - 8:50 PM","KUPF 117","Open","43","32","Song, Yufeng","Face-to-Face","3","https://www.bkstr.com/webapp/wcs/stores/servlet/booklookServlet?bookstore_id-1=584&term_id-1=2022 Spring&crn-1=13970",""
"202210","ME312","THERMODYNAMICS II","002","13971","TR","11:30 AM - 12:50 PM","KUPF 106","Open","43","36","Kountouras, Harry","Face-to-Face","3","https://www.bkstr.com/webapp/wcs/stores/servlet/booklookServlet?bookstore_id-1=584&term_id-1=2022 Spring&crn-1=13971",""
"202210","ME312","THERMODYNAMICS II","102","13972","T","6:00 PM - 8:50 PM"," ","Closed","0","0","","Face-to-Face","3","https://www.bkstr.com/webapp/wcs/stores/servlet/booklookServlet?bookstore_id-1=584&term_id-1=2022 Spring&crn-1=13972","Cancelled 1/20/22"
"202210","ME312","THERMODYNAMICS II","104","13973","W","6:00 PM - 8:50 PM","KUPF 211","Open","43","38","Johnson, Rodney","Face-to-Face","3","https://www.bkstr.com/webapp/wcs/stores/servlet/booklookServlet?bookstore_id-1=584&term_id-1=2022 Spring&crn-1=13973",""
"202210","ME312","THERMODYNAMICS II","106","13974","T","6:00 PM - 8:50 PM","KUPF 104","Open","43","41","Johnson, Rodney","Face-to-Face","3","https://www.bkstr.com/webapp/wcs/stores/servlet/booklookServlet?bookstore_id-1=584&term_id-1=2022 Spring&crn-1=13974",""
"202210","ME315","STRESS ANALYSIS","002","13975","MR","4:00 PM - 5:20 PM","ME 221","Open","43","18","Narh, Kwabena","Face-to-Face","3","https://www.bkstr.com/webapp/wcs/stores/servlet/booklookServlet?bookstore_id-1=584&term_id-1=2022 Spring&crn-1=13975",""
"202210","ME315","STRESS ANALYSIS","004","13976","TR","4:00 PM - 5:20 PM","KUPF 207","Open","43","39","Glick, Anthony","Face-to-Face","3","https://www.bkstr.com/webapp/wcs/stores/servlet/booklookServlet?bookstore_id-1=584&term_id-1=2022 Spring&crn-1=13976",""
"202210","ME315","STRESS ANALYSIS","102","13977","T","6:00 PM - 8:50 PM","KUPF 117","Open","43","17","Zhang, Zhou","Face-to-Face","3","https://www.bkstr.com/webapp/wcs/stores/servlet/booklookServlet?bookstore_id-1=584&term_id-1=2022 Spring&crn-1=13977",""
"202210","ME316","MACHINE DESIGN","002","13978","TR","1:00 PM - 2:20 PM","KUPF 118","Open","43","15","Kountouras, Harry","Face-to-Face","3","https://www.bkstr.com/webapp/wcs/stores/servlet/booklookServlet?bookstore_id-1=584&term_id-1=2022 Spring&crn-1=13978",""
"202210","ME316","MACHINE DESIGN","102","13979","T","6:00 PM - 8:50 PM","TIER 105","Closed","39","39","Pala, Trivikrama","Face-to-Face","3","https://www.bkstr.com/webapp/wcs/stores/servlet/booklookServlet?bookstore_id-1=584&term_id-1=2022 Spring&crn-1=13979",""
"202210","ME316","MACHINE DESIGN","104","13980","R","6:00 PM - 8:50 PM"," ","Cancelled","43","0","","Face-to-Face","3","https://www.bkstr.com/webapp/wcs/stores/servlet/booklookServlet?bookstore_id-1=584&term_id-1=2022 Spring&crn-1=13980","Cancelled 01/10/22"
"202210","ME316","MACHINE DESIGN","106","13981","M","6:00 PM - 8:50 PM","TIER LECT 2","Open","43","42","Parasnis, Narasinha","Face-to-Face","3","https://www.bkstr.com/webapp/wcs/stores/servlet/booklookServlet?bookstore_id-1=584&term_id-1=2022 Spring&crn-1=13981",""
"202210","ME343","MECHANICAL LABORATORY I","002","13982","M","2:30 PM - 4:25 PM","ME 214","Closed","20","24","Mani, Balraj","Face-to-Face","3","https://www.bkstr.com/webapp/wcs/stores/servlet/booklookServlet?bookstore_id-1=584&term_id-1=2022 Spring&crn-1=13982",""
"202210","ME343","MECHANICAL LABORATORY I","002","13982","R","1:00 PM - 2:55 PM","ME 214","Closed","20","24","Mani, Balraj","Face-to-Face","3","https://www.bkstr.com/webapp/wcs/stores/servlet/booklookServlet?bookstore_id-1=584&term_id-1=2022 Spring&crn-1=13982",""
"202210","ME343","MECHANICAL LABORATORY I","004","13983","W","8:30 AM - 12:50 PM","ME 214","Closed","20","20","Samardzic, Veljko","Face-to-Face","3","https://www.bkstr.com/webapp/wcs/stores/servlet/booklookServlet?bookstore_id-1=584&term_id-1=2022 Spring&crn-1=13983",""
"202210","ME343","MECHANICAL LABORATORY I","006","13984","M","8:30 AM - 12:50 PM","ME 214","Closed","20","21","Mani, Balraj","Face-to-Face","3","https://www.bkstr.com/webapp/wcs/stores/servlet/booklookServlet?bookstore_id-1=584&term_id-1=2022 Spring&crn-1=13984",""
"202210","ME343","MECHANICAL LABORATORY I","102","13985","F","6:00 PM - 10:05 PM","ME 214","Closed","20","20","Singh, Pushpendra","Face-to-Face","3","https://www.bkstr.com/webapp/wcs/stores/servlet/booklookServlet?bookstore_id-1=584&term_id-1=2022 Spring&crn-1=13985",""
"202210","ME343","MECHANICAL LABORATORY I","104","13986","W","6:00 PM - 10:05 PM","ME 214","Closed","20","20","Pala, Trivikrama","Face-to-Face","3","https://www.bkstr.com/webapp/wcs/stores/servlet/booklookServlet?bookstore_id-1=584&term_id-1=2022 Spring&crn-1=13986",""
"202210","ME343","MECHANICAL LABORATORY I","106","13987","R","6:00 PM - 10:05 PM","ME 214","Closed","20","21","Pala, Trivikrama","Face-to-Face","3","https://www.bkstr.com/webapp/wcs/stores/servlet/booklookServlet?bookstore_id-1=584&term_id-1=2022 Spring&crn-1=13987",""
"202210","ME403","MECHANICAL SYSTEMS DESIGN I","002","13988","R","2:30 PM - 3:50 PM","GITC 2302","Open","35","28","Kountouras, Harry","Face-to-Face","3","https://www.bkstr.com/webapp/wcs/stores/servlet/booklookServlet?bookstore_id-1=584&term_id-1=2022 Spring&crn-1=13988",""
"202210","ME403","MECHANICAL SYSTEMS DESIGN I","002","13988","T","2:30 PM - 3:50 PM","CKB 313","Open","35","28","Kountouras, Harry","Face-to-Face","3","https://www.bkstr.com/webapp/wcs/stores/servlet/booklookServlet?bookstore_id-1=584&term_id-1=2022 Spring&crn-1=13988",""
"202210","ME403","MECHANICAL SYSTEMS DESIGN I","004","13989","R","10:00 AM - 11:20 AM","GITC 2302","Closed","35","35","Glick, Anthony","Face-to-Face","3","https://www.bkstr.com/webapp/wcs/stores/servlet/booklookServlet?bookstore_id-1=584&term_id-1=2022 Spring&crn-1=13989",""
"202210","ME403","MECHANICAL SYSTEMS DESIGN I","004","13989","T","10:00 AM - 11:20 AM","ME 221","Closed","35","35","Glick, Anthony","Face-to-Face","3","https://www.bkstr.com/webapp/wcs/stores/servlet/booklookServlet?bookstore_id-1=584&term_id-1=2022 Spring&crn-1=13989",""
"202210","ME403","MECHANICAL SYSTEMS DESIGN I","102","13990","T","6:00 PM - 7:20 PM","GITC 2302","Open","35","17","Kountouras, Harry","Face-to-Face","3","https://www.bkstr.com/webapp/wcs/stores/servlet/booklookServlet?bookstore_id-1=584&term_id-1=2022 Spring&crn-1=13990",""
"202210","ME403","MECHANICAL SYSTEMS DESIGN I","102","13990","T","7:30 PM - 8:50 PM","GITC 2302","Open","35","17","Kountouras, Harry","Face-to-Face","3","https://www.bkstr.com/webapp/wcs/stores/servlet/booklookServlet?bookstore_id-1=584&term_id-1=2022 Spring&crn-1=13990",""
"202210","ME405","MECHANICAL LABORATORY II","002","13991","W","8:30 AM - 11:20 AM","ME 110","Closed","18","20","Rahman, Sahidur","Face-to-Face","2","https://www.bkstr.com/webapp/wcs/stores/servlet/booklookServlet?bookstore_id-1=584&term_id-1=2022 Spring&crn-1=13991",""
"202210","ME405","MECHANICAL LABORATORY II","004","13992","M","11:30 AM - 2:20 PM","ME 110","Closed","18","20","Moon, Swapnil","Face-to-Face","2","https://www.bkstr.com/webapp/wcs/stores/servlet/booklookServlet?bookstore_id-1=584&term_id-1=2022 Spring&crn-1=13992",""
"202210","ME405","MECHANICAL LABORATORY II","006","13993","F","8:30 AM - 11:20 AM","ME 110","Closed","18","20","Rahman, Sahidur","Face-to-Face","2","https://www.bkstr.com/webapp/wcs/stores/servlet/booklookServlet?bookstore_id-1=584&term_id-1=2022 Spring&crn-1=13993",""
"202210","ME405","MECHANICAL LABORATORY II","102","13994","W","6:00 PM - 8:50 PM","ME 110","Closed","18","21","Rahman, Sahidur","Face-to-Face","2","https://www.bkstr.com/webapp/wcs/stores/servlet/booklookServlet?bookstore_id-1=584&term_id-1=2022 Spring&crn-1=13994",""
"202210","ME405","MECHANICAL LABORATORY II","104","13995","M","6:00 PM - 8:50 PM","ME 110","Closed","18","21","Moon, Swapnil","Face-to-Face","2","https://www.bkstr.com/webapp/wcs/stores/servlet/booklookServlet?bookstore_id-1=584&term_id-1=2022 Spring&crn-1=13995",""
"202210","ME406","MECHANICAL LABORATORY III","002","13996","T","2:30 PM - 5:20 PM","ME 110","Closed","18","21","Mani, Balraj","Face-to-Face","2","https://www.bkstr.com/webapp/wcs/stores/servlet/booklookServlet?bookstore_id-1=584&term_id-1=2022 Spring&crn-1=13996",""
"202210","ME406","MECHANICAL LABORATORY III","004","13997","M","2:30 PM - 5:20 PM","ME 110","Closed","18","21","Samardzic, Veljko","Face-to-Face","2","https://www.bkstr.com/webapp/wcs/stores/servlet/booklookServlet?bookstore_id-1=584&term_id-1=2022 Spring&crn-1=13997",""
"202210","ME406","MECHANICAL LABORATORY III","006","13998","F","1:00 PM - 3:50 PM","ME 110","Closed","18","21","Mani, Balraj","Face-to-Face","2","https://www.bkstr.com/webapp/wcs/stores/servlet/booklookServlet?bookstore_id-1=584&term_id-1=2022 Spring&crn-1=13998",""
"202210","ME406","MECHANICAL LABORATORY III","008","13999","M","8:30 AM - 11:20 AM","ME 110","Closed","18","18","Samardzic, Veljko","Face-to-Face","2","https://www.bkstr.com/webapp/wcs/stores/servlet/booklookServlet?bookstore_id-1=584&term_id-1=2022 Spring&crn-1=13999",""
"202210","ME406","MECHANICAL LABORATORY III","010","15763","T","8:30 AM - 11:20 AM","ME 110","Closed","18","21","Mani, Balraj","Face-to-Face","2","https://www.bkstr.com/webapp/wcs/stores/servlet/booklookServlet?bookstore_id-1=584&term_id-1=2022 Spring&crn-1=15763",""
"202210","ME406","MECHANICAL LABORATORY III","102","14000","R","6:00 PM - 8:50 PM","ME 110","Closed","18","20","Lee, Eon Soo","Face-to-Face","2","https://www.bkstr.com/webapp/wcs/stores/servlet/booklookServlet?bookstore_id-1=584&term_id-1=2022 Spring&crn-1=14000",""
"202210","ME406","MECHANICAL LABORATORY III","104","14001","T","6:00 PM - 8:50 PM"," ","Closed","0","0","","Face-to-Face","2","https://www.bkstr.com/webapp/wcs/stores/servlet/booklookServlet?bookstore_id-1=584&term_id-1=2022 Spring&crn-1=14001","Cancelled 1/20/22"
"202210","ME407","HEAT TRANSFER","002","14002","TR","4:00 PM - 5:20 PM","KUPF 103","Open","33","24","Marras, Simone","Face-to-Face","3","https://www.bkstr.com/webapp/wcs/stores/servlet/booklookServlet?bookstore_id-1=584&term_id-1=2022 Spring&crn-1=14002",""
"202210","ME407","HEAT TRANSFER","102","14003","M","6:00 PM - 8:50 PM","KUPF 210","Open","43","27","Lee, Eon Soo","Face-to-Face","3","https://www.bkstr.com/webapp/wcs/stores/servlet/booklookServlet?bookstore_id-1=584&term_id-1=2022 Spring&crn-1=14003",""
"202210","ME407","HEAT TRANSFER","104","14004","R","6:00 PM - 8:50 PM","CULM LECT 1","Closed","43","43","Parasnis, Narasinha","Face-to-Face","3","https://www.bkstr.com/webapp/wcs/stores/servlet/booklookServlet?bookstore_id-1=584&term_id-1=2022 Spring&crn-1=14004",""
"202210","ME407","HEAT TRANSFER - HONORS","HM2","14005","TR","4:00 PM - 5:20 PM","KUPF 103","Open","10","7","Marras, Simone","Face-to-Face","3","https://www.bkstr.com/webapp/wcs/stores/servlet/booklookServlet?bookstore_id-1=584&term_id-1=2022 Spring&crn-1=14005","Honors Course"
"202210","ME408","MECHANICAL SYSTEMS DESIGN II","002","14006","MR","1:00 PM - 2:20 PM","KUPF 211","Open","26","22","Russell, Kevin","Face-to-Face","2","https://www.bkstr.com/webapp/wcs/stores/servlet/booklookServlet?bookstore_id-1=584&term_id-1=2022 Spring&crn-1=14006",""
"202210","ME408","MECHANICAL SYSTEMS DESIGN II","004","14007","M","11:30 AM - 12:50 PM"," ","Closed","0","0","","Face-to-Face","2","https://www.bkstr.com/webapp/wcs/stores/servlet/booklookServlet?bookstore_id-1=584&term_id-1=2022 Spring&crn-1=14007","Cancelled 1/20/22"
"202210","ME408","MECHANICAL SYSTEMS DESIGN II","004","14007","R","2:30 PM - 3:50 PM"," ","Closed","0","0","","Face-to-Face","2","https://www.bkstr.com/webapp/wcs/stores/servlet/booklookServlet?bookstore_id-1=584&term_id-1=2022 Spring&crn-1=14007","Cancelled 1/20/22"
"202210","ME408","MECHANICAL SYSTEMS DESIGN II","102","14008","T","6:00 PM - 8:50 PM","KUPF 211","Closed","43","43","Russell, Kevin","Face-to-Face","2","https://www.bkstr.com/webapp/wcs/stores/servlet/booklookServlet?bookstore_id-1=584&term_id-1=2022 Spring&crn-1=14008",""
"202210","ME408","MECHANICAL SYSTEMS DESIGN II","104","14009","R","6:00 PM - 8:50 PM","GITC 1400","Closed","43","45","Kountouras, Harry","Face-to-Face","2","https://www.bkstr.com/webapp/wcs/stores/servlet/booklookServlet?bookstore_id-1=584&term_id-1=2022 Spring&crn-1=14009",""
"202210","ME408","MECHANICAL SYSTEMS DESIGN II - HONORS","HM2","14010","MR","1:00 PM - 2:20 PM","KUPF 211","Closed","10","17","Russell, Kevin","Face-to-Face","2","https://www.bkstr.com/webapp/wcs/stores/servlet/booklookServlet?bookstore_id-1=584&term_id-1=2022 Spring&crn-1=14010","Honors Course"
"202210","ME430","INTRO COMPUTER AIDED DES","002","14011","TF","1:00 PM - 3:05 PM","ME 219","Open","20","19","Sodhi, Jaskirat","Face-to-Face","3","https://www.bkstr.com/webapp/wcs/stores/servlet/booklookServlet?bookstore_id-1=584&term_id-1=2022 Spring&crn-1=14011",""
"202210","ME430","INTRO COMPUTER AIDED DES","004","14012","TR","9:15 AM - 11:20 AM","ME 219","Closed","20","20","Moon, Swapnil","Face-to-Face","3","https://www.bkstr.com/webapp/wcs/stores/servlet/booklookServlet?bookstore_id-1=584&term_id-1=2022 Spring&crn-1=14012",""
"202210","ME430","INTRO COMPUTER AIDED DES","006","14013","TR","11:30 AM - 1:25 PM","GITC 2305","Closed","35","35","Moon, Swapnil","Face-to-Face","3","https://www.bkstr.com/webapp/wcs/stores/servlet/booklookServlet?bookstore_id-1=584&term_id-1=2022 Spring&crn-1=14013",""
"202210","ME430","INTRO COMPUTER AIDED DES","008","14014","MR","1:00 PM - 2:55 PM","ME 219","Open","20","16","Manna, Yazan","Face-to-Face","3","https://www.bkstr.com/webapp/wcs/stores/servlet/booklookServlet?bookstore_id-1=584&term_id-1=2022 Spring&crn-1=14014",""
"202210","ME430","INTRO COMPUTER AIDED DES","102","14015","M","6:00 PM - 10:05 PM","ME 219","Closed","20","26","Manna, Yazan","Face-to-Face","3","https://www.bkstr.com/webapp/wcs/stores/servlet/booklookServlet?bookstore_id-1=584&term_id-1=2022 Spring&crn-1=14015",""
"202210","ME432","AIR CONDITION & REFRIGERATION","002","14016","WF","1:00 PM - 2:20 PM","KUPF 117","Open","43","12","Zhu, Chao","Face-to-Face","3","https://www.bkstr.com/webapp/wcs/stores/servlet/booklookServlet?bookstore_id-1=584&term_id-1=2022 Spring&crn-1=14016",""
"202210","ME438","INTRO PHYSICAL METALLURGY","102","14017","R","6:00 PM - 8:50 PM","KUPF 104","Open","33","17","Samardzic, Veljko","Face-to-Face","3","https://www.bkstr.com/webapp/wcs/stores/servlet/booklookServlet?bookstore_id-1=584&term_id-1=2022 Spring&crn-1=14017",""
"202210","ME438","INTRO PHYSICAL METALLURGY - HONORS","HM2","14018","R","6:00 PM - 8:50 PM","KUPF 104","Open","10","2","Samardzic, Veljko","Face-to-Face","3","https://www.bkstr.com/webapp/wcs/stores/servlet/booklookServlet?bookstore_id-1=584&term_id-1=2022 Spring&crn-1=14018","Honors Course"
"202210","ME441","COMP SIM & ANALY MECH ENGR","002","14019","TR","4:00 PM - 5:20 PM","ME 219","Closed","20","27","Manna, Yazan","Face-to-Face","3","https://www.bkstr.com/webapp/wcs/stores/servlet/booklookServlet?bookstore_id-1=584&term_id-1=2022 Spring&crn-1=14019",""
"202210","ME441","COMP SIM & ANALY MECH ENGR","004","14020","TR","11:30 AM - 12:50 PM","ME 219","Closed","20","27","Manna, Yazan","Face-to-Face","3","https://www.bkstr.com/webapp/wcs/stores/servlet/booklookServlet?bookstore_id-1=584&term_id-1=2022 Spring&crn-1=14020",""
"202210","ME441","COMP SIM & ANALY MECH ENGR","102","14021","F","6:00 PM - 8:50 PM","ME 219","Closed","20","27","Manna, Yazan","Face-to-Face","3","https://www.bkstr.com/webapp/wcs/stores/servlet/booklookServlet?bookstore_id-1=584&term_id-1=2022 Spring&crn-1=14021",""
"202210","ME451","INTRODUCTION TO AERODYNAMICS","002","14022","F","2:30 PM - 3:50 PM","ME 221","Open","43","38","Singh, Pushpendra","Face-to-Face","3","https://www.bkstr.com/webapp/wcs/stores/servlet/booklookServlet?bookstore_id-1=584&term_id-1=2022 Spring&crn-1=14022",""
"202210","ME451","INTRODUCTION TO AERODYNAMICS","002","14022","W","11:30 AM - 12:50 PM","ME 221","Open","43","38","Singh, Pushpendra","Face-to-Face","3","https://www.bkstr.com/webapp/wcs/stores/servlet/booklookServlet?bookstore_id-1=584&term_id-1=2022 Spring&crn-1=14022",""
"202210","ME490","MECH ENGR PROJECT A","403","15983","",""," ","Closed","0","1","Tricamo, Stephen","Face-to-Face","3","https://www.bkstr.com/webapp/wcs/stores/servlet/booklookServlet?bookstore_id-1=584&term_id-1=2022 Spring&crn-1=15983",""
"202210","ME490","MECH ENGR PROJECT A","443","15570","",""," ","Closed","0","3","Balogh, Peter","Face-to-Face","3","https://www.bkstr.com/webapp/wcs/stores/servlet/booklookServlet?bookstore_id-1=584&term_id-1=2022 Spring&crn-1=15570",""
"202210","ME490","MECH ENGR PROJECT A","444","14023","",""," ","Closed","0","0","Lee, Eon Soo","Face-to-Face","3","https://www.bkstr.com/webapp/wcs/stores/servlet/booklookServlet?bookstore_id-1=584&term_id-1=2022 Spring&crn-1=14023",""
"202210","ME490","MECH ENGR PROJECT A","447","14024","",""," ","Closed","0","0","Farokhirad, Samaneh","Face-to-Face","3","https://www.bkstr.com/webapp/wcs/stores/servlet/booklookServlet?bookstore_id-1=584&term_id-1=2022 Spring&crn-1=14024",""
"202210","ME490","MECH ENGR PROJECT A","448","14025","",""," ","Closed","0","0","Datta, Dibakar","Face-to-Face","3","https://www.bkstr.com/webapp/wcs/stores/servlet/booklookServlet?bookstore_id-1=584&term_id-1=2022 Spring&crn-1=14025",""
"202210","ME490","MECH ENGR PROJECT A","449","14026","",""," ","Closed","0","0","Fischer, Ian","Face-to-Face","3","https://www.bkstr.com/webapp/wcs/stores/servlet/booklookServlet?bookstore_id-1=584&term_id-1=2022 Spring&crn-1=14026",""
"202210","ME490","MECH ENGR PROJECT A","450","14027","",""," ","Closed","0","0","Ahmadpoor, Fatemeh","Face-to-Face","3","https://www.bkstr.com/webapp/wcs/stores/servlet/booklookServlet?bookstore_id-1=584&term_id-1=2022 Spring&crn-1=14027",""
"202210","ME490","MECH ENGR PROJECT A","452","14028","",""," ","Closed","0","0","Marras, Simone","Face-to-Face","3","https://www.bkstr.com/webapp/wcs/stores/servlet/booklookServlet?bookstore_id-1=584&term_id-1=2022 Spring&crn-1=14028",""
"202210","ME490","MECH ENGR PROJECT A","457","14029","",""," ","Closed","0","0","Ji, Zhiming","Face-to-Face","3","https://www.bkstr.com/webapp/wcs/stores/servlet/booklookServlet?bookstore_id-1=584&term_id-1=2022 Spring&crn-1=14029",""
"202210","ME490","MECH ENGR PROJECT A","468","14030","",""," ","Closed","0","0","Rosato, Anthony","Face-to-Face","3","https://www.bkstr.com/webapp/wcs/stores/servlet/booklookServlet?bookstore_id-1=584&term_id-1=2022 Spring&crn-1=14030",""
"202210","ME490","MECH ENGR PROJECT A","470","14031","",""," ","Closed","0","0","Sodhi, Rajpal","Face-to-Face","3","https://www.bkstr.com/webapp/wcs/stores/servlet/booklookServlet?bookstore_id-1=584&term_id-1=2022 Spring&crn-1=14031",""
"202210","ME490","MECH ENGR PROJECT A","477","14032","",""," ","Closed","0","0","Chester, Shawn","Face-to-Face","3","https://www.bkstr.com/webapp/wcs/stores/servlet/booklookServlet?bookstore_id-1=584&term_id-1=2022 Spring&crn-1=14032",""
"202210","ME490","MECH ENGR PROJECT A","478","14033","",""," ","Closed","0","0","Narh, Kwabena","Face-to-Face","3","https://www.bkstr.com/webapp/wcs/stores/servlet/booklookServlet?bookstore_id-1=584&term_id-1=2022 Spring&crn-1=14033",""
"202210","ME490","MECH ENGR PROJECT A","482","14034","",""," ","Closed","0","0","Singh, Pushpendra","Face-to-Face","3","https://www.bkstr.com/webapp/wcs/stores/servlet/booklookServlet?bookstore_id-1=584&term_id-1=2022 Spring&crn-1=14034",""
"202210","ME490","MECH ENGR PROJECT A","483","14035","",""," ","Closed","0","0","Lu, Lu","Face-to-Face","3","https://www.bkstr.com/webapp/wcs/stores/servlet/booklookServlet?bookstore_id-1=584&term_id-1=2022 Spring&crn-1=14035",""
"202210","ME490","MECH ENGR PROJECT A","484","14036","",""," ","Closed","0","0","Zhu, Chao","Face-to-Face","3","https://www.bkstr.com/webapp/wcs/stores/servlet/booklookServlet?bookstore_id-1=584&term_id-1=2022 Spring&crn-1=14036",""
"202210","ME490","MECH ENGR PROJECT A","489","14037","",""," ","Closed","0","0","Rao, I.","Face-to-Face","3","https://www.bkstr.com/webapp/wcs/stores/servlet/booklookServlet?bookstore_id-1=584&term_id-1=2022 Spring&crn-1=14037",""
"202210","ME590","GRAD CO-OP WORK EXPERIENCE I","400","14038","",""," ","Closed","0","1","Abdou, George","","1","https://www.bkstr.com/webapp/wcs/stores/servlet/booklookServlet?bookstore_id-1=584&term_id-1=2022 Spring&crn-1=14038",""
"202210","ME591","GRAD CO-OP WORK EXPERIENCE II","400","14039","",""," ","Closed","0","0","Abdou, George","","1","https://www.bkstr.com/webapp/wcs/stores/servlet/booklookServlet?bookstore_id-1=584&term_id-1=2022 Spring&crn-1=14039",""
"202210","ME592","GRAD CO-OP WORK EXPERIENCE III","400","14040","",""," ","Closed","0","0","Abdou, George","","1","https://www.bkstr.com/webapp/wcs/stores/servlet/booklookServlet?bookstore_id-1=584&term_id-1=2022 Spring&crn-1=14040",""
"202210","ME593","GRADUATE CO-OP WORK EXP IV","400","14041","",""," ","Closed","0","0","Abdou, George","","0","https://www.bkstr.com/webapp/wcs/stores/servlet/booklookServlet?bookstore_id-1=584&term_id-1=2022 Spring&crn-1=14041",""
"202210","ME610","APPLIED HEAT TRANSFER","102","14042","M","6:00 PM - 8:50 PM","CKB 212","Open","30","18","Zhu, Chao","Face-to-Face","3","https://www.bkstr.com/webapp/wcs/stores/servlet/booklookServlet?bookstore_id-1=584&term_id-1=2022 Spring&crn-1=14042",""
"202210","ME616","MATRIX TENSOR METH IN ME","102","14043","T","6:00 PM - 8:50 PM","CKB 207","Open","30","29","Ahmadpoor, Fatemeh","Face-to-Face","3","https://www.bkstr.com/webapp/wcs/stores/servlet/booklookServlet?bookstore_id-1=584&term_id-1=2022 Spring&crn-1=14043",""
"202210","ME618","ST: FLEXIBLE ELECTRONICS FOR BIOMEDICAL SYSTEMS","102","14044","M","6:00 PM - 8:50 PM","CKB 114","Open","30","26","Dong, Lin","Face-to-Face","3","https://www.bkstr.com/webapp/wcs/stores/servlet/booklookServlet?bookstore_id-1=584&term_id-1=2022 Spring&crn-1=14044",""
"202210","ME622","FINITE ELEM METHDS IN ME","102","14045","R","6:00 PM - 8:50 PM","CKB 310","Closed","30","30","Chester, Shawn","Face-to-Face","3","https://www.bkstr.com/webapp/wcs/stores/servlet/booklookServlet?bookstore_id-1=584&term_id-1=2022 Spring&crn-1=14045",""
"202210","ME635","COMPUTER-AIDED DESIGN","102","14046","W","6:00 PM - 8:50 PM","ME 219","Closed","20","22","Moon, Swapnil","Face-to-Face","3","https://www.bkstr.com/webapp/wcs/stores/servlet/booklookServlet?bookstore_id-1=584&term_id-1=2022 Spring&crn-1=14046",""
"202210","ME655","MODERN CONTROL METHODS","102","14047","W","6:00 PM - 8:50 PM"," ","Cancelled","30","0","","Face-to-Face","3","https://www.bkstr.com/webapp/wcs/stores/servlet/booklookServlet?bookstore_id-1=584&term_id-1=2022 Spring&crn-1=14047","Cancelled 11/8/21"
"202210","ME678","DESIGN PLASTIC PRODUCTS","102","14048","R","6:00 PM - 8:50 PM"," ","Cancelled","20","0","","Face-to-Face","3","https://www.bkstr.com/webapp/wcs/stores/servlet/booklookServlet?bookstore_id-1=584&term_id-1=2022 Spring&crn-1=14048","Cancelled 1/18/22"
"202210","ME700B","MASTER'S PROJECT","349","14049","",""," ","Closed","0","0","Lieber, Samuel","Face-to-Face","3","https://www.bkstr.com/webapp/wcs/stores/servlet/booklookServlet?bookstore_id-1=584&term_id-1=2022 Spring&crn-1=14049",""
"202210","ME700B","MASTER'S PROJECT","355","14050","",""," ","Closed","0","0","Tafuni, Angelantonio","Face-to-Face","3","https://www.bkstr.com/webapp/wcs/stores/servlet/booklookServlet?bookstore_id-1=584&term_id-1=2022 Spring&crn-1=14050",""
"202210","ME700B","MASTER'S PROJECT","444","14051","",""," ","Closed","0","0","Lee, Eon Soo","Face-to-Face","3","https://www.bkstr.com/webapp/wcs/stores/servlet/booklookServlet?bookstore_id-1=584&term_id-1=2022 Spring&crn-1=14051",""
"202210","ME700B","MASTER'S PROJECT","447","14052","",""," ","Closed","0","0","Farokhirad, Samaneh","Face-to-Face","3","https://www.bkstr.com/webapp/wcs/stores/servlet/booklookServlet?bookstore_id-1=584&term_id-1=2022 Spring&crn-1=14052",""
"202210","ME700B","MASTER'S PROJECT","448","14053","",""," ","Closed","0","0","Datta, Dibakar","Face-to-Face","3","https://www.bkstr.com/webapp/wcs/stores/servlet/booklookServlet?bookstore_id-1=584&term_id-1=2022 Spring&crn-1=14053",""
"202210","ME700B","MASTER'S PROJECT","449","14054","",""," ","Closed","0","0","Fischer, Ian","Face-to-Face","3","https://www.bkstr.com/webapp/wcs/stores/servlet/booklookServlet?bookstore_id-1=584&term_id-1=2022 Spring&crn-1=14054",""
"202210","ME700B","MASTER'S PROJECT","450","14055","",""," ","Closed","0","2","Ahmadpoor, Fatemeh","Face-to-Face","3","https://www.bkstr.com/webapp/wcs/stores/servlet/booklookServlet?bookstore_id-1=584&term_id-1=2022 Spring&crn-1=14055",""
"202210","ME700B","MASTER'S PROJECT","452","14056","",""," ","Closed","0","0","Marras, Simone","Face-to-Face","3","https://www.bkstr.com/webapp/wcs/stores/servlet/booklookServlet?bookstore_id-1=584&term_id-1=2022 Spring&crn-1=14056",""
"202210","ME700B","MASTER'S PROJECT","457","14057","",""," ","Closed","0","0","Ji, Zhiming","Face-to-Face","3","https://www.bkstr.com/webapp/wcs/stores/servlet/booklookServlet?bookstore_id-1=584&term_id-1=2022 Spring&crn-1=14057",""
"202210","ME700B","MASTER'S PROJECT","468","14058","",""," ","Closed","0","0","Rosato, Anthony","Face-to-Face","3","https://www.bkstr.com/webapp/wcs/stores/servlet/booklookServlet?bookstore_id-1=584&term_id-1=2022 Spring&crn-1=14058",""
"202210","ME700B","MASTER'S PROJECT","470","14059","",""," ","Closed","0","0","Sodhi, Rajpal","Face-to-Face","3","https://www.bkstr.com/webapp/wcs/stores/servlet/booklookServlet?bookstore_id-1=584&term_id-1=2022 Spring&crn-1=14059",""
"202210","ME700B","MASTER'S PROJECT","477","14060","",""," ","Closed","0","1","Chester, Shawn","Face-to-Face","3","https://www.bkstr.com/webapp/wcs/stores/servlet/booklookServlet?bookstore_id-1=584&term_id-1=2022 Spring&crn-1=14060",""
"202210","ME700B","MASTER'S PROJECT","478","14061","",""," ","Closed","0","0","Narh, Kwabena","Face-to-Face","3","https://www.bkstr.com/webapp/wcs/stores/servlet/booklookServlet?bookstore_id-1=584&term_id-1=2022 Spring&crn-1=14061",""
"202210","ME700B","MASTER'S PROJECT","482","14062","",""," ","Closed","0","0","Singh, Pushpendra","Face-to-Face","3","https://www.bkstr.com/webapp/wcs/stores/servlet/booklookServlet?bookstore_id-1=584&term_id-1=2022 Spring&crn-1=14062",""
"202210","ME700B","MASTER'S PROJECT","483","14063","",""," ","Closed","0","1","Lu, Lu","Face-to-Face","3","https://www.bkstr.com/webapp/wcs/stores/servlet/booklookServlet?bookstore_id-1=584&term_id-1=2022 Spring&crn-1=14063",""
"202210","ME700B","MASTER'S PROJECT","484","14064","",""," ","Closed","0","0","Zhu, Chao","Face-to-Face","3","https://www.bkstr.com/webapp/wcs/stores/servlet/booklookServlet?bookstore_id-1=584&term_id-1=2022 Spring&crn-1=14064",""
"202210","ME700B","MASTER'S PROJECT","489","14065","",""," ","Closed","0","0","Rao, I.","Face-to-Face","3","https://www.bkstr.com/webapp/wcs/stores/servlet/booklookServlet?bookstore_id-1=584&term_id-1=2022 Spring&crn-1=14065",""
"202210","ME701B","MASTER'S THESIS","343","15569","",""," ","Closed","0","0","Shekhar, Prateek","Face-to-Face","3","https://www.bkstr.com/webapp/wcs/stores/servlet/booklookServlet?bookstore_id-1=584&term_id-1=2022 Spring&crn-1=15569",""
"202210","ME701B","MASTER'S THESIS","349","14066","",""," ","Closed","0","0","Lieber, Samuel","Face-to-Face","3","https://www.bkstr.com/webapp/wcs/stores/servlet/booklookServlet?bookstore_id-1=584&term_id-1=2022 Spring&crn-1=14066",""
"202210","ME701B","MASTER'S THESIS","355","14067","",""," ","Closed","0","0","Tafuni, Angelantonio","Face-to-Face","3","https://www.bkstr.com/webapp/wcs/stores/servlet/booklookServlet?bookstore_id-1=584&term_id-1=2022 Spring&crn-1=14067",""
"202210","ME701B","MASTER'S THESIS","444","14068","",""," ","Closed","0","0","Lee, Eon Soo","Face-to-Face","3","https://www.bkstr.com/webapp/wcs/stores/servlet/booklookServlet?bookstore_id-1=584&term_id-1=2022 Spring&crn-1=14068",""
"202210","ME701B","MASTER'S THESIS","447","14069","",""," ","Closed","0","0","Farokhirad, Samaneh","Face-to-Face","3","https://www.bkstr.com/webapp/wcs/stores/servlet/booklookServlet?bookstore_id-1=584&term_id-1=2022 Spring&crn-1=14069",""
"202210","ME701B","MASTER'S THESIS","448","14070","",""," ","Closed","0","0","Datta, Dibakar","Face-to-Face","3","https://www.bkstr.com/webapp/wcs/stores/servlet/booklookServlet?bookstore_id-1=584&term_id-1=2022 Spring&crn-1=14070",""
"202210","ME701B","MASTER'S THESIS","449","14071","",""," ","Closed","0","0","Fischer, Ian","Face-to-Face","3","https://www.bkstr.com/webapp/wcs/stores/servlet/booklookServlet?bookstore_id-1=584&term_id-1=2022 Spring&crn-1=14071",""
"202210","ME701B","MASTER'S THESIS","450","14072","",""," ","Closed","0","0","Ahmadpoor, Fatemeh","Face-to-Face","3","https://www.bkstr.com/webapp/wcs/stores/servlet/booklookServlet?bookstore_id-1=584&term_id-1=2022 Spring&crn-1=14072",""
"202210","ME701B","MASTER'S THESIS","452","14073","",""," ","Closed","0","0","Marras, Simone","Face-to-Face","3","https://www.bkstr.com/webapp/wcs/stores/servlet/booklookServlet?bookstore_id-1=584&term_id-1=2022 Spring&crn-1=14073",""
"202210","ME701B","MASTER'S THESIS","457","14074","",""," ","Closed","0","0","Ji, Zhiming","Face-to-Face","3","https://www.bkstr.com/webapp/wcs/stores/servlet/booklookServlet?bookstore_id-1=584&term_id-1=2022 Spring&crn-1=14074",""
"202210","ME701B","MASTER'S THESIS","468","14075","",""," ","Closed","0","0","Rosato, Anthony","Face-to-Face","3","https://www.bkstr.com/webapp/wcs/stores/servlet/booklookServlet?bookstore_id-1=584&term_id-1=2022 Spring&crn-1=14075",""
"202210","ME701B","MASTER'S THESIS","470","14076","",""," ","Closed","0","0","Sodhi, Rajpal","Face-to-Face","3","https://www.bkstr.com/webapp/wcs/stores/servlet/booklookServlet?bookstore_id-1=584&term_id-1=2022 Spring&crn-1=14076",""
"202210","ME701B","MASTER'S THESIS","477","14077","",""," ","Closed","0","0","Chester, Shawn","Face-to-Face","3","https://www.bkstr.com/webapp/wcs/stores/servlet/booklookServlet?bookstore_id-1=584&term_id-1=2022 Spring&crn-1=14077",""
"202210","ME701B","MASTER'S THESIS","478","14078","",""," ","Closed","0","0","Narh, Kwabena","Face-to-Face","3","https://www.bkstr.com/webapp/wcs/stores/servlet/booklookServlet?bookstore_id-1=584&term_id-1=2022 Spring&crn-1=14078",""
"202210","ME701B","MASTER'S THESIS","482","14079","",""," ","Closed","0","0","Singh, Pushpendra","Face-to-Face","3","https://www.bkstr.com/webapp/wcs/stores/servlet/booklookServlet?bookstore_id-1=584&term_id-1=2022 Spring&crn-1=14079",""
"202210","ME701B","MASTER'S THESIS","483","14080","",""," ","Closed","0","0","Lu, Lu","Face-to-Face","3","https://www.bkstr.com/webapp/wcs/stores/servlet/booklookServlet?bookstore_id-1=584&term_id-1=2022 Spring&crn-1=14080",""
"202210","ME701B","MASTER'S THESIS","484","14081","",""," ","Closed","0","0","Zhu, Chao","Face-to-Face","3","https://www.bkstr.com/webapp/wcs/stores/servlet/booklookServlet?bookstore_id-1=584&term_id-1=2022 Spring&crn-1=14081",""
"202210","ME701B","MASTER'S THESIS","489","14082","",""," ","Closed","0","0","Rao, I.","Face-to-Face","3","https://www.bkstr.com/webapp/wcs/stores/servlet/booklookServlet?bookstore_id-1=584&term_id-1=2022 Spring&crn-1=14082",""
"202210","ME701C","MASTER'S THESIS","349","14083","",""," ","Closed","0","0","Lieber, Samuel","Face-to-Face","6","https://www.bkstr.com/webapp/wcs/stores/servlet/booklookServlet?bookstore_id-1=584&term_id-1=2022 Spring&crn-1=14083",""
"202210","ME701C","MASTER'S THESIS","355","14084","",""," ","Closed","0","0","Tafuni, Angelantonio","Face-to-Face","6","https://www.bkstr.com/webapp/wcs/stores/servlet/booklookServlet?bookstore_id-1=584&term_id-1=2022 Spring&crn-1=14084",""
"202210","ME701C","MASTER'S THESIS","444","14085","",""," ","Closed","0","0","Lee, Eon Soo","Face-to-Face","6","https://www.bkstr.com/webapp/wcs/stores/servlet/booklookServlet?bookstore_id-1=584&term_id-1=2022 Spring&crn-1=14085",""
"202210","ME701C","MASTER'S THESIS","447","14086","",""," ","Closed","0","0","Farokhirad, Samaneh","Face-to-Face","6","https://www.bkstr.com/webapp/wcs/stores/servlet/booklookServlet?bookstore_id-1=584&term_id-1=2022 Spring&crn-1=14086",""
"202210","ME701C","MASTER'S THESIS","448","14087","",""," ","Closed","0","0","Datta, Dibakar","Face-to-Face","6","https://www.bkstr.com/webapp/wcs/stores/servlet/booklookServlet?bookstore_id-1=584&term_id-1=2022 Spring&crn-1=14087",""
"202210","ME701C","MASTER'S THESIS","449","14088","",""," ","Closed","0","0","Fischer, Ian","Face-to-Face","6","https://www.bkstr.com/webapp/wcs/stores/servlet/booklookServlet?bookstore_id-1=584&term_id-1=2022 Spring&crn-1=14088",""
"202210","ME701C","MASTER'S THESIS","450","14089","",""," ","Closed","0","0","Ahmadpoor, Fatemeh","Face-to-Face","6","https://www.bkstr.com/webapp/wcs/stores/servlet/booklookServlet?bookstore_id-1=584&term_id-1=2022 Spring&crn-1=14089",""
"202210","ME701C","MASTER'S THESIS","452","14090","",""," ","Closed","0","0","Marras, Simone","Face-to-Face","6","https://www.bkstr.com/webapp/wcs/stores/servlet/booklookServlet?bookstore_id-1=584&term_id-1=2022 Spring&crn-1=14090",""
"202210","ME701C","MASTER'S THESIS","457","14091","",""," ","Closed","0","0","Ji, Zhiming","Face-to-Face","6","https://www.bkstr.com/webapp/wcs/stores/servlet/booklookServlet?bookstore_id-1=584&term_id-1=2022 Spring&crn-1=14091",""
"202210","ME701C","MASTER'S THESIS","468","14092","",""," ","Closed","0","0","Rosato, Anthony","Face-to-Face","6","https://www.bkstr.com/webapp/wcs/stores/servlet/booklookServlet?bookstore_id-1=584&term_id-1=2022 Spring&crn-1=14092",""
"202210","ME701C","MASTER'S THESIS","470","14093","",""," ","Closed","0","0","Sodhi, Rajpal","Face-to-Face","6","https://www.bkstr.com/webapp/wcs/stores/servlet/booklookServlet?bookstore_id-1=584&term_id-1=2022 Spring&crn-1=14093",""
"202210","ME701C","MASTER'S THESIS","477","14094","",""," ","Closed","0","0","Chester, Shawn","Face-to-Face","6","https://www.bkstr.com/webapp/wcs/stores/servlet/booklookServlet?bookstore_id-1=584&term_id-1=2022 Spring&crn-1=14094",""
"202210","ME701C","MASTER'S THESIS","478","14095","",""," ","Closed","0","0","Narh, Kwabena","Face-to-Face","6","https://www.bkstr.com/webapp/wcs/stores/servlet/booklookServlet?bookstore_id-1=584&term_id-1=2022 Spring&crn-1=14095",""
"202210","ME701C","MASTER'S THESIS","482","14096","",""," ","Closed","0","0","Singh, Pushpendra","Face-to-Face","6","https://www.bkstr.com/webapp/wcs/stores/servlet/booklookServlet?bookstore_id-1=584&term_id-1=2022 Spring&crn-1=14096",""
"202210","ME701C","MASTER'S THESIS","483","14097","",""," ","Closed","0","0","Lu, Lu","Face-to-Face","6","https://www.bkstr.com/webapp/wcs/stores/servlet/booklookServlet?bookstore_id-1=584&term_id-1=2022 Spring&crn-1=14097",""
"202210","ME701C","MASTER'S THESIS","484","14098","",""," ","Closed","0","0","Zhu, Chao","Face-to-Face","6","https://www.bkstr.com/webapp/wcs/stores/servlet/booklookServlet?bookstore_id-1=584&term_id-1=2022 Spring&crn-1=14098",""
"202210","ME701C","MASTER'S THESIS","489","14099","",""," ","Closed","0","0","Rao, I.","Face-to-Face","6","https://www.bkstr.com/webapp/wcs/stores/servlet/booklookServlet?bookstore_id-1=584&term_id-1=2022 Spring&crn-1=14099",""
"202210","ME725","INDEPENDENT STUDY I","349","14100","",""," ","Closed","0","0","Lieber, Samuel","Face-to-Face","3","https://www.bkstr.com/webapp/wcs/stores/servlet/booklookServlet?bookstore_id-1=584&term_id-1=2022 Spring&crn-1=14100",""
"202210","ME725","INDEPENDENT STUDY I","355","14101","",""," ","Closed","0","0","Tafuni, Angelantonio","Face-to-Face","3","https://www.bkstr.com/webapp/wcs/stores/servlet/booklookServlet?bookstore_id-1=584&term_id-1=2022 Spring&crn-1=14101",""
"202210","ME725","INDEPENDENT STUDY I","444","14102","",""," ","Closed","0","0","Lee, Eon Soo","Face-to-Face","3","https://www.bkstr.com/webapp/wcs/stores/servlet/booklookServlet?bookstore_id-1=584&term_id-1=2022 Spring&crn-1=14102",""
"202210","ME725","INDEPENDENT STUDY I","447","14103","",""," ","Closed","0","0","Farokhirad, Samaneh","Face-to-Face","3","https://www.bkstr.com/webapp/wcs/stores/servlet/booklookServlet?bookstore_id-1=584&term_id-1=2022 Spring&crn-1=14103",""
"202210","ME725","INDEPENDENT STUDY I","448","14104","",""," ","Closed","0","0","Datta, Dibakar","Face-to-Face","3","https://www.bkstr.com/webapp/wcs/stores/servlet/booklookServlet?bookstore_id-1=584&term_id-1=2022 Spring&crn-1=14104",""
"202210","ME725","INDEPENDENT STUDY I","449","14105","",""," ","Closed","0","0","Fischer, Ian","Face-to-Face","3","https://www.bkstr.com/webapp/wcs/stores/servlet/booklookServlet?bookstore_id-1=584&term_id-1=2022 Spring&crn-1=14105",""
"202210","ME725","INDEPENDENT STUDY I","450","14106","",""," ","Closed","0","0","Ahmadpoor, Fatemeh","Face-to-Face","3","https://www.bkstr.com/webapp/wcs/stores/servlet/booklookServlet?bookstore_id-1=584&term_id-1=2022 Spring&crn-1=14106",""
"202210","ME725","INDEPENDENT STUDY I","452","14107","",""," ","Closed","0","1","Marras, Simone","Face-to-Face","3","https://www.bkstr.com/webapp/wcs/stores/servlet/booklookServlet?bookstore_id-1=584&term_id-1=2022 Spring&crn-1=14107",""
"202210","ME725","INDEPENDENT STUDY I","457","14108","",""," ","Closed","0","0","Ji, Zhiming","Face-to-Face","3","https://www.bkstr.com/webapp/wcs/stores/servlet/booklookServlet?bookstore_id-1=584&term_id-1=2022 Spring&crn-1=14108",""
"202210","ME725","INDEPENDENT STUDY I","468","14109","",""," ","Closed","0","0","Rosato, Anthony","Face-to-Face","3","https://www.bkstr.com/webapp/wcs/stores/servlet/booklookServlet?bookstore_id-1=584&term_id-1=2022 Spring&crn-1=14109",""
"202210","ME725","INDEPENDENT STUDY I","470","14110","",""," ","Closed","0","0","Sodhi, Rajpal","Face-to-Face","3","https://www.bkstr.com/webapp/wcs/stores/servlet/booklookServlet?bookstore_id-1=584&term_id-1=2022 Spring&crn-1=14110",""
"202210","ME725","INDEPENDENT STUDY I","477","14111","",""," ","Closed","0","0","Chester, Shawn","Face-to-Face","3","https://www.bkstr.com/webapp/wcs/stores/servlet/booklookServlet?bookstore_id-1=584&term_id-1=2022 Spring&crn-1=14111",""
"202210","ME725","INDEPENDENT STUDY I","478","14112","",""," ","Closed","0","0","Narh, Kwabena","Face-to-Face","3","https://www.bkstr.com/webapp/wcs/stores/servlet/booklookServlet?bookstore_id-1=584&term_id-1=2022 Spring&crn-1=14112",""
"202210","ME725","INDEPENDENT STUDY I","482","14113","",""," ","Closed","0","0","Singh, Pushpendra","Face-to-Face","3","https://www.bkstr.com/webapp/wcs/stores/servlet/booklookServlet?bookstore_id-1=584&term_id-1=2022 Spring&crn-1=14113",""
"202210","ME725","INDEPENDENT STUDY I","483","14114","",""," ","Closed","0","0","Lu, Lu","Face-to-Face","3","https://www.bkstr.com/webapp/wcs/stores/servlet/booklookServlet?bookstore_id-1=584&term_id-1=2022 Spring&crn-1=14114",""
"202210","ME725","INDEPENDENT STUDY I","484","14115","",""," ","Closed","0","0","Zhu, Chao","Face-to-Face","3","https://www.bkstr.com/webapp/wcs/stores/servlet/booklookServlet?bookstore_id-1=584&term_id-1=2022 Spring&crn-1=14115",""
"202210","ME725","INDEPENDENT STUDY I","489","14116","",""," ","Closed","0","1","Rao, I.","Face-to-Face","3","https://www.bkstr.com/webapp/wcs/stores/servlet/booklookServlet?bookstore_id-1=584&term_id-1=2022 Spring&crn-1=14116",""
"202210","ME726","INDEPENDENT STUDY II","349","14117","",""," ","Closed","0","1","Lieber, Samuel","Face-to-Face","3","https://www.bkstr.com/webapp/wcs/stores/servlet/booklookServlet?bookstore_id-1=584&term_id-1=2022 Spring&crn-1=14117",""
"202210","ME726","INDEPENDENT STUDY II","355","14118","",""," ","Closed","0","0","Tafuni, Angelantonio","Face-to-Face","3","https://www.bkstr.com/webapp/wcs/stores/servlet/booklookServlet?bookstore_id-1=584&term_id-1=2022 Spring&crn-1=14118",""
"202210","ME726","INDEPENDENT STUDY II","444","14119","",""," ","Closed","0","0","Lee, Eon Soo","Face-to-Face","3","https://www.bkstr.com/webapp/wcs/stores/servlet/booklookServlet?bookstore_id-1=584&term_id-1=2022 Spring&crn-1=14119",""
"202210","ME726","INDEPENDENT STUDY II","447","14120","",""," ","Closed","0","0","Farokhirad, Samaneh","Face-to-Face","3","https://www.bkstr.com/webapp/wcs/stores/servlet/booklookServlet?bookstore_id-1=584&term_id-1=2022 Spring&crn-1=14120",""
"202210","ME726","INDEPENDENT STUDY II","448","14121","",""," ","Closed","0","1","Datta, Dibakar","Face-to-Face","3","https://www.bkstr.com/webapp/wcs/stores/servlet/booklookServlet?bookstore_id-1=584&term_id-1=2022 Spring&crn-1=14121",""
"202210","ME726","INDEPENDENT STUDY II","449","14122","",""," ","Closed","0","0","Fischer, Ian","Face-to-Face","3","https://www.bkstr.com/webapp/wcs/stores/servlet/booklookServlet?bookstore_id-1=584&term_id-1=2022 Spring&crn-1=14122",""
"202210","ME726","INDEPENDENT STUDY II","450","14123","",""," ","Closed","0","0","Ahmadpoor, Fatemeh","Face-to-Face","3","https://www.bkstr.com/webapp/wcs/stores/servlet/booklookServlet?bookstore_id-1=584&term_id-1=2022 Spring&crn-1=14123",""
"202210","ME726","INDEPENDENT STUDY II","452","14124","",""," ","Closed","0","0","Marras, Simone","Face-to-Face","3","https://www.bkstr.com/webapp/wcs/stores/servlet/booklookServlet?bookstore_id-1=584&term_id-1=2022 Spring&crn-1=14124",""
"202210","ME726","INDEPENDENT STUDY II","457","14125","",""," ","Closed","0","0","Ji, Zhiming","Face-to-Face","3","https://www.bkstr.com/webapp/wcs/stores/servlet/booklookServlet?bookstore_id-1=584&term_id-1=2022 Spring&crn-1=14125",""
"202210","ME726","INDEPENDENT STUDY II","468","14126","",""," ","Closed","0","0","Rosato, Anthony","Face-to-Face","3","https://www.bkstr.com/webapp/wcs/stores/servlet/booklookServlet?bookstore_id-1=584&term_id-1=2022 Spring&crn-1=14126",""
"202210","ME726","INDEPENDENT STUDY II","470","14127","",""," ","Closed","0","0","Sodhi, Rajpal","Face-to-Face","3","https://www.bkstr.com/webapp/wcs/stores/servlet/booklookServlet?bookstore_id-1=584&term_id-1=2022 Spring&crn-1=14127",""
"202210","ME726","INDEPENDENT STUDY II","477","14128","",""," ","Closed","0","0","Chester, Shawn","Face-to-Face","3","https://www.bkstr.com/webapp/wcs/stores/servlet/booklookServlet?bookstore_id-1=584&term_id-1=2022 Spring&crn-1=14128",""
"202210","ME726","INDEPENDENT STUDY II","478","14129","",""," ","Closed","0","0","Narh, Kwabena","Face-to-Face","3","https://www.bkstr.com/webapp/wcs/stores/servlet/booklookServlet?bookstore_id-1=584&term_id-1=2022 Spring&crn-1=14129",""
"202210","ME726","INDEPENDENT STUDY II","482","14130","",""," ","Closed","0","1","Singh, Pushpendra","Face-to-Face","3","https://www.bkstr.com/webapp/wcs/stores/servlet/booklookServlet?bookstore_id-1=584&term_id-1=2022 Spring&crn-1=14130",""
"202210","ME726","INDEPENDENT STUDY II","483","14131","",""," ","Closed","0","0","Lu, Lu","Face-to-Face","3","https://www.bkstr.com/webapp/wcs/stores/servlet/booklookServlet?bookstore_id-1=584&term_id-1=2022 Spring&crn-1=14131",""
"202210","ME726","INDEPENDENT STUDY II","484","14132","",""," ","Closed","0","1","Zhu, Chao","Face-to-Face","3","https://www.bkstr.com/webapp/wcs/stores/servlet/booklookServlet?bookstore_id-1=584&term_id-1=2022 Spring&crn-1=14132",""
"202210","ME726","INDEPENDENT STUDY II","489","14133","",""," ","Closed","0","0","Rao, I.","Face-to-Face","3","https://www.bkstr.com/webapp/wcs/stores/servlet/booklookServlet?bookstore_id-1=584&term_id-1=2022 Spring&crn-1=14133",""
"202210","ME738","COMPUTER AIDED ENGINEERING","102","14134","T","6:00 PM - 8:50 PM","ME 219","Closed","20","29","Moon, Swapnil","Face-to-Face","3","https://www.bkstr.com/webapp/wcs/stores/servlet/booklookServlet?bookstore_id-1=584&term_id-1=2022 Spring&crn-1=14134",""
"202210","ME790A","DOC DISSERTATION & RES","349","14135","",""," ","Closed","0","0","Lieber, Samuel","Face-to-Face","1","https://www.bkstr.com/webapp/wcs/stores/servlet/booklookServlet?bookstore_id-1=584&term_id-1=2022 Spring&crn-1=14135",""
"202210","ME790A","DOC DISSERTATION & RES","355","14136","",""," ","Closed","0","0","Tafuni, Angelantonio","Face-to-Face","1","https://www.bkstr.com/webapp/wcs/stores/servlet/booklookServlet?bookstore_id-1=584&term_id-1=2022 Spring&crn-1=14136",""
"202210","ME790A","DOC DISSERTATION & RES","396","15708","",""," ","Closed","0","0","Dong, Lin","Face-to-Face","1","https://www.bkstr.com/webapp/wcs/stores/servlet/booklookServlet?bookstore_id-1=584&term_id-1=2022 Spring&crn-1=15708",""
"202210","ME790A","DOC DISSERTATION & RES","444","14137","",""," ","Closed","0","0","Lee, Eon Soo","Face-to-Face","1","https://www.bkstr.com/webapp/wcs/stores/servlet/booklookServlet?bookstore_id-1=584&term_id-1=2022 Spring&crn-1=14137",""
"202210","ME790A","DOC DISSERTATION & RES","447","14138","",""," ","Closed","0","0","Farokhirad, Samaneh","Face-to-Face","1","https://www.bkstr.com/webapp/wcs/stores/servlet/booklookServlet?bookstore_id-1=584&term_id-1=2022 Spring&crn-1=14138",""
"202210","ME790A","DOC DISSERTATION & RES","448","14139","",""," ","Closed","0","1","Datta, Dibakar","Face-to-Face","1","https://www.bkstr.com/webapp/wcs/stores/servlet/booklookServlet?bookstore_id-1=584&term_id-1=2022 Spring&crn-1=14139",""
"202210","ME790A","DOC DISSERTATION & RES","449","14140","",""," ","Closed","0","0","Fischer, Ian","Face-to-Face","1","https://www.bkstr.com/webapp/wcs/stores/servlet/booklookServlet?bookstore_id-1=584&term_id-1=2022 Spring&crn-1=14140",""
"202210","ME790A","DOC DISSERTATION & RES","450","14141","",""," ","Closed","0","0","Ahmadpoor, Fatemeh","Face-to-Face","1","https://www.bkstr.com/webapp/wcs/stores/servlet/booklookServlet?bookstore_id-1=584&term_id-1=2022 Spring&crn-1=14141",""
"202210","ME790A","DOC DISSERTATION & RES","452","14142","",""," ","Closed","0","2","Marras, Simone","Face-to-Face","1","https://www.bkstr.com/webapp/wcs/stores/servlet/booklookServlet?bookstore_id-1=584&term_id-1=2022 Spring&crn-1=14142",""
"202210","ME790A","DOC DISSERTATION & RES","457","14143","",""," ","Closed","0","1","Ji, Zhiming","Face-to-Face","1","https://www.bkstr.com/webapp/wcs/stores/servlet/booklookServlet?bookstore_id-1=584&term_id-1=2022 Spring&crn-1=14143",""
"202210","ME790A","DOC DISSERTATION & RES","468","14144","",""," ","Closed","0","0","Rosato, Anthony","Face-to-Face","1","https://www.bkstr.com/webapp/wcs/stores/servlet/booklookServlet?bookstore_id-1=584&term_id-1=2022 Spring&crn-1=14144",""
"202210","ME790A","DOC DISSERTATION & RES","470","14145","",""," ","Closed","0","0","Sodhi, Rajpal","Face-to-Face","1","https://www.bkstr.com/webapp/wcs/stores/servlet/booklookServlet?bookstore_id-1=584&term_id-1=2022 Spring&crn-1=14145",""
"202210","ME790A","DOC DISSERTATION & RES","477","14146","",""," ","Closed","0","2","Chester, Shawn","Face-to-Face","1","https://www.bkstr.com/webapp/wcs/stores/servlet/booklookServlet?bookstore_id-1=584&term_id-1=2022 Spring&crn-1=14146",""
"202210","ME790A","DOC DISSERTATION & RES","478","14147","",""," ","Closed","0","0","Narh, Kwabena","Face-to-Face","1","https://www.bkstr.com/webapp/wcs/stores/servlet/booklookServlet?bookstore_id-1=584&term_id-1=2022 Spring&crn-1=14147",""
"202210","ME790A","DOC DISSERTATION & RES","482","14148","",""," ","Closed","0","1","Singh, Pushpendra","Face-to-Face","1","https://www.bkstr.com/webapp/wcs/stores/servlet/booklookServlet?bookstore_id-1=584&term_id-1=2022 Spring&crn-1=14148",""
"202210","ME790A","DOC DISSERTATION & RES","483","14149","",""," ","Closed","0","1","Lu, Lu","Face-to-Face","1","https://www.bkstr.com/webapp/wcs/stores/servlet/booklookServlet?bookstore_id-1=584&term_id-1=2022 Spring&crn-1=14149",""
"202210","ME790A","DOC DISSERTATION & RES","484","14150","",""," ","Closed","0","0","Zhu, Chao","Face-to-Face","1","https://www.bkstr.com/webapp/wcs/stores/servlet/booklookServlet?bookstore_id-1=584&term_id-1=2022 Spring&crn-1=14150",""
"202210","ME790A","DOC DISSERTATION & RES","489","14151","",""," ","Closed","0","2","Rao, I.","Face-to-Face","1","https://www.bkstr.com/webapp/wcs/stores/servlet/booklookServlet?bookstore_id-1=584&term_id-1=2022 Spring&crn-1=14151",""
"202210","ME791","MECHANICAL ENGR COLLOQUIUM","002","14152","W","1:00 PM - 2:20 PM","ME 221","Open","40","38","Datta, Dibakar","Face-to-Face","0","https://www.bkstr.com/webapp/wcs/stores/servlet/booklookServlet?bookstore_id-1=584&term_id-1=2022 Spring&crn-1=14152",""
"202210","ME792B","PRE-DOCTORAL RESEARCH","349","14153","",""," ","Closed","0","0","Lieber, Samuel","Face-to-Face","3","https://www.bkstr.com/webapp/wcs/stores/servlet/booklookServlet?bookstore_id-1=584&term_id-1=2022 Spring&crn-1=14153",""
"202210","ME792B","PRE-DOCTORAL RESEARCH","355","14154","",""," ","Closed","0","2","Tafuni, Angelantonio","Face-to-Face","3","https://www.bkstr.com/webapp/wcs/stores/servlet/booklookServlet?bookstore_id-1=584&term_id-1=2022 Spring&crn-1=14154",""
"202210","ME792B","PRE-DOCTORAL RESEARCH","396","15709","",""," ","Closed","0","1","Dong, Lin","Face-to-Face","3","https://www.bkstr.com/webapp/wcs/stores/servlet/booklookServlet?bookstore_id-1=584&term_id-1=2022 Spring&crn-1=15709",""
"202210","ME792B","PRE-DOCTORAL RESEARCH","444","14155","",""," ","Closed","0","2","Lee, Eon Soo","Face-to-Face","3","https://www.bkstr.com/webapp/wcs/stores/servlet/booklookServlet?bookstore_id-1=584&term_id-1=2022 Spring&crn-1=14155",""
"202210","ME792B","PRE-DOCTORAL RESEARCH","447","14156","",""," ","Closed","0","1","Farokhirad, Samaneh","Face-to-Face","3","https://www.bkstr.com/webapp/wcs/stores/servlet/booklookServlet?bookstore_id-1=584&term_id-1=2022 Spring&crn-1=14156",""
"202210","ME792B","PRE-DOCTORAL RESEARCH","448","14157","",""," ","Closed","0","0","Datta, Dibakar","Face-to-Face","3","https://www.bkstr.com/webapp/wcs/stores/servlet/booklookServlet?bookstore_id-1=584&term_id-1=2022 Spring&crn-1=14157",""
"202210","ME792B","PRE-DOCTORAL RESEARCH","449","14158","",""," ","Closed","0","0","Fischer, Ian","Face-to-Face","3","https://www.bkstr.com/webapp/wcs/stores/servlet/booklookServlet?bookstore_id-1=584&term_id-1=2022 Spring&crn-1=14158",""
"202210","ME792B","PRE-DOCTORAL RESEARCH","450","14159","",""," ","Closed","0","0","Ahmadpoor, Fatemeh","Face-to-Face","3","https://www.bkstr.com/webapp/wcs/stores/servlet/booklookServlet?bookstore_id-1=584&term_id-1=2022 Spring&crn-1=14159",""
"202210","ME792B","PRE-DOCTORAL RESEARCH","452","14160","",""," ","Closed","0","0","Marras, Simone","Face-to-Face","3","https://www.bkstr.com/webapp/wcs/stores/servlet/booklookServlet?bookstore_id-1=584&term_id-1=2022 Spring&crn-1=14160",""
"202210","ME792B","PRE-DOCTORAL RESEARCH","457","14161","",""," ","Closed","0","0","Ji, Zhiming","Face-to-Face","3","https://www.bkstr.com/webapp/wcs/stores/servlet/booklookServlet?bookstore_id-1=584&term_id-1=2022 Spring&crn-1=14161",""
"202210","ME792B","PRE-DOCTORAL RESEARCH","468","14162","",""," ","Closed","0","0","Rosato, Anthony","Face-to-Face","3","https://www.bkstr.com/webapp/wcs/stores/servlet/booklookServlet?bookstore_id-1=584&term_id-1=2022 Spring&crn-1=14162",""
"202210","ME792B","PRE-DOCTORAL RESEARCH","470","14163","",""," ","Closed","0","0","Sodhi, Rajpal","Face-to-Face","3","https://www.bkstr.com/webapp/wcs/stores/servlet/booklookServlet?bookstore_id-1=584&term_id-1=2022 Spring&crn-1=14163",""
"202210","ME792B","PRE-DOCTORAL RESEARCH","477","14164","",""," ","Closed","0","0","Chester, Shawn","Face-to-Face","3","https://www.bkstr.com/webapp/wcs/stores/servlet/booklookServlet?bookstore_id-1=584&term_id-1=2022 Spring&crn-1=14164",""
"202210","ME792B","PRE-DOCTORAL RESEARCH","478","14165","",""," ","Closed","0","0","Narh, Kwabena","Face-to-Face","3","https://www.bkstr.com/webapp/wcs/stores/servlet/booklookServlet?bookstore_id-1=584&term_id-1=2022 Spring&crn-1=14165",""
"202210","ME792B","PRE-DOCTORAL RESEARCH","482","14166","",""," ","Closed","0","1","Singh, Pushpendra","Face-to-Face","3","https://www.bkstr.com/webapp/wcs/stores/servlet/booklookServlet?bookstore_id-1=584&term_id-1=2022 Spring&crn-1=14166",""
"202210","ME792B","PRE-DOCTORAL RESEARCH","483","14167","",""," ","Closed","0","1","Lu, Lu","Face-to-Face","3","https://www.bkstr.com/webapp/wcs/stores/servlet/booklookServlet?bookstore_id-1=584&term_id-1=2022 Spring&crn-1=14167",""
"202210","ME792B","PRE-DOCTORAL RESEARCH","484","14168","",""," ","Closed","0","0","Zhu, Chao","Face-to-Face","3","https://www.bkstr.com/webapp/wcs/stores/servlet/booklookServlet?bookstore_id-1=584&term_id-1=2022 Spring&crn-1=14168",""
"202210","ME792B","PRE-DOCTORAL RESEARCH","489","14169","",""," ","Closed","0","0","Rao, I.","Face-to-Face","3","https://www.bkstr.com/webapp/wcs/stores/servlet/booklookServlet?bookstore_id-1=584&term_id-1=2022 Spring&crn-1=14169",""
