"Term","Course","Title","Section","CRN","Days","Times","Location","Status","Max","Now","Instructor","Delivery Mode","Credits","Info","Comments"
"202210","MECH234","ENGINEERING MECHANICS","002","14170","M","11:30 AM - 1:25 PM","CKB 204","Open","80","48","Milano, Geraldine","Hybrid","2","https://www.bkstr.com/webapp/wcs/stores/servlet/booklookServlet?bookstore_id-1=584&term_id-1=2022 Spring&crn-1=14170","Hybrid Course<br />See course syllabus for meetings held remotely.<br />https://www.njit.edu/registrar/instructionaldelivery/<br />This course has common exams.<br />See https://www.njit.edu/registrar/exams/ for details."
"202210","MECH234","ENGINEERING MECHANICS","004","14171","W","11:30 AM - 1:25 PM","KUPF 118","Open","80","40","Milano, Geraldine","Hybrid","2","https://www.bkstr.com/webapp/wcs/stores/servlet/booklookServlet?bookstore_id-1=584&term_id-1=2022 Spring&crn-1=14171","Hybrid Course<br />See course syllabus for meetings held remotely.<br />https://www.njit.edu/registrar/instructionaldelivery/<br />This course has common exams.<br />See https://www.njit.edu/registrar/exams/ for details."
"202210","MECH235","STATICS","002","14172","M","10:00 AM - 11:20 AM"," ","Closed","25","25","Saigal, Sunil","Synchronous Online","3","https://www.bkstr.com/webapp/wcs/stores/servlet/booklookServlet?bookstore_id-1=584&term_id-1=2022 Spring&crn-1=14172","Please note: This section will run<br />Synchronous Online through February 28, 2022,<br />and revert to Hybrid on March 1, 2022"
"202210","MECH235","STATICS","002","14172","M","1:00 PM - 2:00 PM","COLT 416","Closed","25","25","Saigal, Sunil","Synchronous Online","3","https://www.bkstr.com/webapp/wcs/stores/servlet/booklookServlet?bookstore_id-1=584&term_id-1=2022 Spring&crn-1=14172","Please note: This section will run<br />Synchronous Online through February 28, 2022,<br />and revert to Hybrid on March 1, 2022"
"202210","MECH235","STATICS","002","14172","W","10:00 AM - 11:20 AM","ECEC 100","Closed","25","25","Saigal, Sunil","Synchronous Online","3","https://www.bkstr.com/webapp/wcs/stores/servlet/booklookServlet?bookstore_id-1=584&term_id-1=2022 Spring&crn-1=14172","Please note: This section will run<br />Synchronous Online through February 28, 2022,<br />and revert to Hybrid on March 1, 2022"
"202210","MECH235","STATICS","004","14173","M","10:00 AM - 11:20 AM"," ","Closed","25","25","Saigal, Sunil","Synchronous Online","3","https://www.bkstr.com/webapp/wcs/stores/servlet/booklookServlet?bookstore_id-1=584&term_id-1=2022 Spring&crn-1=14173","Please note: This section will run<br />Synchronous Online through February 28, 2022,<br />and revert to Hybrid March 1, 2022"
"202210","MECH235","STATICS","004","14173","T","2:30 PM - 3:30 PM","CULM 110","Closed","25","25","Saigal, Sunil","Synchronous Online","3","https://www.bkstr.com/webapp/wcs/stores/servlet/booklookServlet?bookstore_id-1=584&term_id-1=2022 Spring&crn-1=14173","Please note: This section will run<br />Synchronous Online through February 28, 2022,<br />and revert to Hybrid March 1, 2022"
"202210","MECH235","STATICS","004","14173","W","10:00 AM - 11:20 AM","ECEC 100","Closed","25","25","Saigal, Sunil","Synchronous Online","3","https://www.bkstr.com/webapp/wcs/stores/servlet/booklookServlet?bookstore_id-1=584&term_id-1=2022 Spring&crn-1=14173","Please note: This section will run<br />Synchronous Online through February 28, 2022,<br />and revert to Hybrid March 1, 2022"
"202210","MECH236","DYNAMICS","002","14174","T","1:00 PM - 2:55 PM"," ","Cancelled","90","0","","Hybrid","2","https://www.bkstr.com/webapp/wcs/stores/servlet/booklookServlet?bookstore_id-1=584&term_id-1=2022 Spring&crn-1=14174","Cancelled 11/29/21"
"202210","MECH236","DYNAMICS","004","15652","M","2:30 PM - 4:25 PM","GITC 1400","Closed","90","90","Ding, Yuan","Hybrid","2","https://www.bkstr.com/webapp/wcs/stores/servlet/booklookServlet?bookstore_id-1=584&term_id-1=2022 Spring&crn-1=15652","Hybrid Course - Meets Alternate Weeks<br />https://www.njit.edu/registrar/instructionaldelivery/"
"202210","MECH236","DYNAMICS","102","14175","T","6:00 PM - 7:55 PM","KUPF 210","Open","90","74","Ding, Yuan","Face-to-Face","2","https://www.bkstr.com/webapp/wcs/stores/servlet/booklookServlet?bookstore_id-1=584&term_id-1=2022 Spring&crn-1=14175",""
"202210","MECH236","DYNAMICS - HONORS","H02","14176","T","6:00 PM - 7:55 PM"," ","Cancelled","43","0","","Hybrid","2","https://www.bkstr.com/webapp/wcs/stores/servlet/booklookServlet?bookstore_id-1=584&term_id-1=2022 Spring&crn-1=14176","Cancelled 11/29/21"
"202210","MECH236","DYNAMICS - HONORS","HM2","15653","M","2:30 PM - 4:25 PM","GITC 1400","Closed","10","10","Ding, Yuan","Hybrid","2","https://www.bkstr.com/webapp/wcs/stores/servlet/booklookServlet?bookstore_id-1=584&term_id-1=2022 Spring&crn-1=15653","Honors Course<br />Hybrid Course - Meets Alternate Weeks<br />https://www.njit.edu/registrar/instructionaldelivery/"
"202210","MECH237","STRENGTH OF MATERIALS","002","14177","M","11:30 AM - 2:20 PM","KUPF 210","Closed","24","24","Castro, Eduardo","Hybrid","3","https://www.bkstr.com/webapp/wcs/stores/servlet/booklookServlet?bookstore_id-1=584&term_id-1=2022 Spring&crn-1=14177","CIVIL ENGINEERING STUDENTS ONLY<br />Hybrid Course - Meets Alternate Weeks<br />https://www.njit.edu/registrar/instructionaldelivery/"
"202210","MECH237","STRENGTH OF MATERIALS","002","14177","M","8:30 AM - 9:30 AM","COLT 423","Closed","24","24","Castro, Eduardo","Hybrid","3","https://www.bkstr.com/webapp/wcs/stores/servlet/booklookServlet?bookstore_id-1=584&term_id-1=2022 Spring&crn-1=14177","CIVIL ENGINEERING STUDENTS ONLY<br />Hybrid Course - Meets Alternate Weeks<br />https://www.njit.edu/registrar/instructionaldelivery/"
"202210","MECH237","STRENGTH OF MATERIALS","004","14178","M","10:00 AM - 11:00 AM","COLT 423","Closed","24","24","Castro, Eduardo","Hybrid","3","https://www.bkstr.com/webapp/wcs/stores/servlet/booklookServlet?bookstore_id-1=584&term_id-1=2022 Spring&crn-1=14178","Hybrid Course - Meets Alternate Weeks<br />https://www.njit.edu/registrar/instructionaldelivery/"
"202210","MECH237","STRENGTH OF MATERIALS","004","14178","M","11:30 AM - 2:20 PM","KUPF 210","Closed","24","24","Castro, Eduardo","Hybrid","3","https://www.bkstr.com/webapp/wcs/stores/servlet/booklookServlet?bookstore_id-1=584&term_id-1=2022 Spring&crn-1=14178","Hybrid Course - Meets Alternate Weeks<br />https://www.njit.edu/registrar/instructionaldelivery/"
"202210","MECH237","STRENGTH OF MATERIALS","006","14179","T","10:00 AM - 11:00 AM","COLT 423","Closed","24","24","Milano, Geraldine","Hybrid","3","https://www.bkstr.com/webapp/wcs/stores/servlet/booklookServlet?bookstore_id-1=584&term_id-1=2022 Spring&crn-1=14179","Non-Civil Engineering Students Only<br />Hybrid Course<br />See course syllabus for meetings held remotely.<br />https://www.njit.edu/registrar/instructionaldelivery/"
"202210","MECH237","STRENGTH OF MATERIALS","006","14179","T","11:30 AM - 2:20 PM","WEST LECT 2","Closed","24","24","Milano, Geraldine","Hybrid","3","https://www.bkstr.com/webapp/wcs/stores/servlet/booklookServlet?bookstore_id-1=584&term_id-1=2022 Spring&crn-1=14179","Non-Civil Engineering Students Only<br />Hybrid Course<br />See course syllabus for meetings held remotely.<br />https://www.njit.edu/registrar/instructionaldelivery/"
"202210","MECH237","STRENGTH OF MATERIALS","008","14180","T","11:30 AM - 2:20 PM","WEST LECT 2","Closed","24","24","Milano, Geraldine","Hybrid","3","https://www.bkstr.com/webapp/wcs/stores/servlet/booklookServlet?bookstore_id-1=584&term_id-1=2022 Spring&crn-1=14180","Non-Civil Engineering Students Only<br />Hybrid Course<br />See course syllabus for meetings held remotely.<br />https://www.njit.edu/registrar/instructionaldelivery/"
"202210","MECH237","STRENGTH OF MATERIALS","008","14180","T","2:30 PM - 3:30 PM","COLT 423","Closed","24","24","Milano, Geraldine","Hybrid","3","https://www.bkstr.com/webapp/wcs/stores/servlet/booklookServlet?bookstore_id-1=584&term_id-1=2022 Spring&crn-1=14180","Non-Civil Engineering Students Only<br />Hybrid Course<br />See course syllabus for meetings held remotely.<br />https://www.njit.edu/registrar/instructionaldelivery/"
"202210","MECH237","STRENGTH OF MATERIALS","010","14181","R","10:00 AM - 12:50 PM","KUPF 205","Closed","24","24","Castro, Eduardo","Hybrid","3","https://www.bkstr.com/webapp/wcs/stores/servlet/booklookServlet?bookstore_id-1=584&term_id-1=2022 Spring&crn-1=14181","Hybrid Course - Meets Alternate Weeks<br />https://www.njit.edu/registrar/instructionaldelivery/"
"202210","MECH237","STRENGTH OF MATERIALS","010","14181","R","1:00 PM - 2:00 PM","COLT 423","Closed","24","24","Castro, Eduardo","Hybrid","3","https://www.bkstr.com/webapp/wcs/stores/servlet/booklookServlet?bookstore_id-1=584&term_id-1=2022 Spring&crn-1=14181","Hybrid Course - Meets Alternate Weeks<br />https://www.njit.edu/registrar/instructionaldelivery/"
"202210","MECH237","STRENGTH OF MATERIALS","012","14182","R","10:00 AM - 12:50 PM","KUPF 205","Open","24","23","Castro, Eduardo","Hybrid","3","https://www.bkstr.com/webapp/wcs/stores/servlet/booklookServlet?bookstore_id-1=584&term_id-1=2022 Spring&crn-1=14182","Hybrid Course - Meets Alternate Weeks<br />https://www.njit.edu/registrar/instructionaldelivery/"
"202210","MECH237","STRENGTH OF MATERIALS","012","14182","R","2:30 PM - 3:30 PM","COLT 423","Open","24","23","Castro, Eduardo","Hybrid","3","https://www.bkstr.com/webapp/wcs/stores/servlet/booklookServlet?bookstore_id-1=584&term_id-1=2022 Spring&crn-1=14182","Hybrid Course - Meets Alternate Weeks<br />https://www.njit.edu/registrar/instructionaldelivery/"
"202210","MECH237","STRENGTH OF MATERIALS","102","14183","T","5:00 PM - 6:00 PM","COLT 423","Open","24","23","Milano, Geraldine","Hybrid","3","https://www.bkstr.com/webapp/wcs/stores/servlet/booklookServlet?bookstore_id-1=584&term_id-1=2022 Spring&crn-1=14183","Non-Civil Engineering Students Only<br />Hybrid Course<br />See course syllabus for meetings held remotely.<br />https://www.njit.edu/registrar/instructionaldelivery/"
"202210","MECH237","STRENGTH OF MATERIALS","102","14183","T","6:00 PM - 8:50 PM","FMH 408","Open","24","23","Milano, Geraldine","Hybrid","3","https://www.bkstr.com/webapp/wcs/stores/servlet/booklookServlet?bookstore_id-1=584&term_id-1=2022 Spring&crn-1=14183","Non-Civil Engineering Students Only<br />Hybrid Course<br />See course syllabus for meetings held remotely.<br />https://www.njit.edu/registrar/instructionaldelivery/"
"202210","MECH237","STRENGTH OF MATERIALS","104","14184","T","4:00 PM - 5:00 PM","COLT 423","Closed","24","24","Milano, Geraldine","Hybrid","3","https://www.bkstr.com/webapp/wcs/stores/servlet/booklookServlet?bookstore_id-1=584&term_id-1=2022 Spring&crn-1=14184","Non-Civil Engineering Students Only<br />Hybrid Course<br />See course syllabus for meetings held remotely.<br />https://www.njit.edu/registrar/instructionaldelivery/"
"202210","MECH237","STRENGTH OF MATERIALS","104","14184","T","6:00 PM - 8:50 PM","FMH 408","Closed","24","24","Milano, Geraldine","Hybrid","3","https://www.bkstr.com/webapp/wcs/stores/servlet/booklookServlet?bookstore_id-1=584&term_id-1=2022 Spring&crn-1=14184","Non-Civil Engineering Students Only<br />Hybrid Course<br />See course syllabus for meetings held remotely.<br />https://www.njit.edu/registrar/instructionaldelivery/"
"202210","MECH237","STRENGTH OF MATERIALS","106","14185","R","4:00 PM - 5:00 PM","COLT 423","Open","24","19","Castro, Eduardo","Hybrid","3","https://www.bkstr.com/webapp/wcs/stores/servlet/booklookServlet?bookstore_id-1=584&term_id-1=2022 Spring&crn-1=14185","Hybrid Course - Meets Alternate Weeks<br />https://www.njit.edu/registrar/instructionaldelivery/"
"202210","MECH237","STRENGTH OF MATERIALS","106","14185","R","6:00 PM - 8:50 PM","KUPF 106","Open","24","19","Castro, Eduardo","Hybrid","3","https://www.bkstr.com/webapp/wcs/stores/servlet/booklookServlet?bookstore_id-1=584&term_id-1=2022 Spring&crn-1=14185","Hybrid Course - Meets Alternate Weeks<br />https://www.njit.edu/registrar/instructionaldelivery/"
"202210","MECH237","STRENGTH OF MATERIALS","108","14186","R","6:00 PM - 8:50 PM","KUPF 106","Open","24","15","Castro, Eduardo","Hybrid","3","https://www.bkstr.com/webapp/wcs/stores/servlet/booklookServlet?bookstore_id-1=584&term_id-1=2022 Spring&crn-1=14186","Hybrid Course - Meets Alternate Weeks<br />https://www.njit.edu/registrar/instructionaldelivery/"
"202210","MECH237","STRENGTH OF MATERIALS","108","14186","R","9:00 PM - 10:00 PM","COLT 423","Open","24","15","Castro, Eduardo","Hybrid","3","https://www.bkstr.com/webapp/wcs/stores/servlet/booklookServlet?bookstore_id-1=584&term_id-1=2022 Spring&crn-1=14186","Hybrid Course - Meets Alternate Weeks<br />https://www.njit.edu/registrar/instructionaldelivery/"
"202210","MECH320","STATICS & MECH OF MATERL","102","14187","W","6:00 PM - 8:50 PM","KUPF 206","Open","45","14","Attara, Medhat","Face-to-Face","3","https://www.bkstr.com/webapp/wcs/stores/servlet/booklookServlet?bookstore_id-1=584&term_id-1=2022 Spring&crn-1=14187",""
