"Term","Course","Title","Section","CRN","Days","Times","Location","Status","Max","Now","Instructor","Delivery Mode","Credits","Info","Comments"
"202210","MET103","ENGRG GRAPHICS & INTRO TO CAD","002","14188","T","2:30 PM - 5:20 PM","FENS 160","Closed","29","29","Rahman, Sahidur","Face-to-Face","2","https://www.bkstr.com/webapp/wcs/stores/servlet/booklookServlet?bookstore_id-1=584&term_id-1=2022 Spring&crn-1=14188",""
"202210","MET103","ENGRG GRAPHICS & INTRO TO CAD","102","14189","F","6:00 PM - 8:50 PM","GITC 2302","Closed","26","26","Beshay, Joseph","Face-to-Face","2","https://www.bkstr.com/webapp/wcs/stores/servlet/booklookServlet?bookstore_id-1=584&term_id-1=2022 Spring&crn-1=14189",""
"202210","MET103","ENGRG GRAPHICS & INTRO TO CAD","EST","15996","",""," ","Closed","0","41","","Face-to-Face","2","https://www.bkstr.com/webapp/wcs/stores/servlet/booklookServlet?bookstore_id-1=584&term_id-1=2022 Spring&crn-1=15996","For Essex County Schools of Technology Students Only"
"202210","MET103","ENGRG GRAPHICS & INTRO TO CAD","OTH","15935","",""," ","Closed","0","9","","Face-to-Face","2","https://www.bkstr.com/webapp/wcs/stores/servlet/booklookServlet?bookstore_id-1=584&term_id-1=2022 Spring&crn-1=15935","For Ocean Township High School Students Only"
"202210","MET105","APPLIED CAD","002","14190","F","1:00 PM - 3:50 PM","GITC 2315B","Closed","20","20","Habeel, Fady","Face-to-Face","2","https://www.bkstr.com/webapp/wcs/stores/servlet/booklookServlet?bookstore_id-1=584&term_id-1=2022 Spring&crn-1=14190",""
"202210","MET105","APPLIED CAD","102","14191","M","6:00 PM - 8:50 PM","GITC 2315A","Open","20","19","Makris, Georghios","Face-to-Face","2","https://www.bkstr.com/webapp/wcs/stores/servlet/booklookServlet?bookstore_id-1=584&term_id-1=2022 Spring&crn-1=14191",""
"202210","MET105","APPLIED CAD","OTH","15934","",""," ","Closed","0","11","","Face-to-Face","2","https://www.bkstr.com/webapp/wcs/stores/servlet/booklookServlet?bookstore_id-1=584&term_id-1=2022 Spring&crn-1=15934","For Ocean Township High School Students Only"
"202210","MET205","ADVANCED CAD","102","14192","M","6:00 PM - 10:05 PM"," ","Cancelled","20","0","","Face-to-Face","3","https://www.bkstr.com/webapp/wcs/stores/servlet/booklookServlet?bookstore_id-1=584&term_id-1=2022 Spring&crn-1=14192","canceled 1/10/22"
"202210","MET235","STATICS FOR TECHNOLOGY","002","14193","TF","10:00 AM - 11:20 AM","CKB 341","Closed","20","22","Nolan, Rebecca","Face-to-Face","3","https://www.bkstr.com/webapp/wcs/stores/servlet/booklookServlet?bookstore_id-1=584&term_id-1=2022 Spring&crn-1=14193",""
"202210","MET235","STATICS FOR TECHNOLOGY","102","14194","M","6:00 PM - 8:50 PM"," ","Cancelled","20","0","","Face-to-Face","3","https://www.bkstr.com/webapp/wcs/stores/servlet/booklookServlet?bookstore_id-1=584&term_id-1=2022 Spring&crn-1=14194","cancelled 1/10/22"
"202210","MET236","DYNAMICS FOR TECHNOLOGY","102","14195","R","6:00 PM - 7:55 PM","FMH 405","Open","30","19","Botros, Mina","Face-to-Face","2","https://www.bkstr.com/webapp/wcs/stores/servlet/booklookServlet?bookstore_id-1=584&term_id-1=2022 Spring&crn-1=14195",""
"202210","MET237","STRNGTH OF MATERIALS FOR TEC","002","14196","M","10:00 AM - 11:55 AM","CKB 106","Open","20","15","Rohafza, Ali","Face-to-Face","3","https://www.bkstr.com/webapp/wcs/stores/servlet/booklookServlet?bookstore_id-1=584&term_id-1=2022 Spring&crn-1=14196",""
"202210","MET237","STRNGTH OF MATERIALS FOR TEC","002","14196","R","1:00 PM - 2:55 PM","FMH 307","Open","20","15","Rohafza, Ali","Face-to-Face","3","https://www.bkstr.com/webapp/wcs/stores/servlet/booklookServlet?bookstore_id-1=584&term_id-1=2022 Spring&crn-1=14196",""
"202210","MET237","STRNGTH OF MATERIALS FOR TEC","102","14197","T","6:00 PM - 7:55 PM","CKB 220","Closed","20","20","Savransky, Maxim","Face-to-Face","3","https://www.bkstr.com/webapp/wcs/stores/servlet/booklookServlet?bookstore_id-1=584&term_id-1=2022 Spring&crn-1=14197",""
"202210","MET237","STRNGTH OF MATERIALS FOR TEC","102","14197","T","8:05 PM - 10:00 PM","CKB 220","Closed","20","20","Savransky, Maxim","Face-to-Face","3","https://www.bkstr.com/webapp/wcs/stores/servlet/booklookServlet?bookstore_id-1=584&term_id-1=2022 Spring&crn-1=14197",""
"202210","MET301","ANAL & DGN MACHN ELEMS I","002","14198","M","1:00 PM - 2:55 PM","CKB 317","Open","20","12","Sengupta, Arijit","Face-to-Face","3","https://www.bkstr.com/webapp/wcs/stores/servlet/booklookServlet?bookstore_id-1=584&term_id-1=2022 Spring&crn-1=14198",""
"202210","MET301","ANAL & DGN MACHN ELEMS I","002","14198","R","10:00 AM - 11:55 AM","ME 214","Open","20","12","Sengupta, Arijit","Face-to-Face","3","https://www.bkstr.com/webapp/wcs/stores/servlet/booklookServlet?bookstore_id-1=584&term_id-1=2022 Spring&crn-1=14198",""
"202210","MET301","ANAL & DGN MACHN ELEMS I","102","14199","M","6:00 PM - 7:55 PM","FMH 207","Closed","20","20","Belal, Ahmed","Face-to-Face","3","https://www.bkstr.com/webapp/wcs/stores/servlet/booklookServlet?bookstore_id-1=584&term_id-1=2022 Spring&crn-1=14199",""
"202210","MET301","ANAL & DGN MACHN ELEMS I","102","14199","M","8:05 PM - 10:00 PM","ME 214","Closed","20","20","Belal, Ahmed","Face-to-Face","3","https://www.bkstr.com/webapp/wcs/stores/servlet/booklookServlet?bookstore_id-1=584&term_id-1=2022 Spring&crn-1=14199",""
"202210","MET302","ANAL & DGN MACHN ELEM II","002","14200","MW","8:30 AM - 9:50 AM","CKB 320","Open","25","13","Kabakibi, Nabil","Face-to-Face","3","https://www.bkstr.com/webapp/wcs/stores/servlet/booklookServlet?bookstore_id-1=584&term_id-1=2022 Spring&crn-1=14200",""
"202210","MET302","ANAL & DGN MACHN ELEM II","102","14201","T","6:00 PM - 8:50 PM","TIER 114","Open","25","14","Belal, Ahmed","Face-to-Face","3","https://www.bkstr.com/webapp/wcs/stores/servlet/booklookServlet?bookstore_id-1=584&term_id-1=2022 Spring&crn-1=14201",""
"202210","MET303","APPLIED THERMODYNAMICS","102","14202","F","6:00 PM - 8:50 PM","CKB 206","Open","30","18","Rohafza, Ali","Face-to-Face","3","https://www.bkstr.com/webapp/wcs/stores/servlet/booklookServlet?bookstore_id-1=584&term_id-1=2022 Spring&crn-1=14202",""
"202210","MET303","APPLIED THERMODYNAMICS","452","14203","",""," ","Open","30","29","Tafuni, Angelantonio","","3","https://www.bkstr.com/webapp/wcs/stores/servlet/booklookServlet?bookstore_id-1=584&term_id-1=2022 Spring&crn-1=14203","Online Course"
"202210","MET304","APPLIED FLUID MECHANICS","002","14204","R","11:30 AM - 1:25 PM","ME 110","Closed","20","20","Rahman, Sahidur","Face-to-Face","3","https://www.bkstr.com/webapp/wcs/stores/servlet/booklookServlet?bookstore_id-1=584&term_id-1=2022 Spring&crn-1=14204",""
"202210","MET304","APPLIED FLUID MECHANICS","002","14204","T","11:30 AM - 1:25 PM","CKB 214","Closed","20","20","Rahman, Sahidur","Face-to-Face","3","https://www.bkstr.com/webapp/wcs/stores/servlet/booklookServlet?bookstore_id-1=584&term_id-1=2022 Spring&crn-1=14204",""
"202210","MET304","APPLIED FLUID MECHANICS","102","14205","F","6:00 PM - 7:55 PM","CKB 214","Closed","20","21","Rahman, Sahidur","Face-to-Face","3","https://www.bkstr.com/webapp/wcs/stores/servlet/booklookServlet?bookstore_id-1=584&term_id-1=2022 Spring&crn-1=14205",""
"202210","MET304","APPLIED FLUID MECHANICS","102","14205","F","8:05 PM - 10:00 PM","ME 110","Closed","20","21","Rahman, Sahidur","Face-to-Face","3","https://www.bkstr.com/webapp/wcs/stores/servlet/booklookServlet?bookstore_id-1=584&term_id-1=2022 Spring&crn-1=14205",""
"202210","MET314","DYNAMICS OF MACHINERY","002","14206","F","2:30 PM - 4:25 PM"," ","Cancelled","20","0","","Face-to-Face","3","https://www.bkstr.com/webapp/wcs/stores/servlet/booklookServlet?bookstore_id-1=584&term_id-1=2022 Spring&crn-1=14206","Cancelled 1/5/22"
"202210","MET314","DYNAMICS OF MACHINERY","002","14206","T","2:30 PM - 4:25 PM"," ","Cancelled","20","0","","Face-to-Face","3","https://www.bkstr.com/webapp/wcs/stores/servlet/booklookServlet?bookstore_id-1=584&term_id-1=2022 Spring&crn-1=14206","Cancelled 1/5/22"
"202210","MET314","DYNAMICS OF MACHINERY","102","14207","T","6:00 PM - 7:55 PM","TIER 106","Closed","20","20","Botros, Mina","Face-to-Face","3","https://www.bkstr.com/webapp/wcs/stores/servlet/booklookServlet?bookstore_id-1=584&term_id-1=2022 Spring&crn-1=14207",""
"202210","MET314","DYNAMICS OF MACHINERY","102","14207","T","8:05 PM - 10:00 PM","ME 214","Closed","20","20","Botros, Mina","Face-to-Face","3","https://www.bkstr.com/webapp/wcs/stores/servlet/booklookServlet?bookstore_id-1=584&term_id-1=2022 Spring&crn-1=14207",""
"202210","MET395","COOP EXPERIENCE I","349","14208","",""," ","Closed","0","1","Lieber, Samuel","Face-to-Face","3","https://www.bkstr.com/webapp/wcs/stores/servlet/booklookServlet?bookstore_id-1=584&term_id-1=2022 Spring&crn-1=14208","Synchronous Online Course<br />https://www5.njit.edu/registrar/instructionaldelivery/"
"202210","MET395","COOP EXPERIENCE I","357","14209","",""," ","Closed","0","0","Juliano, Thomas","Face-to-Face","3","https://www.bkstr.com/webapp/wcs/stores/servlet/booklookServlet?bookstore_id-1=584&term_id-1=2022 Spring&crn-1=14209","Synchronous Online Course<br />https://www5.njit.edu/registrar/instructionaldelivery/"
"202210","MET407","STRUCTURAL DESIGN","102","14210","W","6:00 PM - 7:55 PM"," ","Cancelled","20","0","","Face-to-Face","3","https://www.bkstr.com/webapp/wcs/stores/servlet/booklookServlet?bookstore_id-1=584&term_id-1=2022 Spring&crn-1=14210","cancelled 1/10/22"
"202210","MET407","STRUCTURAL DESIGN","102","14210","W","8:05 PM - 10:00 PM"," ","Cancelled","20","0","","Face-to-Face","3","https://www.bkstr.com/webapp/wcs/stores/servlet/booklookServlet?bookstore_id-1=584&term_id-1=2022 Spring&crn-1=14210","cancelled 1/10/22"
"202210","MET415","AUTOMATIC CONTROL SYSTEMS","102","14211","T","6:00 PM - 10:05 PM","GITC 2310","Closed","20","22","Awad, Majd","Face-to-Face","3","https://www.bkstr.com/webapp/wcs/stores/servlet/booklookServlet?bookstore_id-1=584&term_id-1=2022 Spring&crn-1=14211",""
"202210","MET415","AUTOMATIC CONTROL SYSTEMS","104","14212","F","6:00 PM - 10:05 PM"," ","Cancelled","20","0","","Face-to-Face","3","https://www.bkstr.com/webapp/wcs/stores/servlet/booklookServlet?bookstore_id-1=584&term_id-1=2022 Spring&crn-1=14212","cancelled 1/10/22"
"202210","MET450","MECH DESIGN CAPSTONE PROJECT","102","14213","R","6:00 PM - 10:05 PM","FMH 207","Open","20","9","Rodriguez, Maximiliano","Face-to-Face","3","https://www.bkstr.com/webapp/wcs/stores/servlet/booklookServlet?bookstore_id-1=584&term_id-1=2022 Spring&crn-1=14213",""
"202210","MET450","MECH DESIGN CAPSTONE PROJECT","104","14214","W","6:00 PM - 10:05 PM","CKB 315","Closed","20","20","Beshay, Joseph","Face-to-Face","3","https://www.bkstr.com/webapp/wcs/stores/servlet/booklookServlet?bookstore_id-1=584&term_id-1=2022 Spring&crn-1=14214",""
"202210","MET495","CO-OP WORK EXPERIENCE II","349","14215","",""," ","Closed","0","1","Lieber, Samuel","Face-to-Face","3","https://www.bkstr.com/webapp/wcs/stores/servlet/booklookServlet?bookstore_id-1=584&term_id-1=2022 Spring&crn-1=14215",""
"202210","MET495","CO-OP WORK EXPERIENCE II","357","14216","",""," ","Closed","0","0","Juliano, Thomas","Face-to-Face","3","https://www.bkstr.com/webapp/wcs/stores/servlet/booklookServlet?bookstore_id-1=584&term_id-1=2022 Spring&crn-1=14216",""
