"Term","Course","Title","Section","CRN","Days","Times","Location","Status","Max","Now","Instructor","Delivery Mode","Credits","Info","Comments"
"202210","MGMT116","QUANTITATIVE ANALYSIS APPL BUS","002","14217","M","8:30 AM - 10:25 AM","TIER LECT 2","Open","43","41","Nejatbakhsh, Yousef","Face-to-Face","4","https://www.bkstr.com/webapp/wcs/stores/servlet/booklookServlet?bookstore_id-1=584&term_id-1=2022 Spring&crn-1=14217","Students must bring their own device for this section."
"202210","MGMT116","QUANTITATIVE ANALYSIS APPL BUS","002","14217","MR","2:30 PM - 3:50 PM","CKB 217","Open","43","41","Nejatbakhsh, Yousef","Face-to-Face","4","https://www.bkstr.com/webapp/wcs/stores/servlet/booklookServlet?bookstore_id-1=584&term_id-1=2022 Spring&crn-1=14217","Students must bring their own device for this section."
"202210","MGMT116","QUANTITATIVE ANALYSIS APPL BUS","004","14218","M","8:30 AM - 10:25 AM","TIER LECT 2","Closed","39","39","Rudna, Olena","Face-to-Face","4","https://www.bkstr.com/webapp/wcs/stores/servlet/booklookServlet?bookstore_id-1=584&term_id-1=2022 Spring&crn-1=14218","Students must bring their own device for this section."
"202210","MGMT116","QUANTITATIVE ANALYSIS APPL BUS","004","14218","TR","1:00 PM - 2:20 PM","CKB 317","Closed","39","39","Rudna, Olena","Face-to-Face","4","https://www.bkstr.com/webapp/wcs/stores/servlet/booklookServlet?bookstore_id-1=584&term_id-1=2022 Spring&crn-1=14218","Students must bring their own device for this section."
"202210","MGMT116","QUANTITATIVE ANALYSIS APPL BUS","102","14219","F","6:00 PM - 7:55 PM","CKB 223","Open","39","20","Rudna, Olena","Face-to-Face","4","https://www.bkstr.com/webapp/wcs/stores/servlet/booklookServlet?bookstore_id-1=584&term_id-1=2022 Spring&crn-1=14219","Students must bring their own device for this section."
"202210","MGMT116","QUANTITATIVE ANALYSIS APPL BUS","102","14219","T","6:00 PM - 8:50 PM","TIER 108","Open","39","20","Rudna, Olena","Face-to-Face","4","https://www.bkstr.com/webapp/wcs/stores/servlet/booklookServlet?bookstore_id-1=584&term_id-1=2022 Spring&crn-1=14219","Students must bring their own device for this section."
"202210","MGMT190","INTRODUCTION TO BUSINESS","002","14220","MW","1:00 PM - 2:20 PM","KUPF 209","Open","60","38","Salmeron, Maria","Face-to-Face","3","https://www.bkstr.com/webapp/wcs/stores/servlet/booklookServlet?bookstore_id-1=584&term_id-1=2022 Spring&crn-1=14220",""
"202210","MGMT190","INTRODUCTION TO BUSINESS","CHS","15895","",""," ","Closed","0","8","","Face-to-Face","3","https://www.bkstr.com/webapp/wcs/stores/servlet/booklookServlet?bookstore_id-1=584&term_id-1=2022 Spring&crn-1=15895","For Woodbridge Township School District Students Only"
"202210","MGMT190","INTRODUCTION TO BUSINESS","HS1","15806","S","9:00 AM - 11:50 AM","CKB 114","Open","20","11","Salmeron, Maria","Face-to-Face","3","https://www.bkstr.com/webapp/wcs/stores/servlet/booklookServlet?bookstore_id-1=584&term_id-1=2022 Spring&crn-1=15806","For High School Students Only"
"202210","MGMT216","BUSINESS DATA ANALYTICS","002","14221","MW","8:30 AM - 9:50 AM","CULM LECT 3","Closed","43","43","Chang, Ai Chih","Face-to-Face","3","https://www.bkstr.com/webapp/wcs/stores/servlet/booklookServlet?bookstore_id-1=584&term_id-1=2022 Spring&crn-1=14221","Students must bring their own device for this section."
"202210","MGMT216","BUSINESS DATA ANALYTICS","004","14222","TR","1:00 PM - 2:20 PM","CKB 217","Open","43","29","Egbelu, Pius","Face-to-Face","3","https://www.bkstr.com/webapp/wcs/stores/servlet/booklookServlet?bookstore_id-1=584&term_id-1=2022 Spring&crn-1=14222","Students must bring their own device for this section."
"202210","MGMT216","BUSINESS DATA ANALYTICS","102","14223","R","6:00 PM - 7:20 PM","KUPF 203","Open","39","10","Egbelu, Pius","Face-to-Face","3","https://www.bkstr.com/webapp/wcs/stores/servlet/booklookServlet?bookstore_id-1=584&term_id-1=2022 Spring&crn-1=14223","Students must bring their own device for this section."
"202210","MGMT216","BUSINESS DATA ANALYTICS","102","14223","T","6:00 PM - 7:20 PM","CKB 317","Open","39","10","Egbelu, Pius","Face-to-Face","3","https://www.bkstr.com/webapp/wcs/stores/servlet/booklookServlet?bookstore_id-1=584&term_id-1=2022 Spring&crn-1=14223","Students must bring their own device for this section."
"202210","MGMT290","BUSINESS LAW I","002","14224","MW","1:00 PM - 2:20 PM","KUPF 103","Closed","43","43","LaFuente, Miriam","Face-to-Face","3","https://www.bkstr.com/webapp/wcs/stores/servlet/booklookServlet?bookstore_id-1=584&term_id-1=2022 Spring&crn-1=14224",""
"202210","MGMT290","BUSINESS LAW I","102","14225","W","6:00 PM - 8:50 PM","KUPF 205","Closed","43","43","Salmeron, Maria","Face-to-Face","3","https://www.bkstr.com/webapp/wcs/stores/servlet/booklookServlet?bookstore_id-1=584&term_id-1=2022 Spring&crn-1=14225",""
"202210","MGMT290","BUSINESS LAW I","452","14226","",""," ","Closed","43","43","Garcia, Andrew","","3","https://www.bkstr.com/webapp/wcs/stores/servlet/booklookServlet?bookstore_id-1=584&term_id-1=2022 Spring&crn-1=14226","Online Course"
"202210","MGMT310","CO-OP WORK EXPERIENCE I","873","14227","",""," ","Closed","0","5","Tamke, William","Face-to-Face","3","https://www.bkstr.com/webapp/wcs/stores/servlet/booklookServlet?bookstore_id-1=584&term_id-1=2022 Spring&crn-1=14227",""
"202210","MGMT316","BUSINESS RESEARCH METHODS","002","14228","TR","2:30 PM - 3:50 PM","KUPF 105","Closed","43","43","Shi, Junmin","Face-to-Face","3","https://www.bkstr.com/webapp/wcs/stores/servlet/booklookServlet?bookstore_id-1=584&term_id-1=2022 Spring&crn-1=14228","Students must bring their own device for this section."
"202210","MGMT316","BUSINESS RESEARCH METHODS","102","14229","M","6:00 PM - 7:20 PM","CAB 3052","Open","43","17","Casal, Jose","Face-to-Face","3","https://www.bkstr.com/webapp/wcs/stores/servlet/booklookServlet?bookstore_id-1=584&term_id-1=2022 Spring&crn-1=14229","Students must bring their own device for this section."
"202210","MGMT316","BUSINESS RESEARCH METHODS","102","14229","W","6:00 PM - 7:20 PM","CAB 3052","Open","43","17","Casal, Jose","Face-to-Face","3","https://www.bkstr.com/webapp/wcs/stores/servlet/booklookServlet?bookstore_id-1=584&term_id-1=2022 Spring&crn-1=14229","Students must bring their own device for this section."
"202210","MGMT350","KNOWLEDGE MANAGEMENT","102","14230","M","6:00 PM - 8:50 PM","KUPF 203","Open","43","16","Koskinen, Michael","Face-to-Face","3","https://www.bkstr.com/webapp/wcs/stores/servlet/booklookServlet?bookstore_id-1=584&term_id-1=2022 Spring&crn-1=14230","Students must bring their own device for this section."
"202210","MGMT360","BUSINESS LAW II","452","14231","",""," ","Open","43","37","Garcia, Andrew","","3","https://www.bkstr.com/webapp/wcs/stores/servlet/booklookServlet?bookstore_id-1=584&term_id-1=2022 Spring&crn-1=14231","Online Course"
"202210","MGMT390","PRINCIPLES OF BUSINESS","102","14232","T","6:00 PM - 8:50 PM","KUPF 208","Closed","32","32","Wareham, Christopher","Face-to-Face","3","https://www.bkstr.com/webapp/wcs/stores/servlet/booklookServlet?bookstore_id-1=584&term_id-1=2022 Spring&crn-1=14232",""
"202210","MGMT390","PRINCIPLES OF BUSINESS","452","14233","",""," ","Closed","45","47","Roman, Joseph","","3","https://www.bkstr.com/webapp/wcs/stores/servlet/booklookServlet?bookstore_id-1=584&term_id-1=2022 Spring&crn-1=14233","Online Course"
"202210","MGMT390","PRINCIPLES OF BUSINESS","454","14234","",""," ","Closed","43","43","Egbelu, Pius","","3","https://www.bkstr.com/webapp/wcs/stores/servlet/booklookServlet?bookstore_id-1=584&term_id-1=2022 Spring&crn-1=14234","Online Course"
"202210","MGMT390","PRINCIPLES OF BUSINESS","456","14235","",""," ","Closed","45","45","Scott, Michele","","3","https://www.bkstr.com/webapp/wcs/stores/servlet/booklookServlet?bookstore_id-1=584&term_id-1=2022 Spring&crn-1=14235","Online Course"
"202210","MGMT390","PRINCIPLES OF BUSINESS","458","14236","",""," ","Closed","45","45","Tedesco, Barbara","","3","https://www.bkstr.com/webapp/wcs/stores/servlet/booklookServlet?bookstore_id-1=584&term_id-1=2022 Spring&crn-1=14236","Online Course"
"202210","MGMT390","PRINCIPLES OF BUSINESS - HONORS","HM2","14237","T","6:00 PM - 8:50 PM","KUPF 208","Open","10","7","Wareham, Christopher","Face-to-Face","3","https://www.bkstr.com/webapp/wcs/stores/servlet/booklookServlet?bookstore_id-1=584&term_id-1=2022 Spring&crn-1=14237","Honors Course"
"202210","MGMT391","INTERNATIONAL BUSINESS","102","14238","R","7:30 PM - 8:50 PM","TIER 113","Open","39","36","Doganalp, Selin","Synchronous Online","3","https://www.bkstr.com/webapp/wcs/stores/servlet/booklookServlet?bookstore_id-1=584&term_id-1=2022 Spring&crn-1=14238","Please Note: This class will run<br />Synchronous Online through<br />February 18, 2022"
"202210","MGMT391","INTERNATIONAL BUSINESS","102","14238","T","7:30 PM - 8:50 PM","CKB 120","Open","39","36","Doganalp, Selin","Synchronous Online","3","https://www.bkstr.com/webapp/wcs/stores/servlet/booklookServlet?bookstore_id-1=584&term_id-1=2022 Spring&crn-1=14238","Please Note: This class will run<br />Synchronous Online through<br />February 18, 2022"
"202210","MGMT391","INTERNATIONAL BUSINESS","452","14239","",""," ","Closed","43","45","Greenberg, Ronald","","3","https://www.bkstr.com/webapp/wcs/stores/servlet/booklookServlet?bookstore_id-1=584&term_id-1=2022 Spring&crn-1=14239","Online Course"
"202210","MGMT399","CAREER PLANNING AND MFT","002","14240","T","10:00 AM - 11:20 AM","CKB 317","Closed","30","30","Ehrhardt, William","Face-to-Face","1","https://www.bkstr.com/webapp/wcs/stores/servlet/booklookServlet?bookstore_id-1=584&term_id-1=2022 Spring&crn-1=14240","This class meets for the first 10 weeks of the semester."
"202210","MGMT399","CAREER PLANNING AND MFT","004","15631","T","11:30 AM - 12:50 PM","CKB 317","Closed","30","30","Ehrhardt, William","Face-to-Face","1","https://www.bkstr.com/webapp/wcs/stores/servlet/booklookServlet?bookstore_id-1=584&term_id-1=2022 Spring&crn-1=15631","This class meets for the first 10 weeks of the semester."
"202210","MGMT410","CO-OP WORK EXPERIENCE II","873","14242","",""," ","Closed","0","3","Tamke, William","Face-to-Face","3","https://www.bkstr.com/webapp/wcs/stores/servlet/booklookServlet?bookstore_id-1=584&term_id-1=2022 Spring&crn-1=14242",""
"202210","MGMT416","AI FOR BUSINESS DECISIONS","102","14243","F","6:00 PM - 7:20 PM","KUPF 207","Open","43","13","Fox, Wayne","Face-to-Face","3","https://www.bkstr.com/webapp/wcs/stores/servlet/booklookServlet?bookstore_id-1=584&term_id-1=2022 Spring&crn-1=14243",""
"202210","MGMT416","AI FOR BUSINESS DECISIONS","102","14243","W","6:00 PM - 7:20 PM","KUPF 207","Open","43","13","Fox, Wayne","Face-to-Face","3","https://www.bkstr.com/webapp/wcs/stores/servlet/booklookServlet?bookstore_id-1=584&term_id-1=2022 Spring&crn-1=14243",""
"202210","MGMT480","MANAGING TECH & INNOVATION","002","14244","MW","11:30 AM - 12:50 PM","KUPF 206","Open","43","42","Roy, Raja","Face-to-Face","3","https://www.bkstr.com/webapp/wcs/stores/servlet/booklookServlet?bookstore_id-1=584&term_id-1=2022 Spring&crn-1=14244",""
"202210","MGMT480","MANAGING TECH & INNOVATION","102","14245","R","6:00 PM - 7:20 PM","KUPF 118","Open","43","35","Zhang, Haisu","Face-to-Face","3","https://www.bkstr.com/webapp/wcs/stores/servlet/booklookServlet?bookstore_id-1=584&term_id-1=2022 Spring&crn-1=14245",""
"202210","MGMT480","MANAGING TECH & INNOVATION","102","14245","T","6:00 PM - 7:20 PM","KUPF 107","Open","43","35","Zhang, Haisu","Face-to-Face","3","https://www.bkstr.com/webapp/wcs/stores/servlet/booklookServlet?bookstore_id-1=584&term_id-1=2022 Spring&crn-1=14245",""
"202210","MGMT485","ST: CONSULTING PROJECT","002","15600","TR","4:00 PM - 5:20 PM","CKB 317","Closed","0","16","Pisciotta, Karen","Face-to-Face","3","https://www.bkstr.com/webapp/wcs/stores/servlet/booklookServlet?bookstore_id-1=584&term_id-1=2022 Spring&crn-1=15600",""
"202210","MGMT485","ST: PRINCIPLES OF REAL ESTATE","452","15571","",""," ","Closed","43","43","Berliner, Michelle","","3","https://www.bkstr.com/webapp/wcs/stores/servlet/booklookServlet?bookstore_id-1=584&term_id-1=2022 Spring&crn-1=15571","Online Course"
"202210","MGMT492","BUSINESS POLICY","002","14246","MW","1:00 PM - 2:20 PM","KUPF 104","Closed","43","43","Roy, Raja","Face-to-Face","3","https://www.bkstr.com/webapp/wcs/stores/servlet/booklookServlet?bookstore_id-1=584&term_id-1=2022 Spring&crn-1=14246",""
"202210","MGMT492","BUSINESS POLICY","102","14247","R","6:00 PM - 8:50 PM","CULM LECT 3","Open","33","19","Gargouri, Chanaz","Face-to-Face","3","https://www.bkstr.com/webapp/wcs/stores/servlet/booklookServlet?bookstore_id-1=584&term_id-1=2022 Spring&crn-1=14247",""
"202210","MGMT492","BUSINESS POLICY - HONORS","HM2","14248","R","6:00 PM - 8:50 PM","CULM LECT 3","Open","10","4","Gargouri, Chanaz","Face-to-Face","3","https://www.bkstr.com/webapp/wcs/stores/servlet/booklookServlet?bookstore_id-1=584&term_id-1=2022 Spring&crn-1=14248","Honors Course"
"202210","MGMT590","COOP WORK EXPERIENCE I","873","14249","",""," ","Closed","0","3","Tamke, William","Face-to-Face","1","https://www.bkstr.com/webapp/wcs/stores/servlet/booklookServlet?bookstore_id-1=584&term_id-1=2022 Spring&crn-1=14249",""
"202210","MGMT591","COOP WORK EXPERIENCE II","873","14250","",""," ","Closed","0","0","Tamke, William","Face-to-Face","1","https://www.bkstr.com/webapp/wcs/stores/servlet/booklookServlet?bookstore_id-1=584&term_id-1=2022 Spring&crn-1=14250",""
"202210","MGMT592","COOP WORK EXPERIENCE III","873","14251","",""," ","Closed","0","0","Tamke, William","Face-to-Face","1","https://www.bkstr.com/webapp/wcs/stores/servlet/booklookServlet?bookstore_id-1=584&term_id-1=2022 Spring&crn-1=14251",""
"202210","MGMT620","MANAGEMENT OF TECHNOLOGY","102","14252","M","6:00 PM - 8:50 PM","CKB 317","Closed","39","39","Elowitz, Ronald","Hybrid","3","https://www.bkstr.com/webapp/wcs/stores/servlet/booklookServlet?bookstore_id-1=584&term_id-1=2022 Spring&crn-1=14252","Hybrid Course - Meets Alternate Weeks<br />https://www.njit.edu/registrar/instructionaldelivery/<br />First In-Person Meeting: 1/24/22<br />Students must bring their own device for this section."
"202210","MGMT630","DECISION ANALYSIS","852","14253","",""," ","Open","43","16","Sylla, Cheickna","Online","3","https://www.bkstr.com/webapp/wcs/stores/servlet/booklookServlet?bookstore_id-1=584&term_id-1=2022 Spring&crn-1=14253","Restricted to Virtual Campus Students Only<br />Online Course"
"202210","MGMT635","DATA MINING&ANAL FOR MNGRS","102","14254","T","6:00 PM - 8:50 PM","CAB 3052","Closed","43","43","Fox, Wayne","Hybrid","3","https://www.bkstr.com/webapp/wcs/stores/servlet/booklookServlet?bookstore_id-1=584&term_id-1=2022 Spring&crn-1=14254","Hybrid Course - Meets Alternate Weeks<br />https://www.njit.edu/registrar/instructionaldelivery/<br />First In-Person Meeting: 1/18/22"
"202210","MGMT635","DATA MINING&ANAL FOR MNGRS","852","14255","",""," ","Open","43","8","Yu, Dantong","Online","3","https://www.bkstr.com/webapp/wcs/stores/servlet/booklookServlet?bookstore_id-1=584&term_id-1=2022 Spring&crn-1=14255","Restricted to Virtual Campus Students Only<br />Online Course"
"202210","MGMT640","INTRO TO ENTREPRENEURSHIP","852","14256","",""," ","Open","43","29","Bandera, Cesar","Online","3","https://www.bkstr.com/webapp/wcs/stores/servlet/booklookServlet?bookstore_id-1=584&term_id-1=2022 Spring&crn-1=14256","Restricted to Virtual Campus Students Only<br />Online Course"
"202210","MGMT650","KNOWLEDGE MANAGEMENT","852","14257","",""," ","Open","43","23","Koskinen, Michael","Online","3","https://www.bkstr.com/webapp/wcs/stores/servlet/booklookServlet?bookstore_id-1=584&term_id-1=2022 Spring&crn-1=14257","Restricted to Virtual Campus Students Only<br />Online Course"
"202210","MGMT654","MANAGEMENT CONSULTING","852","14258","",""," ","Open","43","16","Figueroa, Benjamin","Online","3","https://www.bkstr.com/webapp/wcs/stores/servlet/booklookServlet?bookstore_id-1=584&term_id-1=2022 Spring&crn-1=14258","Restricted to Virtual Campus Students Only<br />Online Course"
"202210","MGMT691","LEGAL AND ETHICAL ISSUES","852","14259","",""," ","Open","43","39","Bost, Jason","Online","3","https://www.bkstr.com/webapp/wcs/stores/servlet/booklookServlet?bookstore_id-1=584&term_id-1=2022 Spring&crn-1=14259","Restricted to Virtual Campus Students Only<br />Online Course"
"202210","MGMT691","LEGAL AND ETHICAL ISSUES","854","14260","",""," ","Open","43","39","Bost, Jason","","3","https://www.bkstr.com/webapp/wcs/stores/servlet/booklookServlet?bookstore_id-1=584&term_id-1=2022 Spring&crn-1=14260","Restricted to Newark Campus Students Only<br />Online Course"
"202210","MGMT692","STRATEGIC MANAGEMENT","852","14261","",""," ","Open","43","7","Schneider, Marguerite","","3","https://www.bkstr.com/webapp/wcs/stores/servlet/booklookServlet?bookstore_id-1=584&term_id-1=2022 Spring&crn-1=14261","Restricted to Newark Campus Students Only<br />Online Course"
"202210","MGMT692","STRATEGIC MANAGEMENT","854","14262","",""," ","Open","43","19","Schneider, Marguerite","Online","3","https://www.bkstr.com/webapp/wcs/stores/servlet/booklookServlet?bookstore_id-1=584&term_id-1=2022 Spring&crn-1=14262","Restricted to Virtual Campus Students Only<br />Online Course"
"202210","MGMT699","ST: INNOVATION, SOCIAL PRACTICE AND 
PLACE-BASED SOLUTIONS","102","14263","W","6:00 PM - 8:50 PM"," ","Cancelled","39","0","","Face-to-Face","3","https://www.bkstr.com/webapp/wcs/stores/servlet/booklookServlet?bookstore_id-1=584&term_id-1=2022 Spring&crn-1=14263","Cancelled 1/11/22"
"202210","MGMT699","ST: INTERNATIONAL BUSINESS STUDIES IN FRANCE","852","14264","",""," ","Closed","0","0","","","3","https://www.bkstr.com/webapp/wcs/stores/servlet/booklookServlet?bookstore_id-1=584&term_id-1=2022 Spring&crn-1=14264","Cancelled 01/10/22"
"202210","MGMT699","ST: INTERNATIONAL BUSINESS STUDIES IN FRANCE","854","14265","",""," ","Closed","0","0","","Online","3","https://www.bkstr.com/webapp/wcs/stores/servlet/booklookServlet?bookstore_id-1=584&term_id-1=2022 Spring&crn-1=14265","Cancelled 01/10/22"
"202210","MGMT735","DEEP LEARNING IN BUSINESS","102","14266","R","6:00 PM - 8:50 PM","CKB 204","Open","43","5","Yu, Dantong","Face-to-Face","3","https://www.bkstr.com/webapp/wcs/stores/servlet/booklookServlet?bookstore_id-1=584&term_id-1=2022 Spring&crn-1=14266",""
