"Term","Course","Title","Section","CRN","Days","Times","Location","Status","Max","Now","Instructor","Delivery Mode","Credits","Info","Comments"
"202210","MIS245","INTRO TO MNGMNT INFO SYST","002","14268","TR","11:30 AM - 12:50 PM","KUPF 203","Closed","43","43","Rudna, Olena","Face-to-Face","3","https://www.bkstr.com/webapp/wcs/stores/servlet/booklookServlet?bookstore_id-1=584&term_id-1=2022 Spring&crn-1=14268","Students must bring their own device for this section."
"202210","MIS245","INTRO TO MNGMNT INFO SYST","004","14269","TR","4:00 PM - 5:20 PM","CKB 223","Open","39","36","Rudna, Olena","Face-to-Face","3","https://www.bkstr.com/webapp/wcs/stores/servlet/booklookServlet?bookstore_id-1=584&term_id-1=2022 Spring&crn-1=14269","Students must bring their own device for this section."
"202210","MIS245","INTRO TO MNGMNT INFO SYST","102","14270","M","7:30 PM - 8:50 PM"," ","Cancelled","43","0","","Face-to-Face","3","https://www.bkstr.com/webapp/wcs/stores/servlet/booklookServlet?bookstore_id-1=584&term_id-1=2022 Spring&crn-1=14270","CANCELLED 1/10/22"
"202210","MIS245","INTRO TO MNGMNT INFO SYST","102","14270","W","7:30 PM - 8:50 PM"," ","Cancelled","43","0","","Face-to-Face","3","https://www.bkstr.com/webapp/wcs/stores/servlet/booklookServlet?bookstore_id-1=584&term_id-1=2022 Spring&crn-1=14270","CANCELLED 1/10/22"
"202210","MIS245","INTRO TO MNGMNT INFO SYST","452","14271","",""," ","Closed","43","43","Lovitch, Ira","","3","https://www.bkstr.com/webapp/wcs/stores/servlet/booklookServlet?bookstore_id-1=584&term_id-1=2022 Spring&crn-1=14271",""
"202210","MIS363","PROJCT MNGMNT FOR MANAGERS","002","14272","MW","1:00 PM - 2:20 PM","KUPF 105","Open","43","22","Chen, Yi","Face-to-Face","3","https://www.bkstr.com/webapp/wcs/stores/servlet/booklookServlet?bookstore_id-1=584&term_id-1=2022 Spring&crn-1=14272","Students must bring a laptop with a Windows Operating System<br />for this section."
"202210","MIS363","PROJCT MNGMNT FOR MANAGERS","004","14273","TR","4:00 PM - 5:20 PM","GITC 2302","Closed","35","35","Achacoso, Joseph","Face-to-Face","3","https://www.bkstr.com/webapp/wcs/stores/servlet/booklookServlet?bookstore_id-1=584&term_id-1=2022 Spring&crn-1=14273",""
"202210","MIS385","DATABASE SYSTEMS FOR MANAGERS","002","14274","MR","11:30 AM - 12:50 PM","CKB 120","Open","39","30","Pimentel Cavaleiro, Marta Sofia","Face-to-Face","3","https://www.bkstr.com/webapp/wcs/stores/servlet/booklookServlet?bookstore_id-1=584&term_id-1=2022 Spring&crn-1=14274","Students must bring their own device for this section."
"202210","MIS385","DATABASE SYSTEMS FOR MANAGERS","102","14275","R","6:00 PM - 7:20 PM"," ","Cancelled","39","0","","Face-to-Face","3","https://www.bkstr.com/webapp/wcs/stores/servlet/booklookServlet?bookstore_id-1=584&term_id-1=2022 Spring&crn-1=14275","Cancelled 1/11/22"
"202210","MIS385","DATABASE SYSTEMS FOR MANAGERS","102","14275","T","6:00 PM - 7:20 PM"," ","Cancelled","39","0","","Face-to-Face","3","https://www.bkstr.com/webapp/wcs/stores/servlet/booklookServlet?bookstore_id-1=584&term_id-1=2022 Spring&crn-1=14275","Cancelled 1/11/22"
"202210","MIS385","DATABASE SYSTEMS FOR MANAGERS","452","14276","",""," ","Closed","43","43","Pimentel Cavaleiro, Marta Sofia","","3","https://www.bkstr.com/webapp/wcs/stores/servlet/booklookServlet?bookstore_id-1=584&term_id-1=2022 Spring&crn-1=14276","Online Course"
"202210","MIS445","DEC SUPPRT TOOL & TECH MNGRS","002","14277","TR","4:00 PM - 5:20 PM","KUPF 203","Open","43","16","Pimentel Cavaleiro, Marta Sofia","Face-to-Face","3","https://www.bkstr.com/webapp/wcs/stores/servlet/booklookServlet?bookstore_id-1=584&term_id-1=2022 Spring&crn-1=14277","Students must bring their own device for this section."
"202210","MIS445","DEC SUPPRT TOOL & TECH MNGRS","452","14278","",""," ","Closed","43","43","Pimentel Cavaleiro, Marta Sofia","","3","https://www.bkstr.com/webapp/wcs/stores/servlet/booklookServlet?bookstore_id-1=584&term_id-1=2022 Spring&crn-1=14278","Online Course"
"202210","MIS645","INFORMTN SYSTEMS PRINCIPLES","102","14279","M","6:00 PM - 8:50 PM","TIER LECT 1","Closed","39","41","Sylla, Cheickna","Hybrid","3","https://www.bkstr.com/webapp/wcs/stores/servlet/booklookServlet?bookstore_id-1=584&term_id-1=2022 Spring&crn-1=14279","Hybrid Course - Meets Alternate Weeks<br />https://www.njit.edu/registrar/instructionaldelivery/<br />First In-Person Meeting: 1/31/22<br />Students must bring their own device for this section."
"202210","MIS645","INFORMTN SYSTEMS PRINCIPLES","852","14280","",""," ","Open","43","34","Fjermestad, Jerry","Online","3","https://www.bkstr.com/webapp/wcs/stores/servlet/booklookServlet?bookstore_id-1=584&term_id-1=2022 Spring&crn-1=14280","Restricted to Virtual Campus Students Only<br />Online Course"
"202210","MIS645","INFORMTN SYSTEMS PRINCIPLES","854","14281","",""," ","Open","43","24","Sylla, Cheickna","","3","https://www.bkstr.com/webapp/wcs/stores/servlet/booklookServlet?bookstore_id-1=584&term_id-1=2022 Spring&crn-1=14281","Restricted to Newark Campus Students Only<br />Online Course"
"202210","MIS648","DEC SUPPORT SYS FOR MNGRS","102","14282","T","6:00 PM - 8:50 PM","CKB 330","Open","39","27","Fjermestad, Jerry","Face-to-Face","3","https://www.bkstr.com/webapp/wcs/stores/servlet/booklookServlet?bookstore_id-1=584&term_id-1=2022 Spring&crn-1=14282",""
