"Term","Course","Title","Section","CRN","Days","Times","Location","Status","Max","Now","Instructor","Delivery Mode","Credits","Info","Comments"
"202210","MIT231","INTRO TO COMP SECURITY:MED DEV","102","14283","S","3:30 PM - 5:25 PM","GITC 2315B","Open","21","13","Lobo, Lancy","Hybrid","3","https://www.bkstr.com/webapp/wcs/stores/servlet/booklookServlet?bookstore_id-1=584&term_id-1=2022 Spring&crn-1=14283","Hybrid Course<br />https://www.njit.edu/registrar/instructionaldelivery/"
"202210","MIT231","INTRO TO COMP SECURITY:MED DEV","102","14283","",""," ","Open","21","13","Lobo, Lancy","Hybrid","3","https://www.bkstr.com/webapp/wcs/stores/servlet/booklookServlet?bookstore_id-1=584&term_id-1=2022 Spring&crn-1=14283","Hybrid Course<br />https://www.njit.edu/registrar/instructionaldelivery/"
"202210","MIT326","ELECTRONIC MEDICAL RECORD DES","102","14284","S","1:30 PM - 3:25 PM","GITC 2315B","Closed","15","15","Harrison-Madu, Evadne","Hybrid","3","https://www.bkstr.com/webapp/wcs/stores/servlet/booklookServlet?bookstore_id-1=584&term_id-1=2022 Spring&crn-1=14284","Hybrid Course<br />https://www.njit.edu/registrar/instructionaldelivery/"
"202210","MIT326","ELECTRONIC MEDICAL RECORD DES","102","14284","",""," ","Closed","15","15","Harrison-Madu, Evadne","Hybrid","3","https://www.bkstr.com/webapp/wcs/stores/servlet/booklookServlet?bookstore_id-1=584&term_id-1=2022 Spring&crn-1=14284","Hybrid Course<br />https://www.njit.edu/registrar/instructionaldelivery/"
"202210","MIT360","INTRODUCTION TO GERONTOLOGY","102","14285","S","9:00 AM - 10:55 AM","GITC 2315B","Open","20","13","Harrison-Madu, Evadne","Hybrid","3","https://www.bkstr.com/webapp/wcs/stores/servlet/booklookServlet?bookstore_id-1=584&term_id-1=2022 Spring&crn-1=14285","Hybrid Course<br />https://www.njit.edu/registrar/instructionaldelivery/"
"202210","MIT360","INTRODUCTION TO GERONTOLOGY","102","14285","",""," ","Open","20","13","Harrison-Madu, Evadne","Hybrid","3","https://www.bkstr.com/webapp/wcs/stores/servlet/booklookServlet?bookstore_id-1=584&term_id-1=2022 Spring&crn-1=14285","Hybrid Course<br />https://www.njit.edu/registrar/instructionaldelivery/"
"202210","MIT362","GERIATRIC ENGINEERING I","102","14286","S","1:30 PM - 3:25 PM","MALL PC40","Open","20","9","Lubliner, David","Hybrid","3","https://www.bkstr.com/webapp/wcs/stores/servlet/booklookServlet?bookstore_id-1=584&term_id-1=2022 Spring&crn-1=14286","Hybrid Course<br />https://www.njit.edu/registrar/instructionaldelivery/"
"202210","MIT362","GERIATRIC ENGINEERING I","102","14286","",""," ","Open","20","9","Lubliner, David","Hybrid","3","https://www.bkstr.com/webapp/wcs/stores/servlet/booklookServlet?bookstore_id-1=584&term_id-1=2022 Spring&crn-1=14286","Hybrid Course<br />https://www.njit.edu/registrar/instructionaldelivery/"
"202210","MIT440","CLINICAL INTERNSHIP","358","15576","",""," ","Closed","0","4","Lubliner, David","Face-to-Face","3","https://www.bkstr.com/webapp/wcs/stores/servlet/booklookServlet?bookstore_id-1=584&term_id-1=2022 Spring&crn-1=15576",""
