"Term","Course","Title","Section","CRN","Days","Times","Location","Status","Max","Now","Instructor","Delivery Mode","Credits","Info","Comments"
"202210","MNET303","ADV TECH IN CAD/CAM","102","14289","F","6:00 PM - 10:05 PM"," ","Cancelled","20","0","","Face-to-Face","3","https://www.bkstr.com/webapp/wcs/stores/servlet/booklookServlet?bookstore_id-1=584&term_id-1=2022 Spring&crn-1=14289","Cancelled 1/5/22"
"202210","MNET303","ADV TECH IN CAD/CAM","104","14290","M","6:00 PM - 10:05 PM","GITC 2302","Closed","20","20","Dyer, ShaQueel","Face-to-Face","3","https://www.bkstr.com/webapp/wcs/stores/servlet/booklookServlet?bookstore_id-1=584&term_id-1=2022 Spring&crn-1=14290",""
"202210","MNET315","INDUSTRIAL STATISTICS","002","14291","TR","8:30 AM - 10:35 AM","CKB 120","Open","30","23","Chaudhuri, Ajit","Face-to-Face","3","https://www.bkstr.com/webapp/wcs/stores/servlet/booklookServlet?bookstore_id-1=584&term_id-1=2022 Spring&crn-1=14291",""
"202210","MNET315","INDUSTRIAL STATISTICS","102","14292","F","6:00 PM - 10:05 PM","CKB 313","Open","30","29","May, Edwin","Face-to-Face","3","https://www.bkstr.com/webapp/wcs/stores/servlet/booklookServlet?bookstore_id-1=584&term_id-1=2022 Spring&crn-1=14292",""
"202210","MNET318","MNFG PROCESS DESIGN","102","14293","W","6:00 PM - 10:05 PM"," ","Cancelled","20","0","","Face-to-Face","3","https://www.bkstr.com/webapp/wcs/stores/servlet/booklookServlet?bookstore_id-1=584&term_id-1=2022 Spring&crn-1=14293","Cancelled 1/5/22"
"202210","MNET395","COOP EXPERIENCE I","349","14294","",""," ","Closed","0","3","Lieber, Samuel","Face-to-Face","3","https://www.bkstr.com/webapp/wcs/stores/servlet/booklookServlet?bookstore_id-1=584&term_id-1=2022 Spring&crn-1=14294",""
"202210","MNET405","NUMC CONTROL MACHN TOOLS","102","14295","S","9:00 AM - 12:55 PM","GITC 1404","Open","15","10","Occidentale, Frank","Face-to-Face","3","https://www.bkstr.com/webapp/wcs/stores/servlet/booklookServlet?bookstore_id-1=584&term_id-1=2022 Spring&crn-1=14295","This course mees in the Makerspace."
"202210","MNET414","INDUSTRIAL COST ANALYSIS","002","14296","TR","11:30 AM - 12:50 PM","CKB 206","Open","25","24","Chaudhuri, Ajit","Face-to-Face","3","https://www.bkstr.com/webapp/wcs/stores/servlet/booklookServlet?bookstore_id-1=584&term_id-1=2022 Spring&crn-1=14296",""
"202210","MNET414","INDUSTRIAL COST ANALYSIS","004","14297","TR","2:30 PM - 3:50 PM","FMH 207","Closed","25","25","Kabakibi, Nabil","Face-to-Face","3","https://www.bkstr.com/webapp/wcs/stores/servlet/booklookServlet?bookstore_id-1=584&term_id-1=2022 Spring&crn-1=14297",""
"202210","MNET414","INDUSTRIAL COST ANALYSIS","102","14298","W","6:00 PM - 8:50 PM","KUPF 108","Closed","25","25","Zeiner, Christopher","Face-to-Face","3","https://www.bkstr.com/webapp/wcs/stores/servlet/booklookServlet?bookstore_id-1=584&term_id-1=2022 Spring&crn-1=14298",""
"202210","MNET414","INDUSTRIAL COST ANALYSIS","104","14299","R","6:00 PM - 8:50 PM","FMH 106","Open","25","23","Zeiner, Christopher","Face-to-Face","3","https://www.bkstr.com/webapp/wcs/stores/servlet/booklookServlet?bookstore_id-1=584&term_id-1=2022 Spring&crn-1=14299",""
"202210","MNET420","QUALITY SYSTEMS","102","14300","R","6:00 PM - 10:05 PM","FMH 308","Open","30","23","May, Edwin","Face-to-Face","3","https://www.bkstr.com/webapp/wcs/stores/servlet/booklookServlet?bookstore_id-1=584&term_id-1=2022 Spring&crn-1=14300",""
"202210","MNET420","QUALITY SYSTEMS","104","14301","M","6:00 PM - 10:05 PM"," ","Cancelled","30","0","","Face-to-Face","3","https://www.bkstr.com/webapp/wcs/stores/servlet/booklookServlet?bookstore_id-1=584&term_id-1=2022 Spring&crn-1=14301","Cancelled 1/5/22"
"202210","MNET422","TOOL DESIGN","102","14302","T","6:00 PM - 10:05 PM"," ","Cancelled","15","0","","Face-to-Face","3","https://www.bkstr.com/webapp/wcs/stores/servlet/booklookServlet?bookstore_id-1=584&term_id-1=2022 Spring&crn-1=14302","Cancelled 01/19/22"
"202210","MNET422","TOOL DESIGN","349","15959","T","6:00 PM - 8:05 PM","GITC 1404","Closed","0","1","Lieber, Samuel","Face-to-Face","3","https://www.bkstr.com/webapp/wcs/stores/servlet/booklookServlet?bookstore_id-1=584&term_id-1=2022 Spring&crn-1=15959","This course meets in the Makerspace"
"202210","MNET425","ADV MANUFACTURING ROTATION","002","14303","T","11:30 AM - 12:20 PM"," ","Closed","0","0","","Face-to-Face","2","https://www.bkstr.com/webapp/wcs/stores/servlet/booklookServlet?bookstore_id-1=584&term_id-1=2022 Spring&crn-1=14303","Cancelled 01/19/22"
"202210","MNET425","ADV MANUFACTURING ROTATION","002","14303","T","12:30 PM - 3:20 PM"," ","Closed","0","0","","Face-to-Face","2","https://www.bkstr.com/webapp/wcs/stores/servlet/booklookServlet?bookstore_id-1=584&term_id-1=2022 Spring&crn-1=14303","Cancelled 01/19/22"
"202210","MNET425","ADV MANUFACTURING ROTATION","349","15960","T","11:30 AM - 12:20 PM","GITC 1404","Closed","0","1","Lieber, Samuel","Face-to-Face","2","https://www.bkstr.com/webapp/wcs/stores/servlet/booklookServlet?bookstore_id-1=584&term_id-1=2022 Spring&crn-1=15960","This course meets in the Makerspace."
"202210","MNET425","ADV MANUFACTURING ROTATION","349","15960","T","12:30 PM - 3:20 PM","GITC 1404","Closed","0","1","Lieber, Samuel","Face-to-Face","2","https://www.bkstr.com/webapp/wcs/stores/servlet/booklookServlet?bookstore_id-1=584&term_id-1=2022 Spring&crn-1=15960","This course meets in the Makerspace."
"202210","MNET426","MANUFACTURING PROJECT","102","14304","M","6:00 PM - 10:05 PM"," ","Cancelled","20","0","Lieber, Samuel","Face-to-Face","2","https://www.bkstr.com/webapp/wcs/stores/servlet/booklookServlet?bookstore_id-1=584&term_id-1=2022 Spring&crn-1=14304","Cancelled 01/19/22"
"202210","MNET426","MANUFACTURING PROJECT","349","15961","M","6:00 PM - 8:05 PM","GITC 1404","Closed","0","1","Lieber, Samuel","Face-to-Face","2","https://www.bkstr.com/webapp/wcs/stores/servlet/booklookServlet?bookstore_id-1=584&term_id-1=2022 Spring&crn-1=15961","This course meets in the Makerspace"
"202210","MNET495","COOPERATIVE EXPERIEN II","349","14305","",""," ","Closed","0","0","Lieber, Samuel","Face-to-Face","3","https://www.bkstr.com/webapp/wcs/stores/servlet/booklookServlet?bookstore_id-1=584&term_id-1=2022 Spring&crn-1=14305",""
