"Term","Course","Title","Section","CRN","Days","Times","Location","Status","Max","Now","Instructor","Delivery Mode","Credits","Info","Comments"
"202210","MREXCH","PRESCRIBED STUDY","002","15995","",""," ","Closed","0","3","Beatty, Jeffrey","Face-to-Face","0","https://www.bkstr.com/webapp/wcs/stores/servlet/booklookServlet?bookstore_id-1=584&term_id-1=2022 Spring&crn-1=15995",""
"202210","MRGLBL","STUDY ABROAD PROVIDER PROGRAM","002","15919","",""," ","Open","99","2","Chemishanova, Marieta","Face-to-Face","0","https://www.bkstr.com/webapp/wcs/stores/servlet/booklookServlet?bookstore_id-1=584&term_id-1=2022 Spring&crn-1=15919",""
"202210","MRGLBL","STUDY ABROAD PROVIDER PROGRAM","002","15919","",""," ","Open","99","2","Keller, Scott","Face-to-Face","0","https://www.bkstr.com/webapp/wcs/stores/servlet/booklookServlet?bookstore_id-1=584&term_id-1=2022 Spring&crn-1=15919",""
"202210","MRGRAD","MAINTAINING REGISTRATION","002","14306","",""," ","Open","150","101","Ronchi, Lea","Face-to-Face","0","https://www.bkstr.com/webapp/wcs/stores/servlet/booklookServlet?bookstore_id-1=584&term_id-1=2022 Spring&crn-1=14306",""
"202210","MRINTL","STUDY ABROAD","002","15918","",""," ","Open","99","4","Chemishanova, Marieta","Face-to-Face","12","https://www.bkstr.com/webapp/wcs/stores/servlet/booklookServlet?bookstore_id-1=584&term_id-1=2022 Spring&crn-1=15918",""
"202210","MRINTL","STUDY ABROAD","002","15918","",""," ","Open","99","4","Keller, Scott","Face-to-Face","12","https://www.bkstr.com/webapp/wcs/stores/servlet/booklookServlet?bookstore_id-1=584&term_id-1=2022 Spring&crn-1=15918",""
"202210","MRMIL","MAINTAINING REGISTRATION","001","15683","",""," ","Closed","0","5","Beatty, Jeffrey","Face-to-Face","0","https://www.bkstr.com/webapp/wcs/stores/servlet/booklookServlet?bookstore_id-1=584&term_id-1=2022 Spring&crn-1=15683",""
"202210","MRMIL","MAINTAINING REGISTRATION","001","15683","",""," ","Closed","0","5","Babinski, Allison","Face-to-Face","0","https://www.bkstr.com/webapp/wcs/stores/servlet/booklookServlet?bookstore_id-1=584&term_id-1=2022 Spring&crn-1=15683",""
"202210","MRREG","MAINTAINING REGISTRATION","002","14307","",""," ","Open","300","202","Rufo, Monica","Face-to-Face","0","https://www.bkstr.com/webapp/wcs/stores/servlet/booklookServlet?bookstore_id-1=584&term_id-1=2022 Spring&crn-1=14307",""
"202210","MRUMD","MAINTAINING REG-UMD DORM","002","14308","",""," ","Closed","0","0","Rattray-Foote, Niki","Face-to-Face","0","https://www.bkstr.com/webapp/wcs/stores/servlet/booklookServlet?bookstore_id-1=584&term_id-1=2022 Spring&crn-1=14308",""
