"Term","Course","Title","Section","CRN","Days","Times","Location","Status","Max","Now","Instructor","Delivery Mode","Credits","Info","Comments"
"202210","MRKT330","PRINCIPLES OF MARKETING","002","14309","TR","4:00 PM - 5:20 PM","KUPF 117","Open","38","35","Thomas, Ellen","Face-to-Face","3","https://www.bkstr.com/webapp/wcs/stores/servlet/booklookServlet?bookstore_id-1=584&term_id-1=2022 Spring&crn-1=14309",""
"202210","MRKT330","PRINCIPLES OF MARKETING","102","14310","R","6:00 PM - 8:50 PM","ME 221","Open","43","23","Aziz, Summaya","Face-to-Face","3","https://www.bkstr.com/webapp/wcs/stores/servlet/booklookServlet?bookstore_id-1=584&term_id-1=2022 Spring&crn-1=14310",""
"202210","MRKT330","PRINCIPLES OF MARKETING","452","14311","",""," ","Closed","43","43","Mehta, Rajiv","","3","https://www.bkstr.com/webapp/wcs/stores/servlet/booklookServlet?bookstore_id-1=584&term_id-1=2022 Spring&crn-1=14311","Online Course"
"202210","MRKT330","PRINCIPLES OF MARKETING","454","14312","",""," ","Closed","43","43","Mehta, Rajiv","","3","https://www.bkstr.com/webapp/wcs/stores/servlet/booklookServlet?bookstore_id-1=584&term_id-1=2022 Spring&crn-1=14312","Online Course"
"202210","MRKT330","PRINCIPLES OF MARKETING - HONORS","HM2","14313","TR","4:00 PM - 5:20 PM","KUPF 117","Open","5","3","Thomas, Ellen","Face-to-Face","3","https://www.bkstr.com/webapp/wcs/stores/servlet/booklookServlet?bookstore_id-1=584&term_id-1=2022 Spring&crn-1=14313","Honors Course"
"202210","MRKT338","NEW PRODUCT DESIGN & DEVELOP","102","14314","R","6:00 PM - 7:20 PM","TIER 113","Open","39","37","Doganalp, Selin","Synchronous Online","3","https://www.bkstr.com/webapp/wcs/stores/servlet/booklookServlet?bookstore_id-1=584&term_id-1=2022 Spring&crn-1=14314","Please note: This class will run<br />Synchronous Online through<br />February 18, 2022"
"202210","MRKT338","NEW PRODUCT DESIGN & DEVELOP","102","14314","T","6:00 PM - 7:20 PM","CKB 120","Open","39","37","Doganalp, Selin","Synchronous Online","3","https://www.bkstr.com/webapp/wcs/stores/servlet/booklookServlet?bookstore_id-1=584&term_id-1=2022 Spring&crn-1=14314","Please note: This class will run<br />Synchronous Online through<br />February 18, 2022"
"202210","MRKT430","MARKETING RESEARCH","102","14315","R","7:30 PM - 8:50 PM","KUPF 118","Open","43","24","Zhang, Haisu","Face-to-Face","3","https://www.bkstr.com/webapp/wcs/stores/servlet/booklookServlet?bookstore_id-1=584&term_id-1=2022 Spring&crn-1=14315",""
"202210","MRKT430","MARKETING RESEARCH","102","14315","T","7:30 PM - 8:50 PM","KUPF 107","Open","43","24","Zhang, Haisu","Face-to-Face","3","https://www.bkstr.com/webapp/wcs/stores/servlet/booklookServlet?bookstore_id-1=584&term_id-1=2022 Spring&crn-1=14315",""
"202210","MRKT485","ST: INTERNATIONAL MARKETING STUDIES IN FRANCE","452","14316","",""," ","Closed","0","0","","","3","https://www.bkstr.com/webapp/wcs/stores/servlet/booklookServlet?bookstore_id-1=584&term_id-1=2022 Spring&crn-1=14316","Cancelled 01/10/22"
"202210","MRKT485","ST: INTERNATIONAL MARKETING STUDIES IN FRANCE - HONORS","HM2","14317","",""," ","Closed","0","0","","","3","https://www.bkstr.com/webapp/wcs/stores/servlet/booklookServlet?bookstore_id-1=584&term_id-1=2022 Spring&crn-1=14317","Cancelled 01/10/22"
"202210","MRKT620","GLOBAL MARKETING MANAGEMENT","102","14318","W","6:00 PM - 8:50 PM","CKB 217","Open","43","29","Mehta, Rajiv","Hybrid","3","https://www.bkstr.com/webapp/wcs/stores/servlet/booklookServlet?bookstore_id-1=584&term_id-1=2022 Spring&crn-1=14318","Hybrid Course - Meets Alternate Weeks<br />https://www.njit.edu/registrar/instructionaldelivery/<br />First In-Person Meeting: 1/19/22"
"202210","MRKT620","GLOBAL MARKETING MANAGEMENT","852","14319","",""," ","Open","43","26","Thomas, Ellen","Online","3","https://www.bkstr.com/webapp/wcs/stores/servlet/booklookServlet?bookstore_id-1=584&term_id-1=2022 Spring&crn-1=14319","Restricted to Virtual Campus Students Only<br />Online Course"
"202210","MRKT631","MARKETING RESEARCH","852","14320","",""," ","Open","43","12","Fresneda Fernandez, Jorge Eduardo","Online","3","https://www.bkstr.com/webapp/wcs/stores/servlet/booklookServlet?bookstore_id-1=584&term_id-1=2022 Spring&crn-1=14320","Restricted to Virtual Campus Students Only<br />Online Course"
"202210","MRKT638","SALES MGMT FOR TECH PROF","852","14321","",""," ","Open","43","12","Roman, Joseph","Online","3","https://www.bkstr.com/webapp/wcs/stores/servlet/booklookServlet?bookstore_id-1=584&term_id-1=2022 Spring&crn-1=14321","Restricted to Virtual Campus Students Only<br />Online Course"
"202210","MRKT645","DIGITAL MARKETING STRATEGY","852","14322","",""," ","Open","43","38","Fresneda Fernandez, Jorge Eduardo","","3","https://www.bkstr.com/webapp/wcs/stores/servlet/booklookServlet?bookstore_id-1=584&term_id-1=2022 Spring&crn-1=14322","Restricted to Newark Campus Students Only<br />Online Course"
"202210","MRKT725","INDEPENDENT STUDY","894","15788","",""," ","Closed","0","1","Fresneda Fernandez, Jorge Eduardo","Face-to-Face","3","https://www.bkstr.com/webapp/wcs/stores/servlet/booklookServlet?bookstore_id-1=584&term_id-1=2022 Spring&crn-1=15788",""
