"Term","Course","Title","Section","CRN","Days","Times","Location","Status","Max","Now","Instructor","Delivery Mode","Credits","Info","Comments"
"202210","MTEN613","CHARACTERIZATION OF MATERIALS","102","14323","R","6:00 PM - 8:50 PM","KUPF 208","Open","30","16","Schoenitz, Mirko","Face-to-Face","3","https://www.bkstr.com/webapp/wcs/stores/servlet/booklookServlet?bookstore_id-1=584&term_id-1=2022 Spring&crn-1=14323",""
"202210","MTEN700B","MASTER'S PROJECT","071","14324","",""," ","Closed","0","0","Sirkar, Kamalesh","Face-to-Face","3","https://www.bkstr.com/webapp/wcs/stores/servlet/booklookServlet?bookstore_id-1=584&term_id-1=2022 Spring&crn-1=14324",""
"202210","MTEN700B","MASTER'S PROJECT","082","14325","",""," ","Closed","0","0","Chintersingh, Kerri Lee","Face-to-Face","3","https://www.bkstr.com/webapp/wcs/stores/servlet/booklookServlet?bookstore_id-1=584&term_id-1=2022 Spring&crn-1=14325",""
"202210","MTEN700B","MASTER'S PROJECT","085","15185","",""," ","Closed","0","0","Young, Joshua","Face-to-Face","3","https://www.bkstr.com/webapp/wcs/stores/servlet/booklookServlet?bookstore_id-1=584&term_id-1=2022 Spring&crn-1=15185",""
"202210","MTEN700B","MASTER'S PROJECT","087","14326","",""," ","Closed","0","0","Sebastian, Donald","Face-to-Face","3","https://www.bkstr.com/webapp/wcs/stores/servlet/booklookServlet?bookstore_id-1=584&term_id-1=2022 Spring&crn-1=14326",""
"202210","MTEN700B","MASTER'S PROJECT","088","14327","",""," ","Closed","0","0","Basuray, Sagnik","Face-to-Face","3","https://www.bkstr.com/webapp/wcs/stores/servlet/booklookServlet?bookstore_id-1=584&term_id-1=2022 Spring&crn-1=14327",""
"202210","MTEN700B","MASTER'S PROJECT","090","14328","",""," ","Closed","0","0","Bilgili, Ecevit","Face-to-Face","3","https://www.bkstr.com/webapp/wcs/stores/servlet/booklookServlet?bookstore_id-1=584&term_id-1=2022 Spring&crn-1=14328",""
"202210","MTEN700B","MASTER'S PROJECT","091","14329","",""," ","Closed","0","0","Xu, Xiaoyang","Face-to-Face","3","https://www.bkstr.com/webapp/wcs/stores/servlet/booklookServlet?bookstore_id-1=584&term_id-1=2022 Spring&crn-1=14329",""
"202210","MTEN700B","MASTER'S PROJECT","093","14330","",""," ","Closed","0","0","McEnnis, Kathleen","Face-to-Face","3","https://www.bkstr.com/webapp/wcs/stores/servlet/booklookServlet?bookstore_id-1=584&term_id-1=2022 Spring&crn-1=14330",""
"202210","MTEN700B","MASTER'S PROJECT","114","14331","",""," ","Closed","0","0","Schoenitz, Mirko","Face-to-Face","3","https://www.bkstr.com/webapp/wcs/stores/servlet/booklookServlet?bookstore_id-1=584&term_id-1=2022 Spring&crn-1=14331",""
"202210","MTEN700B","MASTER'S PROJECT","116","14332","",""," ","Closed","0","0","Gogos, Costas","Face-to-Face","3","https://www.bkstr.com/webapp/wcs/stores/servlet/booklookServlet?bookstore_id-1=584&term_id-1=2022 Spring&crn-1=14332",""
"202210","MTEN700B","MASTER'S PROJECT","119","14333","",""," ","Closed","0","0","Wang, Xianqin","Face-to-Face","3","https://www.bkstr.com/webapp/wcs/stores/servlet/booklookServlet?bookstore_id-1=584&term_id-1=2022 Spring&crn-1=14333",""
"202210","MTEN700B","MASTER'S PROJECT","132","14334","",""," ","Closed","0","0","Chen, Hao","Face-to-Face","3","https://www.bkstr.com/webapp/wcs/stores/servlet/booklookServlet?bookstore_id-1=584&term_id-1=2022 Spring&crn-1=14334",""
"202210","MTEN700B","MASTER'S PROJECT","143","14335","",""," ","Closed","0","0","Li, Mengyan","Face-to-Face","3","https://www.bkstr.com/webapp/wcs/stores/servlet/booklookServlet?bookstore_id-1=584&term_id-1=2022 Spring&crn-1=14335",""
"202210","MTEN700B","MASTER'S PROJECT","145","14336","",""," ","Closed","0","0","Venerus, David","Face-to-Face","3","https://www.bkstr.com/webapp/wcs/stores/servlet/booklookServlet?bookstore_id-1=584&term_id-1=2022 Spring&crn-1=14336",""
"202210","MTEN700B","MASTER'S PROJECT","152","14337","",""," ","Closed","0","0","Zhang, Yuanwei","Face-to-Face","3","https://www.bkstr.com/webapp/wcs/stores/servlet/booklookServlet?bookstore_id-1=584&term_id-1=2022 Spring&crn-1=14337",""
"202210","MTEN700B","MASTER'S PROJECT","156","14338","",""," ","Closed","0","0","Farinas, Edgardo","Face-to-Face","3","https://www.bkstr.com/webapp/wcs/stores/servlet/booklookServlet?bookstore_id-1=584&term_id-1=2022 Spring&crn-1=14338",""
"202210","MTEN700B","MASTER'S PROJECT","158","14339","",""," ","Closed","0","0","Khalizov, Alexei","Face-to-Face","3","https://www.bkstr.com/webapp/wcs/stores/servlet/booklookServlet?bookstore_id-1=584&term_id-1=2022 Spring&crn-1=14339",""
"202210","MTEN700B","MASTER'S PROJECT","210","15615","",""," ","Closed","0","1","Axe, Lisa","Face-to-Face","3","https://www.bkstr.com/webapp/wcs/stores/servlet/booklookServlet?bookstore_id-1=584&term_id-1=2022 Spring&crn-1=15615",""
"202210","MTEN700B","MASTER'S PROJECT","212","14340","",""," ","Closed","0","0","Voronov, Roman","Face-to-Face","3","https://www.bkstr.com/webapp/wcs/stores/servlet/booklookServlet?bookstore_id-1=584&term_id-1=2022 Spring&crn-1=14340",""
"202210","MTEN700B","MASTER'S PROJECT","214","14341","",""," ","Closed","0","0","Gor, Gennady","Face-to-Face","3","https://www.bkstr.com/webapp/wcs/stores/servlet/booklookServlet?bookstore_id-1=584&term_id-1=2022 Spring&crn-1=14341",""
"202210","MTEN700B","MASTER'S PROJECT","217","14342","",""," ","Closed","0","0","Guvendiren, Murat","Face-to-Face","3","https://www.bkstr.com/webapp/wcs/stores/servlet/booklookServlet?bookstore_id-1=584&term_id-1=2022 Spring&crn-1=14342",""
"202210","MTEN700B","MASTER'S PROJECT","445","14343","",""," ","Closed","0","0","Dave, Rajesh","Face-to-Face","3","https://www.bkstr.com/webapp/wcs/stores/servlet/booklookServlet?bookstore_id-1=584&term_id-1=2022 Spring&crn-1=14343",""
"202210","MTEN700B","MASTER'S PROJECT","487","14344","",""," ","Closed","0","0","Dreyzin, Edward","Face-to-Face","3","https://www.bkstr.com/webapp/wcs/stores/servlet/booklookServlet?bookstore_id-1=584&term_id-1=2022 Spring&crn-1=14344",""
"202210","MTEN701B","MASTERS THESIS","071","14345","",""," ","Closed","0","0","Sirkar, Kamalesh","Face-to-Face","3","https://www.bkstr.com/webapp/wcs/stores/servlet/booklookServlet?bookstore_id-1=584&term_id-1=2022 Spring&crn-1=14345",""
"202210","MTEN701B","MASTERS THESIS","082","14346","",""," ","Closed","0","0","Chintersingh, Kerri Lee","Face-to-Face","3","https://www.bkstr.com/webapp/wcs/stores/servlet/booklookServlet?bookstore_id-1=584&term_id-1=2022 Spring&crn-1=14346",""
"202210","MTEN701B","MASTERS THESIS","085","15186","",""," ","Closed","0","0","Young, Joshua","Face-to-Face","3","https://www.bkstr.com/webapp/wcs/stores/servlet/booklookServlet?bookstore_id-1=584&term_id-1=2022 Spring&crn-1=15186",""
"202210","MTEN701B","MASTERS THESIS","087","14347","",""," ","Closed","0","0","Sebastian, Donald","Face-to-Face","3","https://www.bkstr.com/webapp/wcs/stores/servlet/booklookServlet?bookstore_id-1=584&term_id-1=2022 Spring&crn-1=14347",""
"202210","MTEN701B","MASTERS THESIS","088","14348","",""," ","Closed","0","1","Basuray, Sagnik","Face-to-Face","3","https://www.bkstr.com/webapp/wcs/stores/servlet/booklookServlet?bookstore_id-1=584&term_id-1=2022 Spring&crn-1=14348",""
"202210","MTEN701B","MASTERS THESIS","089","14349","",""," ","Closed","0","0","Zhao, Mengqiang","Face-to-Face","3","https://www.bkstr.com/webapp/wcs/stores/servlet/booklookServlet?bookstore_id-1=584&term_id-1=2022 Spring&crn-1=14349",""
"202210","MTEN701B","MASTERS THESIS","090","14350","",""," ","Closed","0","0","Bilgili, Ecevit","Face-to-Face","3","https://www.bkstr.com/webapp/wcs/stores/servlet/booklookServlet?bookstore_id-1=584&term_id-1=2022 Spring&crn-1=14350",""
"202210","MTEN701B","MASTERS THESIS","091","14351","",""," ","Closed","0","0","Xu, Xiaoyang","Face-to-Face","3","https://www.bkstr.com/webapp/wcs/stores/servlet/booklookServlet?bookstore_id-1=584&term_id-1=2022 Spring&crn-1=14351",""
"202210","MTEN701B","MASTERS THESIS","093","14352","",""," ","Closed","0","0","McEnnis, Kathleen","Face-to-Face","3","https://www.bkstr.com/webapp/wcs/stores/servlet/booklookServlet?bookstore_id-1=584&term_id-1=2022 Spring&crn-1=14352",""
"202210","MTEN701B","MASTERS THESIS","114","14353","",""," ","Closed","0","0","Schoenitz, Mirko","Face-to-Face","3","https://www.bkstr.com/webapp/wcs/stores/servlet/booklookServlet?bookstore_id-1=584&term_id-1=2022 Spring&crn-1=14353",""
"202210","MTEN701B","MASTERS THESIS","116","14354","",""," ","Closed","0","0","Gogos, Costas","Face-to-Face","3","https://www.bkstr.com/webapp/wcs/stores/servlet/booklookServlet?bookstore_id-1=584&term_id-1=2022 Spring&crn-1=14354",""
"202210","MTEN701B","MASTERS THESIS","119","14355","",""," ","Closed","0","0","Wang, Xianqin","Face-to-Face","3","https://www.bkstr.com/webapp/wcs/stores/servlet/booklookServlet?bookstore_id-1=584&term_id-1=2022 Spring&crn-1=14355",""
"202210","MTEN701B","MASTERS THESIS","132","14356","",""," ","Closed","0","0","Chen, Hao","Face-to-Face","3","https://www.bkstr.com/webapp/wcs/stores/servlet/booklookServlet?bookstore_id-1=584&term_id-1=2022 Spring&crn-1=14356",""
"202210","MTEN701B","MASTERS THESIS","143","14357","",""," ","Closed","0","0","Li, Mengyan","Face-to-Face","3","https://www.bkstr.com/webapp/wcs/stores/servlet/booklookServlet?bookstore_id-1=584&term_id-1=2022 Spring&crn-1=14357",""
"202210","MTEN701B","MASTERS THESIS","145","14358","",""," ","Closed","0","0","Venerus, David","Face-to-Face","3","https://www.bkstr.com/webapp/wcs/stores/servlet/booklookServlet?bookstore_id-1=584&term_id-1=2022 Spring&crn-1=14358",""
"202210","MTEN701B","MASTERS THESIS","152","14359","",""," ","Closed","0","0","Zhang, Yuanwei","Face-to-Face","3","https://www.bkstr.com/webapp/wcs/stores/servlet/booklookServlet?bookstore_id-1=584&term_id-1=2022 Spring&crn-1=14359",""
"202210","MTEN701B","MASTERS THESIS","156","14360","",""," ","Closed","0","0","Farinas, Edgardo","Face-to-Face","3","https://www.bkstr.com/webapp/wcs/stores/servlet/booklookServlet?bookstore_id-1=584&term_id-1=2022 Spring&crn-1=14360",""
"202210","MTEN701B","MASTERS THESIS","158","14361","",""," ","Closed","0","0","Khalizov, Alexei","Face-to-Face","3","https://www.bkstr.com/webapp/wcs/stores/servlet/booklookServlet?bookstore_id-1=584&term_id-1=2022 Spring&crn-1=14361",""
"202210","MTEN701B","MASTERS THESIS","212","14362","",""," ","Closed","0","0","Voronov, Roman","Face-to-Face","3","https://www.bkstr.com/webapp/wcs/stores/servlet/booklookServlet?bookstore_id-1=584&term_id-1=2022 Spring&crn-1=14362",""
"202210","MTEN701B","MASTERS THESIS","214","14363","",""," ","Closed","0","0","Gor, Gennady","Face-to-Face","3","https://www.bkstr.com/webapp/wcs/stores/servlet/booklookServlet?bookstore_id-1=584&term_id-1=2022 Spring&crn-1=14363",""
"202210","MTEN701B","MASTERS THESIS","217","14364","",""," ","Closed","0","0","Guvendiren, Murat","Face-to-Face","3","https://www.bkstr.com/webapp/wcs/stores/servlet/booklookServlet?bookstore_id-1=584&term_id-1=2022 Spring&crn-1=14364",""
"202210","MTEN701B","MASTERS THESIS","445","14365","",""," ","Closed","0","0","Dave, Rajesh","Face-to-Face","3","https://www.bkstr.com/webapp/wcs/stores/servlet/booklookServlet?bookstore_id-1=584&term_id-1=2022 Spring&crn-1=14365",""
"202210","MTEN701B","MASTERS THESIS","487","14366","",""," ","Closed","0","0","Dreyzin, Edward","Face-to-Face","3","https://www.bkstr.com/webapp/wcs/stores/servlet/booklookServlet?bookstore_id-1=584&term_id-1=2022 Spring&crn-1=14366",""
"202210","MTEN725","INDEPENDENT STUDY I","071","14367","",""," ","Closed","0","0","Sirkar, Kamalesh","Face-to-Face","3","https://www.bkstr.com/webapp/wcs/stores/servlet/booklookServlet?bookstore_id-1=584&term_id-1=2022 Spring&crn-1=14367",""
"202210","MTEN725","INDEPENDENT STUDY I","085","15187","",""," ","Closed","0","0","Young, Joshua","Face-to-Face","3","https://www.bkstr.com/webapp/wcs/stores/servlet/booklookServlet?bookstore_id-1=584&term_id-1=2022 Spring&crn-1=15187",""
"202210","MTEN725","INDEPENDENT STUDY I","088","14368","",""," ","Closed","0","0","Basuray, Sagnik","Face-to-Face","3","https://www.bkstr.com/webapp/wcs/stores/servlet/booklookServlet?bookstore_id-1=584&term_id-1=2022 Spring&crn-1=14368",""
"202210","MTEN725","INDEPENDENT STUDY I","090","14369","",""," ","Closed","0","1","Bilgili, Ecevit","Face-to-Face","3","https://www.bkstr.com/webapp/wcs/stores/servlet/booklookServlet?bookstore_id-1=584&term_id-1=2022 Spring&crn-1=14369",""
"202210","MTEN725","INDEPENDENT STUDY I","091","14370","",""," ","Closed","0","0","Xu, Xiaoyang","Face-to-Face","3","https://www.bkstr.com/webapp/wcs/stores/servlet/booklookServlet?bookstore_id-1=584&term_id-1=2022 Spring&crn-1=14370",""
"202210","MTEN725","INDEPENDENT STUDY I","093","14371","",""," ","Closed","0","0","McEnnis, Kathleen","Face-to-Face","3","https://www.bkstr.com/webapp/wcs/stores/servlet/booklookServlet?bookstore_id-1=584&term_id-1=2022 Spring&crn-1=14371",""
"202210","MTEN725","INDEPENDENT STUDY I","114","14372","",""," ","Closed","0","0","Schoenitz, Mirko","Face-to-Face","3","https://www.bkstr.com/webapp/wcs/stores/servlet/booklookServlet?bookstore_id-1=584&term_id-1=2022 Spring&crn-1=14372",""
"202210","MTEN725","INDEPENDENT STUDY I","116","14373","",""," ","Closed","0","0","Gogos, Costas","Face-to-Face","3","https://www.bkstr.com/webapp/wcs/stores/servlet/booklookServlet?bookstore_id-1=584&term_id-1=2022 Spring&crn-1=14373",""
"202210","MTEN725","INDEPENDENT STUDY I","119","14374","",""," ","Closed","0","0","Wang, Xianqin","Face-to-Face","3","https://www.bkstr.com/webapp/wcs/stores/servlet/booklookServlet?bookstore_id-1=584&term_id-1=2022 Spring&crn-1=14374",""
"202210","MTEN725","INDEPENDENT STUDY I","132","14375","",""," ","Closed","0","0","Chen, Hao","Face-to-Face","3","https://www.bkstr.com/webapp/wcs/stores/servlet/booklookServlet?bookstore_id-1=584&term_id-1=2022 Spring&crn-1=14375",""
"202210","MTEN725","INDEPENDENT STUDY I","143","14376","",""," ","Closed","0","0","Li, Mengyan","Face-to-Face","3","https://www.bkstr.com/webapp/wcs/stores/servlet/booklookServlet?bookstore_id-1=584&term_id-1=2022 Spring&crn-1=14376",""
"202210","MTEN725","INDEPENDENT STUDY I","145","14377","",""," ","Closed","0","0","Venerus, David","Face-to-Face","3","https://www.bkstr.com/webapp/wcs/stores/servlet/booklookServlet?bookstore_id-1=584&term_id-1=2022 Spring&crn-1=14377",""
"202210","MTEN725","INDEPENDENT STUDY I","152","14378","",""," ","Closed","0","0","Zhang, Yuanwei","Face-to-Face","3","https://www.bkstr.com/webapp/wcs/stores/servlet/booklookServlet?bookstore_id-1=584&term_id-1=2022 Spring&crn-1=14378",""
"202210","MTEN725","INDEPENDENT STUDY I","156","14379","",""," ","Closed","0","0","Farinas, Edgardo","Face-to-Face","3","https://www.bkstr.com/webapp/wcs/stores/servlet/booklookServlet?bookstore_id-1=584&term_id-1=2022 Spring&crn-1=14379",""
"202210","MTEN725","INDEPENDENT STUDY I","158","14380","",""," ","Closed","0","0","Khalizov, Alexei","Face-to-Face","3","https://www.bkstr.com/webapp/wcs/stores/servlet/booklookServlet?bookstore_id-1=584&term_id-1=2022 Spring&crn-1=14380",""
"202210","MTEN725","INDEPENDENT STUDY I","210","15778","",""," ","Closed","0","0","Axe, Lisa","Face-to-Face","3","https://www.bkstr.com/webapp/wcs/stores/servlet/booklookServlet?bookstore_id-1=584&term_id-1=2022 Spring&crn-1=15778",""
"202210","MTEN725","INDEPENDENT STUDY I","212","14381","",""," ","Closed","0","0","Voronov, Roman","Face-to-Face","3","https://www.bkstr.com/webapp/wcs/stores/servlet/booklookServlet?bookstore_id-1=584&term_id-1=2022 Spring&crn-1=14381",""
"202210","MTEN725","INDEPENDENT STUDY I","214","14382","",""," ","Closed","0","0","Gor, Gennady","Face-to-Face","3","https://www.bkstr.com/webapp/wcs/stores/servlet/booklookServlet?bookstore_id-1=584&term_id-1=2022 Spring&crn-1=14382",""
"202210","MTEN725","INDEPENDENT STUDY I","217","14383","",""," ","Closed","0","1","Guvendiren, Murat","Face-to-Face","3","https://www.bkstr.com/webapp/wcs/stores/servlet/booklookServlet?bookstore_id-1=584&term_id-1=2022 Spring&crn-1=14383",""
"202210","MTEN725","INDEPENDENT STUDY I","445","14384","",""," ","Closed","0","0","Dave, Rajesh","Face-to-Face","3","https://www.bkstr.com/webapp/wcs/stores/servlet/booklookServlet?bookstore_id-1=584&term_id-1=2022 Spring&crn-1=14384",""
"202210","MTEN725","INDEPENDENT STUDY I","487","14385","",""," ","Closed","0","0","Dreyzin, Edward","Face-to-Face","3","https://www.bkstr.com/webapp/wcs/stores/servlet/booklookServlet?bookstore_id-1=584&term_id-1=2022 Spring&crn-1=14385",""
"202210","MTEN726","INDEPENDENT STUDY II","071","14386","",""," ","Closed","0","0","Sirkar, Kamalesh","Face-to-Face","3","https://www.bkstr.com/webapp/wcs/stores/servlet/booklookServlet?bookstore_id-1=584&term_id-1=2022 Spring&crn-1=14386",""
"202210","MTEN726","INDEPENDENT STUDY II","085","15188","",""," ","Closed","0","0","Young, Joshua","Face-to-Face","3","https://www.bkstr.com/webapp/wcs/stores/servlet/booklookServlet?bookstore_id-1=584&term_id-1=2022 Spring&crn-1=15188",""
"202210","MTEN726","INDEPENDENT STUDY II","088","14387","",""," ","Closed","0","0","Basuray, Sagnik","Face-to-Face","3","https://www.bkstr.com/webapp/wcs/stores/servlet/booklookServlet?bookstore_id-1=584&term_id-1=2022 Spring&crn-1=14387",""
"202210","MTEN726","INDEPENDENT STUDY II","090","14388","",""," ","Closed","0","0","Bilgili, Ecevit","Face-to-Face","3","https://www.bkstr.com/webapp/wcs/stores/servlet/booklookServlet?bookstore_id-1=584&term_id-1=2022 Spring&crn-1=14388",""
"202210","MTEN726","INDEPENDENT STUDY II","091","14389","",""," ","Closed","0","0","Xu, Xiaoyang","Face-to-Face","3","https://www.bkstr.com/webapp/wcs/stores/servlet/booklookServlet?bookstore_id-1=584&term_id-1=2022 Spring&crn-1=14389",""
"202210","MTEN726","INDEPENDENT STUDY II","093","14390","",""," ","Closed","0","0","McEnnis, Kathleen","Face-to-Face","3","https://www.bkstr.com/webapp/wcs/stores/servlet/booklookServlet?bookstore_id-1=584&term_id-1=2022 Spring&crn-1=14390",""
"202210","MTEN726","INDEPENDENT STUDY II","114","14391","",""," ","Closed","0","0","Schoenitz, Mirko","Face-to-Face","3","https://www.bkstr.com/webapp/wcs/stores/servlet/booklookServlet?bookstore_id-1=584&term_id-1=2022 Spring&crn-1=14391",""
"202210","MTEN726","INDEPENDENT STUDY II","116","14392","",""," ","Closed","0","0","Gogos, Costas","Face-to-Face","3","https://www.bkstr.com/webapp/wcs/stores/servlet/booklookServlet?bookstore_id-1=584&term_id-1=2022 Spring&crn-1=14392",""
"202210","MTEN726","INDEPENDENT STUDY II","119","14393","",""," ","Closed","0","0","Wang, Xianqin","Face-to-Face","3","https://www.bkstr.com/webapp/wcs/stores/servlet/booklookServlet?bookstore_id-1=584&term_id-1=2022 Spring&crn-1=14393",""
"202210","MTEN726","INDEPENDENT STUDY II","132","14394","",""," ","Closed","0","0","Chen, Hao","Face-to-Face","3","https://www.bkstr.com/webapp/wcs/stores/servlet/booklookServlet?bookstore_id-1=584&term_id-1=2022 Spring&crn-1=14394",""
"202210","MTEN726","INDEPENDENT STUDY II","143","14395","",""," ","Closed","0","0","Li, Mengyan","Face-to-Face","3","https://www.bkstr.com/webapp/wcs/stores/servlet/booklookServlet?bookstore_id-1=584&term_id-1=2022 Spring&crn-1=14395",""
"202210","MTEN726","INDEPENDENT STUDY II","145","14396","",""," ","Closed","0","0","Venerus, David","Face-to-Face","3","https://www.bkstr.com/webapp/wcs/stores/servlet/booklookServlet?bookstore_id-1=584&term_id-1=2022 Spring&crn-1=14396",""
"202210","MTEN726","INDEPENDENT STUDY II","152","14397","",""," ","Closed","0","0","Zhang, Yuanwei","Face-to-Face","3","https://www.bkstr.com/webapp/wcs/stores/servlet/booklookServlet?bookstore_id-1=584&term_id-1=2022 Spring&crn-1=14397",""
"202210","MTEN726","INDEPENDENT STUDY II","156","14398","",""," ","Closed","0","0","Farinas, Edgardo","Face-to-Face","3","https://www.bkstr.com/webapp/wcs/stores/servlet/booklookServlet?bookstore_id-1=584&term_id-1=2022 Spring&crn-1=14398",""
"202210","MTEN726","INDEPENDENT STUDY II","158","14399","",""," ","Closed","0","0","Khalizov, Alexei","Face-to-Face","3","https://www.bkstr.com/webapp/wcs/stores/servlet/booklookServlet?bookstore_id-1=584&term_id-1=2022 Spring&crn-1=14399",""
"202210","MTEN726","INDEPENDENT STUDY II","212","14400","",""," ","Closed","0","0","Voronov, Roman","Face-to-Face","3","https://www.bkstr.com/webapp/wcs/stores/servlet/booklookServlet?bookstore_id-1=584&term_id-1=2022 Spring&crn-1=14400",""
"202210","MTEN726","INDEPENDENT STUDY II","214","14401","",""," ","Closed","0","0","Gor, Gennady","Face-to-Face","3","https://www.bkstr.com/webapp/wcs/stores/servlet/booklookServlet?bookstore_id-1=584&term_id-1=2022 Spring&crn-1=14401",""
"202210","MTEN726","INDEPENDENT STUDY II","217","14402","",""," ","Closed","0","0","Guvendiren, Murat","Face-to-Face","3","https://www.bkstr.com/webapp/wcs/stores/servlet/booklookServlet?bookstore_id-1=584&term_id-1=2022 Spring&crn-1=14402",""
"202210","MTEN726","INDEPENDENT STUDY II","445","14403","",""," ","Closed","0","0","Dave, Rajesh","Face-to-Face","3","https://www.bkstr.com/webapp/wcs/stores/servlet/booklookServlet?bookstore_id-1=584&term_id-1=2022 Spring&crn-1=14403",""
"202210","MTEN726","INDEPENDENT STUDY II","487","14404","",""," ","Closed","0","0","Dreyzin, Edward","Face-to-Face","3","https://www.bkstr.com/webapp/wcs/stores/servlet/booklookServlet?bookstore_id-1=584&term_id-1=2022 Spring&crn-1=14404",""
"202210","MTEN790A","DOCT DISSERTATION & RES","071","14405","",""," ","Closed","0","0","Sirkar, Kamalesh","Face-to-Face","1","https://www.bkstr.com/webapp/wcs/stores/servlet/booklookServlet?bookstore_id-1=584&term_id-1=2022 Spring&crn-1=14405",""
"202210","MTEN790A","DOCT DISSERTATION & RES","082","14406","",""," ","Closed","0","0","Chintersingh, Kerri Lee","Face-to-Face","1","https://www.bkstr.com/webapp/wcs/stores/servlet/booklookServlet?bookstore_id-1=584&term_id-1=2022 Spring&crn-1=14406",""
"202210","MTEN790A","DOCT DISSERTATION & RES","085","15189","",""," ","Closed","0","1","Young, Joshua","Face-to-Face","1","https://www.bkstr.com/webapp/wcs/stores/servlet/booklookServlet?bookstore_id-1=584&term_id-1=2022 Spring&crn-1=15189",""
"202210","MTEN790A","DOCT DISSERTATION & RES","087","14407","",""," ","Closed","0","0","Sebastian, Donald","Face-to-Face","1","https://www.bkstr.com/webapp/wcs/stores/servlet/booklookServlet?bookstore_id-1=584&term_id-1=2022 Spring&crn-1=14407",""
"202210","MTEN790A","DOCT DISSERTATION & RES","088","14408","",""," ","Closed","0","0","Basuray, Sagnik","Face-to-Face","1","https://www.bkstr.com/webapp/wcs/stores/servlet/booklookServlet?bookstore_id-1=584&term_id-1=2022 Spring&crn-1=14408",""
"202210","MTEN790A","DOCT DISSERTATION & RES","089","14409","",""," ","Closed","0","0","Zhao, Mengqiang","Face-to-Face","1","https://www.bkstr.com/webapp/wcs/stores/servlet/booklookServlet?bookstore_id-1=584&term_id-1=2022 Spring&crn-1=14409",""
"202210","MTEN790A","DOCT DISSERTATION & RES","090","14410","",""," ","Closed","0","0","Bilgili, Ecevit","Face-to-Face","1","https://www.bkstr.com/webapp/wcs/stores/servlet/booklookServlet?bookstore_id-1=584&term_id-1=2022 Spring&crn-1=14410",""
"202210","MTEN790A","DOCT DISSERTATION & RES","091","14411","",""," ","Closed","0","0","Xu, Xiaoyang","Face-to-Face","1","https://www.bkstr.com/webapp/wcs/stores/servlet/booklookServlet?bookstore_id-1=584&term_id-1=2022 Spring&crn-1=14411",""
"202210","MTEN790A","DOCT DISSERTATION & RES","093","14412","",""," ","Closed","0","0","McEnnis, Kathleen","Face-to-Face","1","https://www.bkstr.com/webapp/wcs/stores/servlet/booklookServlet?bookstore_id-1=584&term_id-1=2022 Spring&crn-1=14412",""
"202210","MTEN790A","DOCT DISSERTATION & RES","114","14413","",""," ","Closed","0","0","Schoenitz, Mirko","Face-to-Face","1","https://www.bkstr.com/webapp/wcs/stores/servlet/booklookServlet?bookstore_id-1=584&term_id-1=2022 Spring&crn-1=14413",""
"202210","MTEN790A","DOCT DISSERTATION & RES","116","14414","",""," ","Closed","0","0","Gogos, Costas","Face-to-Face","1","https://www.bkstr.com/webapp/wcs/stores/servlet/booklookServlet?bookstore_id-1=584&term_id-1=2022 Spring&crn-1=14414",""
"202210","MTEN790A","DOCT DISSERTATION & RES","119","14415","",""," ","Closed","0","1","Wang, Xianqin","Face-to-Face","1","https://www.bkstr.com/webapp/wcs/stores/servlet/booklookServlet?bookstore_id-1=584&term_id-1=2022 Spring&crn-1=14415",""
"202210","MTEN790A","DOCT DISSERTATION & RES","132","14416","",""," ","Closed","0","0","Chen, Hao","Face-to-Face","1","https://www.bkstr.com/webapp/wcs/stores/servlet/booklookServlet?bookstore_id-1=584&term_id-1=2022 Spring&crn-1=14416",""
"202210","MTEN790A","DOCT DISSERTATION & RES","143","14417","",""," ","Closed","0","0","Li, Mengyan","Face-to-Face","1","https://www.bkstr.com/webapp/wcs/stores/servlet/booklookServlet?bookstore_id-1=584&term_id-1=2022 Spring&crn-1=14417",""
"202210","MTEN790A","DOCT DISSERTATION & RES","145","14418","",""," ","Closed","0","0","Venerus, David","Face-to-Face","1","https://www.bkstr.com/webapp/wcs/stores/servlet/booklookServlet?bookstore_id-1=584&term_id-1=2022 Spring&crn-1=14418",""
"202210","MTEN790A","DOCT DISSERTATION & RES","152","14419","",""," ","Closed","0","0","Zhang, Yuanwei","Face-to-Face","1","https://www.bkstr.com/webapp/wcs/stores/servlet/booklookServlet?bookstore_id-1=584&term_id-1=2022 Spring&crn-1=14419",""
"202210","MTEN790A","DOCT DISSERTATION & RES","156","14420","",""," ","Closed","0","0","Farinas, Edgardo","Face-to-Face","1","https://www.bkstr.com/webapp/wcs/stores/servlet/booklookServlet?bookstore_id-1=584&term_id-1=2022 Spring&crn-1=14420",""
"202210","MTEN790A","DOCT DISSERTATION & RES","158","14421","",""," ","Closed","0","0","Khalizov, Alexei","Face-to-Face","1","https://www.bkstr.com/webapp/wcs/stores/servlet/booklookServlet?bookstore_id-1=584&term_id-1=2022 Spring&crn-1=14421",""
"202210","MTEN790A","DOCT DISSERTATION & RES","212","14422","",""," ","Closed","0","0","Voronov, Roman","Face-to-Face","1","https://www.bkstr.com/webapp/wcs/stores/servlet/booklookServlet?bookstore_id-1=584&term_id-1=2022 Spring&crn-1=14422",""
"202210","MTEN790A","DOCT DISSERTATION & RES","214","14423","",""," ","Closed","0","0","Gor, Gennady","Face-to-Face","1","https://www.bkstr.com/webapp/wcs/stores/servlet/booklookServlet?bookstore_id-1=584&term_id-1=2022 Spring&crn-1=14423",""
"202210","MTEN790A","DOCT DISSERTATION & RES","217","14424","",""," ","Closed","0","0","Guvendiren, Murat","Face-to-Face","1","https://www.bkstr.com/webapp/wcs/stores/servlet/booklookServlet?bookstore_id-1=584&term_id-1=2022 Spring&crn-1=14424",""
"202210","MTEN790A","DOCT DISSERTATION & RES","445","14425","",""," ","Closed","0","0","Dave, Rajesh","Face-to-Face","1","https://www.bkstr.com/webapp/wcs/stores/servlet/booklookServlet?bookstore_id-1=584&term_id-1=2022 Spring&crn-1=14425",""
"202210","MTEN790A","DOCT DISSERTATION & RES","487","14426","",""," ","Closed","0","1","Dreyzin, Edward","Face-to-Face","1","https://www.bkstr.com/webapp/wcs/stores/servlet/booklookServlet?bookstore_id-1=584&term_id-1=2022 Spring&crn-1=14426",""
"202210","MTEN790B","DOCT DISSERTATION & RES","071","14427","",""," ","Closed","0","0","Sirkar, Kamalesh","Face-to-Face","3","https://www.bkstr.com/webapp/wcs/stores/servlet/booklookServlet?bookstore_id-1=584&term_id-1=2022 Spring&crn-1=14427",""
"202210","MTEN790B","DOCT DISSERTATION & RES","082","14428","",""," ","Closed","0","0","Chintersingh, Kerri Lee","Face-to-Face","3","https://www.bkstr.com/webapp/wcs/stores/servlet/booklookServlet?bookstore_id-1=584&term_id-1=2022 Spring&crn-1=14428",""
"202210","MTEN790B","DOCT DISSERTATION & RES","085","15190","",""," ","Closed","0","1","Young, Joshua","Face-to-Face","3","https://www.bkstr.com/webapp/wcs/stores/servlet/booklookServlet?bookstore_id-1=584&term_id-1=2022 Spring&crn-1=15190",""
"202210","MTEN790B","DOCT DISSERTATION & RES","087","14429","",""," ","Closed","0","0","Sebastian, Donald","Face-to-Face","3","https://www.bkstr.com/webapp/wcs/stores/servlet/booklookServlet?bookstore_id-1=584&term_id-1=2022 Spring&crn-1=14429",""
"202210","MTEN790B","DOCT DISSERTATION & RES","088","14430","",""," ","Closed","0","0","Basuray, Sagnik","Face-to-Face","3","https://www.bkstr.com/webapp/wcs/stores/servlet/booklookServlet?bookstore_id-1=584&term_id-1=2022 Spring&crn-1=14430",""
"202210","MTEN790B","DOCT DISSERTATION & RES","090","14431","",""," ","Closed","0","0","Bilgili, Ecevit","Face-to-Face","3","https://www.bkstr.com/webapp/wcs/stores/servlet/booklookServlet?bookstore_id-1=584&term_id-1=2022 Spring&crn-1=14431",""
"202210","MTEN790B","DOCT DISSERTATION & RES","091","14432","",""," ","Closed","0","0","Xu, Xiaoyang","Face-to-Face","3","https://www.bkstr.com/webapp/wcs/stores/servlet/booklookServlet?bookstore_id-1=584&term_id-1=2022 Spring&crn-1=14432",""
"202210","MTEN790B","DOCT DISSERTATION & RES","093","14433","",""," ","Closed","0","0","McEnnis, Kathleen","Face-to-Face","3","https://www.bkstr.com/webapp/wcs/stores/servlet/booklookServlet?bookstore_id-1=584&term_id-1=2022 Spring&crn-1=14433",""
"202210","MTEN790B","DOCT DISSERTATION & RES","114","14434","",""," ","Closed","0","0","Schoenitz, Mirko","Face-to-Face","3","https://www.bkstr.com/webapp/wcs/stores/servlet/booklookServlet?bookstore_id-1=584&term_id-1=2022 Spring&crn-1=14434",""
"202210","MTEN790B","DOCT DISSERTATION & RES","116","14435","",""," ","Closed","0","0","Gogos, Costas","Face-to-Face","3","https://www.bkstr.com/webapp/wcs/stores/servlet/booklookServlet?bookstore_id-1=584&term_id-1=2022 Spring&crn-1=14435",""
"202210","MTEN790B","DOCT DISSERTATION & RES","119","14436","",""," ","Closed","0","0","Wang, Xianqin","Face-to-Face","3","https://www.bkstr.com/webapp/wcs/stores/servlet/booklookServlet?bookstore_id-1=584&term_id-1=2022 Spring&crn-1=14436",""
"202210","MTEN790B","DOCT DISSERTATION & RES","132","14437","",""," ","Closed","0","0","Chen, Hao","Face-to-Face","3","https://www.bkstr.com/webapp/wcs/stores/servlet/booklookServlet?bookstore_id-1=584&term_id-1=2022 Spring&crn-1=14437",""
"202210","MTEN790B","DOCT DISSERTATION & RES","143","14438","",""," ","Closed","0","0","Li, Mengyan","Face-to-Face","3","https://www.bkstr.com/webapp/wcs/stores/servlet/booklookServlet?bookstore_id-1=584&term_id-1=2022 Spring&crn-1=14438",""
"202210","MTEN790B","DOCT DISSERTATION & RES","145","14439","",""," ","Closed","0","0","Venerus, David","Face-to-Face","3","https://www.bkstr.com/webapp/wcs/stores/servlet/booklookServlet?bookstore_id-1=584&term_id-1=2022 Spring&crn-1=14439",""
"202210","MTEN790B","DOCT DISSERTATION & RES","152","14440","",""," ","Closed","0","0","Zhang, Yuanwei","Face-to-Face","3","https://www.bkstr.com/webapp/wcs/stores/servlet/booklookServlet?bookstore_id-1=584&term_id-1=2022 Spring&crn-1=14440",""
"202210","MTEN790B","DOCT DISSERTATION & RES","156","14441","",""," ","Closed","0","0","Farinas, Edgardo","Face-to-Face","3","https://www.bkstr.com/webapp/wcs/stores/servlet/booklookServlet?bookstore_id-1=584&term_id-1=2022 Spring&crn-1=14441",""
"202210","MTEN790B","DOCT DISSERTATION & RES","158","14442","",""," ","Closed","0","0","Khalizov, Alexei","Face-to-Face","3","https://www.bkstr.com/webapp/wcs/stores/servlet/booklookServlet?bookstore_id-1=584&term_id-1=2022 Spring&crn-1=14442",""
"202210","MTEN790B","DOCT DISSERTATION & RES","212","14443","",""," ","Closed","0","0","Voronov, Roman","Face-to-Face","3","https://www.bkstr.com/webapp/wcs/stores/servlet/booklookServlet?bookstore_id-1=584&term_id-1=2022 Spring&crn-1=14443",""
"202210","MTEN790B","DOCT DISSERTATION & RES","214","14444","",""," ","Closed","0","0","Gor, Gennady","Face-to-Face","3","https://www.bkstr.com/webapp/wcs/stores/servlet/booklookServlet?bookstore_id-1=584&term_id-1=2022 Spring&crn-1=14444",""
"202210","MTEN790B","DOCT DISSERTATION & RES","217","14445","",""," ","Closed","0","0","Guvendiren, Murat","Face-to-Face","3","https://www.bkstr.com/webapp/wcs/stores/servlet/booklookServlet?bookstore_id-1=584&term_id-1=2022 Spring&crn-1=14445",""
"202210","MTEN790B","DOCT DISSERTATION & RES","445","14446","",""," ","Closed","0","0","Dave, Rajesh","Face-to-Face","3","https://www.bkstr.com/webapp/wcs/stores/servlet/booklookServlet?bookstore_id-1=584&term_id-1=2022 Spring&crn-1=14446",""
"202210","MTEN790B","DOCT DISSERTATION & RES","487","14447","",""," ","Closed","0","0","Dreyzin, Edward","Face-to-Face","3","https://www.bkstr.com/webapp/wcs/stores/servlet/booklookServlet?bookstore_id-1=584&term_id-1=2022 Spring&crn-1=14447",""
"202210","MTEN792","PRE-DOCTORAL RESEARCH","082","14448","",""," ","Closed","0","0","Chintersingh, Kerri Lee","Face-to-Face","3","https://www.bkstr.com/webapp/wcs/stores/servlet/booklookServlet?bookstore_id-1=584&term_id-1=2022 Spring&crn-1=14448",""
"202210","MTEN792","PRE-DOCTORAL RESEARCH","085","15191","",""," ","Closed","0","0","Young, Joshua","Face-to-Face","3","https://www.bkstr.com/webapp/wcs/stores/servlet/booklookServlet?bookstore_id-1=584&term_id-1=2022 Spring&crn-1=15191",""
"202210","MTEN792","PRE-DOCTORAL RESEARCH","087","14449","",""," ","Closed","0","0","Sebastian, Donald","Face-to-Face","3","https://www.bkstr.com/webapp/wcs/stores/servlet/booklookServlet?bookstore_id-1=584&term_id-1=2022 Spring&crn-1=14449",""
"202210","MTEN792","PRE-DOCTORAL RESEARCH","088","14450","",""," ","Closed","0","0","Basuray, Sagnik","Face-to-Face","3","https://www.bkstr.com/webapp/wcs/stores/servlet/booklookServlet?bookstore_id-1=584&term_id-1=2022 Spring&crn-1=14450",""
"202210","MTEN792","PRE-DOCTORAL RESEARCH","090","14451","",""," ","Closed","0","0","Bilgili, Ecevit","Face-to-Face","3","https://www.bkstr.com/webapp/wcs/stores/servlet/booklookServlet?bookstore_id-1=584&term_id-1=2022 Spring&crn-1=14451",""
"202210","MTEN792","PRE-DOCTORAL RESEARCH","091","14452","",""," ","Closed","0","0","Xu, Xiaoyang","Face-to-Face","3","https://www.bkstr.com/webapp/wcs/stores/servlet/booklookServlet?bookstore_id-1=584&term_id-1=2022 Spring&crn-1=14452",""
"202210","MTEN792","PRE-DOCTORAL RESEARCH","093","14453","",""," ","Closed","0","0","McEnnis, Kathleen","Face-to-Face","3","https://www.bkstr.com/webapp/wcs/stores/servlet/booklookServlet?bookstore_id-1=584&term_id-1=2022 Spring&crn-1=14453",""
"202210","MTEN792","PRE-DOCTORAL RESEARCH","114","14454","",""," ","Closed","0","0","Schoenitz, Mirko","Face-to-Face","3","https://www.bkstr.com/webapp/wcs/stores/servlet/booklookServlet?bookstore_id-1=584&term_id-1=2022 Spring&crn-1=14454",""
"202210","MTEN792","PRE-DOCTORAL RESEARCH","116","14455","",""," ","Closed","0","0","Gogos, Costas","Face-to-Face","3","https://www.bkstr.com/webapp/wcs/stores/servlet/booklookServlet?bookstore_id-1=584&term_id-1=2022 Spring&crn-1=14455",""
"202210","MTEN792","PRE-DOCTORAL RESEARCH","119","14456","",""," ","Closed","0","0","Wang, Xianqin","Face-to-Face","3","https://www.bkstr.com/webapp/wcs/stores/servlet/booklookServlet?bookstore_id-1=584&term_id-1=2022 Spring&crn-1=14456",""
"202210","MTEN792","PRE-DOCTORAL RESEARCH","132","14457","",""," ","Closed","0","0","Chen, Hao","Face-to-Face","3","https://www.bkstr.com/webapp/wcs/stores/servlet/booklookServlet?bookstore_id-1=584&term_id-1=2022 Spring&crn-1=14457",""
"202210","MTEN792","PRE-DOCTORAL RESEARCH","143","14458","",""," ","Closed","0","0","Li, Mengyan","Face-to-Face","3","https://www.bkstr.com/webapp/wcs/stores/servlet/booklookServlet?bookstore_id-1=584&term_id-1=2022 Spring&crn-1=14458",""
"202210","MTEN792","PRE-DOCTORAL RESEARCH","145","14459","",""," ","Closed","0","0","Venerus, David","Face-to-Face","3","https://www.bkstr.com/webapp/wcs/stores/servlet/booklookServlet?bookstore_id-1=584&term_id-1=2022 Spring&crn-1=14459",""
"202210","MTEN792","PRE-DOCTORAL RESEARCH","152","14460","",""," ","Closed","0","0","Zhang, Yuanwei","Face-to-Face","3","https://www.bkstr.com/webapp/wcs/stores/servlet/booklookServlet?bookstore_id-1=584&term_id-1=2022 Spring&crn-1=14460",""
"202210","MTEN792","PRE-DOCTORAL RESEARCH","156","14461","",""," ","Closed","0","0","Farinas, Edgardo","Face-to-Face","3","https://www.bkstr.com/webapp/wcs/stores/servlet/booklookServlet?bookstore_id-1=584&term_id-1=2022 Spring&crn-1=14461",""
"202210","MTEN792","PRE-DOCTORAL RESEARCH","158","14462","",""," ","Closed","0","0","Khalizov, Alexei","Face-to-Face","3","https://www.bkstr.com/webapp/wcs/stores/servlet/booklookServlet?bookstore_id-1=584&term_id-1=2022 Spring&crn-1=14462",""
"202210","MTEN792","PRE-DOCTORAL RESEARCH","212","14463","",""," ","Closed","0","0","Voronov, Roman","Face-to-Face","3","https://www.bkstr.com/webapp/wcs/stores/servlet/booklookServlet?bookstore_id-1=584&term_id-1=2022 Spring&crn-1=14463",""
"202210","MTEN792","PRE-DOCTORAL RESEARCH","214","14464","",""," ","Closed","0","0","Gor, Gennady","Face-to-Face","3","https://www.bkstr.com/webapp/wcs/stores/servlet/booklookServlet?bookstore_id-1=584&term_id-1=2022 Spring&crn-1=14464",""
"202210","MTEN792","PRE-DOCTORAL RESEARCH","217","14465","",""," ","Closed","0","0","Guvendiren, Murat","Face-to-Face","3","https://www.bkstr.com/webapp/wcs/stores/servlet/booklookServlet?bookstore_id-1=584&term_id-1=2022 Spring&crn-1=14465",""
"202210","MTEN792","PRE-DOCTORAL RESEARCH","445","14466","",""," ","Closed","0","0","Dave, Rajesh","Face-to-Face","3","https://www.bkstr.com/webapp/wcs/stores/servlet/booklookServlet?bookstore_id-1=584&term_id-1=2022 Spring&crn-1=14466",""
"202210","MTEN792","PRE-DOCTORAL RESEARCH","487","14467","",""," ","Closed","0","0","Dreyzin, Edward","Face-to-Face","3","https://www.bkstr.com/webapp/wcs/stores/servlet/booklookServlet?bookstore_id-1=584&term_id-1=2022 Spring&crn-1=14467",""
