"Term","Course","Title","Section","CRN","Days","Times","Location","Status","Max","Now","Instructor","Delivery Mode","Credits","Info","Comments"
"202210","MTSE301","MATERIALS SCIENCE","002","14468","MR","2:30 PM - 3:50 PM","KUPF 202","Open","45","36","Ravindra, N.","Face-to-Face","3","https://www.bkstr.com/webapp/wcs/stores/servlet/booklookServlet?bookstore_id-1=584&term_id-1=2022 Spring&crn-1=14468",""
"202210","MTSE451","X-RAY DIFFRACTION","102","14469","T","6:00 PM - 10:05 PM"," ","Cancelled","15","0","","Face-to-Face","3","https://www.bkstr.com/webapp/wcs/stores/servlet/booklookServlet?bookstore_id-1=584&term_id-1=2022 Spring&crn-1=14469","Cancelled 11/15/21"
"202210","MTSE590","GRAD COOP WORK EXP I","792","14470","",""," ","Closed","0","0","Ravindra, N.","Face-to-Face","1","https://www.bkstr.com/webapp/wcs/stores/servlet/booklookServlet?bookstore_id-1=584&term_id-1=2022 Spring&crn-1=14470",""
"202210","MTSE590","GRAD COOP WORK EXP I","796","14471","",""," ","Closed","0","0","Ahn, Keun Hyuk","Face-to-Face","1","https://www.bkstr.com/webapp/wcs/stores/servlet/booklookServlet?bookstore_id-1=584&term_id-1=2022 Spring&crn-1=14471",""
"202210","MTSE590","GRAD COOP WORK EXP I","808","14472","",""," ","Closed","0","0","Tyson, Trevor","Face-to-Face","1","https://www.bkstr.com/webapp/wcs/stores/servlet/booklookServlet?bookstore_id-1=584&term_id-1=2022 Spring&crn-1=14472",""
"202210","MTSE591","GRAD COOP WORK EXPERIENCE II","792","14473","",""," ","Closed","0","0","Ravindra, N.","Face-to-Face","1","https://www.bkstr.com/webapp/wcs/stores/servlet/booklookServlet?bookstore_id-1=584&term_id-1=2022 Spring&crn-1=14473",""
"202210","MTSE591","GRAD COOP WORK EXPERIENCE II","796","14474","",""," ","Closed","0","0","Ahn, Keun Hyuk","Face-to-Face","1","https://www.bkstr.com/webapp/wcs/stores/servlet/booklookServlet?bookstore_id-1=584&term_id-1=2022 Spring&crn-1=14474",""
"202210","MTSE591","GRAD COOP WORK EXPERIENCE II","808","14475","",""," ","Closed","0","0","Tyson, Trevor","Face-to-Face","1","https://www.bkstr.com/webapp/wcs/stores/servlet/booklookServlet?bookstore_id-1=584&term_id-1=2022 Spring&crn-1=14475",""
"202210","MTSE593","GRADUATE CO-OP WORK EXP IV","792","14476","",""," ","Closed","0","0","Ravindra, N.","Face-to-Face","0","https://www.bkstr.com/webapp/wcs/stores/servlet/booklookServlet?bookstore_id-1=584&term_id-1=2022 Spring&crn-1=14476",""
"202210","MTSE593","GRADUATE CO-OP WORK EXP IV","796","14477","",""," ","Closed","0","0","Ahn, Keun Hyuk","Face-to-Face","0","https://www.bkstr.com/webapp/wcs/stores/servlet/booklookServlet?bookstore_id-1=584&term_id-1=2022 Spring&crn-1=14477",""
"202210","MTSE602","THERMODYNAMICS OF MATERL","102","14478","T","6:00 PM - 8:50 PM","FMH 407","Open","25","11","Tyson, Trevor","Face-to-Face","3","https://www.bkstr.com/webapp/wcs/stores/servlet/booklookServlet?bookstore_id-1=584&term_id-1=2022 Spring&crn-1=14478",""
"202210","MTSE610","MECHANICAL PROP MATERIAL","102","14479","M","6:00 PM - 8:50 PM","FMH 108","Open","25","10","Behi, Mohammad","Face-to-Face","3","https://www.bkstr.com/webapp/wcs/stores/servlet/booklookServlet?bookstore_id-1=584&term_id-1=2022 Spring&crn-1=14479",""
"202210","MTSE690","DIRECTED STUDY IN MTSE","792","14480","",""," ","Closed","0","0","Ravindra, N.","Face-to-Face","3","https://www.bkstr.com/webapp/wcs/stores/servlet/booklookServlet?bookstore_id-1=584&term_id-1=2022 Spring&crn-1=14480",""
"202210","MTSE690","DIRECTED STUDY IN MTSE","796","14481","",""," ","Closed","0","0","Ahn, Keun Hyuk","Face-to-Face","3","https://www.bkstr.com/webapp/wcs/stores/servlet/booklookServlet?bookstore_id-1=584&term_id-1=2022 Spring&crn-1=14481",""
"202210","MTSE700B","MASTER'S PROJECT","445","14482","",""," ","Closed","0","0","Dave, Rajesh","Face-to-Face","3","https://www.bkstr.com/webapp/wcs/stores/servlet/booklookServlet?bookstore_id-1=584&term_id-1=2022 Spring&crn-1=14482",""
"202210","MTSE700B","MASTER'S PROJECT","792","14483","",""," ","Closed","0","0","Ravindra, N.","Face-to-Face","3","https://www.bkstr.com/webapp/wcs/stores/servlet/booklookServlet?bookstore_id-1=584&term_id-1=2022 Spring&crn-1=14483",""
"202210","MTSE700B","MASTER'S PROJECT","796","14484","",""," ","Closed","0","0","Ahn, Keun Hyuk","Face-to-Face","3","https://www.bkstr.com/webapp/wcs/stores/servlet/booklookServlet?bookstore_id-1=584&term_id-1=2022 Spring&crn-1=14484",""
"202210","MTSE700B","MASTER'S PROJECT","804","14485","",""," ","Closed","0","0","Federici, John","Face-to-Face","3","https://www.bkstr.com/webapp/wcs/stores/servlet/booklookServlet?bookstore_id-1=584&term_id-1=2022 Spring&crn-1=14485",""
"202210","MTSE700B","MASTER'S PROJECT","808","14486","",""," ","Closed","0","0","Tyson, Trevor","Face-to-Face","3","https://www.bkstr.com/webapp/wcs/stores/servlet/booklookServlet?bookstore_id-1=584&term_id-1=2022 Spring&crn-1=14486",""
"202210","MTSE700B","MASTER'S PROJECT","828","14487","",""," ","Closed","0","0","Prodan, Camelia","Face-to-Face","3","https://www.bkstr.com/webapp/wcs/stores/servlet/booklookServlet?bookstore_id-1=584&term_id-1=2022 Spring&crn-1=14487",""
"202210","MTSE701B","MASTER'S THESIS","071","14488","",""," ","Closed","0","0","Sirkar, Kamalesh","Face-to-Face","3","https://www.bkstr.com/webapp/wcs/stores/servlet/booklookServlet?bookstore_id-1=584&term_id-1=2022 Spring&crn-1=14488",""
"202210","MTSE701B","MASTER'S THESIS","072","14489","",""," ","Closed","0","0","Jaffe, Michael","Face-to-Face","3","https://www.bkstr.com/webapp/wcs/stores/servlet/booklookServlet?bookstore_id-1=584&term_id-1=2022 Spring&crn-1=14489",""
"202210","MTSE701B","MASTER'S THESIS","155","14490","",""," ","Closed","0","0","Iqbal, Zafar","Face-to-Face","3","https://www.bkstr.com/webapp/wcs/stores/servlet/booklookServlet?bookstore_id-1=584&term_id-1=2022 Spring&crn-1=14490",""
"202210","MTSE701B","MASTER'S THESIS","253","14491","",""," ","Closed","0","0","Grebel, Haim","Face-to-Face","3","https://www.bkstr.com/webapp/wcs/stores/servlet/booklookServlet?bookstore_id-1=584&term_id-1=2022 Spring&crn-1=14491",""
"202210","MTSE701B","MASTER'S THESIS","270","14492","",""," ","Closed","0","0","Sosnowski, Marek","Face-to-Face","3","https://www.bkstr.com/webapp/wcs/stores/servlet/booklookServlet?bookstore_id-1=584&term_id-1=2022 Spring&crn-1=14492",""
"202210","MTSE701B","MASTER'S THESIS","304","14493","",""," ","Closed","0","0","Arinzeh, Treena","Face-to-Face","3","https://www.bkstr.com/webapp/wcs/stores/servlet/booklookServlet?bookstore_id-1=584&term_id-1=2022 Spring&crn-1=14493",""
"202210","MTSE701B","MASTER'S THESIS","781","14494","",""," ","Closed","0","0","","Face-to-Face","3","https://www.bkstr.com/webapp/wcs/stores/servlet/booklookServlet?bookstore_id-1=584&term_id-1=2022 Spring&crn-1=14494","CANCELED 1/10/22"
"202210","MTSE701B","MASTER'S THESIS","792","14495","",""," ","Closed","0","0","Ravindra, N.","Face-to-Face","3","https://www.bkstr.com/webapp/wcs/stores/servlet/booklookServlet?bookstore_id-1=584&term_id-1=2022 Spring&crn-1=14495",""
"202210","MTSE701B","MASTER'S THESIS","796","14496","",""," ","Closed","0","0","Ahn, Keun Hyuk","Face-to-Face","3","https://www.bkstr.com/webapp/wcs/stores/servlet/booklookServlet?bookstore_id-1=584&term_id-1=2022 Spring&crn-1=14496",""
"202210","MTSE701B","MASTER'S THESIS","804","14497","",""," ","Closed","0","0","Federici, John","Face-to-Face","3","https://www.bkstr.com/webapp/wcs/stores/servlet/booklookServlet?bookstore_id-1=584&term_id-1=2022 Spring&crn-1=14497",""
"202210","MTSE701B","MASTER'S THESIS","808","14498","",""," ","Closed","0","0","Tyson, Trevor","Face-to-Face","3","https://www.bkstr.com/webapp/wcs/stores/servlet/booklookServlet?bookstore_id-1=584&term_id-1=2022 Spring&crn-1=14498",""
"202210","MTSE701B","MASTER'S THESIS","828","14499","",""," ","Closed","0","1","Prodan, Camelia","Face-to-Face","3","https://www.bkstr.com/webapp/wcs/stores/servlet/booklookServlet?bookstore_id-1=584&term_id-1=2022 Spring&crn-1=14499",""
"202210","MTSE725","INDEPENDENT STUDY I","071","14500","",""," ","Closed","0","0","Sirkar, Kamalesh","Face-to-Face","3","https://www.bkstr.com/webapp/wcs/stores/servlet/booklookServlet?bookstore_id-1=584&term_id-1=2022 Spring&crn-1=14500",""
"202210","MTSE725","INDEPENDENT STUDY I","792","14501","",""," ","Closed","0","0","Ravindra, N.","Face-to-Face","3","https://www.bkstr.com/webapp/wcs/stores/servlet/booklookServlet?bookstore_id-1=584&term_id-1=2022 Spring&crn-1=14501",""
"202210","MTSE725","INDEPENDENT STUDY I","796","14502","",""," ","Closed","0","0","Ahn, Keun Hyuk","Face-to-Face","3","https://www.bkstr.com/webapp/wcs/stores/servlet/booklookServlet?bookstore_id-1=584&term_id-1=2022 Spring&crn-1=14502",""
"202210","MTSE725","INDEPENDENT STUDY I","804","14503","",""," ","Closed","0","0","Federici, John","Face-to-Face","3","https://www.bkstr.com/webapp/wcs/stores/servlet/booklookServlet?bookstore_id-1=584&term_id-1=2022 Spring&crn-1=14503",""
"202210","MTSE725","INDEPENDENT STUDY I","808","14504","",""," ","Closed","0","0","Tyson, Trevor","Face-to-Face","3","https://www.bkstr.com/webapp/wcs/stores/servlet/booklookServlet?bookstore_id-1=584&term_id-1=2022 Spring&crn-1=14504",""
"202210","MTSE725","INDEPENDENT STUDY I","828","14505","",""," ","Closed","0","0","Prodan, Camelia","Face-to-Face","3","https://www.bkstr.com/webapp/wcs/stores/servlet/booklookServlet?bookstore_id-1=584&term_id-1=2022 Spring&crn-1=14505",""
"202210","MTSE726","INDEPENDENT STUDY II","792","14506","",""," ","Closed","0","1","Ravindra, N.","Face-to-Face","3","https://www.bkstr.com/webapp/wcs/stores/servlet/booklookServlet?bookstore_id-1=584&term_id-1=2022 Spring&crn-1=14506",""
"202210","MTSE726","INDEPENDENT STUDY II","796","14507","",""," ","Closed","0","0","Ahn, Keun Hyuk","Face-to-Face","3","https://www.bkstr.com/webapp/wcs/stores/servlet/booklookServlet?bookstore_id-1=584&term_id-1=2022 Spring&crn-1=14507",""
"202210","MTSE726","INDEPENDENT STUDY II","804","14508","",""," ","Closed","0","0","Federici, John","Face-to-Face","3","https://www.bkstr.com/webapp/wcs/stores/servlet/booklookServlet?bookstore_id-1=584&term_id-1=2022 Spring&crn-1=14508",""
"202210","MTSE726","INDEPENDENT STUDY II","808","14509","",""," ","Closed","0","0","Tyson, Trevor","Face-to-Face","3","https://www.bkstr.com/webapp/wcs/stores/servlet/booklookServlet?bookstore_id-1=584&term_id-1=2022 Spring&crn-1=14509",""
"202210","MTSE790A","DOCTORAL DISSERTATION","071","14510","",""," ","Closed","0","1","Sirkar, Kamalesh","Face-to-Face","1","https://www.bkstr.com/webapp/wcs/stores/servlet/booklookServlet?bookstore_id-1=584&term_id-1=2022 Spring&crn-1=14510",""
"202210","MTSE790A","DOCTORAL DISSERTATION","072","14511","",""," ","Closed","0","0","Jaffe, Michael","Face-to-Face","1","https://www.bkstr.com/webapp/wcs/stores/servlet/booklookServlet?bookstore_id-1=584&term_id-1=2022 Spring&crn-1=14511",""
"202210","MTSE790A","DOCTORAL DISSERTATION","080","14512","",""," ","Closed","0","1","Armenante, Piero","Face-to-Face","1","https://www.bkstr.com/webapp/wcs/stores/servlet/booklookServlet?bookstore_id-1=584&term_id-1=2022 Spring&crn-1=14512",""
"202210","MTSE790A","DOCTORAL DISSERTATION","119","14513","",""," ","Closed","0","0","Wang, Xianqin","Face-to-Face","1","https://www.bkstr.com/webapp/wcs/stores/servlet/booklookServlet?bookstore_id-1=584&term_id-1=2022 Spring&crn-1=14513",""
"202210","MTSE790A","DOCTORAL DISSERTATION","131","14514","",""," ","Closed","0","1","Sadik, Omowunmi","Face-to-Face","1","https://www.bkstr.com/webapp/wcs/stores/servlet/booklookServlet?bookstore_id-1=584&term_id-1=2022 Spring&crn-1=14514",""
"202210","MTSE790A","DOCTORAL DISSERTATION","148","14515","",""," ","Closed","0","0","Mitra, Somenath","Face-to-Face","1","https://www.bkstr.com/webapp/wcs/stores/servlet/booklookServlet?bookstore_id-1=584&term_id-1=2022 Spring&crn-1=14515",""
"202210","MTSE790A","DOCTORAL DISSERTATION","150","14516","",""," ","Closed","0","0","Krasnoperov, Lev","Face-to-Face","1","https://www.bkstr.com/webapp/wcs/stores/servlet/booklookServlet?bookstore_id-1=584&term_id-1=2022 Spring&crn-1=14516",""
"202210","MTSE790A","DOCTORAL DISSERTATION","155","14517","",""," ","Closed","0","0","Iqbal, Zafar","Face-to-Face","1","https://www.bkstr.com/webapp/wcs/stores/servlet/booklookServlet?bookstore_id-1=584&term_id-1=2022 Spring&crn-1=14517",""
"202210","MTSE790A","DOCTORAL DISSERTATION","304","14518","",""," ","Closed","0","0","Arinzeh, Treena","Face-to-Face","1","https://www.bkstr.com/webapp/wcs/stores/servlet/booklookServlet?bookstore_id-1=584&term_id-1=2022 Spring&crn-1=14518",""
"202210","MTSE790A","DOCTORAL DISSERTATION","781","14519","",""," ","Closed","0","0","","Face-to-Face","1","https://www.bkstr.com/webapp/wcs/stores/servlet/booklookServlet?bookstore_id-1=584&term_id-1=2022 Spring&crn-1=14519",""
"202210","MTSE790A","DOCTORAL DISSERTATION","792","14520","",""," ","Closed","0","2","Ravindra, N.","Face-to-Face","1","https://www.bkstr.com/webapp/wcs/stores/servlet/booklookServlet?bookstore_id-1=584&term_id-1=2022 Spring&crn-1=14520",""
"202210","MTSE790A","DOCTORAL DISSERTATION","796","14521","",""," ","Closed","0","0","Ahn, Keun Hyuk","Face-to-Face","1","https://www.bkstr.com/webapp/wcs/stores/servlet/booklookServlet?bookstore_id-1=584&term_id-1=2022 Spring&crn-1=14521",""
"202210","MTSE790A","DOCTORAL DISSERTATION","803","14522","",""," ","Closed","0","0","Levy, Roland","Face-to-Face","1","https://www.bkstr.com/webapp/wcs/stores/servlet/booklookServlet?bookstore_id-1=584&term_id-1=2022 Spring&crn-1=14522",""
"202210","MTSE790A","DOCTORAL DISSERTATION","804","14523","",""," ","Closed","0","0","Federici, John","Face-to-Face","1","https://www.bkstr.com/webapp/wcs/stores/servlet/booklookServlet?bookstore_id-1=584&term_id-1=2022 Spring&crn-1=14523",""
"202210","MTSE790A","DOCTORAL DISSERTATION","808","14524","",""," ","Closed","0","0","Tyson, Trevor","Face-to-Face","1","https://www.bkstr.com/webapp/wcs/stores/servlet/booklookServlet?bookstore_id-1=584&term_id-1=2022 Spring&crn-1=14524",""
"202210","MTSE790A","DOCTORAL DISSERTATION","825","14525","",""," ","Closed","0","0","Sirenko, Andrei","Face-to-Face","1","https://www.bkstr.com/webapp/wcs/stores/servlet/booklookServlet?bookstore_id-1=584&term_id-1=2022 Spring&crn-1=14525",""
"202210","MTSE790A","DOCTORAL DISSERTATION","826","14526","",""," ","Closed","0","0","Zhou, Tao","Face-to-Face","1","https://www.bkstr.com/webapp/wcs/stores/servlet/booklookServlet?bookstore_id-1=584&term_id-1=2022 Spring&crn-1=14526",""
"202210","MTSE790A","DOCTORAL DISSERTATION","828","14527","",""," ","Closed","0","1","Prodan, Camelia","Face-to-Face","1","https://www.bkstr.com/webapp/wcs/stores/servlet/booklookServlet?bookstore_id-1=584&term_id-1=2022 Spring&crn-1=14527",""
"202210","MTSE790B","DOC DISSERTATION & RES","072","14528","",""," ","Closed","0","0","Sadik, Omowunmi","Face-to-Face","3","https://www.bkstr.com/webapp/wcs/stores/servlet/booklookServlet?bookstore_id-1=584&term_id-1=2022 Spring&crn-1=14528",""
"202210","MTSE790B","DOC DISSERTATION & RES","076","14529","",""," ","Closed","0","0","Pfister, Bryan","Face-to-Face","3","https://www.bkstr.com/webapp/wcs/stores/servlet/booklookServlet?bookstore_id-1=584&term_id-1=2022 Spring&crn-1=14529",""
"202210","MTSE790B","DOC DISSERTATION & RES","080","14530","",""," ","Closed","0","0","Armenante, Piero","Face-to-Face","3","https://www.bkstr.com/webapp/wcs/stores/servlet/booklookServlet?bookstore_id-1=584&term_id-1=2022 Spring&crn-1=14530",""
"202210","MTSE790B","DOC DISSERTATION & RES","131","14531","",""," ","Closed","0","0","Sadik, Omowunmi","Face-to-Face","3","https://www.bkstr.com/webapp/wcs/stores/servlet/booklookServlet?bookstore_id-1=584&term_id-1=2022 Spring&crn-1=14531",""
"202210","MTSE790B","DOC DISSERTATION & RES","148","14532","",""," ","Closed","0","0","Mitra, Somenath","Face-to-Face","3","https://www.bkstr.com/webapp/wcs/stores/servlet/booklookServlet?bookstore_id-1=584&term_id-1=2022 Spring&crn-1=14532",""
"202210","MTSE790B","DOC DISSERTATION & RES","150","14533","",""," ","Closed","0","0","Krasnoperov, Lev","Face-to-Face","3","https://www.bkstr.com/webapp/wcs/stores/servlet/booklookServlet?bookstore_id-1=584&term_id-1=2022 Spring&crn-1=14533",""
"202210","MTSE790B","DOC DISSERTATION & RES","253","14534","",""," ","Closed","0","0","Grebel, Haim","Face-to-Face","3","https://www.bkstr.com/webapp/wcs/stores/servlet/booklookServlet?bookstore_id-1=584&term_id-1=2022 Spring&crn-1=14534",""
"202210","MTSE790B","DOC DISSERTATION & RES","270","14535","",""," ","Closed","0","0","Sosnowski, Marek","Face-to-Face","3","https://www.bkstr.com/webapp/wcs/stores/servlet/booklookServlet?bookstore_id-1=584&term_id-1=2022 Spring&crn-1=14535",""
"202210","MTSE790B","DOC DISSERTATION & RES","304","14536","",""," ","Closed","0","0","Arinzeh, Treena","Face-to-Face","3","https://www.bkstr.com/webapp/wcs/stores/servlet/booklookServlet?bookstore_id-1=584&term_id-1=2022 Spring&crn-1=14536",""
"202210","MTSE790B","DOC DISSERTATION & RES","307","14537","",""," ","Closed","0","0","Tsybeskov, Leonid","Face-to-Face","3","https://www.bkstr.com/webapp/wcs/stores/servlet/booklookServlet?bookstore_id-1=584&term_id-1=2022 Spring&crn-1=14537",""
"202210","MTSE790B","DOC DISSERTATION & RES","445","14538","",""," ","Closed","0","0","Dave, Rajesh","Face-to-Face","3","https://www.bkstr.com/webapp/wcs/stores/servlet/booklookServlet?bookstore_id-1=584&term_id-1=2022 Spring&crn-1=14538",""
"202210","MTSE790B","DOC DISSERTATION & RES","478","14539","",""," ","Closed","0","0","Narh, Kwabena","Face-to-Face","3","https://www.bkstr.com/webapp/wcs/stores/servlet/booklookServlet?bookstore_id-1=584&term_id-1=2022 Spring&crn-1=14539",""
"202210","MTSE790B","DOC DISSERTATION & RES","781","14540","",""," ","Closed","0","0","","Face-to-Face","3","https://www.bkstr.com/webapp/wcs/stores/servlet/booklookServlet?bookstore_id-1=584&term_id-1=2022 Spring&crn-1=14540",""
"202210","MTSE790B","DOC DISSERTATION & RES","792","14541","",""," ","Closed","0","0","Ravindra, N.","Face-to-Face","3","https://www.bkstr.com/webapp/wcs/stores/servlet/booklookServlet?bookstore_id-1=584&term_id-1=2022 Spring&crn-1=14541",""
"202210","MTSE790B","DOC DISSERTATION & RES","796","14542","",""," ","Closed","0","0","Ahn, Keun Hyuk","Face-to-Face","3","https://www.bkstr.com/webapp/wcs/stores/servlet/booklookServlet?bookstore_id-1=584&term_id-1=2022 Spring&crn-1=14542",""
"202210","MTSE790B","DOC DISSERTATION & RES","803","14543","",""," ","Closed","0","0","Levy, Roland","Face-to-Face","3","https://www.bkstr.com/webapp/wcs/stores/servlet/booklookServlet?bookstore_id-1=584&term_id-1=2022 Spring&crn-1=14543",""
"202210","MTSE790B","DOC DISSERTATION & RES","804","14544","",""," ","Closed","0","0","Federici, John","Face-to-Face","3","https://www.bkstr.com/webapp/wcs/stores/servlet/booklookServlet?bookstore_id-1=584&term_id-1=2022 Spring&crn-1=14544",""
"202210","MTSE790B","DOC DISSERTATION & RES","808","14545","",""," ","Closed","0","0","Tyson, Trevor","Face-to-Face","3","https://www.bkstr.com/webapp/wcs/stores/servlet/booklookServlet?bookstore_id-1=584&term_id-1=2022 Spring&crn-1=14545",""
"202210","MTSE790B","DOC DISSERTATION & RES","825","14546","",""," ","Closed","0","0","Sirenko, Andrei","Face-to-Face","3","https://www.bkstr.com/webapp/wcs/stores/servlet/booklookServlet?bookstore_id-1=584&term_id-1=2022 Spring&crn-1=14546",""
"202210","MTSE790B","DOC DISSERTATION & RES","826","14547","",""," ","Closed","0","0","Zhou, Tao","Face-to-Face","3","https://www.bkstr.com/webapp/wcs/stores/servlet/booklookServlet?bookstore_id-1=584&term_id-1=2022 Spring&crn-1=14547",""
"202210","MTSE790B","DOC DISSERTATION & RES","828","14548","",""," ","Closed","0","0","Prodan, Camelia","Face-to-Face","3","https://www.bkstr.com/webapp/wcs/stores/servlet/booklookServlet?bookstore_id-1=584&term_id-1=2022 Spring&crn-1=14548",""
"202210","MTSE790C","DOC DISSERTATION & RES","072","14549","",""," ","Closed","0","0","Jaffe, Michael","Face-to-Face","6","https://www.bkstr.com/webapp/wcs/stores/servlet/booklookServlet?bookstore_id-1=584&term_id-1=2022 Spring&crn-1=14549",""
"202210","MTSE790C","DOC DISSERTATION & RES","076","14550","",""," ","Closed","0","0","Pfister, Bryan","Face-to-Face","6","https://www.bkstr.com/webapp/wcs/stores/servlet/booklookServlet?bookstore_id-1=584&term_id-1=2022 Spring&crn-1=14550",""
"202210","MTSE790C","DOC DISSERTATION & RES","080","14551","",""," ","Closed","0","0","Armenante, Piero","Face-to-Face","6","https://www.bkstr.com/webapp/wcs/stores/servlet/booklookServlet?bookstore_id-1=584&term_id-1=2022 Spring&crn-1=14551",""
"202210","MTSE790C","DOC DISSERTATION & RES","131","14552","",""," ","Closed","0","0","Sadik, Omowunmi","Face-to-Face","6","https://www.bkstr.com/webapp/wcs/stores/servlet/booklookServlet?bookstore_id-1=584&term_id-1=2022 Spring&crn-1=14552",""
"202210","MTSE790C","DOC DISSERTATION & RES","304","14553","",""," ","Closed","0","0","Arinzeh, Treena","Face-to-Face","6","https://www.bkstr.com/webapp/wcs/stores/servlet/booklookServlet?bookstore_id-1=584&term_id-1=2022 Spring&crn-1=14553",""
"202210","MTSE790C","DOC DISSERTATION & RES","445","14554","",""," ","Closed","0","0","Dave, Rajesh","Face-to-Face","6","https://www.bkstr.com/webapp/wcs/stores/servlet/booklookServlet?bookstore_id-1=584&term_id-1=2022 Spring&crn-1=14554",""
"202210","MTSE790C","DOC DISSERTATION & RES","486","14555","",""," ","Closed","0","0","Khusid, Boris","Face-to-Face","6","https://www.bkstr.com/webapp/wcs/stores/servlet/booklookServlet?bookstore_id-1=584&term_id-1=2022 Spring&crn-1=14555",""
"202210","MTSE790C","DOC DISSERTATION & RES","781","14556","",""," ","Closed","0","0","","Face-to-Face","6","https://www.bkstr.com/webapp/wcs/stores/servlet/booklookServlet?bookstore_id-1=584&term_id-1=2022 Spring&crn-1=14556",""
"202210","MTSE790C","DOC DISSERTATION & RES","792","14557","",""," ","Closed","0","0","Ravindra, N.","Face-to-Face","6","https://www.bkstr.com/webapp/wcs/stores/servlet/booklookServlet?bookstore_id-1=584&term_id-1=2022 Spring&crn-1=14557",""
"202210","MTSE790C","DOC DISSERTATION & RES","796","14558","",""," ","Closed","0","0","Ahn, Keun Hyuk","Face-to-Face","6","https://www.bkstr.com/webapp/wcs/stores/servlet/booklookServlet?bookstore_id-1=584&term_id-1=2022 Spring&crn-1=14558",""
"202210","MTSE790C","DOC DISSERTATION & RES","803","14559","",""," ","Closed","0","0","Levy, Roland","Face-to-Face","6","https://www.bkstr.com/webapp/wcs/stores/servlet/booklookServlet?bookstore_id-1=584&term_id-1=2022 Spring&crn-1=14559",""
"202210","MTSE790C","DOC DISSERTATION & RES","804","14560","",""," ","Closed","0","0","Federici, John","Face-to-Face","6","https://www.bkstr.com/webapp/wcs/stores/servlet/booklookServlet?bookstore_id-1=584&term_id-1=2022 Spring&crn-1=14560",""
"202210","MTSE790C","DOC DISSERTATION & RES","808","14561","",""," ","Closed","0","0","Tyson, Trevor","Face-to-Face","6","https://www.bkstr.com/webapp/wcs/stores/servlet/booklookServlet?bookstore_id-1=584&term_id-1=2022 Spring&crn-1=14561",""
"202210","MTSE790C","DOC DISSERTATION & RES","825","14562","",""," ","Closed","0","0","Sirenko, Andrei","Face-to-Face","6","https://www.bkstr.com/webapp/wcs/stores/servlet/booklookServlet?bookstore_id-1=584&term_id-1=2022 Spring&crn-1=14562",""
"202210","MTSE790C","DOC DISSERTATION & RES","826","14563","",""," ","Closed","0","0","Zhou, Tao","Face-to-Face","6","https://www.bkstr.com/webapp/wcs/stores/servlet/booklookServlet?bookstore_id-1=584&term_id-1=2022 Spring&crn-1=14563",""
"202210","MTSE790C","DOC DISSERTATION & RES","828","14564","",""," ","Closed","0","0","Prodan, Camelia","Face-to-Face","6","https://www.bkstr.com/webapp/wcs/stores/servlet/booklookServlet?bookstore_id-1=584&term_id-1=2022 Spring&crn-1=14564",""
"202210","MTSE792B","PRE-DOCTORAL RESEARCH","072","14565","",""," ","Closed","0","0","Jaffe, Michael","Face-to-Face","3","https://www.bkstr.com/webapp/wcs/stores/servlet/booklookServlet?bookstore_id-1=584&term_id-1=2022 Spring&crn-1=14565",""
"202210","MTSE792B","PRE-DOCTORAL RESEARCH","080","14566","",""," ","Closed","0","0","Armenante, Piero","Face-to-Face","3","https://www.bkstr.com/webapp/wcs/stores/servlet/booklookServlet?bookstore_id-1=584&term_id-1=2022 Spring&crn-1=14566",""
"202210","MTSE792B","PRE-DOCTORAL RESEARCH","119","14567","",""," ","Closed","0","0","Wang, Xianqin","Face-to-Face","3","https://www.bkstr.com/webapp/wcs/stores/servlet/booklookServlet?bookstore_id-1=584&term_id-1=2022 Spring&crn-1=14567",""
"202210","MTSE792B","PRE-DOCTORAL RESEARCH","131","14568","",""," ","Closed","0","0","Sadik, Omowunmi","Face-to-Face","3","https://www.bkstr.com/webapp/wcs/stores/servlet/booklookServlet?bookstore_id-1=584&term_id-1=2022 Spring&crn-1=14568",""
"202210","MTSE792B","PRE-DOCTORAL RESEARCH","148","14569","",""," ","Closed","0","0","Mitra, Somenath","Face-to-Face","3","https://www.bkstr.com/webapp/wcs/stores/servlet/booklookServlet?bookstore_id-1=584&term_id-1=2022 Spring&crn-1=14569",""
"202210","MTSE792B","PRE-DOCTORAL RESEARCH","781","14570","",""," ","Closed","0","0","","Face-to-Face","3","https://www.bkstr.com/webapp/wcs/stores/servlet/booklookServlet?bookstore_id-1=584&term_id-1=2022 Spring&crn-1=14570",""
"202210","MTSE792B","PRE-DOCTORAL RESEARCH","785","15825","",""," ","Closed","0","1","Yang, Junjie","Face-to-Face","3","https://www.bkstr.com/webapp/wcs/stores/servlet/booklookServlet?bookstore_id-1=584&term_id-1=2022 Spring&crn-1=15825",""
"202210","MTSE792B","PRE-DOCTORAL RESEARCH","792","14571","",""," ","Closed","0","4","Ravindra, N.","Face-to-Face","3","https://www.bkstr.com/webapp/wcs/stores/servlet/booklookServlet?bookstore_id-1=584&term_id-1=2022 Spring&crn-1=14571",""
"202210","MTSE792B","PRE-DOCTORAL RESEARCH","796","14572","",""," ","Closed","0","0","Ahn, Keun Hyuk","Face-to-Face","3","https://www.bkstr.com/webapp/wcs/stores/servlet/booklookServlet?bookstore_id-1=584&term_id-1=2022 Spring&crn-1=14572",""
"202210","MTSE792B","PRE-DOCTORAL RESEARCH","808","14573","",""," ","Closed","0","0","Tyson, Trevor","Face-to-Face","3","https://www.bkstr.com/webapp/wcs/stores/servlet/booklookServlet?bookstore_id-1=584&term_id-1=2022 Spring&crn-1=14573",""
"202210","MTSE792B","PRE-DOCTORAL RESEARCH","828","14574","",""," ","Closed","0","0","Prodan, Camelia","Face-to-Face","3","https://www.bkstr.com/webapp/wcs/stores/servlet/booklookServlet?bookstore_id-1=584&term_id-1=2022 Spring&crn-1=14574",""
"202210","MTSE792C","PRE-DOCTORAL RESEARCH","131","14575","",""," ","Closed","0","0","Sadik, Omowunmi","Face-to-Face","6","https://www.bkstr.com/webapp/wcs/stores/servlet/booklookServlet?bookstore_id-1=584&term_id-1=2022 Spring&crn-1=14575",""
"202210","MTSE792C","PRE-DOCTORAL RESEARCH","781","14576","",""," ","Closed","0","0","","Face-to-Face","6","https://www.bkstr.com/webapp/wcs/stores/servlet/booklookServlet?bookstore_id-1=584&term_id-1=2022 Spring&crn-1=14576",""
"202210","MTSE792C","PRE-DOCTORAL RESEARCH","792","14577","",""," ","Closed","0","0","Ravindra, N.","Face-to-Face","6","https://www.bkstr.com/webapp/wcs/stores/servlet/booklookServlet?bookstore_id-1=584&term_id-1=2022 Spring&crn-1=14577",""
"202210","MTSE792C","PRE-DOCTORAL RESEARCH","796","14578","",""," ","Closed","0","0","Ahn, Keun Hyuk","Face-to-Face","6","https://www.bkstr.com/webapp/wcs/stores/servlet/booklookServlet?bookstore_id-1=584&term_id-1=2022 Spring&crn-1=14578",""
"202210","MTSE792C","PRE-DOCTORAL RESEARCH","808","14579","",""," ","Closed","0","0","Tyson, Trevor","Face-to-Face","6","https://www.bkstr.com/webapp/wcs/stores/servlet/booklookServlet?bookstore_id-1=584&term_id-1=2022 Spring&crn-1=14579",""
"202210","MTSE792C","PRE-DOCTORAL RESEARCH","828","14580","",""," ","Closed","0","0","Prodan, Camelia","Face-to-Face","6","https://www.bkstr.com/webapp/wcs/stores/servlet/booklookServlet?bookstore_id-1=584&term_id-1=2022 Spring&crn-1=14580",""
