"Term","Course","Title","Section","CRN","Days","Times","Location","Status","Max","Now","Instructor","Delivery Mode","Credits","Info","Comments"
"202210","PE115","STRNGTH TRNING & CONDING","002","15173","TR","11:30 AM - 12:50 PM","DHRH FIT","Closed","20","20","Hearin, Mary","Face-to-Face","1","https://www.bkstr.com/webapp/wcs/stores/servlet/booklookServlet?bookstore_id-1=584&term_id-1=2022 Spring&crn-1=15173","Class meets first half of the semester."
"202210","PE115","STRNGTH TRNING & CONDING","004","15162","F","8:30 AM - 9:50 AM","DHRH FIT","Open","20","19","Callahan, Brian","Face-to-Face","1","https://www.bkstr.com/webapp/wcs/stores/servlet/booklookServlet?bookstore_id-1=584&term_id-1=2022 Spring&crn-1=15162",""
"202210","PE115","STRNGTH TRNING & CONDING","006","15163","TR","8:30 AM - 9:50 AM","DHRH FIT","Open","20","12","Callahan, Brian","Face-to-Face","1","https://www.bkstr.com/webapp/wcs/stores/servlet/booklookServlet?bookstore_id-1=584&term_id-1=2022 Spring&crn-1=15163","Class meets first half of the semester."
"202210","PE117","JOGGING","002","15174","MW","10:00 AM - 11:20 AM","WEC TRACK","Open","20","19","Mitchell, Sara","Face-to-Face","1","https://www.bkstr.com/webapp/wcs/stores/servlet/booklookServlet?bookstore_id-1=584&term_id-1=2022 Spring&crn-1=15174","Class meets last half of the semester."
"202210","PE118","WALKING","002","15164","TR","10:00 AM - 11:20 AM","WEC TRACK","Closed","20","20","Mitchell, Sara","Face-to-Face","1","https://www.bkstr.com/webapp/wcs/stores/servlet/booklookServlet?bookstore_id-1=584&term_id-1=2022 Spring&crn-1=15164","Class meets first half of the semester."
"202210","PE129","INDIVIDUALIZED FITNESS","002","15165","M","4:30 PM - 5:50 PM","DHRH FIT","Closed","20","20","Nieves, Charlie","Face-to-Face","1","https://www.bkstr.com/webapp/wcs/stores/servlet/booklookServlet?bookstore_id-1=584&term_id-1=2022 Spring&crn-1=15165","Class meets first half of the semester."
"202210","PE129","INDIVIDUALIZED FITNESS","004","15166","MW","10:00 AM - 11:20 AM","DHRH FIT","Open","20","7","Callahan, Brian","Face-to-Face","1","https://www.bkstr.com/webapp/wcs/stores/servlet/booklookServlet?bookstore_id-1=584&term_id-1=2022 Spring&crn-1=15166","Class meets first half of the semester."
"202210","PE129","INDIVIDUALIZED FITNESS","006","15167","TR","10:00 AM - 11:20 AM","WEC FITCENTR","Open","20","15","Callahan, Brian","Face-to-Face","1","https://www.bkstr.com/webapp/wcs/stores/servlet/booklookServlet?bookstore_id-1=584&term_id-1=2022 Spring&crn-1=15167","Class meets first half of the semester."
"202210","PE129","INDIVIDUALIZED FITNESS","008","15168","TR","1:00 PM - 2:20 PM","WEC FITCENTR","Open","20","14","Mantineo, Blase","Face-to-Face","1","https://www.bkstr.com/webapp/wcs/stores/servlet/booklookServlet?bookstore_id-1=584&term_id-1=2022 Spring&crn-1=15168","Class meets first half of the semester."
"202210","PE129","INDIVIDUALIZED FITNESS","010","15169","TR","2:30 PM - 3:50 PM","WEC FITCENTR","Open","20","8","Uy, Matthew","Face-to-Face","1","https://www.bkstr.com/webapp/wcs/stores/servlet/booklookServlet?bookstore_id-1=584&term_id-1=2022 Spring&crn-1=15169","Class meets first half of the semester."
"202210","PE129","INDIVIDUALIZED FITNESS","102","15170","M","6:00 PM - 7:20 PM","WEC FITCENTR","Open","20","19","Nieves, Charlie","Face-to-Face","1","https://www.bkstr.com/webapp/wcs/stores/servlet/booklookServlet?bookstore_id-1=584&term_id-1=2022 Spring&crn-1=15170","Class meets first half of the semester."
"202210","PE129","INDIVIDUALIZED FITNESS","104","15171","W","6:00 PM - 7:20 PM","WEC FITCENTR","Open","20","19","Nieves, Charlie","Face-to-Face","1","https://www.bkstr.com/webapp/wcs/stores/servlet/booklookServlet?bookstore_id-1=584&term_id-1=2022 Spring&crn-1=15171","Class meets first half of the semester."
"202210","PE136","INTRO TO KARATE","002","15172","T","7:00 PM - 8:20 PM","WEC GRPEXER","Closed","15","15","Jones, Lonnie","Face-to-Face","1","https://www.bkstr.com/webapp/wcs/stores/servlet/booklookServlet?bookstore_id-1=584&term_id-1=2022 Spring&crn-1=15172",""
"202210","PE137","INTERMEDIATE KARATE","002","15175","R","7:00 PM - 8:20 PM","WEC GRPEXER","Open","20","9","Jones, Lonnie","Face-to-Face","1","https://www.bkstr.com/webapp/wcs/stores/servlet/booklookServlet?bookstore_id-1=584&term_id-1=2022 Spring&crn-1=15175",""
"202210","PE139","INDIVIDUALIZED FITNESS II","002","14584","",""," ","Open","9","7","Callahan, Brian","Face-to-Face","1","https://www.bkstr.com/webapp/wcs/stores/servlet/booklookServlet?bookstore_id-1=584&term_id-1=2022 Spring&crn-1=14584","Department Permission Required"
"202210","PE139","INDIVIDUALIZED FITNESS II","004","15176","MW","10:00 AM - 11:20 AM","DHRH FIT","Open","20","7","Callahan, Brian","Face-to-Face","1","https://www.bkstr.com/webapp/wcs/stores/servlet/booklookServlet?bookstore_id-1=584&term_id-1=2022 Spring&crn-1=15176","Class meets last half of the semester."
"202210","PE139","INDIVIDUALIZED FITNESS II","006","15177","TR","10:00 AM - 11:20 AM","DHRH FIT","Open","20","3","Callahan, Brian","Face-to-Face","1","https://www.bkstr.com/webapp/wcs/stores/servlet/booklookServlet?bookstore_id-1=584&term_id-1=2022 Spring&crn-1=15177","Class meets last half of the semester."
"202210","PE139","INDIVIDUALIZED FITNESS II","008","15178","TR","1:00 PM - 2:20 PM","WEC FITCENTR","Open","20","7","Mantineo, Blase","Face-to-Face","1","https://www.bkstr.com/webapp/wcs/stores/servlet/booklookServlet?bookstore_id-1=584&term_id-1=2022 Spring&crn-1=15178","Class meets last half of the semester."
"202210","PE139","INDIVIDUALIZED FITNESS II","010","15179","TR","2:30 PM - 3:50 PM","WEC FITCENTR","Open","20","5","Uy, Matthew","Face-to-Face","1","https://www.bkstr.com/webapp/wcs/stores/servlet/booklookServlet?bookstore_id-1=584&term_id-1=2022 Spring&crn-1=15179","Class meets last half of the semester."
"202210","PE140","CIRCUIT TRAINING","002","14585","F","10:00 AM - 11:20 AM","DHRH FIT","Open","20","15","Callahan, Brian","Face-to-Face","1","https://www.bkstr.com/webapp/wcs/stores/servlet/booklookServlet?bookstore_id-1=584&term_id-1=2022 Spring&crn-1=14585",""
"202210","PE140","CIRCUIT TRAINING","004","15180","MW","11:30 AM - 12:50 PM","DHRH FIT","Open","20","9","Gutowski, Joseph","Face-to-Face","1","https://www.bkstr.com/webapp/wcs/stores/servlet/booklookServlet?bookstore_id-1=584&term_id-1=2022 Spring&crn-1=15180","Class meets last half of the semester."
"202210","PE140","CIRCUIT TRAINING","006","15181","TR","11:30 AM - 12:50 PM","DHRH FIT","Open","20","3","Hearin, Mary","Face-to-Face","1","https://www.bkstr.com/webapp/wcs/stores/servlet/booklookServlet?bookstore_id-1=584&term_id-1=2022 Spring&crn-1=15181","Class meets last half of the semester."
"202210","PE140","CIRCUIT TRAINING","008","15182","TR","8:30 AM - 9:50 AM","DHRH FIT","Open","20","0","Callahan, Brian","Face-to-Face","1","https://www.bkstr.com/webapp/wcs/stores/servlet/booklookServlet?bookstore_id-1=584&term_id-1=2022 Spring&crn-1=15182","Class meets last half of the semester."
"202210","PE145","AIR FORCE PHYSICAL TRAINING I","002","14586","T","7:00 AM - 8:00 AM","WEC TRACK","Open","50","0","Biggs, Justin","Face-to-Face","1","https://www.bkstr.com/webapp/wcs/stores/servlet/booklookServlet?bookstore_id-1=584&term_id-1=2022 Spring&crn-1=14586",""
"202210","PE145","AIR FORCE PHYSICAL TRAINING I","002","14586","T","7:00 AM - 8:00 AM","WEC TRACK","Open","50","0","Laake, Eric","Face-to-Face","1","https://www.bkstr.com/webapp/wcs/stores/servlet/booklookServlet?bookstore_id-1=584&term_id-1=2022 Spring&crn-1=14586",""
"202210","PE150","BEGINNING YOGA","002","14587","F","10:00 AM - 11:20 AM","WEC GRPEXER","Closed","20","20","Hernandez, Leslie","Face-to-Face","1","https://www.bkstr.com/webapp/wcs/stores/servlet/booklookServlet?bookstore_id-1=584&term_id-1=2022 Spring&crn-1=14587",""
"202210","PE150","BEGINNING YOGA","004","14588","W","10:00 AM - 11:20 AM","WEC GRPEXER","Open","20","19","Hernandez, Leslie","Face-to-Face","1","https://www.bkstr.com/webapp/wcs/stores/servlet/booklookServlet?bookstore_id-1=584&term_id-1=2022 Spring&crn-1=14588","Pilates Based"
"202210","PE150","BEGINNING YOGA","006","14589","R","10:00 AM - 11:20 AM","WEC GRPEXER","Closed","20","20","Hernandez, Leslie","Face-to-Face","1","https://www.bkstr.com/webapp/wcs/stores/servlet/booklookServlet?bookstore_id-1=584&term_id-1=2022 Spring&crn-1=14589","Pilates Based"
"202210","PE150","BEGINNING YOGA","102","14590","W","7:00 PM - 8:20 PM","WEC GRPEXER","Open","20","15","Hernandez, Leslie","Face-to-Face","1","https://www.bkstr.com/webapp/wcs/stores/servlet/booklookServlet?bookstore_id-1=584&term_id-1=2022 Spring&crn-1=14590",""
"202210","PE150","BEGINNING YOGA","104","14591","M","7:00 PM - 8:20 PM","WEC GRPEXER","Open","20","19","Hernandez, Leslie","Face-to-Face","1","https://www.bkstr.com/webapp/wcs/stores/servlet/booklookServlet?bookstore_id-1=584&term_id-1=2022 Spring&crn-1=14591",""
"202210","PE171","LATIN DANCE","004","14592","T","1:00 PM - 2:20 PM","WEC GRPEXER","Closed","20","20","Pagan, Roberto","Face-to-Face","1","https://www.bkstr.com/webapp/wcs/stores/servlet/booklookServlet?bookstore_id-1=584&term_id-1=2022 Spring&crn-1=14592",""
"202210","PE180","ZUMBA FITNESS","002","15620","M","1:00 PM - 2:20 PM"," ","Cancelled","20","0","","Face-to-Face","1","https://www.bkstr.com/webapp/wcs/stores/servlet/booklookServlet?bookstore_id-1=584&term_id-1=2022 Spring&crn-1=15620","Cancelled 1/19/22"
"202210","PE180","ZUMBA FITNESS","004","15621","T","4:30 PM - 5:50 PM"," ","Cancelled","20","0","","Face-to-Face","1","https://www.bkstr.com/webapp/wcs/stores/servlet/booklookServlet?bookstore_id-1=584&term_id-1=2022 Spring&crn-1=15621","Cancelled 1/19/22"
"202210","PE180","ZUMBA FITNESS","006","15622","F","4:30 PM - 5:50 PM","WEC GRPEXER","Open","20","13","Smith, Carole","Face-to-Face","1","https://www.bkstr.com/webapp/wcs/stores/servlet/booklookServlet?bookstore_id-1=584&term_id-1=2022 Spring&crn-1=15622",""
"202210","PE180","ZUMBA FITNESS","102","15623","F","6:00 PM - 7:20 PM"," ","Cancelled","20","0","","Face-to-Face","1","https://www.bkstr.com/webapp/wcs/stores/servlet/booklookServlet?bookstore_id-1=584&term_id-1=2022 Spring&crn-1=15623","Cancelled 1/19/22"
"202210","PE211","INTRO BOWLING & ARCHERY","102","15624","R","7:00 PM - 8:20 PM","CTR BOWL","Closed","20","20","Creutz, Casey","Face-to-Face","1","https://www.bkstr.com/webapp/wcs/stores/servlet/booklookServlet?bookstore_id-1=584&term_id-1=2022 Spring&crn-1=15624",""
"202210","PE242","INTRODUCTION TO RACQUETBALL","002","15625","W","1:00 PM - 2:25 PM","WEC RACQ","Closed","10","10","Papaccio, Giuseppe","Face-to-Face","1","https://www.bkstr.com/webapp/wcs/stores/servlet/booklookServlet?bookstore_id-1=584&term_id-1=2022 Spring&crn-1=15625",""
"202210","PE242","INTRODUCTION TO RACQUETBALL","004","15626","W","10:00 AM - 11:25 AM","WEC RACQ","Closed","10","10","Bello, Raphael","Face-to-Face","1","https://www.bkstr.com/webapp/wcs/stores/servlet/booklookServlet?bookstore_id-1=584&term_id-1=2022 Spring&crn-1=15626",""
