"Term","Course","Title","Section","CRN","Days","Times","Location","Status","Max","Now","Instructor","Delivery Mode","Credits","Info","Comments"
"202210","PHB701B","MASTER'S THESIS","080","14593","",""," ","Closed","0","0","Armenante, Piero","Face-to-Face","3","https://www.bkstr.com/webapp/wcs/stores/servlet/booklookServlet?bookstore_id-1=584&term_id-1=2022 Spring&crn-1=14593",""
"202210","PHB701B","MASTER'S THESIS","090","14594","",""," ","Closed","0","0","Bilgili, Ecevit","Face-to-Face","3","https://www.bkstr.com/webapp/wcs/stores/servlet/booklookServlet?bookstore_id-1=584&term_id-1=2022 Spring&crn-1=14594",""
"202210","PHB701B","MASTER'S THESIS","111","14595","",""," ","Closed","0","0","Simon, Laurent","Face-to-Face","3","https://www.bkstr.com/webapp/wcs/stores/servlet/booklookServlet?bookstore_id-1=584&term_id-1=2022 Spring&crn-1=14595",""
"202210","PHB701B","MASTER'S THESIS","116","14596","",""," ","Closed","0","0","Gogos, Costas","Face-to-Face","3","https://www.bkstr.com/webapp/wcs/stores/servlet/booklookServlet?bookstore_id-1=584&term_id-1=2022 Spring&crn-1=14596",""
"202210","PHB701C","MASTER'S THESIS","080","14597","",""," ","Closed","0","0","Armenante, Piero","Face-to-Face","6","https://www.bkstr.com/webapp/wcs/stores/servlet/booklookServlet?bookstore_id-1=584&term_id-1=2022 Spring&crn-1=14597",""
"202210","PHB701C","MASTER'S THESIS","090","14598","",""," ","Closed","0","0","Bilgili, Ecevit","Face-to-Face","6","https://www.bkstr.com/webapp/wcs/stores/servlet/booklookServlet?bookstore_id-1=584&term_id-1=2022 Spring&crn-1=14598",""
"202210","PHB701C","MASTER'S THESIS","111","14599","",""," ","Closed","0","0","Simon, Laurent","Face-to-Face","6","https://www.bkstr.com/webapp/wcs/stores/servlet/booklookServlet?bookstore_id-1=584&term_id-1=2022 Spring&crn-1=14599",""
"202210","PHB701C","MASTER'S THESIS","116","14600","",""," ","Closed","0","0","Gogos, Costas","Face-to-Face","6","https://www.bkstr.com/webapp/wcs/stores/servlet/booklookServlet?bookstore_id-1=584&term_id-1=2022 Spring&crn-1=14600",""
"202210","PHB725","INDEPENDENT STUDY I","080","14601","",""," ","Closed","0","0","Armenante, Piero","Face-to-Face","3","https://www.bkstr.com/webapp/wcs/stores/servlet/booklookServlet?bookstore_id-1=584&term_id-1=2022 Spring&crn-1=14601",""
"202210","PHB725","INDEPENDENT STUDY I","090","14602","",""," ","Closed","0","0","Bilgili, Ecevit","Face-to-Face","3","https://www.bkstr.com/webapp/wcs/stores/servlet/booklookServlet?bookstore_id-1=584&term_id-1=2022 Spring&crn-1=14602",""
"202210","PHB725","INDEPENDENT STUDY I","111","14603","",""," ","Closed","0","0","Simon, Laurent","Face-to-Face","3","https://www.bkstr.com/webapp/wcs/stores/servlet/booklookServlet?bookstore_id-1=584&term_id-1=2022 Spring&crn-1=14603",""
"202210","PHB725","INDEPENDENT STUDY I","116","14604","",""," ","Closed","0","0","Gogos, Costas","Face-to-Face","3","https://www.bkstr.com/webapp/wcs/stores/servlet/booklookServlet?bookstore_id-1=584&term_id-1=2022 Spring&crn-1=14604",""
"202210","PHB726","INDEPENDENT STUDY II","080","14605","",""," ","Closed","0","0","Armenante, Piero","Face-to-Face","3","https://www.bkstr.com/webapp/wcs/stores/servlet/booklookServlet?bookstore_id-1=584&term_id-1=2022 Spring&crn-1=14605",""
"202210","PHB726","INDEPENDENT STUDY II","090","14606","",""," ","Closed","0","0","Bilgili, Ecevit","Face-to-Face","3","https://www.bkstr.com/webapp/wcs/stores/servlet/booklookServlet?bookstore_id-1=584&term_id-1=2022 Spring&crn-1=14606",""
"202210","PHB726","INDEPENDENT STUDY II","111","14607","",""," ","Closed","0","0","Simon, Laurent","Face-to-Face","3","https://www.bkstr.com/webapp/wcs/stores/servlet/booklookServlet?bookstore_id-1=584&term_id-1=2022 Spring&crn-1=14607",""
"202210","PHB726","INDEPENDENT STUDY II","116","14608","",""," ","Closed","0","0","Gogos, Costas","Face-to-Face","3","https://www.bkstr.com/webapp/wcs/stores/servlet/booklookServlet?bookstore_id-1=584&term_id-1=2022 Spring&crn-1=14608",""
