"Term","Course","Title","Section","CRN","Days","Times","Location","Status","Max","Now","Instructor","Delivery Mode","Credits","Info","Comments"
"202210","PHEN590","GRADUATE CO-OP WORK EXPER I","084","14609","",""," ","Closed","0","0","Obuskovic, Gordana","Face-to-Face","1","https://www.bkstr.com/webapp/wcs/stores/servlet/booklookServlet?bookstore_id-1=584&term_id-1=2022 Spring&crn-1=14609",""
"202210","PHEN591","GRADUATE CO-OP WORK EXPER II","084","14610","",""," ","Closed","0","0","Obuskovic, Gordana","Face-to-Face","1","https://www.bkstr.com/webapp/wcs/stores/servlet/booklookServlet?bookstore_id-1=584&term_id-1=2022 Spring&crn-1=14610",""
"202210","PHEN592","GRADUATE CO-OP WORK EXPER III","084","14611","",""," ","Closed","0","0","Obuskovic, Gordana","Face-to-Face","1","https://www.bkstr.com/webapp/wcs/stores/servlet/booklookServlet?bookstore_id-1=584&term_id-1=2022 Spring&crn-1=14611",""
"202210","PHEN593","GRADUATE CO-OP WORK EXP IV","084","14612","",""," ","Closed","0","0","Obuskovic, Gordana","Face-to-Face","0","https://www.bkstr.com/webapp/wcs/stores/servlet/booklookServlet?bookstore_id-1=584&term_id-1=2022 Spring&crn-1=14612",""
"202210","PHEN604","VALIDATION& PHARM INDSTRY","852","14613","",""," ","Open","30","29","Melamud, Paul","","3","https://www.bkstr.com/webapp/wcs/stores/servlet/booklookServlet?bookstore_id-1=584&term_id-1=2022 Spring&crn-1=14613","Restricted to Newark Campus Students Only<br />Online Course"
"202210","PHEN605","PHARMACEUTICAL PACKGING TECH","852","14614","",""," ","Open","30","18","Orosz, Stephen","","3","https://www.bkstr.com/webapp/wcs/stores/servlet/booklookServlet?bookstore_id-1=584&term_id-1=2022 Spring&crn-1=14614","Restricted to Newark Students Only<br />Online Course"
"202210","PHEN618","PRINC PHARMACOKINETICS &DRUG","102","14615","M","6:00 PM - 8:50 PM","FMH 309","Open","30","14","Armenante, Piero","Face-to-Face","3","https://www.bkstr.com/webapp/wcs/stores/servlet/booklookServlet?bookstore_id-1=584&term_id-1=2022 Spring&crn-1=14615",""
"202210","PHEN701B","MASTER'S THESIS","080","14616","",""," ","Closed","0","0","Armenante, Piero","Face-to-Face","3","https://www.bkstr.com/webapp/wcs/stores/servlet/booklookServlet?bookstore_id-1=584&term_id-1=2022 Spring&crn-1=14616",""
"202210","PHEN701B","MASTER'S THESIS","090","14617","",""," ","Closed","0","0","Bilgili, Ecevit","Face-to-Face","3","https://www.bkstr.com/webapp/wcs/stores/servlet/booklookServlet?bookstore_id-1=584&term_id-1=2022 Spring&crn-1=14617",""
"202210","PHEN701B","MASTER'S THESIS","111","14618","",""," ","Closed","0","1","Simon, Laurent","Face-to-Face","3","https://www.bkstr.com/webapp/wcs/stores/servlet/booklookServlet?bookstore_id-1=584&term_id-1=2022 Spring&crn-1=14618",""
"202210","PHEN701B","MASTER'S THESIS","116","14619","",""," ","Closed","0","0","Gogos, Costas","Face-to-Face","3","https://www.bkstr.com/webapp/wcs/stores/servlet/booklookServlet?bookstore_id-1=584&term_id-1=2022 Spring&crn-1=14619",""
"202210","PHEN701B","MASTER'S THESIS","445","14620","",""," ","Closed","0","0","Dave, Rajesh","Face-to-Face","3","https://www.bkstr.com/webapp/wcs/stores/servlet/booklookServlet?bookstore_id-1=584&term_id-1=2022 Spring&crn-1=14620",""
"202210","PHEN701B","MASTER'S THESIS","486","14621","",""," ","Closed","0","0","Khusid, Boris","Face-to-Face","3","https://www.bkstr.com/webapp/wcs/stores/servlet/booklookServlet?bookstore_id-1=584&term_id-1=2022 Spring&crn-1=14621",""
"202210","PHEN701B","MASTER'S THESIS","487","14622","",""," ","Closed","0","0","Dave, Rajesh","Face-to-Face","3","https://www.bkstr.com/webapp/wcs/stores/servlet/booklookServlet?bookstore_id-1=584&term_id-1=2022 Spring&crn-1=14622",""
"202210","PHEN701C","MASTER'S THESIS","080","14623","",""," ","Closed","0","0","Armenante, Piero","Face-to-Face","6","https://www.bkstr.com/webapp/wcs/stores/servlet/booklookServlet?bookstore_id-1=584&term_id-1=2022 Spring&crn-1=14623",""
"202210","PHEN701C","MASTER'S THESIS","090","14624","",""," ","Closed","0","0","Bilgili, Ecevit","Face-to-Face","6","https://www.bkstr.com/webapp/wcs/stores/servlet/booklookServlet?bookstore_id-1=584&term_id-1=2022 Spring&crn-1=14624",""
"202210","PHEN701C","MASTER'S THESIS","111","14625","",""," ","Closed","0","0","Simon, Laurent","Face-to-Face","6","https://www.bkstr.com/webapp/wcs/stores/servlet/booklookServlet?bookstore_id-1=584&term_id-1=2022 Spring&crn-1=14625",""
"202210","PHEN701C","MASTER'S THESIS","116","14626","",""," ","Closed","0","0","Gogos, Costas","Face-to-Face","6","https://www.bkstr.com/webapp/wcs/stores/servlet/booklookServlet?bookstore_id-1=584&term_id-1=2022 Spring&crn-1=14626",""
"202210","PHEN701C","MASTER'S THESIS","445","14627","",""," ","Closed","0","0","Dave, Rajesh","Face-to-Face","6","https://www.bkstr.com/webapp/wcs/stores/servlet/booklookServlet?bookstore_id-1=584&term_id-1=2022 Spring&crn-1=14627",""
"202210","PHEN701C","MASTER'S THESIS","486","14628","",""," ","Closed","0","0","Khusid, Boris","Face-to-Face","6","https://www.bkstr.com/webapp/wcs/stores/servlet/booklookServlet?bookstore_id-1=584&term_id-1=2022 Spring&crn-1=14628",""
"202210","PHEN701C","MASTER'S THESIS","487","14629","",""," ","Closed","0","0","Dreyzin, Edward","Face-to-Face","6","https://www.bkstr.com/webapp/wcs/stores/servlet/booklookServlet?bookstore_id-1=584&term_id-1=2022 Spring&crn-1=14629",""
"202210","PHEN725","INDEPENDENT STUDY","080","14630","",""," ","Closed","0","1","Armenante, Piero","Face-to-Face","3","https://www.bkstr.com/webapp/wcs/stores/servlet/booklookServlet?bookstore_id-1=584&term_id-1=2022 Spring&crn-1=14630",""
"202210","PHEN725","INDEPENDENT STUDY","090","14631","",""," ","Closed","0","0","Bilgili, Ecevit","Face-to-Face","3","https://www.bkstr.com/webapp/wcs/stores/servlet/booklookServlet?bookstore_id-1=584&term_id-1=2022 Spring&crn-1=14631",""
"202210","PHEN725","INDEPENDENT STUDY","111","14632","",""," ","Closed","0","0","Simon, Laurent","Face-to-Face","3","https://www.bkstr.com/webapp/wcs/stores/servlet/booklookServlet?bookstore_id-1=584&term_id-1=2022 Spring&crn-1=14632",""
"202210","PHEN725","INDEPENDENT STUDY","156","14633","",""," ","Closed","0","0","Farinas, Edgardo","Face-to-Face","3","https://www.bkstr.com/webapp/wcs/stores/servlet/booklookServlet?bookstore_id-1=584&term_id-1=2022 Spring&crn-1=14633",""
"202210","PHEN725","INDEPENDENT STUDY","391","14634","",""," ","Closed","0","0","","Face-to-Face","3","https://www.bkstr.com/webapp/wcs/stores/servlet/booklookServlet?bookstore_id-1=584&term_id-1=2022 Spring&crn-1=14634",""
"202210","PHEN725","INDEPENDENT STUDY","486","14635","",""," ","Closed","0","0","Khusid, Boris","Face-to-Face","3","https://www.bkstr.com/webapp/wcs/stores/servlet/booklookServlet?bookstore_id-1=584&term_id-1=2022 Spring&crn-1=14635",""
