"Term","Course","Title","Section","CRN","Days","Times","Location","Status","Max","Now","Instructor","Delivery Mode","Credits","Info","Comments"
"202210","PHIL334","ENGINEERING ETHICS","002","14636","MW","1:00 PM - 2:20 PM","FMH 319","Closed","30","30","Estrada, Daniel","Face-to-Face","3","https://www.bkstr.com/webapp/wcs/stores/servlet/booklookServlet?bookstore_id-1=584&term_id-1=2022 Spring&crn-1=14636",""
"202210","PHIL334","ENGINEERING ETHICS","004","14637","TR","4:00 PM - 5:20 PM","FMH 404","Open","30","29","Edel, Gareth","Face-to-Face","3","https://www.bkstr.com/webapp/wcs/stores/servlet/booklookServlet?bookstore_id-1=584&term_id-1=2022 Spring&crn-1=14637",""
"202210","PHIL334","ENGINEERING ETHICS","006","14638","TR","2:30 PM - 3:50 PM","FMH 404","Closed","30","30","Edel, Gareth","Face-to-Face","3","https://www.bkstr.com/webapp/wcs/stores/servlet/booklookServlet?bookstore_id-1=584&term_id-1=2022 Spring&crn-1=14638",""
"202210","PHIL334","ENGINEERING ETHICS","102","14639","R","6:00 PM - 8:50 PM","FMH 319","Closed","30","30","Heap, Peter","Face-to-Face","3","https://www.bkstr.com/webapp/wcs/stores/servlet/booklookServlet?bookstore_id-1=584&term_id-1=2022 Spring&crn-1=14639",""
"202210","PHIL334","ENGINEERING ETHICS","452","14640","",""," ","Closed","30","30","Estrada, Daniel","","3","https://www.bkstr.com/webapp/wcs/stores/servlet/booklookServlet?bookstore_id-1=584&term_id-1=2022 Spring&crn-1=14640","Online Course"
"202210","PHIL334","ENGINEERING ETHICS","454","14641","",""," ","Closed","30","30","Estrada, Daniel","","3","https://www.bkstr.com/webapp/wcs/stores/servlet/booklookServlet?bookstore_id-1=584&term_id-1=2022 Spring&crn-1=14641","Online Course"
"202210","PHIL334","ENGINEERING ETHICS","456","14642","",""," ","Closed","30","39","George, Amber","","3","https://www.bkstr.com/webapp/wcs/stores/servlet/booklookServlet?bookstore_id-1=584&term_id-1=2022 Spring&crn-1=14642","Online Course"
"202210","PHIL334","ENGINEERING ETHICS","458","14643","",""," ","Closed","30","37","George, Amber","","3","https://www.bkstr.com/webapp/wcs/stores/servlet/booklookServlet?bookstore_id-1=584&term_id-1=2022 Spring&crn-1=14643","Online Course"
"202210","PHIL334","ENGINEERING ETHICS","460","14644","",""," ","Closed","30","38","George, Amber","","3","https://www.bkstr.com/webapp/wcs/stores/servlet/booklookServlet?bookstore_id-1=584&term_id-1=2022 Spring&crn-1=14644","Online Course"
"202210","PHIL334","ENGINEERING ETHICS","462","14645","",""," ","Closed","30","30","Bravo, Milton","","3","https://www.bkstr.com/webapp/wcs/stores/servlet/booklookServlet?bookstore_id-1=584&term_id-1=2022 Spring&crn-1=14645","Online Course"
"202210","PHIL334","ENGINEERING ETHICS","464","14646","",""," ","Closed","30","30","Bravo, Milton","","3","https://www.bkstr.com/webapp/wcs/stores/servlet/booklookServlet?bookstore_id-1=584&term_id-1=2022 Spring&crn-1=14646","Online Course"
"202210","PHIL334","ENGINEERING ETHICS","466","14647","",""," ","Closed","30","30","Edel, Gareth","","3","https://www.bkstr.com/webapp/wcs/stores/servlet/booklookServlet?bookstore_id-1=584&term_id-1=2022 Spring&crn-1=14647","Online Course"
"202210","PHIL334","ENGINEERING ETHICS","468","14648","",""," ","Cancelled","30","0","","","3","https://www.bkstr.com/webapp/wcs/stores/servlet/booklookServlet?bookstore_id-1=584&term_id-1=2022 Spring&crn-1=14648","Cancelled 12/8/21"
"202210","PHIL334","ENGINEERING ETHICS","470","14649","",""," ","Cancelled","30","0","","","3","https://www.bkstr.com/webapp/wcs/stores/servlet/booklookServlet?bookstore_id-1=584&term_id-1=2022 Spring&crn-1=14649","Cancelled 12/8/21"
"202210","PHIL334","ENGINEERING ETHICS - HONORS","H02","14650","TR","10:00 AM - 11:20 AM","FMH 319","Open","30","17","Holbrook, James","Face-to-Face","3","https://www.bkstr.com/webapp/wcs/stores/servlet/booklookServlet?bookstore_id-1=584&term_id-1=2022 Spring&crn-1=14650","Honors Course"
"202210","PHIL335","ETHICAL ISSUES IN BUSINESS","002","14651","",""," ","Cancelled","30","0","","Face-to-Face","3","https://www.bkstr.com/webapp/wcs/stores/servlet/booklookServlet?bookstore_id-1=584&term_id-1=2022 Spring&crn-1=14651","Cancelled 11/29/21"
"202210","PHIL337","WORLD RELIGIONS","452","14652","",""," ","Closed","30","30","Brooks, Charles","","3","https://www.bkstr.com/webapp/wcs/stores/servlet/booklookServlet?bookstore_id-1=584&term_id-1=2022 Spring&crn-1=14652","Online Course"
"202210","PHIL337","WORLD RELIGIONS","454","14653","",""," ","Closed","30","30","Brooks, Charles","","3","https://www.bkstr.com/webapp/wcs/stores/servlet/booklookServlet?bookstore_id-1=584&term_id-1=2022 Spring&crn-1=14653","Online Course"
"202210","PHIL351","BIOMEDICAL ETHICS","452","14654","",""," ","Closed","30","30","Deek, Andrew","","3","https://www.bkstr.com/webapp/wcs/stores/servlet/booklookServlet?bookstore_id-1=584&term_id-1=2022 Spring&crn-1=14654","Online Course"
"202210","PHIL351","BIOMEDICAL ETHICS","454","14655","",""," ","Closed","30","30","Deek, Andrew","","3","https://www.bkstr.com/webapp/wcs/stores/servlet/booklookServlet?bookstore_id-1=584&term_id-1=2022 Spring&crn-1=14655","Online Course"
