"Term","Course","Title","Section","CRN","Days","Times","Location","Status","Max","Now","Instructor","Delivery Mode","Credits","Info","Comments"
"202210","PHYS102","GENERAL PHYSICS","002","14656","WF","1:00 PM - 2:20 PM","TIER 114","Open","39","35","Opyrchal, Jan","Face-to-Face","3","https://www.bkstr.com/webapp/wcs/stores/servlet/booklookServlet?bookstore_id-1=584&term_id-1=2022 Spring&crn-1=14656","Students must also register for LAB.<br />Withdrawal from LEC requires withdrawal from LAB.<br />This course has common exams.<br />See https://www.njit.edu/registrar/exams/ for details."
"202210","PHYS102","GENERAL PHYSICS","004","14657","M","2:30 PM - 3:50 PM","KUPF 103","Open","43","25","Ahn, Keun Hyuk","Face-to-Face","3","https://www.bkstr.com/webapp/wcs/stores/servlet/booklookServlet?bookstore_id-1=584&term_id-1=2022 Spring&crn-1=14657","Students must also register for LAB.<br />Withdrawal from LEC requires withdrawal from LAB.<br />This course has common exams.<br />See https://www.njit.edu/registrar/exams/ for details."
"202210","PHYS102","GENERAL PHYSICS","004","14657","W","1:00 PM - 2:20 PM","CKB 303","Open","43","25","Ahn, Keun Hyuk","Face-to-Face","3","https://www.bkstr.com/webapp/wcs/stores/servlet/booklookServlet?bookstore_id-1=584&term_id-1=2022 Spring&crn-1=14657","Students must also register for LAB.<br />Withdrawal from LEC requires withdrawal from LAB.<br />This course has common exams.<br />See https://www.njit.edu/registrar/exams/ for details."
"202210","PHYS102","GENERAL PHYSICS","006","14658","M","1:00 PM - 2:20 PM","KUPF 117","Open","43","30","Ahn, Keun Hyuk","Face-to-Face","3","https://www.bkstr.com/webapp/wcs/stores/servlet/booklookServlet?bookstore_id-1=584&term_id-1=2022 Spring&crn-1=14658","Students must also register for LAB.<br />Withdrawal from LEC requires withdrawal from LAB.<br />This course has common exams.<br />See https://www.njit.edu/registrar/exams/ for details."
"202210","PHYS102","GENERAL PHYSICS","006","14658","W","1:00 PM - 2:20 PM","CKB 303","Open","43","30","Ahn, Keun Hyuk","Face-to-Face","3","https://www.bkstr.com/webapp/wcs/stores/servlet/booklookServlet?bookstore_id-1=584&term_id-1=2022 Spring&crn-1=14658","Students must also register for LAB.<br />Withdrawal from LEC requires withdrawal from LAB.<br />This course has common exams.<br />See https://www.njit.edu/registrar/exams/ for details."
"202210","PHYS102","GENERAL PHYSICS","102","14659","T","6:00 PM - 8:50 PM","TIER LECT 2","Open","43","35","Behi, Mohammad","Face-to-Face","3","https://www.bkstr.com/webapp/wcs/stores/servlet/booklookServlet?bookstore_id-1=584&term_id-1=2022 Spring&crn-1=14659","Students must also register for LAB.<br />Withdrawal from LEC requires withdrawal from LAB.<br />This course has common exams.<br />See https://www.njit.edu/registrar/exams/ for details."
"202210","PHYS102A","GENERAL PHYSICS LAB","002","14660","M","1:00 PM - 2:55 PM","TIER 409","Closed","28","28","Clark, Alexander","Face-to-Face","1","https://www.bkstr.com/webapp/wcs/stores/servlet/booklookServlet?bookstore_id-1=584&term_id-1=2022 Spring&crn-1=14660","Students must also register for LECTURE.<br />Withdrawal from LAB requires withdrawal from LEC."
"202210","PHYS102A","GENERAL PHYSICS LAB","004","14661","M","8:30 AM - 10:25 AM","TIER 409","Closed","28","29","Clark, Alexander","Face-to-Face","1","https://www.bkstr.com/webapp/wcs/stores/servlet/booklookServlet?bookstore_id-1=584&term_id-1=2022 Spring&crn-1=14661","Students must also register for LECTURE.<br />Withdrawal from LAB requires withdrawal from LEC."
"202210","PHYS102A","GENERAL PHYSICS LAB","102","14662","M","8:05 PM - 10:00 PM","TIER 409","Open","28","26","Daniel de Almeida, Matias","Face-to-Face","1","https://www.bkstr.com/webapp/wcs/stores/servlet/booklookServlet?bookstore_id-1=584&term_id-1=2022 Spring&crn-1=14662","Students must also register for LECTURE.<br />Withdrawal from LAB requires withdrawal from LEC."
"202210","PHYS102A","GENERAL PHYSICS LAB","104","14663","M","6:00 PM - 7:55 PM","TIER 409","Closed","28","28","Clark, Alexander","Face-to-Face","1","https://www.bkstr.com/webapp/wcs/stores/servlet/booklookServlet?bookstore_id-1=584&term_id-1=2022 Spring&crn-1=14663","Students must also register for LECTURE.<br />Withdrawal from LAB requires withdrawal from LEC."
"202210","PHYS103","GENERAL PHYSICS","002","14664","M","1:00 PM - 2:20 PM"," ","Cancelled","43","0","","Face-to-Face","3","https://www.bkstr.com/webapp/wcs/stores/servlet/booklookServlet?bookstore_id-1=584&term_id-1=2022 Spring&crn-1=14664","Cancelled 1/11/22"
"202210","PHYS103","GENERAL PHYSICS","002","14664","W","10:00 AM - 11:20 AM"," ","Cancelled","43","0","","Face-to-Face","3","https://www.bkstr.com/webapp/wcs/stores/servlet/booklookServlet?bookstore_id-1=584&term_id-1=2022 Spring&crn-1=14664","Cancelled 1/11/22"
"202210","PHYS103","GENERAL PHYSICS","004","14665","M","1:00 PM - 2:20 PM"," ","Closed","0","0","","Face-to-Face","3","https://www.bkstr.com/webapp/wcs/stores/servlet/booklookServlet?bookstore_id-1=584&term_id-1=2022 Spring&crn-1=14665","Cancelled 01/10/22"
"202210","PHYS103","GENERAL PHYSICS","004","14665","W","1:00 PM - 2:20 PM"," ","Closed","0","0","","Face-to-Face","3","https://www.bkstr.com/webapp/wcs/stores/servlet/booklookServlet?bookstore_id-1=584&term_id-1=2022 Spring&crn-1=14665","Cancelled 01/10/22"
"202210","PHYS103","GENERAL PHYSICS","006","14666","MW","1:00 PM - 2:20 PM","TIER LECT 1","Closed","45","46","Opyrchal, Halina","Face-to-Face","3","https://www.bkstr.com/webapp/wcs/stores/servlet/booklookServlet?bookstore_id-1=584&term_id-1=2022 Spring&crn-1=14666","Students must also register for LAB.<br />Withdrawal from LEC requires withdrawal from LAB.<br />This course has common exams.<br />See https://www.njit.edu/registrar/exams/ for details."
"202210","PHYS103","GENERAL PHYSICS","008","14667","WF","1:00 PM - 2:20 PM","TIER 105","Open","39","22","Lamichhane, Aneer","Face-to-Face","3","https://www.bkstr.com/webapp/wcs/stores/servlet/booklookServlet?bookstore_id-1=584&term_id-1=2022 Spring&crn-1=14667","Students must also register for LAB.<br />Withdrawal from LEC requires withdrawal from LAB.<br />This course has common exams.<br />See https://www.njit.edu/registrar/exams/ for details."
"202210","PHYS103","GENERAL PHYSICS","102","14668","M","6:00 PM - 8:50 PM","TIER 112","Closed","39","39","Sirenko, Andrei","Face-to-Face","3","https://www.bkstr.com/webapp/wcs/stores/servlet/booklookServlet?bookstore_id-1=584&term_id-1=2022 Spring&crn-1=14668","Students must also register for LAB.<br />Withdrawal from LEC requires withdrawal from LAB.<br />This course has common exams.<br />See https://www.njit.edu/registrar/exams/ for details."
"202210","PHYS103A","GENERAL PHYSICS LAB","002","14669","R","12:15 PM - 2:10 PM","TIER 408","Closed","28","29","Fereira, Sheldon","Face-to-Face","1","https://www.bkstr.com/webapp/wcs/stores/servlet/booklookServlet?bookstore_id-1=584&term_id-1=2022 Spring&crn-1=14669","Students must also register for LECTURE.<br />Withdrawal from LAB requires withdrawal from LEC."
"202210","PHYS103A","GENERAL PHYSICS LAB","004","14670","M","10:45 AM - 12:40 PM","TIER 409","Open","28","27","Daniel de Almeida, Matias","Face-to-Face","1","https://www.bkstr.com/webapp/wcs/stores/servlet/booklookServlet?bookstore_id-1=584&term_id-1=2022 Spring&crn-1=14670","Students must also register for LECTURE.<br />Withdrawal from LAB requires withdrawal from LEC."
"202210","PHYS103A","GENERAL PHYSICS LAB","006","14671","T","1:00 PM - 2:55 PM","TIER 409","Open","28","21","Fereira, Sheldon","Face-to-Face","1","https://www.bkstr.com/webapp/wcs/stores/servlet/booklookServlet?bookstore_id-1=584&term_id-1=2022 Spring&crn-1=14671","Students must also register for LECTURE.<br />Withdrawal from LAB requires withdrawal from LEC."
"202210","PHYS103A","GENERAL PHYSICS LAB","102","14672","R","6:00 PM - 7:55 PM","TIER 408","Open","28","20","Fereira, Sheldon","Face-to-Face","1","https://www.bkstr.com/webapp/wcs/stores/servlet/booklookServlet?bookstore_id-1=584&term_id-1=2022 Spring&crn-1=14672","Students must also register for LECTURE.<br />Withdrawal from LAB requires withdrawal from LEC."
"202210","PHYS111","PHYSICS I","002","14673","MW","10:00 AM - 11:20 AM","CULM LECT 1","Closed","43","43","Opyrchal, Jan","Face-to-Face","3","https://www.bkstr.com/webapp/wcs/stores/servlet/booklookServlet?bookstore_id-1=584&term_id-1=2022 Spring&crn-1=14673","Students must also register for LAB.<br />Withdrawal from LEC requires withdrawal from LAB.<br />This course has common exams.<br />See https://www.njit.edu/registrar/exams/ for details."
"202210","PHYS111","PHYSICS I","004","14674","TR","1:00 PM - 2:20 PM","TIER 111","Open","39","38","Kane, Steven","Face-to-Face","3","https://www.bkstr.com/webapp/wcs/stores/servlet/booklookServlet?bookstore_id-1=584&term_id-1=2022 Spring&crn-1=14674","Students must also register for LAB.<br />Withdrawal from LEC requires withdrawal from LAB.<br />This course has common exams.<br />See https://www.njit.edu/registrar/exams/ for details."
"202210","PHYS111","PHYSICS I","006","14675","F","8:30 AM - 9:50 AM","KUPF 103","Closed","43","43","Dias, Cristiano","Face-to-Face","3","https://www.bkstr.com/webapp/wcs/stores/servlet/booklookServlet?bookstore_id-1=584&term_id-1=2022 Spring&crn-1=14675","Students must also register for LAB.<br />Withdrawal from LEC requires withdrawal from LAB.<br />This course has common exams.<br />See https://www.njit.edu/registrar/exams/ for details."
"202210","PHYS111","PHYSICS I","006","14675","M","10:00 AM - 11:20 AM","KUPF 210","Closed","43","43","Dias, Cristiano","Face-to-Face","3","https://www.bkstr.com/webapp/wcs/stores/servlet/booklookServlet?bookstore_id-1=584&term_id-1=2022 Spring&crn-1=14675","Students must also register for LAB.<br />Withdrawal from LEC requires withdrawal from LAB.<br />This course has common exams.<br />See https://www.njit.edu/registrar/exams/ for details."
"202210","PHYS111","PHYSICS I","008","14676","M","10:00 AM - 11:20 AM","KUPF 210","Closed","43","43","Dias, Cristiano","Face-to-Face","3","https://www.bkstr.com/webapp/wcs/stores/servlet/booklookServlet?bookstore_id-1=584&term_id-1=2022 Spring&crn-1=14676","Students must also register for LAB.<br />Withdrawal from LEC requires withdrawal from LAB.<br />This course has common exams.<br />See https://www.njit.edu/registrar/exams/ for details."
"202210","PHYS111","PHYSICS I","008","14676","R","10:00 AM - 11:20 AM","KUPF 202","Closed","43","43","Dias, Cristiano","Face-to-Face","3","https://www.bkstr.com/webapp/wcs/stores/servlet/booklookServlet?bookstore_id-1=584&term_id-1=2022 Spring&crn-1=14676","Students must also register for LAB.<br />Withdrawal from LEC requires withdrawal from LAB.<br />This course has common exams.<br />See https://www.njit.edu/registrar/exams/ for details."
"202210","PHYS111","PHYSICS I","010","14677","M","8:30 AM - 9:50 AM","TIER 106","Closed","39","39","Levy, Roland","Face-to-Face","3","https://www.bkstr.com/webapp/wcs/stores/servlet/booklookServlet?bookstore_id-1=584&term_id-1=2022 Spring&crn-1=14677","Students must also register for LAB.<br />Withdrawal from LEC requires withdrawal from LAB.<br />This course has common exams.<br />See https://www.njit.edu/registrar/exams/ for details."
"202210","PHYS111","PHYSICS I","010","14677","W","10:00 AM - 11:20 AM","TIER LECT 2","Closed","39","39","Levy, Roland","Face-to-Face","3","https://www.bkstr.com/webapp/wcs/stores/servlet/booklookServlet?bookstore_id-1=584&term_id-1=2022 Spring&crn-1=14677","Students must also register for LAB.<br />Withdrawal from LEC requires withdrawal from LAB.<br />This course has common exams.<br />See https://www.njit.edu/registrar/exams/ for details."
"202210","PHYS111","PHYSICS I","012","14678","M","1:00 PM - 2:20 PM","TIER 105","Closed","39","41","Levy, Roland","Face-to-Face","3","https://www.bkstr.com/webapp/wcs/stores/servlet/booklookServlet?bookstore_id-1=584&term_id-1=2022 Spring&crn-1=14678","Students must also register for LAB.<br />Withdrawal from LEC requires withdrawal from LAB.<br />This course has common exams.<br />See https://www.njit.edu/registrar/exams/ for details."
"202210","PHYS111","PHYSICS I","012","14678","W","10:00 AM - 11:20 AM","TIER LECT 2","Closed","39","41","Levy, Roland","Face-to-Face","3","https://www.bkstr.com/webapp/wcs/stores/servlet/booklookServlet?bookstore_id-1=584&term_id-1=2022 Spring&crn-1=14678","Students must also register for LAB.<br />Withdrawal from LEC requires withdrawal from LAB.<br />This course has common exams.<br />See https://www.njit.edu/registrar/exams/ for details."
"202210","PHYS111","PHYSICS I","014","14679","TR","8:30 AM - 9:50 AM","TIER 106","Open","39","36","Kane, Steven","Face-to-Face","3","https://www.bkstr.com/webapp/wcs/stores/servlet/booklookServlet?bookstore_id-1=584&term_id-1=2022 Spring&crn-1=14679","Students must also register for LAB.<br />Withdrawal from LEC requires withdrawal from LAB.<br />This course has common exams.<br />See https://www.njit.edu/registrar/exams/ for details."
"202210","PHYS111","PHYSICS I","016","14680","TF","2:30 PM - 3:50 PM","KUPF 104","Open","43","40","Inoue, Satoshi","Face-to-Face","3","https://www.bkstr.com/webapp/wcs/stores/servlet/booklookServlet?bookstore_id-1=584&term_id-1=2022 Spring&crn-1=14680","Students must also register for LAB.<br />Withdrawal from LEC requires withdrawal from LAB.<br />This course has common exams.<br />See https://www.njit.edu/registrar/exams/ for details."
"202210","PHYS111","PHYSICS I","018","14681","TR","4:00 PM - 5:20 PM","KUPF 106","Open","43","42","Kane, Steven","Face-to-Face","3","https://www.bkstr.com/webapp/wcs/stores/servlet/booklookServlet?bookstore_id-1=584&term_id-1=2022 Spring&crn-1=14681","Students must also register for LAB.<br />Withdrawal from LEC requires withdrawal from LAB.<br />This course has common exams.<br />See https://www.njit.edu/registrar/exams/ for details."
"202210","PHYS111","PHYSICS I","102","14682","M","6:00 PM - 8:50 PM","KUPF 105","Open","43","28","Duffin, Robert","Face-to-Face","3","https://www.bkstr.com/webapp/wcs/stores/servlet/booklookServlet?bookstore_id-1=584&term_id-1=2022 Spring&crn-1=14682","Students must also register for LAB.<br />Withdrawal from LEC requires withdrawal from LAB.<br />This course has common exams.<br />See https://www.njit.edu/registrar/exams/ for details."
"202210","PHYS111","PHYSICS I","104","14683","W","6:00 PM - 8:50 PM","KUPF 204","Open","43","18","Piatek, Slawomir","Face-to-Face","3","https://www.bkstr.com/webapp/wcs/stores/servlet/booklookServlet?bookstore_id-1=584&term_id-1=2022 Spring&crn-1=14683","Students must also register for LAB.<br />Withdrawal from LEC requires withdrawal from LAB.<br />This course has common exams.<br />See https://www.njit.edu/registrar/exams/ for details."
"202210","PHYS111","PHYSICS I","106","14684","R","6:00 PM - 8:50 PM","KUPF 204","Open","43","16","Piatek, Slawomir","Face-to-Face","3","https://www.bkstr.com/webapp/wcs/stores/servlet/booklookServlet?bookstore_id-1=584&term_id-1=2022 Spring&crn-1=14684","Students must also register for LAB.<br />Withdrawal from LEC requires withdrawal from LAB.<br />This course has common exams.<br />See https://www.njit.edu/registrar/exams/ for details."
"202210","PHYS111A","PHYSICS I LAB","002","14685","F","3:15 PM - 5:10 PM","TIER 408","Closed","28","29","Oparin, Ivan","Face-to-Face","1","https://www.bkstr.com/webapp/wcs/stores/servlet/booklookServlet?bookstore_id-1=584&term_id-1=2022 Spring&crn-1=14685","Students must also register for LECTURE.<br />Withdrawal from LAB requires withdrawal from LEC."
"202210","PHYS111A","PHYSICS I LAB","004","14686","W","12:15 PM - 2:10 PM","TIER 408","Closed","28","32","Oparin, Ivan","Face-to-Face","1","https://www.bkstr.com/webapp/wcs/stores/servlet/booklookServlet?bookstore_id-1=584&term_id-1=2022 Spring&crn-1=14686","Students must also register for LECTURE.<br />Withdrawal from LAB requires withdrawal from LEC."
"202210","PHYS111A","PHYSICS I LAB","006","14687","W","10:00 AM - 11:55 AM","TIER 408","Closed","28","30","Apte, Bhairavi","Face-to-Face","1","https://www.bkstr.com/webapp/wcs/stores/servlet/booklookServlet?bookstore_id-1=584&term_id-1=2022 Spring&crn-1=14687","Students must also register for LECTURE.<br />Withdrawal from LAB requires withdrawal from LEC."
"202210","PHYS111A","PHYSICS I LAB","008","14688","F","1:00 PM - 2:55 PM","TIER 408","Open","28","27","Oparin, Ivan","Face-to-Face","1","https://www.bkstr.com/webapp/wcs/stores/servlet/booklookServlet?bookstore_id-1=584&term_id-1=2022 Spring&crn-1=14688","Students must also register for LECTURE.<br />Withdrawal from LAB requires withdrawal from LEC."
"202210","PHYS111A","PHYSICS I LAB","010","14689","M","1:00 PM - 2:55 PM","TIER 408","Closed","28","28","Niloy, Md Naimur Rahman","Face-to-Face","1","https://www.bkstr.com/webapp/wcs/stores/servlet/booklookServlet?bookstore_id-1=584&term_id-1=2022 Spring&crn-1=14689","Students must also register for LECTURE.<br />Withdrawal from LAB requires withdrawal from LEC."
"202210","PHYS111A","PHYSICS I LAB","012","14690","T","8:30 AM - 10:25 AM","TIER 408","Closed","28","30","Ansari, Sadaf Iqbal","Face-to-Face","1","https://www.bkstr.com/webapp/wcs/stores/servlet/booklookServlet?bookstore_id-1=584&term_id-1=2022 Spring&crn-1=14690","Students must also register for LECTURE.<br />Withdrawal from LAB requires withdrawal from LEC."
"202210","PHYS111A","PHYSICS I LAB","014","14691","T","1:45 PM - 3:40 PM","TIER 408","Closed","28","28","Apte, Bhairavi","Face-to-Face","1","https://www.bkstr.com/webapp/wcs/stores/servlet/booklookServlet?bookstore_id-1=584&term_id-1=2022 Spring&crn-1=14691","Students must also register for LECTURE.<br />Withdrawal from LAB requires withdrawal from LEC."
"202210","PHYS111A","PHYSICS I LAB","016","14692","R","8:30 AM - 10:25 AM","TIER 408","Closed","28","28","Ansari, Sadaf Iqbal","Face-to-Face","1","https://www.bkstr.com/webapp/wcs/stores/servlet/booklookServlet?bookstore_id-1=584&term_id-1=2022 Spring&crn-1=14692","Students must also register for LECTURE.<br />Withdrawal from LAB requires withdrawal from LEC."
"202210","PHYS111A","PHYSICS I LAB","018","14693","R","2:30 PM - 4:25 PM","TIER 408","Closed","28","30","Wang, Ying","Face-to-Face","1","https://www.bkstr.com/webapp/wcs/stores/servlet/booklookServlet?bookstore_id-1=584&term_id-1=2022 Spring&crn-1=14693","Students must also register for LECTURE.<br />Withdrawal from LAB requires withdrawal from LEC."
"202210","PHYS111A","PHYSICS I LAB","020","14694","M","8:30 AM - 10:25 AM","TIER 408","Open","28","26","Apte, Bhairavi","Face-to-Face","1","https://www.bkstr.com/webapp/wcs/stores/servlet/booklookServlet?bookstore_id-1=584&term_id-1=2022 Spring&crn-1=14694","Students must also register for LECTURE.<br />Withdrawal from LAB requires withdrawal from LEC."
"202210","PHYS111A","PHYSICS I LAB","102","14695","M","6:00 PM - 7:55 PM","TIER 408","Closed","28","28","Xue, Huize","Face-to-Face","1","https://www.bkstr.com/webapp/wcs/stores/servlet/booklookServlet?bookstore_id-1=584&term_id-1=2022 Spring&crn-1=14695","Students must also register for LECTURE.<br />Withdrawal from LAB requires withdrawal from LEC."
"202210","PHYS111A","PHYSICS I LAB","104","14696","W","6:00 PM - 7:55 PM","TIER 408","Closed","28","30","Xue, Huize","Face-to-Face","1","https://www.bkstr.com/webapp/wcs/stores/servlet/booklookServlet?bookstore_id-1=584&term_id-1=2022 Spring&crn-1=14696","Students must also register for LECTURE.<br />Withdrawal from LAB requires withdrawal from LEC."
"202210","PHYS114","INTRO TO DATA REDUCTION W/APPL","002","14697","TR","11:30 AM - 12:50 PM","KUPF 108","Open","43","17","Federici, John","Face-to-Face","3","https://www.bkstr.com/webapp/wcs/stores/servlet/booklookServlet?bookstore_id-1=584&term_id-1=2022 Spring&crn-1=14697",""
"202210","PHYS121","PHYSICS II","002","14698","F","4:00 PM - 5:20 PM","KUPF 103","Open","43","40","Hijazi, Hussein","Face-to-Face","3","https://www.bkstr.com/webapp/wcs/stores/servlet/booklookServlet?bookstore_id-1=584&term_id-1=2022 Spring&crn-1=14698","Students must also register for LAB.<br />Withdrawal from LEC requires withdrawal from LAB.<br />This course has common exams.<br />See https://www.njit.edu/registrar/exams/ for details."
"202210","PHYS121","PHYSICS II","002","14698","M","11:30 AM - 12:50 PM","TIER LECT 1","Open","43","40","Hijazi, Hussein","Face-to-Face","3","https://www.bkstr.com/webapp/wcs/stores/servlet/booklookServlet?bookstore_id-1=584&term_id-1=2022 Spring&crn-1=14698","Students must also register for LAB.<br />Withdrawal from LEC requires withdrawal from LAB.<br />This course has common exams.<br />See https://www.njit.edu/registrar/exams/ for details."
"202210","PHYS121","PHYSICS II","004","14699","M","11:30 AM - 12:50 PM","TIER LECT 1","Closed","43","43","Hijazi, Hussein","Face-to-Face","3","https://www.bkstr.com/webapp/wcs/stores/servlet/booklookServlet?bookstore_id-1=584&term_id-1=2022 Spring&crn-1=14699","Students must also register for LAB.<br />Withdrawal from LEC requires withdrawal from LAB.<br />This course has common exams.<br />See https://www.njit.edu/registrar/exams/ for details."
"202210","PHYS121","PHYSICS II","004","14699","W","10:00 AM - 11:20 AM","KUPF 204","Closed","43","43","Hijazi, Hussein","Face-to-Face","3","https://www.bkstr.com/webapp/wcs/stores/servlet/booklookServlet?bookstore_id-1=584&term_id-1=2022 Spring&crn-1=14699","Students must also register for LAB.<br />Withdrawal from LEC requires withdrawal from LAB.<br />This course has common exams.<br />See https://www.njit.edu/registrar/exams/ for details."
"202210","PHYS121","PHYSICS II","006","14700","F","8:30 AM - 9:50 AM","KUPF 104","Open","43","15","Shneidman, Vitaly","Face-to-Face","3","https://www.bkstr.com/webapp/wcs/stores/servlet/booklookServlet?bookstore_id-1=584&term_id-1=2022 Spring&crn-1=14700","Students must also register for LAB.<br />Withdrawal from LEC requires withdrawal from LAB.<br />This course has common exams.<br />See https://www.njit.edu/registrar/exams/ for details."
"202210","PHYS121","PHYSICS II","006","14700","W","8:30 AM - 9:50 AM","KUPF 211","Open","43","15","Shneidman, Vitaly","Face-to-Face","3","https://www.bkstr.com/webapp/wcs/stores/servlet/booklookServlet?bookstore_id-1=584&term_id-1=2022 Spring&crn-1=14700","Students must also register for LAB.<br />Withdrawal from LEC requires withdrawal from LAB.<br />This course has common exams.<br />See https://www.njit.edu/registrar/exams/ for details."
"202210","PHYS121","PHYSICS II","008","14701","M","8:30 AM - 9:50 AM","KUPF 103","Open","43","23","Shneidman, Vitaly","Face-to-Face","3","https://www.bkstr.com/webapp/wcs/stores/servlet/booklookServlet?bookstore_id-1=584&term_id-1=2022 Spring&crn-1=14701","Students must also register for LAB.<br />Withdrawal from LEC requires withdrawal from LAB.<br />This course has common exams.<br />See https://www.njit.edu/registrar/exams/ for details."
"202210","PHYS121","PHYSICS II","008","14701","W","8:30 AM - 9:50 AM","KUPF 211","Open","43","23","Shneidman, Vitaly","Face-to-Face","3","https://www.bkstr.com/webapp/wcs/stores/servlet/booklookServlet?bookstore_id-1=584&term_id-1=2022 Spring&crn-1=14701","Students must also register for LAB.<br />Withdrawal from LEC requires withdrawal from LAB.<br />This course has common exams.<br />See https://www.njit.edu/registrar/exams/ for details."
"202210","PHYS121","PHYSICS II","010","14702","R","10:00 AM - 11:20 AM","KUPF 210","Closed","43","43","Vataj, Esmeralda","Face-to-Face","3","https://www.bkstr.com/webapp/wcs/stores/servlet/booklookServlet?bookstore_id-1=584&term_id-1=2022 Spring&crn-1=14702","Students must also register for LAB.<br />Withdrawal from LEC requires withdrawal from LAB.<br />This course has common exams.<br />See https://www.njit.edu/registrar/exams/ for details."
"202210","PHYS121","PHYSICS II","010","14702","T","8:30 AM - 9:50 AM","KUPF 103","Closed","43","43","Vataj, Esmeralda","Face-to-Face","3","https://www.bkstr.com/webapp/wcs/stores/servlet/booklookServlet?bookstore_id-1=584&term_id-1=2022 Spring&crn-1=14702","Students must also register for LAB.<br />Withdrawal from LEC requires withdrawal from LAB.<br />This course has common exams.<br />See https://www.njit.edu/registrar/exams/ for details."
"202210","PHYS121","PHYSICS II","012","14703","M","8:30 AM - 9:50 AM","KUPF 104","Open","43","42","Vataj, Esmeralda","Face-to-Face","3","https://www.bkstr.com/webapp/wcs/stores/servlet/booklookServlet?bookstore_id-1=584&term_id-1=2022 Spring&crn-1=14703","Students must also register for LAB.<br />Withdrawal from LEC requires withdrawal from LAB.<br />This course has common exams.<br />See https://www.njit.edu/registrar/exams/ for details."
"202210","PHYS121","PHYSICS II","012","14703","R","10:00 AM - 11:20 AM","KUPF 210","Open","43","42","Vataj, Esmeralda","Face-to-Face","3","https://www.bkstr.com/webapp/wcs/stores/servlet/booklookServlet?bookstore_id-1=584&term_id-1=2022 Spring&crn-1=14703","Students must also register for LAB.<br />Withdrawal from LEC requires withdrawal from LAB.<br />This course has common exams.<br />See https://www.njit.edu/registrar/exams/ for details."
"202210","PHYS121","PHYSICS II","014","14704","TF","2:30 PM - 3:50 PM","CULM LECT 1","Open","43","42","Perry, Gareth","Face-to-Face","3","https://www.bkstr.com/webapp/wcs/stores/servlet/booklookServlet?bookstore_id-1=584&term_id-1=2022 Spring&crn-1=14704","Students must also register for LAB.<br />Withdrawal from LEC requires withdrawal from LAB.<br />This course has common exams.<br />See https://www.njit.edu/registrar/exams/ for details."
"202210","PHYS121","PHYSICS II","016","14705","MW","10:00 AM - 11:20 AM","CKB 217","Open","43","39","Opyrchal, Halina","Face-to-Face","3","https://www.bkstr.com/webapp/wcs/stores/servlet/booklookServlet?bookstore_id-1=584&term_id-1=2022 Spring&crn-1=14705","Students must also register for LAB.<br />Withdrawal from LEC requires withdrawal from LAB.<br />This course has common exams.<br />See https://www.njit.edu/registrar/exams/ for details."
"202210","PHYS121","PHYSICS II","018","14706","TR","1:00 PM - 2:20 PM","TIER 106","Closed","39","39","Piatek, Slawomir","Face-to-Face","3","https://www.bkstr.com/webapp/wcs/stores/servlet/booklookServlet?bookstore_id-1=584&term_id-1=2022 Spring&crn-1=14706","Students must also register for LAB.<br />Withdrawal from LEC requires withdrawal from LAB.<br />This course has common exams.<br />See https://www.njit.edu/registrar/exams/ for details."
"202210","PHYS121","PHYSICS II","020","14707","TF","10:00 AM - 11:20 AM","KUPF 210","Closed","43","43","Perry, Gareth","Face-to-Face","3","https://www.bkstr.com/webapp/wcs/stores/servlet/booklookServlet?bookstore_id-1=584&term_id-1=2022 Spring&crn-1=14707","Students must also register for LAB.<br />Withdrawal from LEC requires withdrawal from LAB.<br />This course has common exams.<br />See https://www.njit.edu/registrar/exams/ for details."
"202210","PHYS121","PHYSICS II","102","14708","T","6:00 PM - 8:50 PM","KUPF 118","Open","43","16","Hijazi, Hussein","Face-to-Face","3","https://www.bkstr.com/webapp/wcs/stores/servlet/booklookServlet?bookstore_id-1=584&term_id-1=2022 Spring&crn-1=14708","Students must also register for LAB.<br />Withdrawal from LEC requires withdrawal from LAB.<br />This course has common exams.<br />See https://www.njit.edu/registrar/exams/ for details."
"202210","PHYS121","PHYSICS II","104","14709","R","6:00 PM - 8:50 PM","KUPF 108","Open","43","21","Hijazi, Hussein","Face-to-Face","3","https://www.bkstr.com/webapp/wcs/stores/servlet/booklookServlet?bookstore_id-1=584&term_id-1=2022 Spring&crn-1=14709","Students must also register for LAB.<br />Withdrawal from LEC requires withdrawal from LAB.<br />This course has common exams.<br />See https://www.njit.edu/registrar/exams/ for details."
"202210","PHYS121","PHYSICS II","106","14710","M","6:00 PM - 8:50 PM"," ","Closed","0","0","","Face-to-Face","3","https://www.bkstr.com/webapp/wcs/stores/servlet/booklookServlet?bookstore_id-1=584&term_id-1=2022 Spring&crn-1=14710","Cancelled 01/10/22"
"202210","PHYS121","PHYSICS II","108","14711","T","6:00 PM - 8:50 PM","CKB 303","Open","43","11","Piatek, Slawomir","Face-to-Face","3","https://www.bkstr.com/webapp/wcs/stores/servlet/booklookServlet?bookstore_id-1=584&term_id-1=2022 Spring&crn-1=14711","Students must also register for LAB.<br />Withdrawal from LEC requires withdrawal from LAB.<br />This course has common exams.<br />See https://www.njit.edu/registrar/exams/ for details."
"202210","PHYS121","PHYSICS II","SCT","15905","",""," ","Closed","0","4","","Face-to-Face","3","https://www.bkstr.com/webapp/wcs/stores/servlet/booklookServlet?bookstore_id-1=584&term_id-1=2022 Spring&crn-1=15905","For Sussex County Technical School Students Only"
"202210","PHYS121","PHYSICS II - HONORS","H02","14712","F","2:30 PM - 3:50 PM","WEST LECT 2","Open","50","10","Shneidman, Vitaly","Face-to-Face","3","https://www.bkstr.com/webapp/wcs/stores/servlet/booklookServlet?bookstore_id-1=584&term_id-1=2022 Spring&crn-1=14712","Honors Course<br />Students must also register for LAB.<br />Withdrawal from LEC requires withdrawal from LAB.<br />See https://www.njit.edu/registrar/exams/ for details.<br />This course has common exams."
"202210","PHYS121","PHYSICS II - HONORS","H02","14712","M","1:00 PM - 2:20 PM","GITC 1400","Open","50","10","Shneidman, Vitaly","Face-to-Face","3","https://www.bkstr.com/webapp/wcs/stores/servlet/booklookServlet?bookstore_id-1=584&term_id-1=2022 Spring&crn-1=14712","Honors Course<br />Students must also register for LAB.<br />Withdrawal from LEC requires withdrawal from LAB.<br />See https://www.njit.edu/registrar/exams/ for details.<br />This course has common exams."
"202210","PHYS121","PHYSICS II - HONORS","H04","14713","F","1:00 PM - 2:20 PM","WEST LECT 2","Open","50","19","Shneidman, Vitaly","Face-to-Face","3","https://www.bkstr.com/webapp/wcs/stores/servlet/booklookServlet?bookstore_id-1=584&term_id-1=2022 Spring&crn-1=14713","Honors Course<br />Students must also register for LAB.<br />Withdrawal from LEC requires withdrawal from LAB.<br />See https://www.njit.edu/registrar/exams/ for details.<br />This course has common exams."
"202210","PHYS121","PHYSICS II - HONORS","H04","14713","M","1:00 PM - 2:20 PM","GITC 1400","Open","50","19","Shneidman, Vitaly","Face-to-Face","3","https://www.bkstr.com/webapp/wcs/stores/servlet/booklookServlet?bookstore_id-1=584&term_id-1=2022 Spring&crn-1=14713","Honors Course<br />Students must also register for LAB.<br />Withdrawal from LEC requires withdrawal from LAB.<br />See https://www.njit.edu/registrar/exams/ for details.<br />This course has common exams."
"202210","PHYS121A","PHYSICS II LAB","002","14714","M","8:30 AM - 10:25 AM","TIER 406","Closed","28","28","Bolton, Christopher","Face-to-Face","1","https://www.bkstr.com/webapp/wcs/stores/servlet/booklookServlet?bookstore_id-1=584&term_id-1=2022 Spring&crn-1=14714","Students must also register for LECTURE.<br />Withdrawal from LAB requires withdrawal from LEC."
"202210","PHYS121A","PHYSICS II LAB","004","14715","W","10:45 AM - 12:40 PM","TIER 406","Closed","28","28","Saha, Topu","Face-to-Face","1","https://www.bkstr.com/webapp/wcs/stores/servlet/booklookServlet?bookstore_id-1=584&term_id-1=2022 Spring&crn-1=14715","Students must also register for LECTURE.<br />Withdrawal from LAB requires withdrawal from LEC."
"202210","PHYS121A","PHYSICS II LAB","006","14716","F","9:15 AM - 11:10 AM","TIER 406","Closed","28","28","Saha, Topu","Face-to-Face","1","https://www.bkstr.com/webapp/wcs/stores/servlet/booklookServlet?bookstore_id-1=584&term_id-1=2022 Spring&crn-1=14716","Students must also register for LECTURE.<br />Withdrawal from LAB requires withdrawal from LEC."
"202210","PHYS121A","PHYSICS II LAB","008","14717","W","8:30 AM - 10:25 AM","TIER 406","Open","28","19","Saha, Topu","Face-to-Face","1","https://www.bkstr.com/webapp/wcs/stores/servlet/booklookServlet?bookstore_id-1=584&term_id-1=2022 Spring&crn-1=14717","Students must also register for LECTURE.<br />Withdrawal from LAB requires withdrawal from LEC."
"202210","PHYS121A","PHYSICS II LAB","010","14718","M","1:00 PM - 2:55 PM","TIER 406","Closed","28","28","Amarasinghe, Sandun","Face-to-Face","1","https://www.bkstr.com/webapp/wcs/stores/servlet/booklookServlet?bookstore_id-1=584&term_id-1=2022 Spring&crn-1=14718","Students must also register for LECTURE.<br />Withdrawal from LAB requires withdrawal from LEC."
"202210","PHYS121A","PHYSICS II LAB","012","14719","M","10:45 AM - 12:40 PM","TIER 406","Closed","28","28","Bolton, Christopher","Face-to-Face","1","https://www.bkstr.com/webapp/wcs/stores/servlet/booklookServlet?bookstore_id-1=584&term_id-1=2022 Spring&crn-1=14719","Students must also register for LECTURE.<br />Withdrawal from LAB requires withdrawal from LEC."
"202210","PHYS121A","PHYSICS II LAB","014","14720","F","3:15 PM - 5:10 PM","TIER 406","Open","28","23","Amarasinghe, Sandun","Face-to-Face","1","https://www.bkstr.com/webapp/wcs/stores/servlet/booklookServlet?bookstore_id-1=584&term_id-1=2022 Spring&crn-1=14720","Students must also register for LECTURE.<br />Withdrawal from LAB requires withdrawal from LEC."
"202210","PHYS121A","PHYSICS II LAB","016","14721","R","8:30 AM - 10:25 AM","TIER 406","Open","28","22","Zhuang, Haizheng","Face-to-Face","1","https://www.bkstr.com/webapp/wcs/stores/servlet/booklookServlet?bookstore_id-1=584&term_id-1=2022 Spring&crn-1=14721","Students must also register for LECTURE.<br />Withdrawal from LAB requires withdrawal from LEC."
"202210","PHYS121A","PHYSICS II LAB","018","14722","T","3:15 PM - 5:10 PM","TIER 406","Closed","28","28","Wang, Ying","Face-to-Face","1","https://www.bkstr.com/webapp/wcs/stores/servlet/booklookServlet?bookstore_id-1=584&term_id-1=2022 Spring&crn-1=14722","Students must also register for LECTURE.<br />Withdrawal from LAB requires withdrawal from LEC."
"202210","PHYS121A","PHYSICS II LAB","020","14723","T","1:00 PM - 2:55 PM","TIER 406","Closed","28","28","Chen, Ssu-Ying","Face-to-Face","1","https://www.bkstr.com/webapp/wcs/stores/servlet/booklookServlet?bookstore_id-1=584&term_id-1=2022 Spring&crn-1=14723","Students must also register for LECTURE.<br />Withdrawal from LAB requires withdrawal from LEC."
"202210","PHYS121A","PHYSICS II LAB","022","14724","R","10:45 AM - 12:40 PM","TIER 406","Closed","28","28","Chen, Ssu-Ying","Face-to-Face","1","https://www.bkstr.com/webapp/wcs/stores/servlet/booklookServlet?bookstore_id-1=584&term_id-1=2022 Spring&crn-1=14724","Students must also register for LECTURE.<br />Withdrawal from LAB requires withdrawal from LEC."
"202210","PHYS121A","PHYSICS II LAB","024","14725","T","8:30 AM - 10:25 AM","TIER 406","Closed","28","28","Xue, Huize","Face-to-Face","1","https://www.bkstr.com/webapp/wcs/stores/servlet/booklookServlet?bookstore_id-1=584&term_id-1=2022 Spring&crn-1=14725","Students must also register for LECTURE.<br />Withdrawal from LAB requires withdrawal from LEC."
"202210","PHYS121A","PHYSICS II LAB","026","14726","R","1:00 PM - 2:55 PM","TIER 406","Closed","28","28","Chen, Ssu-Ying","Face-to-Face","1","https://www.bkstr.com/webapp/wcs/stores/servlet/booklookServlet?bookstore_id-1=584&term_id-1=2022 Spring&crn-1=14726","Students must also register for LECTURE.<br />Withdrawal from LAB requires withdrawal from LEC."
"202210","PHYS121A","PHYSICS II LAB","028","14727","T","10:45 AM - 12:40 PM","TIER 406","Closed","28","28","Kane, Steven","Face-to-Face","1","https://www.bkstr.com/webapp/wcs/stores/servlet/booklookServlet?bookstore_id-1=584&term_id-1=2022 Spring&crn-1=14727","Students must also register for LECTURE.<br />Withdrawal from LAB requires withdrawal from LEC."
"202210","PHYS121A","PHYSICS II LAB","030","14728","R","3:15 PM - 5:10 PM","TIER 406","Closed","28","28","Niloy, Md Naimur Rahman","Face-to-Face","1","https://www.bkstr.com/webapp/wcs/stores/servlet/booklookServlet?bookstore_id-1=584&term_id-1=2022 Spring&crn-1=14728","Students must also register for LECTURE.<br />Withdrawal from LAB requires withdrawal from LEC."
"202210","PHYS121A","PHYSICS II LAB","102","14729","W","6:00 PM - 7:55 PM","TIER 406","Open","28","25","Wang, Ying","Face-to-Face","1","https://www.bkstr.com/webapp/wcs/stores/servlet/booklookServlet?bookstore_id-1=584&term_id-1=2022 Spring&crn-1=14729","Students must also register for LECTURE.<br />Withdrawal from LAB requires withdrawal from LEC."
"202210","PHYS121A","PHYSICS II LAB","104","14730","R","6:00 PM - 7:55 PM","TIER 406","Open","28","19","Niloy, Md Naimur Rahman","Face-to-Face","1","https://www.bkstr.com/webapp/wcs/stores/servlet/booklookServlet?bookstore_id-1=584&term_id-1=2022 Spring&crn-1=14730","Students must also register for LECTURE.<br />Withdrawal from LAB requires withdrawal from LEC."
"202210","PHYS121A","PHYSICS II LAB","106","14731","M","6:00 PM - 7:55 PM","TIER 406","Open","28","25","Bolton, Christopher","Face-to-Face","1","https://www.bkstr.com/webapp/wcs/stores/servlet/booklookServlet?bookstore_id-1=584&term_id-1=2022 Spring&crn-1=14731","Students must also register for LECTURE.<br />Withdrawal from LAB requires withdrawal from LEC."
"202210","PHYS121A","PHYSICS II LAB","108","14732","F","6:00 PM - 7:55 PM","TIER 406","Open","28","17","Amarasinghe, Sandun","Face-to-Face","1","https://www.bkstr.com/webapp/wcs/stores/servlet/booklookServlet?bookstore_id-1=584&term_id-1=2022 Spring&crn-1=14732","Students must also register for LECTURE.<br />Withdrawal from LAB requires withdrawal from LEC."
"202210","PHYS121A","PHYSICS II LAB","SCT","15906","",""," ","Closed","0","4","","Face-to-Face","1","https://www.bkstr.com/webapp/wcs/stores/servlet/booklookServlet?bookstore_id-1=584&term_id-1=2022 Spring&crn-1=15906","For Sussex County Technical School Students Only"
"202210","PHYS122","ELECTRICITY & MAGNTSM ECE APPL","002","14733","R","11:30 AM - 12:50 PM","KUPF 209","Open","60","57","Gerrard, Andrew","Face-to-Face","3","https://www.bkstr.com/webapp/wcs/stores/servlet/booklookServlet?bookstore_id-1=584&term_id-1=2022 Spring&crn-1=14733","Students must also register for LAB.<br />Withdrawal from LEC requires withdrawal from LAB.<br />This course has common exams.<br />See https://www.njit.edu/registrar/exams/ for details."
"202210","PHYS122","ELECTRICITY & MAGNTSM ECE APPL","002","14733","W","8:30 AM - 9:50 AM","CKB 303","Open","60","57","Gerrard, Andrew","Face-to-Face","3","https://www.bkstr.com/webapp/wcs/stores/servlet/booklookServlet?bookstore_id-1=584&term_id-1=2022 Spring&crn-1=14733","Students must also register for LAB.<br />Withdrawal from LEC requires withdrawal from LAB.<br />This course has common exams.<br />See https://www.njit.edu/registrar/exams/ for details."
"202210","PHYS122","ELECTRICITY & MAGNTSM ECE APPL","004","14734","R","8:30 AM - 9:50 AM","KUPF 209","Open","60","16","Gerrard, Andrew","Face-to-Face","3","https://www.bkstr.com/webapp/wcs/stores/servlet/booklookServlet?bookstore_id-1=584&term_id-1=2022 Spring&crn-1=14734","Students must also register for LAB.<br />Withdrawal from LEC requires withdrawal from LAB.<br />This course has common exams.<br />See https://www.njit.edu/registrar/exams/ for details."
"202210","PHYS122","ELECTRICITY & MAGNTSM ECE APPL","004","14734","W","8:30 AM - 9:50 AM","CKB 303","Open","60","16","Gerrard, Andrew","Face-to-Face","3","https://www.bkstr.com/webapp/wcs/stores/servlet/booklookServlet?bookstore_id-1=584&term_id-1=2022 Spring&crn-1=14734","Students must also register for LAB.<br />Withdrawal from LEC requires withdrawal from LAB.<br />This course has common exams.<br />See https://www.njit.edu/registrar/exams/ for details."
"202210","PHYS202","INTRO ASTRONOMY COSMOLGY","002","14735","MW","8:30 AM - 9:50 AM","TIER LECT 1","Open","135","133","Gatley, Ian","Face-to-Face","3","https://www.bkstr.com/webapp/wcs/stores/servlet/booklookServlet?bookstore_id-1=584&term_id-1=2022 Spring&crn-1=14735",""
"202210","PHYS202","INTRO ASTRONOMY COSMOLGY","004","14736","F","1:00 PM - 2:20 PM","KUPF 210","Open","45","43","Maljian, Libarid","Face-to-Face","3","https://www.bkstr.com/webapp/wcs/stores/servlet/booklookServlet?bookstore_id-1=584&term_id-1=2022 Spring&crn-1=14736",""
"202210","PHYS202","INTRO ASTRONOMY COSMOLGY","004","14736","T","1:00 PM - 2:20 PM","KUPF 202","Open","45","43","Maljian, Libarid","Face-to-Face","3","https://www.bkstr.com/webapp/wcs/stores/servlet/booklookServlet?bookstore_id-1=584&term_id-1=2022 Spring&crn-1=14736",""
"202210","PHYS202","INTRO ASTRONOMY COSMOLGY","006","14737","F","1:00 PM - 2:20 PM","KUPF 210","Closed","45","45","Maljian, Libarid","Face-to-Face","3","https://www.bkstr.com/webapp/wcs/stores/servlet/booklookServlet?bookstore_id-1=584&term_id-1=2022 Spring&crn-1=14737",""
"202210","PHYS202","INTRO ASTRONOMY COSMOLGY","006","14737","T","11:30 AM - 12:50 PM","KUPF 202","Closed","45","45","Maljian, Libarid","Face-to-Face","3","https://www.bkstr.com/webapp/wcs/stores/servlet/booklookServlet?bookstore_id-1=584&term_id-1=2022 Spring&crn-1=14737",""
"202210","PHYS202","INTRO ASTRONOMY COSMOLGY","102","14738","W","6:00 PM - 8:50 PM","GITC 1100","Closed","60","62","Kosovichev, Alexander","Face-to-Face","3","https://www.bkstr.com/webapp/wcs/stores/servlet/booklookServlet?bookstore_id-1=584&term_id-1=2022 Spring&crn-1=14738",""
"202210","PHYS202A","INTRO ASTRONOMY &COS LAB","002","14739","R","3:15 PM - 5:10 PM","TIER 409","Closed","34","34","O'Donnell, Brian","Face-to-Face","1","https://www.bkstr.com/webapp/wcs/stores/servlet/booklookServlet?bookstore_id-1=584&term_id-1=2022 Spring&crn-1=14739",""
"202210","PHYS202A","INTRO ASTRONOMY &COS LAB","004","14740","R","10:00 AM - 11:55 AM","TIER 409","Open","34","30","Chai, Yi","Face-to-Face","1","https://www.bkstr.com/webapp/wcs/stores/servlet/booklookServlet?bookstore_id-1=584&term_id-1=2022 Spring&crn-1=14740",""
"202210","PHYS202A","INTRO ASTRONOMY &COS LAB","102","14741","R","6:00 PM - 7:55 PM","TIER 409","Open","34","28","O'Donnell, Brian","Face-to-Face","1","https://www.bkstr.com/webapp/wcs/stores/servlet/booklookServlet?bookstore_id-1=584&term_id-1=2022 Spring&crn-1=14741",""
"202210","PHYS203","THE EARTH IN SPACE","002","14742","MW","10:00 AM - 11:20 AM","KUPF 117","Closed","55","55","Georgiou, George","Face-to-Face","3","https://www.bkstr.com/webapp/wcs/stores/servlet/booklookServlet?bookstore_id-1=584&term_id-1=2022 Spring&crn-1=14742",""
"202210","PHYS203","THE EARTH IN SPACE","004","14743","F","10:00 AM - 11:20 AM","KUPF 207","Open","45","43","Maljian, Libarid","Face-to-Face","3","https://www.bkstr.com/webapp/wcs/stores/servlet/booklookServlet?bookstore_id-1=584&term_id-1=2022 Spring&crn-1=14743",""
"202210","PHYS203","THE EARTH IN SPACE","004","14743","W","1:00 PM - 2:20 PM","KUPF 210","Open","45","43","Maljian, Libarid","Face-to-Face","3","https://www.bkstr.com/webapp/wcs/stores/servlet/booklookServlet?bookstore_id-1=584&term_id-1=2022 Spring&crn-1=14743",""
"202210","PHYS203","THE EARTH IN SPACE","006","14744","F","8:30 AM - 9:50 AM","KUPF 202","Open","45","43","Maljian, Libarid","Face-to-Face","3","https://www.bkstr.com/webapp/wcs/stores/servlet/booklookServlet?bookstore_id-1=584&term_id-1=2022 Spring&crn-1=14744",""
"202210","PHYS203","THE EARTH IN SPACE","006","14744","W","1:00 PM - 2:20 PM","KUPF 210","Open","45","43","Maljian, Libarid","Face-to-Face","3","https://www.bkstr.com/webapp/wcs/stores/servlet/booklookServlet?bookstore_id-1=584&term_id-1=2022 Spring&crn-1=14744",""
"202210","PHYS203","THE EARTH IN SPACE","008","14745","TR","2:30 PM - 3:50 PM","CULM LECT 3","Closed","55","55","Georgiou, George","Face-to-Face","3","https://www.bkstr.com/webapp/wcs/stores/servlet/booklookServlet?bookstore_id-1=584&term_id-1=2022 Spring&crn-1=14745",""
"202210","PHYS203","THE EARTH IN SPACE","102","14746","R","6:00 PM - 8:50 PM","KUPF 202","Open","45","44","Georgiou, George","Face-to-Face","3","https://www.bkstr.com/webapp/wcs/stores/servlet/booklookServlet?bookstore_id-1=584&term_id-1=2022 Spring&crn-1=14746",""
"202210","PHYS203","THE EARTH IN SPACE","104","14747","M","6:00 PM - 8:50 PM","KUPF 202","Closed","45","45","Georgiou, George","Face-to-Face","3","https://www.bkstr.com/webapp/wcs/stores/servlet/booklookServlet?bookstore_id-1=584&term_id-1=2022 Spring&crn-1=14747",""
"202210","PHYS203A","THE EARTH IN SPACE LAB","002","14748","T","10:00 AM - 11:55 AM","TIER 409","Open","34","33","Daniel de Almeida, Matias","Face-to-Face","1","https://www.bkstr.com/webapp/wcs/stores/servlet/booklookServlet?bookstore_id-1=584&term_id-1=2022 Spring&crn-1=14748",""
"202210","PHYS203A","THE EARTH IN SPACE LAB","102","14749","W","6:00 PM - 7:55 PM","TIER 409","Open","34","33","Ansari, Sadaf Iqbal","Face-to-Face","1","https://www.bkstr.com/webapp/wcs/stores/servlet/booklookServlet?bookstore_id-1=584&term_id-1=2022 Spring&crn-1=14749",""
"202210","PHYS231A","PHYSICS III LAB","102","14750","F","6:00 PM - 7:55 PM","TIER 409","Open","28","11","O'Donnell, Brian","Face-to-Face","1","https://www.bkstr.com/webapp/wcs/stores/servlet/booklookServlet?bookstore_id-1=584&term_id-1=2022 Spring&crn-1=14750",""
"202210","PHYS234","PHYSICS III","002","14751","WF","10:00 AM - 11:20 AM","KUPF 203","Open","35","18","Jerez, Andres","Face-to-Face","3","https://www.bkstr.com/webapp/wcs/stores/servlet/booklookServlet?bookstore_id-1=584&term_id-1=2022 Spring&crn-1=14751","This course has common exams.<br />See https://www.njit.edu/registrar/exams/ for details."
"202210","PHYS234","PHYSICS III","102","14752","W","6:00 PM - 8:50 PM","FMH 408","Open","43","24","Jerez, Andres","Face-to-Face","3","https://www.bkstr.com/webapp/wcs/stores/servlet/booklookServlet?bookstore_id-1=584&term_id-1=2022 Spring&crn-1=14752","This course has common exams.<br />See https://www.njit.edu/registrar/exams/ for details."
"202210","PHYS311","WORK EXPERIENCE I","789","15932","",""," ","Closed","0","1","Thomas, Benjamin","Face-to-Face","3","https://www.bkstr.com/webapp/wcs/stores/servlet/booklookServlet?bookstore_id-1=584&term_id-1=2022 Spring&crn-1=15932",""
"202210","PHYS311","WORK EXPERIENCE I","829","14753","",""," ","Closed","0","0","Gerrard, Andrew","Face-to-Face","3","https://www.bkstr.com/webapp/wcs/stores/servlet/booklookServlet?bookstore_id-1=584&term_id-1=2022 Spring&crn-1=14753",""
"202210","PHYS321","ASTRONOMY AND ASTROPHYSICS II","002","14754","TR","2:30 PM - 3:50 PM","CKB 320","Open","35","10","Chen, Bin","Face-to-Face","3","https://www.bkstr.com/webapp/wcs/stores/servlet/booklookServlet?bookstore_id-1=584&term_id-1=2022 Spring&crn-1=14754",""
"202210","PHYS322","OBSERVATIONAL ASTRONOMY","102","14755","T","6:00 PM - 8:50 PM","TIER 107","Open","35","13","Kim, Hyomin","Face-to-Face","3","https://www.bkstr.com/webapp/wcs/stores/servlet/booklookServlet?bookstore_id-1=584&term_id-1=2022 Spring&crn-1=14755",""
"202210","PHYS418","FUNDMNTLS OF OPTICAL IMAGING","002","14756","MW","11:30 AM - 12:50 PM","FMH 403B","Open","15","7","Zhou, Tao","Face-to-Face","3","https://www.bkstr.com/webapp/wcs/stores/servlet/booklookServlet?bookstore_id-1=584&term_id-1=2022 Spring&crn-1=14756",""
"202210","PHYS421","GENERAL RELATIVITY","002","14757","TR","1:00 PM - 2:20 PM"," ","Cancelled","35","0","","Face-to-Face","3","https://www.bkstr.com/webapp/wcs/stores/servlet/booklookServlet?bookstore_id-1=584&term_id-1=2022 Spring&crn-1=14757","Cancelled 1/11/22"
"202210","PHYS433","ELECTROMAGNETISM II","002","14758","TR","4:00 PM - 5:20 PM","FMH 310","Open","35","7","Jerez, Andres","Face-to-Face","3","https://www.bkstr.com/webapp/wcs/stores/servlet/booklookServlet?bookstore_id-1=584&term_id-1=2022 Spring&crn-1=14758",""
"202210","PHYS450","ADVANCED PHYSICS LAB","002","14759","F","1:00 PM - 3:50 PM","TIER B001A","Closed","15","16","Kim, Hyomin","Face-to-Face","3","https://www.bkstr.com/webapp/wcs/stores/servlet/booklookServlet?bookstore_id-1=584&term_id-1=2022 Spring&crn-1=14759",""
"202210","PHYS490","INDEPENDENT STUDY","788","15726","",""," ","Closed","0","0","Chen, Bin","Face-to-Face","3","https://www.bkstr.com/webapp/wcs/stores/servlet/booklookServlet?bookstore_id-1=584&term_id-1=2022 Spring&crn-1=15726",""
"202210","PHYS490","INDEPENDENT STUDY","789","14760","",""," ","Closed","0","1","Thomas, Benjamin","Face-to-Face","3","https://www.bkstr.com/webapp/wcs/stores/servlet/booklookServlet?bookstore_id-1=584&term_id-1=2022 Spring&crn-1=14760",""
"202210","PHYS490","INDEPENDENT STUDY","792","14761","",""," ","Closed","0","3","Ravindra, N.","Face-to-Face","3","https://www.bkstr.com/webapp/wcs/stores/servlet/booklookServlet?bookstore_id-1=584&term_id-1=2022 Spring&crn-1=14761",""
"202210","PHYS490","INDEPENDENT STUDY","793","15594","",""," ","Closed","0","3","Kim, Hyomin","Face-to-Face","3","https://www.bkstr.com/webapp/wcs/stores/servlet/booklookServlet?bookstore_id-1=584&term_id-1=2022 Spring&crn-1=15594",""
"202210","PHYS490","INDEPENDENT STUDY","796","14762","",""," ","Closed","0","0","Ahn, Keun Hyuk","Face-to-Face","3","https://www.bkstr.com/webapp/wcs/stores/servlet/booklookServlet?bookstore_id-1=584&term_id-1=2022 Spring&crn-1=14762",""
"202210","PHYS490","INDEPENDENT STUDY","804","14763","",""," ","Closed","0","0","Federici, John","Face-to-Face","3","https://www.bkstr.com/webapp/wcs/stores/servlet/booklookServlet?bookstore_id-1=584&term_id-1=2022 Spring&crn-1=14763",""
"202210","PHYS490","INDEPENDENT STUDY","812","14764","",""," ","Closed","0","0","Gary, Dale","Face-to-Face","3","https://www.bkstr.com/webapp/wcs/stores/servlet/booklookServlet?bookstore_id-1=584&term_id-1=2022 Spring&crn-1=14764",""
"202210","PHYS490","INDEPENDENT STUDY","825","14765","",""," ","Closed","0","0","Sirenko, Andrei","Face-to-Face","3","https://www.bkstr.com/webapp/wcs/stores/servlet/booklookServlet?bookstore_id-1=584&term_id-1=2022 Spring&crn-1=14765",""
"202210","PHYS490","INDEPENDENT STUDY","829","14766","",""," ","Closed","0","0","Gerrard, Andrew","Face-to-Face","3","https://www.bkstr.com/webapp/wcs/stores/servlet/booklookServlet?bookstore_id-1=584&term_id-1=2022 Spring&crn-1=14766",""
"202210","PHYS491","INDEPENDENT STUDY II","789","14767","",""," ","Closed","0","0","Thomas, Benjamin","Face-to-Face","3","https://www.bkstr.com/webapp/wcs/stores/servlet/booklookServlet?bookstore_id-1=584&term_id-1=2022 Spring&crn-1=14767",""
"202210","PHYS491","INDEPENDENT STUDY II","792","14768","",""," ","Closed","0","0","Ravindra, N.","Face-to-Face","3","https://www.bkstr.com/webapp/wcs/stores/servlet/booklookServlet?bookstore_id-1=584&term_id-1=2022 Spring&crn-1=14768",""
"202210","PHYS491","INDEPENDENT STUDY II","829","14769","",""," ","Closed","0","0","Gerrard, Andrew","Face-to-Face","3","https://www.bkstr.com/webapp/wcs/stores/servlet/booklookServlet?bookstore_id-1=584&term_id-1=2022 Spring&crn-1=14769",""
"202210","PHYS590","GRADUATE COOP WORK EXP I","792","14770","",""," ","Closed","0","0","Ravindra, N.","Face-to-Face","1","https://www.bkstr.com/webapp/wcs/stores/servlet/booklookServlet?bookstore_id-1=584&term_id-1=2022 Spring&crn-1=14770",""
"202210","PHYS590","GRADUATE COOP WORK EXP I","796","14771","",""," ","Closed","0","0","Ahn, Keun Hyuk","Face-to-Face","1","https://www.bkstr.com/webapp/wcs/stores/servlet/booklookServlet?bookstore_id-1=584&term_id-1=2022 Spring&crn-1=14771",""
"202210","PHYS590","GRADUATE COOP WORK EXP I","829","14772","",""," ","Closed","0","0","Gerrard, Andrew","Face-to-Face","1","https://www.bkstr.com/webapp/wcs/stores/servlet/booklookServlet?bookstore_id-1=584&term_id-1=2022 Spring&crn-1=14772",""
"202210","PHYS591","GRADUATE COOP WORK EXP II","792","14773","",""," ","Closed","0","0","Ravindra, N.","Face-to-Face","1","https://www.bkstr.com/webapp/wcs/stores/servlet/booklookServlet?bookstore_id-1=584&term_id-1=2022 Spring&crn-1=14773",""
"202210","PHYS591","GRADUATE COOP WORK EXP II","829","14774","",""," ","Closed","0","0","Gerrard, Andrew","Face-to-Face","1","https://www.bkstr.com/webapp/wcs/stores/servlet/booklookServlet?bookstore_id-1=584&term_id-1=2022 Spring&crn-1=14774",""
"202210","PHYS641","STATISTICAL MECHANICS","102","14775","M","6:00 PM - 8:50 PM","FMH 314","Open","30","10","Yang, Junjie","Face-to-Face","3","https://www.bkstr.com/webapp/wcs/stores/servlet/booklookServlet?bookstore_id-1=584&term_id-1=2022 Spring&crn-1=14775",""
"202210","PHYS690","DIRECTED STUDY APPL PHYS","792","14776","",""," ","Closed","0","0","Ravindra, N.","Face-to-Face","3","https://www.bkstr.com/webapp/wcs/stores/servlet/booklookServlet?bookstore_id-1=584&term_id-1=2022 Spring&crn-1=14776",""
"202210","PHYS690","DIRECTED STUDY APPL PHYS","804","14777","",""," ","Closed","0","0","Federici, John","Face-to-Face","3","https://www.bkstr.com/webapp/wcs/stores/servlet/booklookServlet?bookstore_id-1=584&term_id-1=2022 Spring&crn-1=14777",""
"202210","PHYS690","DIRECTED STUDY APPL PHYS","829","14778","",""," ","Closed","0","0","Gerrard, Andrew","Face-to-Face","3","https://www.bkstr.com/webapp/wcs/stores/servlet/booklookServlet?bookstore_id-1=584&term_id-1=2022 Spring&crn-1=14778",""
"202210","PHYS700B","MASTER'S PROJECT","500","14779","",""," ","Closed","0","0","Kosovichev, Alexander","Face-to-Face","3","https://www.bkstr.com/webapp/wcs/stores/servlet/booklookServlet?bookstore_id-1=584&term_id-1=2022 Spring&crn-1=14779",""
"202210","PHYS700B","MASTER'S PROJECT","781","14780","",""," ","Closed","0","0","","Face-to-Face","3","https://www.bkstr.com/webapp/wcs/stores/servlet/booklookServlet?bookstore_id-1=584&term_id-1=2022 Spring&crn-1=14780","CANCELLED 1/10/22"
"202210","PHYS700B","MASTER'S PROJECT","785","14781","",""," ","Closed","0","1","Yang, Junjie","Face-to-Face","3","https://www.bkstr.com/webapp/wcs/stores/servlet/booklookServlet?bookstore_id-1=584&term_id-1=2022 Spring&crn-1=14781",""
"202210","PHYS700B","MASTER'S PROJECT","788","14782","",""," ","Closed","0","0","Chen, Bin","Face-to-Face","3","https://www.bkstr.com/webapp/wcs/stores/servlet/booklookServlet?bookstore_id-1=584&term_id-1=2022 Spring&crn-1=14782",""
"202210","PHYS700B","MASTER'S PROJECT","789","14783","",""," ","Closed","0","0","Thomas, Benjamin","Face-to-Face","3","https://www.bkstr.com/webapp/wcs/stores/servlet/booklookServlet?bookstore_id-1=584&term_id-1=2022 Spring&crn-1=14783",""
"202210","PHYS700B","MASTER'S PROJECT","791","14784","",""," ","Closed","0","0","Perry, Gareth","Face-to-Face","3","https://www.bkstr.com/webapp/wcs/stores/servlet/booklookServlet?bookstore_id-1=584&term_id-1=2022 Spring&crn-1=14784",""
"202210","PHYS700B","MASTER'S PROJECT","792","14785","",""," ","Closed","0","0","Ravindra, N.","Face-to-Face","3","https://www.bkstr.com/webapp/wcs/stores/servlet/booklookServlet?bookstore_id-1=584&term_id-1=2022 Spring&crn-1=14785",""
"202210","PHYS700B","MASTER'S PROJECT","793","14786","",""," ","Closed","0","0","Kim, Hyomin","Face-to-Face","3","https://www.bkstr.com/webapp/wcs/stores/servlet/booklookServlet?bookstore_id-1=584&term_id-1=2022 Spring&crn-1=14786",""
"202210","PHYS700B","MASTER'S PROJECT","796","14787","",""," ","Closed","0","0","Ahn, Keun Hyuk","Face-to-Face","3","https://www.bkstr.com/webapp/wcs/stores/servlet/booklookServlet?bookstore_id-1=584&term_id-1=2022 Spring&crn-1=14787",""
"202210","PHYS700B","MASTER'S PROJECT","803","14788","",""," ","Closed","0","0","Levy, Roland","Face-to-Face","3","https://www.bkstr.com/webapp/wcs/stores/servlet/booklookServlet?bookstore_id-1=584&term_id-1=2022 Spring&crn-1=14788",""
"202210","PHYS700B","MASTER'S PROJECT","804","14789","",""," ","Closed","0","0","Federici, John","Face-to-Face","3","https://www.bkstr.com/webapp/wcs/stores/servlet/booklookServlet?bookstore_id-1=584&term_id-1=2022 Spring&crn-1=14789",""
"202210","PHYS700B","MASTER'S PROJECT","805","14790","",""," ","Closed","0","0","Cao, Wenda","Face-to-Face","3","https://www.bkstr.com/webapp/wcs/stores/servlet/booklookServlet?bookstore_id-1=584&term_id-1=2022 Spring&crn-1=14790",""
"202210","PHYS700B","MASTER'S PROJECT","806","14791","",""," ","Closed","0","0","Dias, Cristiano","Face-to-Face","3","https://www.bkstr.com/webapp/wcs/stores/servlet/booklookServlet?bookstore_id-1=584&term_id-1=2022 Spring&crn-1=14791",""
"202210","PHYS700B","MASTER'S PROJECT","807","14792","",""," ","Closed","0","0","Wang, Haimin","Face-to-Face","3","https://www.bkstr.com/webapp/wcs/stores/servlet/booklookServlet?bookstore_id-1=584&term_id-1=2022 Spring&crn-1=14792",""
"202210","PHYS700B","MASTER'S PROJECT","808","14793","",""," ","Closed","0","0","Tyson, Trevor","Face-to-Face","3","https://www.bkstr.com/webapp/wcs/stores/servlet/booklookServlet?bookstore_id-1=584&term_id-1=2022 Spring&crn-1=14793",""
"202210","PHYS700B","MASTER'S PROJECT","812","14794","",""," ","Closed","0","0","Gary, Dale","Face-to-Face","3","https://www.bkstr.com/webapp/wcs/stores/servlet/booklookServlet?bookstore_id-1=584&term_id-1=2022 Spring&crn-1=14794",""
"202210","PHYS700B","MASTER'S PROJECT","821","14795","",""," ","Closed","0","0","Inoue, Satoshi","Face-to-Face","3","https://www.bkstr.com/webapp/wcs/stores/servlet/booklookServlet?bookstore_id-1=584&term_id-1=2022 Spring&crn-1=14795",""
"202210","PHYS700B","MASTER'S PROJECT","825","14796","",""," ","Closed","0","0","Sirenko, Andrei","Face-to-Face","3","https://www.bkstr.com/webapp/wcs/stores/servlet/booklookServlet?bookstore_id-1=584&term_id-1=2022 Spring&crn-1=14796",""
"202210","PHYS700B","MASTER'S PROJECT","826","14797","",""," ","Closed","0","0","Zhou, Tao","Face-to-Face","3","https://www.bkstr.com/webapp/wcs/stores/servlet/booklookServlet?bookstore_id-1=584&term_id-1=2022 Spring&crn-1=14797",""
"202210","PHYS700B","MASTER'S PROJECT","828","14798","",""," ","Closed","0","0","Prodan, Camelia","Face-to-Face","3","https://www.bkstr.com/webapp/wcs/stores/servlet/booklookServlet?bookstore_id-1=584&term_id-1=2022 Spring&crn-1=14798",""
"202210","PHYS700B","MASTER'S PROJECT","829","14799","",""," ","Closed","0","0","Gerrard, Andrew","Face-to-Face","3","https://www.bkstr.com/webapp/wcs/stores/servlet/booklookServlet?bookstore_id-1=584&term_id-1=2022 Spring&crn-1=14799",""
"202210","PHYS701B","MASTER'S THESIS","500","14800","",""," ","Closed","0","0","Kosovichev, Alexander","Face-to-Face","3","https://www.bkstr.com/webapp/wcs/stores/servlet/booklookServlet?bookstore_id-1=584&term_id-1=2022 Spring&crn-1=14800",""
"202210","PHYS701B","MASTER'S THESIS","781","14801","",""," ","Closed","0","0","","Face-to-Face","3","https://www.bkstr.com/webapp/wcs/stores/servlet/booklookServlet?bookstore_id-1=584&term_id-1=2022 Spring&crn-1=14801",""
"202210","PHYS701B","MASTER'S THESIS","785","14802","",""," ","Closed","0","0","Yang, Junjie","Face-to-Face","3","https://www.bkstr.com/webapp/wcs/stores/servlet/booklookServlet?bookstore_id-1=584&term_id-1=2022 Spring&crn-1=14802",""
"202210","PHYS701B","MASTER'S THESIS","788","14803","",""," ","Closed","0","0","Chen, Bin","Face-to-Face","3","https://www.bkstr.com/webapp/wcs/stores/servlet/booklookServlet?bookstore_id-1=584&term_id-1=2022 Spring&crn-1=14803",""
"202210","PHYS701B","MASTER'S THESIS","789","14804","",""," ","Closed","0","0","Thomas, Benjamin","Face-to-Face","3","https://www.bkstr.com/webapp/wcs/stores/servlet/booklookServlet?bookstore_id-1=584&term_id-1=2022 Spring&crn-1=14804",""
"202210","PHYS701B","MASTER'S THESIS","791","14805","",""," ","Closed","0","0","Perry, Gareth","Face-to-Face","3","https://www.bkstr.com/webapp/wcs/stores/servlet/booklookServlet?bookstore_id-1=584&term_id-1=2022 Spring&crn-1=14805",""
"202210","PHYS701B","MASTER'S THESIS","792","14806","",""," ","Closed","0","1","Ravindra, N.","Face-to-Face","3","https://www.bkstr.com/webapp/wcs/stores/servlet/booklookServlet?bookstore_id-1=584&term_id-1=2022 Spring&crn-1=14806",""
"202210","PHYS701B","MASTER'S THESIS","793","14807","",""," ","Closed","0","0","Kim, Hyomin","Face-to-Face","3","https://www.bkstr.com/webapp/wcs/stores/servlet/booklookServlet?bookstore_id-1=584&term_id-1=2022 Spring&crn-1=14807",""
"202210","PHYS701B","MASTER'S THESIS","796","14808","",""," ","Closed","0","0","Ahn, Keun Hyuk","Face-to-Face","3","https://www.bkstr.com/webapp/wcs/stores/servlet/booklookServlet?bookstore_id-1=584&term_id-1=2022 Spring&crn-1=14808",""
"202210","PHYS701B","MASTER'S THESIS","803","14809","",""," ","Closed","0","0","Levy, Roland","Face-to-Face","3","https://www.bkstr.com/webapp/wcs/stores/servlet/booklookServlet?bookstore_id-1=584&term_id-1=2022 Spring&crn-1=14809",""
"202210","PHYS701B","MASTER'S THESIS","804","14810","",""," ","Closed","0","0","Federici, John","Face-to-Face","3","https://www.bkstr.com/webapp/wcs/stores/servlet/booklookServlet?bookstore_id-1=584&term_id-1=2022 Spring&crn-1=14810",""
"202210","PHYS701B","MASTER'S THESIS","805","14811","",""," ","Closed","0","0","Cao, Wenda","Face-to-Face","3","https://www.bkstr.com/webapp/wcs/stores/servlet/booklookServlet?bookstore_id-1=584&term_id-1=2022 Spring&crn-1=14811",""
"202210","PHYS701B","MASTER'S THESIS","806","14812","",""," ","Closed","0","0","Dias, Cristiano","Face-to-Face","3","https://www.bkstr.com/webapp/wcs/stores/servlet/booklookServlet?bookstore_id-1=584&term_id-1=2022 Spring&crn-1=14812",""
"202210","PHYS701B","MASTER'S THESIS","807","14813","",""," ","Closed","0","0","Wang, Haimin","Face-to-Face","3","https://www.bkstr.com/webapp/wcs/stores/servlet/booklookServlet?bookstore_id-1=584&term_id-1=2022 Spring&crn-1=14813",""
"202210","PHYS701B","MASTER'S THESIS","808","14814","",""," ","Closed","0","0","Tyson, Trevor","Face-to-Face","3","https://www.bkstr.com/webapp/wcs/stores/servlet/booklookServlet?bookstore_id-1=584&term_id-1=2022 Spring&crn-1=14814",""
"202210","PHYS701B","MASTER'S THESIS","812","14815","",""," ","Closed","0","0","Gary, Dale","Face-to-Face","3","https://www.bkstr.com/webapp/wcs/stores/servlet/booklookServlet?bookstore_id-1=584&term_id-1=2022 Spring&crn-1=14815",""
"202210","PHYS701B","MASTER'S THESIS","821","14816","",""," ","Closed","0","0","Inoue, Satoshi","Face-to-Face","3","https://www.bkstr.com/webapp/wcs/stores/servlet/booklookServlet?bookstore_id-1=584&term_id-1=2022 Spring&crn-1=14816",""
"202210","PHYS701B","MASTER'S THESIS","825","14817","",""," ","Closed","0","0","Sirenko, Andrei","Face-to-Face","3","https://www.bkstr.com/webapp/wcs/stores/servlet/booklookServlet?bookstore_id-1=584&term_id-1=2022 Spring&crn-1=14817",""
"202210","PHYS701B","MASTER'S THESIS","826","14818","",""," ","Closed","0","0","Zhou, Tao","Face-to-Face","3","https://www.bkstr.com/webapp/wcs/stores/servlet/booklookServlet?bookstore_id-1=584&term_id-1=2022 Spring&crn-1=14818",""
"202210","PHYS701B","MASTER'S THESIS","828","14819","",""," ","Closed","0","0","Prodan, Camelia","Face-to-Face","3","https://www.bkstr.com/webapp/wcs/stores/servlet/booklookServlet?bookstore_id-1=584&term_id-1=2022 Spring&crn-1=14819",""
"202210","PHYS701B","MASTER'S THESIS","829","14820","",""," ","Closed","0","0","Gerrard, Andrew","Face-to-Face","3","https://www.bkstr.com/webapp/wcs/stores/servlet/booklookServlet?bookstore_id-1=584&term_id-1=2022 Spring&crn-1=14820",""
"202210","PHYS701C","MASTER'S THESIS","500","14821","",""," ","Closed","0","0","Kosovichev, Alexander","Face-to-Face","6","https://www.bkstr.com/webapp/wcs/stores/servlet/booklookServlet?bookstore_id-1=584&term_id-1=2022 Spring&crn-1=14821",""
"202210","PHYS701C","MASTER'S THESIS","781","14822","",""," ","Closed","0","0","","Face-to-Face","6","https://www.bkstr.com/webapp/wcs/stores/servlet/booklookServlet?bookstore_id-1=584&term_id-1=2022 Spring&crn-1=14822",""
"202210","PHYS701C","MASTER'S THESIS","785","14823","",""," ","Closed","0","0","Yang, Junjie","Face-to-Face","6","https://www.bkstr.com/webapp/wcs/stores/servlet/booklookServlet?bookstore_id-1=584&term_id-1=2022 Spring&crn-1=14823",""
"202210","PHYS701C","MASTER'S THESIS","788","14824","",""," ","Closed","0","0","Chen, Bin","Face-to-Face","6","https://www.bkstr.com/webapp/wcs/stores/servlet/booklookServlet?bookstore_id-1=584&term_id-1=2022 Spring&crn-1=14824",""
"202210","PHYS701C","MASTER'S THESIS","789","14825","",""," ","Closed","0","0","Thomas, Benjamin","Face-to-Face","6","https://www.bkstr.com/webapp/wcs/stores/servlet/booklookServlet?bookstore_id-1=584&term_id-1=2022 Spring&crn-1=14825",""
"202210","PHYS701C","MASTER'S THESIS","791","14826","",""," ","Closed","0","0","Perry, Gareth","Face-to-Face","6","https://www.bkstr.com/webapp/wcs/stores/servlet/booklookServlet?bookstore_id-1=584&term_id-1=2022 Spring&crn-1=14826",""
"202210","PHYS701C","MASTER'S THESIS","792","14827","",""," ","Closed","0","0","Ravindra, N.","Face-to-Face","6","https://www.bkstr.com/webapp/wcs/stores/servlet/booklookServlet?bookstore_id-1=584&term_id-1=2022 Spring&crn-1=14827",""
"202210","PHYS701C","MASTER'S THESIS","793","14828","",""," ","Closed","0","0","Kim, Hyomin","Face-to-Face","6","https://www.bkstr.com/webapp/wcs/stores/servlet/booklookServlet?bookstore_id-1=584&term_id-1=2022 Spring&crn-1=14828",""
"202210","PHYS701C","MASTER'S THESIS","796","14829","",""," ","Closed","0","0","Ahn, Keun Hyuk","Face-to-Face","6","https://www.bkstr.com/webapp/wcs/stores/servlet/booklookServlet?bookstore_id-1=584&term_id-1=2022 Spring&crn-1=14829",""
"202210","PHYS701C","MASTER'S THESIS","803","14830","",""," ","Closed","0","0","Levy, Roland","Face-to-Face","6","https://www.bkstr.com/webapp/wcs/stores/servlet/booklookServlet?bookstore_id-1=584&term_id-1=2022 Spring&crn-1=14830",""
"202210","PHYS701C","MASTER'S THESIS","804","14831","",""," ","Closed","0","0","Federici, John","Face-to-Face","6","https://www.bkstr.com/webapp/wcs/stores/servlet/booklookServlet?bookstore_id-1=584&term_id-1=2022 Spring&crn-1=14831",""
"202210","PHYS701C","MASTER'S THESIS","805","14832","",""," ","Closed","0","0","Cao, Wenda","Face-to-Face","6","https://www.bkstr.com/webapp/wcs/stores/servlet/booklookServlet?bookstore_id-1=584&term_id-1=2022 Spring&crn-1=14832",""
"202210","PHYS701C","MASTER'S THESIS","806","14833","",""," ","Closed","0","0","Dias, Cristiano","Face-to-Face","6","https://www.bkstr.com/webapp/wcs/stores/servlet/booklookServlet?bookstore_id-1=584&term_id-1=2022 Spring&crn-1=14833",""
"202210","PHYS701C","MASTER'S THESIS","807","14834","",""," ","Closed","0","0","Wang, Haimin","Face-to-Face","6","https://www.bkstr.com/webapp/wcs/stores/servlet/booklookServlet?bookstore_id-1=584&term_id-1=2022 Spring&crn-1=14834",""
"202210","PHYS701C","MASTER'S THESIS","808","14835","",""," ","Closed","0","0","Tyson, Trevor","Face-to-Face","6","https://www.bkstr.com/webapp/wcs/stores/servlet/booklookServlet?bookstore_id-1=584&term_id-1=2022 Spring&crn-1=14835",""
"202210","PHYS701C","MASTER'S THESIS","812","14836","",""," ","Closed","0","0","Gary, Dale","Face-to-Face","6","https://www.bkstr.com/webapp/wcs/stores/servlet/booklookServlet?bookstore_id-1=584&term_id-1=2022 Spring&crn-1=14836",""
"202210","PHYS701C","MASTER'S THESIS","821","14837","",""," ","Closed","0","0","Inoue, Satoshi","Face-to-Face","6","https://www.bkstr.com/webapp/wcs/stores/servlet/booklookServlet?bookstore_id-1=584&term_id-1=2022 Spring&crn-1=14837",""
"202210","PHYS701C","MASTER'S THESIS","825","14838","",""," ","Closed","0","0","Sirenko, Andrei","Face-to-Face","6","https://www.bkstr.com/webapp/wcs/stores/servlet/booklookServlet?bookstore_id-1=584&term_id-1=2022 Spring&crn-1=14838",""
"202210","PHYS701C","MASTER'S THESIS","826","14839","",""," ","Closed","0","0","Zhou, Tao","Face-to-Face","6","https://www.bkstr.com/webapp/wcs/stores/servlet/booklookServlet?bookstore_id-1=584&term_id-1=2022 Spring&crn-1=14839",""
"202210","PHYS701C","MASTER'S THESIS","828","14840","",""," ","Closed","0","0","Prodan, Camelia","Face-to-Face","6","https://www.bkstr.com/webapp/wcs/stores/servlet/booklookServlet?bookstore_id-1=584&term_id-1=2022 Spring&crn-1=14840",""
"202210","PHYS701C","MASTER'S THESIS","829","14841","",""," ","Closed","0","0","Gerrard, Andrew","Face-to-Face","6","https://www.bkstr.com/webapp/wcs/stores/servlet/booklookServlet?bookstore_id-1=584&term_id-1=2022 Spring&crn-1=14841",""
"202210","PHYS721","ELECTROMAGNETICS II","102","14842","T","6:00 PM - 8:50 PM","FMH 313","Open","30","6","Jerez, Andres","Face-to-Face","3","https://www.bkstr.com/webapp/wcs/stores/servlet/booklookServlet?bookstore_id-1=584&term_id-1=2022 Spring&crn-1=14842",""
"202210","PHYS725","INDEPENDENT STUDY I","500","15862","",""," ","Closed","0","0","Kosovichev, Alexander","Face-to-Face","3","https://www.bkstr.com/webapp/wcs/stores/servlet/booklookServlet?bookstore_id-1=584&term_id-1=2022 Spring&crn-1=15862",""
"202210","PHYS725","INDEPENDENT STUDY I","789","15863","",""," ","Closed","0","1","Thomas, Benjamin","Face-to-Face","3","https://www.bkstr.com/webapp/wcs/stores/servlet/booklookServlet?bookstore_id-1=584&term_id-1=2022 Spring&crn-1=15863",""
"202210","PHYS725","INDEPENDENT STUDY I","792","15909","",""," ","Closed","0","1","Ravindra, N.","Face-to-Face","3","https://www.bkstr.com/webapp/wcs/stores/servlet/booklookServlet?bookstore_id-1=584&term_id-1=2022 Spring&crn-1=15909",""
"202210","PHYS725","INDEPENDENT STUDY I","793","15931","",""," ","Closed","0","1","Kim, Hyomin","Face-to-Face","3","https://www.bkstr.com/webapp/wcs/stores/servlet/booklookServlet?bookstore_id-1=584&term_id-1=2022 Spring&crn-1=15931",""
"202210","PHYS725","INDEPENDENT STUDY I","829","14843","",""," ","Closed","0","0","Gerrard, Andrew","Face-to-Face","3","https://www.bkstr.com/webapp/wcs/stores/servlet/booklookServlet?bookstore_id-1=584&term_id-1=2022 Spring&crn-1=14843",""
"202210","PHYS726","INDEPENDENT STUDY II","791","14844","",""," ","Closed","0","0","Perry, Gareth","Face-to-Face","3","https://www.bkstr.com/webapp/wcs/stores/servlet/booklookServlet?bookstore_id-1=584&term_id-1=2022 Spring&crn-1=14844",""
"202210","PHYS726","INDEPENDENT STUDY II","792","14845","",""," ","Closed","0","0","Ravindra, N.","Face-to-Face","3","https://www.bkstr.com/webapp/wcs/stores/servlet/booklookServlet?bookstore_id-1=584&term_id-1=2022 Spring&crn-1=14845",""
"202210","PHYS726","INDEPENDENT STUDY II","796","14846","",""," ","Closed","0","0","Ahn, Keun Hyuk","Face-to-Face","3","https://www.bkstr.com/webapp/wcs/stores/servlet/booklookServlet?bookstore_id-1=584&term_id-1=2022 Spring&crn-1=14846",""
"202210","PHYS726","INDEPENDENT STUDY II","807","15801","",""," ","Closed","0","1","Wang, Haimin","Face-to-Face","3","https://www.bkstr.com/webapp/wcs/stores/servlet/booklookServlet?bookstore_id-1=584&term_id-1=2022 Spring&crn-1=15801",""
"202210","PHYS726","INDEPENDENT STUDY II","808","14847","",""," ","Closed","0","0","Tyson, Trevor","Face-to-Face","3","https://www.bkstr.com/webapp/wcs/stores/servlet/booklookServlet?bookstore_id-1=584&term_id-1=2022 Spring&crn-1=14847",""
"202210","PHYS726","INDEPENDENT STUDY II","812","14848","",""," ","Closed","0","0","Gary, Dale","Face-to-Face","3","https://www.bkstr.com/webapp/wcs/stores/servlet/booklookServlet?bookstore_id-1=584&term_id-1=2022 Spring&crn-1=14848",""
"202210","PHYS726","INDEPENDENT STUDY II","825","14849","",""," ","Closed","0","0","Sirenko, Andrei","Face-to-Face","3","https://www.bkstr.com/webapp/wcs/stores/servlet/booklookServlet?bookstore_id-1=584&term_id-1=2022 Spring&crn-1=14849",""
"202210","PHYS726","INDEPENDENT STUDY II","829","14850","",""," ","Closed","0","0","Gerrard, Andrew","Face-to-Face","3","https://www.bkstr.com/webapp/wcs/stores/servlet/booklookServlet?bookstore_id-1=584&term_id-1=2022 Spring&crn-1=14850",""
"202210","PHYS728","RADIO ASTRONOMY","002","14851","TR","11:30 AM - 12:50 PM","FMH 319","Open","30","11","Chen, Bin","Face-to-Face","3","https://www.bkstr.com/webapp/wcs/stores/servlet/booklookServlet?bookstore_id-1=584&term_id-1=2022 Spring&crn-1=14851",""
"202210","PHYS780","ST: QUANTUM FIELD THEORY AND ITS APPLICATIONS","002","15597","MW","10:00 AM - 11:20 AM"," ","Cancelled","25","0","","Face-to-Face","3","https://www.bkstr.com/webapp/wcs/stores/servlet/booklookServlet?bookstore_id-1=584&term_id-1=2022 Spring&crn-1=15597","Cancelled 1/11/22"
"202210","PHYS790A","DOCT DISSERTATION & RES","500","14852","",""," ","Closed","0","1","Kosovichev, Alexander","Face-to-Face","1","https://www.bkstr.com/webapp/wcs/stores/servlet/booklookServlet?bookstore_id-1=584&term_id-1=2022 Spring&crn-1=14852",""
"202210","PHYS790A","DOCT DISSERTATION & RES","781","14853","",""," ","Closed","0","0","","Face-to-Face","1","https://www.bkstr.com/webapp/wcs/stores/servlet/booklookServlet?bookstore_id-1=584&term_id-1=2022 Spring&crn-1=14853",""
"202210","PHYS790A","DOCT DISSERTATION & RES","785","14854","",""," ","Closed","0","1","Yang, Junjie","Face-to-Face","1","https://www.bkstr.com/webapp/wcs/stores/servlet/booklookServlet?bookstore_id-1=584&term_id-1=2022 Spring&crn-1=14854",""
"202210","PHYS790A","DOCT DISSERTATION & RES","788","14855","",""," ","Closed","0","3","Chen, Bin","Face-to-Face","1","https://www.bkstr.com/webapp/wcs/stores/servlet/booklookServlet?bookstore_id-1=584&term_id-1=2022 Spring&crn-1=14855",""
"202210","PHYS790A","DOCT DISSERTATION & RES","789","14856","",""," ","Closed","0","1","Thomas, Benjamin","Face-to-Face","1","https://www.bkstr.com/webapp/wcs/stores/servlet/booklookServlet?bookstore_id-1=584&term_id-1=2022 Spring&crn-1=14856",""
"202210","PHYS790A","DOCT DISSERTATION & RES","791","14857","",""," ","Closed","0","1","Perry, Gareth","Face-to-Face","1","https://www.bkstr.com/webapp/wcs/stores/servlet/booklookServlet?bookstore_id-1=584&term_id-1=2022 Spring&crn-1=14857",""
"202210","PHYS790A","DOCT DISSERTATION & RES","792","14858","",""," ","Closed","0","0","Ravindra, N.","Face-to-Face","1","https://www.bkstr.com/webapp/wcs/stores/servlet/booklookServlet?bookstore_id-1=584&term_id-1=2022 Spring&crn-1=14858",""
"202210","PHYS790A","DOCT DISSERTATION & RES","793","14859","",""," ","Closed","0","0","Kim, Hyomin","Face-to-Face","1","https://www.bkstr.com/webapp/wcs/stores/servlet/booklookServlet?bookstore_id-1=584&term_id-1=2022 Spring&crn-1=14859",""
"202210","PHYS790A","DOCT DISSERTATION & RES","796","14860","",""," ","Closed","0","0","Ahn, Keun Hyuk","Face-to-Face","1","https://www.bkstr.com/webapp/wcs/stores/servlet/booklookServlet?bookstore_id-1=584&term_id-1=2022 Spring&crn-1=14860",""
"202210","PHYS790A","DOCT DISSERTATION & RES","803","14861","",""," ","Closed","0","0","Levy, Roland","Face-to-Face","1","https://www.bkstr.com/webapp/wcs/stores/servlet/booklookServlet?bookstore_id-1=584&term_id-1=2022 Spring&crn-1=14861",""
"202210","PHYS790A","DOCT DISSERTATION & RES","804","14862","",""," ","Closed","0","2","Federici, John","Face-to-Face","1","https://www.bkstr.com/webapp/wcs/stores/servlet/booklookServlet?bookstore_id-1=584&term_id-1=2022 Spring&crn-1=14862",""
"202210","PHYS790A","DOCT DISSERTATION & RES","805","14863","",""," ","Closed","0","0","Cao, Wenda","Face-to-Face","1","https://www.bkstr.com/webapp/wcs/stores/servlet/booklookServlet?bookstore_id-1=584&term_id-1=2022 Spring&crn-1=14863",""
"202210","PHYS790A","DOCT DISSERTATION & RES","806","14864","",""," ","Closed","0","2","Dias, Cristiano","Face-to-Face","1","https://www.bkstr.com/webapp/wcs/stores/servlet/booklookServlet?bookstore_id-1=584&term_id-1=2022 Spring&crn-1=14864",""
"202210","PHYS790A","DOCT DISSERTATION & RES","807","14865","",""," ","Closed","0","1","Wang, Haimin","Face-to-Face","1","https://www.bkstr.com/webapp/wcs/stores/servlet/booklookServlet?bookstore_id-1=584&term_id-1=2022 Spring&crn-1=14865",""
"202210","PHYS790A","DOCT DISSERTATION & RES","808","14866","",""," ","Closed","0","0","Tyson, Trevor","Face-to-Face","1","https://www.bkstr.com/webapp/wcs/stores/servlet/booklookServlet?bookstore_id-1=584&term_id-1=2022 Spring&crn-1=14866",""
"202210","PHYS790A","DOCT DISSERTATION & RES","812","14867","",""," ","Closed","0","1","Gary, Dale","Face-to-Face","1","https://www.bkstr.com/webapp/wcs/stores/servlet/booklookServlet?bookstore_id-1=584&term_id-1=2022 Spring&crn-1=14867",""
"202210","PHYS790A","DOCT DISSERTATION & RES","821","14868","",""," ","Closed","0","0","Inoue, Satoshi","Face-to-Face","1","https://www.bkstr.com/webapp/wcs/stores/servlet/booklookServlet?bookstore_id-1=584&term_id-1=2022 Spring&crn-1=14868",""
"202210","PHYS790A","DOCT DISSERTATION & RES","825","14869","",""," ","Closed","0","0","Sirenko, Andrei","Face-to-Face","1","https://www.bkstr.com/webapp/wcs/stores/servlet/booklookServlet?bookstore_id-1=584&term_id-1=2022 Spring&crn-1=14869",""
"202210","PHYS790A","DOCT DISSERTATION & RES","826","14870","",""," ","Closed","0","0","Zhou, Tao","Face-to-Face","1","https://www.bkstr.com/webapp/wcs/stores/servlet/booklookServlet?bookstore_id-1=584&term_id-1=2022 Spring&crn-1=14870",""
"202210","PHYS790A","DOCT DISSERTATION & RES","828","14871","",""," ","Closed","0","1","Prodan, Camelia","Face-to-Face","1","https://www.bkstr.com/webapp/wcs/stores/servlet/booklookServlet?bookstore_id-1=584&term_id-1=2022 Spring&crn-1=14871",""
"202210","PHYS790A","DOCT DISSERTATION & RES","829","14872","",""," ","Closed","0","1","Gerrard, Andrew","Face-to-Face","1","https://www.bkstr.com/webapp/wcs/stores/servlet/booklookServlet?bookstore_id-1=584&term_id-1=2022 Spring&crn-1=14872",""
"202210","PHYS790B","DOCT DISSERTATION & RES","500","14873","",""," ","Closed","0","0","Kosovichev, Alexander","Face-to-Face","3","https://www.bkstr.com/webapp/wcs/stores/servlet/booklookServlet?bookstore_id-1=584&term_id-1=2022 Spring&crn-1=14873",""
"202210","PHYS790B","DOCT DISSERTATION & RES","781","14874","",""," ","Closed","0","0","","Face-to-Face","3","https://www.bkstr.com/webapp/wcs/stores/servlet/booklookServlet?bookstore_id-1=584&term_id-1=2022 Spring&crn-1=14874",""
"202210","PHYS790B","DOCT DISSERTATION & RES","785","14875","",""," ","Closed","0","0","Yang, Junjie","Face-to-Face","3","https://www.bkstr.com/webapp/wcs/stores/servlet/booklookServlet?bookstore_id-1=584&term_id-1=2022 Spring&crn-1=14875",""
"202210","PHYS790B","DOCT DISSERTATION & RES","788","14876","",""," ","Closed","0","0","Chen, Bin","Face-to-Face","3","https://www.bkstr.com/webapp/wcs/stores/servlet/booklookServlet?bookstore_id-1=584&term_id-1=2022 Spring&crn-1=14876",""
"202210","PHYS790B","DOCT DISSERTATION & RES","789","14877","",""," ","Closed","0","0","Thomas, Benjamin","Face-to-Face","3","https://www.bkstr.com/webapp/wcs/stores/servlet/booklookServlet?bookstore_id-1=584&term_id-1=2022 Spring&crn-1=14877",""
"202210","PHYS790B","DOCT DISSERTATION & RES","791","14878","",""," ","Closed","0","0","Perry, Gareth","Face-to-Face","3","https://www.bkstr.com/webapp/wcs/stores/servlet/booklookServlet?bookstore_id-1=584&term_id-1=2022 Spring&crn-1=14878",""
"202210","PHYS790B","DOCT DISSERTATION & RES","792","14879","",""," ","Closed","0","0","Ravindra, N.","Face-to-Face","3","https://www.bkstr.com/webapp/wcs/stores/servlet/booklookServlet?bookstore_id-1=584&term_id-1=2022 Spring&crn-1=14879",""
"202210","PHYS790B","DOCT DISSERTATION & RES","793","14880","",""," ","Closed","0","0","Kim, Hyomin","Face-to-Face","3","https://www.bkstr.com/webapp/wcs/stores/servlet/booklookServlet?bookstore_id-1=584&term_id-1=2022 Spring&crn-1=14880",""
"202210","PHYS790B","DOCT DISSERTATION & RES","796","14881","",""," ","Closed","0","0","Ahn, Keun Hyuk","Face-to-Face","3","https://www.bkstr.com/webapp/wcs/stores/servlet/booklookServlet?bookstore_id-1=584&term_id-1=2022 Spring&crn-1=14881",""
"202210","PHYS790B","DOCT DISSERTATION & RES","803","14882","",""," ","Closed","0","0","Levy, Roland","Face-to-Face","3","https://www.bkstr.com/webapp/wcs/stores/servlet/booklookServlet?bookstore_id-1=584&term_id-1=2022 Spring&crn-1=14882",""
"202210","PHYS790B","DOCT DISSERTATION & RES","804","14883","",""," ","Closed","0","0","Federici, John","Face-to-Face","3","https://www.bkstr.com/webapp/wcs/stores/servlet/booklookServlet?bookstore_id-1=584&term_id-1=2022 Spring&crn-1=14883",""
"202210","PHYS790B","DOCT DISSERTATION & RES","805","14884","",""," ","Closed","0","0","Cao, Wenda","Face-to-Face","3","https://www.bkstr.com/webapp/wcs/stores/servlet/booklookServlet?bookstore_id-1=584&term_id-1=2022 Spring&crn-1=14884",""
"202210","PHYS790B","DOCT DISSERTATION & RES","806","14885","",""," ","Closed","0","0","Dias, Cristiano","Face-to-Face","3","https://www.bkstr.com/webapp/wcs/stores/servlet/booklookServlet?bookstore_id-1=584&term_id-1=2022 Spring&crn-1=14885",""
"202210","PHYS790B","DOCT DISSERTATION & RES","807","14886","",""," ","Closed","0","0","Wang, Haimin","Face-to-Face","3","https://www.bkstr.com/webapp/wcs/stores/servlet/booklookServlet?bookstore_id-1=584&term_id-1=2022 Spring&crn-1=14886",""
"202210","PHYS790B","DOCT DISSERTATION & RES","808","14887","",""," ","Closed","0","0","Tyson, Trevor","Face-to-Face","3","https://www.bkstr.com/webapp/wcs/stores/servlet/booklookServlet?bookstore_id-1=584&term_id-1=2022 Spring&crn-1=14887",""
"202210","PHYS790B","DOCT DISSERTATION & RES","812","14888","",""," ","Closed","0","1","Gary, Dale","Face-to-Face","3","https://www.bkstr.com/webapp/wcs/stores/servlet/booklookServlet?bookstore_id-1=584&term_id-1=2022 Spring&crn-1=14888",""
"202210","PHYS790B","DOCT DISSERTATION & RES","821","14889","",""," ","Closed","0","0","Inoue, Satoshi","Face-to-Face","3","https://www.bkstr.com/webapp/wcs/stores/servlet/booklookServlet?bookstore_id-1=584&term_id-1=2022 Spring&crn-1=14889",""
"202210","PHYS790B","DOCT DISSERTATION & RES","825","14890","",""," ","Closed","0","0","Sirenko, Andrei","Face-to-Face","3","https://www.bkstr.com/webapp/wcs/stores/servlet/booklookServlet?bookstore_id-1=584&term_id-1=2022 Spring&crn-1=14890",""
"202210","PHYS790B","DOCT DISSERTATION & RES","826","14891","",""," ","Closed","0","0","Zhou, Tao","Face-to-Face","3","https://www.bkstr.com/webapp/wcs/stores/servlet/booklookServlet?bookstore_id-1=584&term_id-1=2022 Spring&crn-1=14891",""
"202210","PHYS790B","DOCT DISSERTATION & RES","828","14892","",""," ","Closed","0","0","Prodan, Camelia","Face-to-Face","3","https://www.bkstr.com/webapp/wcs/stores/servlet/booklookServlet?bookstore_id-1=584&term_id-1=2022 Spring&crn-1=14892",""
"202210","PHYS790B","DOCT DISSERTATION & RES","829","14893","",""," ","Closed","0","0","Gerrard, Andrew","Face-to-Face","3","https://www.bkstr.com/webapp/wcs/stores/servlet/booklookServlet?bookstore_id-1=584&term_id-1=2022 Spring&crn-1=14893",""
"202210","PHYS790C","DOCT DISSERTATION & RES","500","14894","",""," ","Closed","0","0","Kosovichev, Alexander","Face-to-Face","6","https://www.bkstr.com/webapp/wcs/stores/servlet/booklookServlet?bookstore_id-1=584&term_id-1=2022 Spring&crn-1=14894",""
"202210","PHYS790C","DOCT DISSERTATION & RES","781","14895","",""," ","Closed","0","0","","Face-to-Face","6","https://www.bkstr.com/webapp/wcs/stores/servlet/booklookServlet?bookstore_id-1=584&term_id-1=2022 Spring&crn-1=14895",""
"202210","PHYS790C","DOCT DISSERTATION & RES","785","14896","",""," ","Closed","0","0","Yang, Junjie","Face-to-Face","6","https://www.bkstr.com/webapp/wcs/stores/servlet/booklookServlet?bookstore_id-1=584&term_id-1=2022 Spring&crn-1=14896",""
"202210","PHYS790C","DOCT DISSERTATION & RES","788","14897","",""," ","Closed","0","0","Chen, Bin","Face-to-Face","6","https://www.bkstr.com/webapp/wcs/stores/servlet/booklookServlet?bookstore_id-1=584&term_id-1=2022 Spring&crn-1=14897",""
"202210","PHYS790C","DOCT DISSERTATION & RES","789","14898","",""," ","Closed","0","0","Thomas, Benjamin","Face-to-Face","6","https://www.bkstr.com/webapp/wcs/stores/servlet/booklookServlet?bookstore_id-1=584&term_id-1=2022 Spring&crn-1=14898",""
"202210","PHYS790C","DOCT DISSERTATION & RES","791","14899","",""," ","Closed","0","0","Perry, Gareth","Face-to-Face","6","https://www.bkstr.com/webapp/wcs/stores/servlet/booklookServlet?bookstore_id-1=584&term_id-1=2022 Spring&crn-1=14899",""
"202210","PHYS790C","DOCT DISSERTATION & RES","792","14900","",""," ","Closed","0","0","Ravindra, N.","Face-to-Face","6","https://www.bkstr.com/webapp/wcs/stores/servlet/booklookServlet?bookstore_id-1=584&term_id-1=2022 Spring&crn-1=14900",""
"202210","PHYS790C","DOCT DISSERTATION & RES","793","14901","",""," ","Closed","0","0","Kim, Hyomin","Face-to-Face","6","https://www.bkstr.com/webapp/wcs/stores/servlet/booklookServlet?bookstore_id-1=584&term_id-1=2022 Spring&crn-1=14901",""
"202210","PHYS790C","DOCT DISSERTATION & RES","796","14902","",""," ","Closed","0","0","Ahn, Keun Hyuk","Face-to-Face","6","https://www.bkstr.com/webapp/wcs/stores/servlet/booklookServlet?bookstore_id-1=584&term_id-1=2022 Spring&crn-1=14902",""
"202210","PHYS790C","DOCT DISSERTATION & RES","803","14903","",""," ","Closed","0","0","Levy, Roland","Face-to-Face","6","https://www.bkstr.com/webapp/wcs/stores/servlet/booklookServlet?bookstore_id-1=584&term_id-1=2022 Spring&crn-1=14903",""
"202210","PHYS790C","DOCT DISSERTATION & RES","804","14904","",""," ","Closed","0","0","Federici, John","Face-to-Face","6","https://www.bkstr.com/webapp/wcs/stores/servlet/booklookServlet?bookstore_id-1=584&term_id-1=2022 Spring&crn-1=14904",""
"202210","PHYS790C","DOCT DISSERTATION & RES","805","14905","",""," ","Closed","0","0","Cao, Wenda","Face-to-Face","6","https://www.bkstr.com/webapp/wcs/stores/servlet/booklookServlet?bookstore_id-1=584&term_id-1=2022 Spring&crn-1=14905",""
"202210","PHYS790C","DOCT DISSERTATION & RES","806","14906","",""," ","Closed","0","0","Dias, Cristiano","Face-to-Face","6","https://www.bkstr.com/webapp/wcs/stores/servlet/booklookServlet?bookstore_id-1=584&term_id-1=2022 Spring&crn-1=14906",""
"202210","PHYS790C","DOCT DISSERTATION & RES","807","14907","",""," ","Closed","0","0","Wang, Haimin","Face-to-Face","6","https://www.bkstr.com/webapp/wcs/stores/servlet/booklookServlet?bookstore_id-1=584&term_id-1=2022 Spring&crn-1=14907",""
"202210","PHYS790C","DOCT DISSERTATION & RES","808","14908","",""," ","Closed","0","0","Tyson, Trevor","Face-to-Face","6","https://www.bkstr.com/webapp/wcs/stores/servlet/booklookServlet?bookstore_id-1=584&term_id-1=2022 Spring&crn-1=14908",""
"202210","PHYS790C","DOCT DISSERTATION & RES","812","14909","",""," ","Closed","0","0","Gary, Dale","Face-to-Face","6","https://www.bkstr.com/webapp/wcs/stores/servlet/booklookServlet?bookstore_id-1=584&term_id-1=2022 Spring&crn-1=14909",""
"202210","PHYS790C","DOCT DISSERTATION & RES","821","14910","",""," ","Closed","0","0","Inoue, Satoshi","Face-to-Face","6","https://www.bkstr.com/webapp/wcs/stores/servlet/booklookServlet?bookstore_id-1=584&term_id-1=2022 Spring&crn-1=14910",""
"202210","PHYS790C","DOCT DISSERTATION & RES","825","14911","",""," ","Closed","0","0","Sirenko, Andrei","Face-to-Face","6","https://www.bkstr.com/webapp/wcs/stores/servlet/booklookServlet?bookstore_id-1=584&term_id-1=2022 Spring&crn-1=14911",""
"202210","PHYS790C","DOCT DISSERTATION & RES","826","14912","",""," ","Closed","0","0","Zhou, Tao","Face-to-Face","6","https://www.bkstr.com/webapp/wcs/stores/servlet/booklookServlet?bookstore_id-1=584&term_id-1=2022 Spring&crn-1=14912",""
"202210","PHYS790C","DOCT DISSERTATION & RES","828","14913","",""," ","Closed","0","0","Prodan, Camelia","Face-to-Face","6","https://www.bkstr.com/webapp/wcs/stores/servlet/booklookServlet?bookstore_id-1=584&term_id-1=2022 Spring&crn-1=14913",""
"202210","PHYS790C","DOCT DISSERTATION & RES","829","14914","",""," ","Closed","0","0","Gerrard, Andrew","Face-to-Face","6","https://www.bkstr.com/webapp/wcs/stores/servlet/booklookServlet?bookstore_id-1=584&term_id-1=2022 Spring&crn-1=14914",""
"202210","PHYS791","DOCTORAL SEMINAR","002","14915","M","11:30 AM - 12:50 PM","FMH 408","Open","50","34","Ahn, Keun Hyuk","Face-to-Face","0","https://www.bkstr.com/webapp/wcs/stores/servlet/booklookServlet?bookstore_id-1=584&term_id-1=2022 Spring&crn-1=14915",""
"202210","PHYS792","PRE-DOCTORAL RESEARCH","500","14916","",""," ","Closed","0","0","Kosovichev, Alexander","Face-to-Face","3","https://www.bkstr.com/webapp/wcs/stores/servlet/booklookServlet?bookstore_id-1=584&term_id-1=2022 Spring&crn-1=14916",""
"202210","PHYS792","PRE-DOCTORAL RESEARCH","781","14917","",""," ","Closed","0","0","","Face-to-Face","3","https://www.bkstr.com/webapp/wcs/stores/servlet/booklookServlet?bookstore_id-1=584&term_id-1=2022 Spring&crn-1=14917",""
"202210","PHYS792","PRE-DOCTORAL RESEARCH","785","14918","",""," ","Closed","0","0","Yang, Junjie","Face-to-Face","3","https://www.bkstr.com/webapp/wcs/stores/servlet/booklookServlet?bookstore_id-1=584&term_id-1=2022 Spring&crn-1=14918",""
"202210","PHYS792","PRE-DOCTORAL RESEARCH","788","14919","",""," ","Closed","0","0","Chen, Bin","Face-to-Face","3","https://www.bkstr.com/webapp/wcs/stores/servlet/booklookServlet?bookstore_id-1=584&term_id-1=2022 Spring&crn-1=14919",""
"202210","PHYS792","PRE-DOCTORAL RESEARCH","789","14920","",""," ","Closed","0","0","Thomas, Benjamin","Face-to-Face","3","https://www.bkstr.com/webapp/wcs/stores/servlet/booklookServlet?bookstore_id-1=584&term_id-1=2022 Spring&crn-1=14920",""
"202210","PHYS792","PRE-DOCTORAL RESEARCH","791","14921","",""," ","Closed","0","0","Perry, Gareth","Face-to-Face","3","https://www.bkstr.com/webapp/wcs/stores/servlet/booklookServlet?bookstore_id-1=584&term_id-1=2022 Spring&crn-1=14921",""
"202210","PHYS792","PRE-DOCTORAL RESEARCH","792","14922","",""," ","Closed","0","0","Ravindra, N.","Face-to-Face","3","https://www.bkstr.com/webapp/wcs/stores/servlet/booklookServlet?bookstore_id-1=584&term_id-1=2022 Spring&crn-1=14922",""
"202210","PHYS792","PRE-DOCTORAL RESEARCH","793","14923","",""," ","Closed","0","1","Kim, Hyomin","Face-to-Face","3","https://www.bkstr.com/webapp/wcs/stores/servlet/booklookServlet?bookstore_id-1=584&term_id-1=2022 Spring&crn-1=14923",""
"202210","PHYS792","PRE-DOCTORAL RESEARCH","796","14924","",""," ","Closed","0","0","Ahn, Keun Hyuk","Face-to-Face","3","https://www.bkstr.com/webapp/wcs/stores/servlet/booklookServlet?bookstore_id-1=584&term_id-1=2022 Spring&crn-1=14924",""
"202210","PHYS792","PRE-DOCTORAL RESEARCH","803","14925","",""," ","Closed","0","0","Levy, Roland","Face-to-Face","3","https://www.bkstr.com/webapp/wcs/stores/servlet/booklookServlet?bookstore_id-1=584&term_id-1=2022 Spring&crn-1=14925",""
"202210","PHYS792","PRE-DOCTORAL RESEARCH","804","14926","",""," ","Closed","0","0","Federici, John","Face-to-Face","3","https://www.bkstr.com/webapp/wcs/stores/servlet/booklookServlet?bookstore_id-1=584&term_id-1=2022 Spring&crn-1=14926",""
"202210","PHYS792","PRE-DOCTORAL RESEARCH","805","14927","",""," ","Closed","0","0","Cao, Wenda","Face-to-Face","3","https://www.bkstr.com/webapp/wcs/stores/servlet/booklookServlet?bookstore_id-1=584&term_id-1=2022 Spring&crn-1=14927",""
"202210","PHYS792","PRE-DOCTORAL RESEARCH","806","14928","",""," ","Closed","0","0","Dias, Cristiano","Face-to-Face","3","https://www.bkstr.com/webapp/wcs/stores/servlet/booklookServlet?bookstore_id-1=584&term_id-1=2022 Spring&crn-1=14928",""
"202210","PHYS792","PRE-DOCTORAL RESEARCH","807","14929","",""," ","Closed","0","0","Wang, Haimin","Face-to-Face","3","https://www.bkstr.com/webapp/wcs/stores/servlet/booklookServlet?bookstore_id-1=584&term_id-1=2022 Spring&crn-1=14929",""
"202210","PHYS792","PRE-DOCTORAL RESEARCH","808","14930","",""," ","Closed","0","1","Tyson, Trevor","Face-to-Face","3","https://www.bkstr.com/webapp/wcs/stores/servlet/booklookServlet?bookstore_id-1=584&term_id-1=2022 Spring&crn-1=14930",""
"202210","PHYS792","PRE-DOCTORAL RESEARCH","812","14931","",""," ","Closed","0","0","Gary, Dale","Face-to-Face","3","https://www.bkstr.com/webapp/wcs/stores/servlet/booklookServlet?bookstore_id-1=584&term_id-1=2022 Spring&crn-1=14931",""
"202210","PHYS792","PRE-DOCTORAL RESEARCH","821","14932","",""," ","Closed","0","0","Inoue, Satoshi","Face-to-Face","3","https://www.bkstr.com/webapp/wcs/stores/servlet/booklookServlet?bookstore_id-1=584&term_id-1=2022 Spring&crn-1=14932",""
"202210","PHYS792","PRE-DOCTORAL RESEARCH","825","14933","",""," ","Closed","0","0","Sirenko, Andrei","Face-to-Face","3","https://www.bkstr.com/webapp/wcs/stores/servlet/booklookServlet?bookstore_id-1=584&term_id-1=2022 Spring&crn-1=14933",""
"202210","PHYS792","PRE-DOCTORAL RESEARCH","826","14934","",""," ","Closed","0","0","Zhou, Tao","Face-to-Face","3","https://www.bkstr.com/webapp/wcs/stores/servlet/booklookServlet?bookstore_id-1=584&term_id-1=2022 Spring&crn-1=14934",""
"202210","PHYS792","PRE-DOCTORAL RESEARCH","828","14935","",""," ","Closed","0","0","Prodan, Camelia","Face-to-Face","3","https://www.bkstr.com/webapp/wcs/stores/servlet/booklookServlet?bookstore_id-1=584&term_id-1=2022 Spring&crn-1=14935",""
"202210","PHYS792","PRE-DOCTORAL RESEARCH","829","14936","",""," ","Closed","0","0","Gerrard, Andrew","Face-to-Face","3","https://www.bkstr.com/webapp/wcs/stores/servlet/booklookServlet?bookstore_id-1=584&term_id-1=2022 Spring&crn-1=14936",""
