"Term","Course","Title","Section","CRN","Days","Times","Location","Status","Max","Now","Instructor","Delivery Mode","Credits","Info","Comments"
"202210","PSY215","BIOLOGY OF BEHAVIOR","002","14937","MR","1:00 PM - 2:20 PM","CKB 207","Closed","30","30","Semizer Kaplan, Yelda","Face-to-Face","3","https://www.bkstr.com/webapp/wcs/stores/servlet/booklookServlet?bookstore_id-1=584&term_id-1=2022 Spring&crn-1=14937",""
"202210","PSY333","PRINCIPLES OF PSYCHOMETRICS","102","14938","T","6:00 PM - 8:50 PM","FMH 209","Open","30","8","Pescetelli, Niccolo","Face-to-Face","3","https://www.bkstr.com/webapp/wcs/stores/servlet/booklookServlet?bookstore_id-1=584&term_id-1=2022 Spring&crn-1=14938",""
"202210","PSY389","PSYCHOPATHOLOGY","002","14939","TR","4:00 PM - 5:20 PM"," ","Cancelled","30","0","","Face-to-Face","3","https://www.bkstr.com/webapp/wcs/stores/servlet/booklookServlet?bookstore_id-1=584&term_id-1=2022 Spring&crn-1=14939","Cancelled 11/16/21"
"202210","PSY491","RESEARCH AND INDEPENDENT STUDY","667","15575","",""," ","Closed","0","1","Wolf, John","Face-to-Face","3","https://www.bkstr.com/webapp/wcs/stores/servlet/booklookServlet?bookstore_id-1=584&term_id-1=2022 Spring&crn-1=15575",""
