"Term","Course","Title","Section","CRN","Days","Times","Location","Status","Max","Now","Instructor","Delivery Mode","Credits","Info","Comments"
"202210","SET200","INTRODUCTION TO GEOMATICS","102","14943","M","6:00 PM - 8:50 PM","KUPF 206","Open","30","14","Potts, Laramie","Face-to-Face","3","https://www.bkstr.com/webapp/wcs/stores/servlet/booklookServlet?bookstore_id-1=584&term_id-1=2022 Spring&crn-1=14943",""
"202210","SET200A","INTRODUCTION TO GEOMATICS LAB","102","14944","S","9:00 AM - 2:50 PM","GITC 2315A","Open","28","14","Todosov, Angel","Face-to-Face","1","https://www.bkstr.com/webapp/wcs/stores/servlet/booklookServlet?bookstore_id-1=584&term_id-1=2022 Spring&crn-1=14944","This course meets every other week."
"202210","SET203","INTRO TO REMOTE SENSING SCI &","102","14945","R","6:00 PM - 8:50 PM"," ","Cancelled","28","0","","Face-to-Face","3","https://www.bkstr.com/webapp/wcs/stores/servlet/booklookServlet?bookstore_id-1=584&term_id-1=2022 Spring&crn-1=14945","cancelled 1/10/22"
"202210","SET360","DIGITAL SURVEYING METHODS","102","14946","T","6:00 PM - 8:50 PM","GITC 2315A","Open","28","17","Todosov, Angel","Hybrid","3","https://www.bkstr.com/webapp/wcs/stores/servlet/booklookServlet?bookstore_id-1=584&term_id-1=2022 Spring&crn-1=14946","Hybrid Course<br />https://www.njit.edu/registrar/instructionaldelivery/"
"202210","SET401","FUNDAMENTALS OF GEODESY","452","14947","",""," ","Open","28","8","Potts, Laramie","","3","https://www.bkstr.com/webapp/wcs/stores/servlet/booklookServlet?bookstore_id-1=584&term_id-1=2022 Spring&crn-1=14947","Online Course"
"202210","SET404","ADJUSTMENT COMPUTATIONS II","452","14948","",""," ","Cancelled","28","0","","","3","https://www.bkstr.com/webapp/wcs/stores/servlet/booklookServlet?bookstore_id-1=584&term_id-1=2022 Spring&crn-1=14948","Cancelled 11/11/21"
"202210","SET407","BOUNDARY LINE ANALYSIS","102","14949","M","6:00 PM - 8:50 PM"," ","Cancelled","28","0","","Face-to-Face","4","https://www.bkstr.com/webapp/wcs/stores/servlet/booklookServlet?bookstore_id-1=584&term_id-1=2022 Spring&crn-1=14949","Cancelled 11/8/21"
"202210","SET407","BOUNDARY LINE ANALYSIS","102","14949","S","9:00 AM - 2:50 PM"," ","Cancelled","28","0","","Face-to-Face","4","https://www.bkstr.com/webapp/wcs/stores/servlet/booklookServlet?bookstore_id-1=584&term_id-1=2022 Spring&crn-1=14949","Cancelled 11/8/21"
"202210","SET420","LAND INFORMATION SYSTEMS","102","14950","S","9:00 AM - 2:50 PM","GITC 2315A","Open","20","11","Jin, Huiran","Face-to-Face","4","https://www.bkstr.com/webapp/wcs/stores/servlet/booklookServlet?bookstore_id-1=584&term_id-1=2022 Spring&crn-1=14950","Lab meets alternate Saturdays."
"202210","SET420","LAND INFORMATION SYSTEMS","102","14950","W","6:00 PM - 8:50 PM","CKB 313","Open","20","11","Jin, Huiran","Face-to-Face","4","https://www.bkstr.com/webapp/wcs/stores/servlet/booklookServlet?bookstore_id-1=584&term_id-1=2022 Spring&crn-1=14950","Lab meets alternate Saturdays."
"202210","SET423","REMOTE SENSING OF THE ENVIRONM","452","14951","",""," ","Cancelled","28","0","","","3","https://www.bkstr.com/webapp/wcs/stores/servlet/booklookServlet?bookstore_id-1=584&term_id-1=2022 Spring&crn-1=14951","Cancelled 11/11/21"
"202210","SET433","REMOTE SENSING DIGITAL IMAGE","102","14952","T","6:00 PM - 8:50 PM"," ","Cancelled","27","0","","Hybrid","3","https://www.bkstr.com/webapp/wcs/stores/servlet/booklookServlet?bookstore_id-1=584&term_id-1=2022 Spring&crn-1=14952","Cancelled 11/11/21"
"202210","SET490","SENIOR PROJECT IN SURVEYING","102","14953","W","6:00 PM - 7:55 PM","FMH 110","Open","20","7","Potts, Laramie","Face-to-Face","2","https://www.bkstr.com/webapp/wcs/stores/servlet/booklookServlet?bookstore_id-1=584&term_id-1=2022 Spring&crn-1=14953",""
"202210","SET491","SPECIAL PROJECTS IN SURVEYING","359","14954","",""," ","Closed","0","0","Potts, Laramie","Face-to-Face","1","https://www.bkstr.com/webapp/wcs/stores/servlet/booklookServlet?bookstore_id-1=584&term_id-1=2022 Spring&crn-1=14954",""
"202210","SET492","SPECIAL PROJECTS IN SURVEYING","359","14955","",""," ","Closed","0","0","Potts, Laramie","Face-to-Face","2","https://www.bkstr.com/webapp/wcs/stores/servlet/booklookServlet?bookstore_id-1=584&term_id-1=2022 Spring&crn-1=14955",""
"202210","SET493","SPECIAL PROJECTS IN SURVEYING","359","14956","",""," ","Closed","0","2","Potts, Laramie","Face-to-Face","3","https://www.bkstr.com/webapp/wcs/stores/servlet/booklookServlet?bookstore_id-1=584&term_id-1=2022 Spring&crn-1=14956",""
