"Term","Course","Title","Section","CRN","Days","Times","Location","Status","Max","Now","Instructor","Delivery Mode","Credits","Info","Comments"
"202210","STS201","UND TECH SOC: INTRO STS","002","14957","MR","1:00 PM - 2:20 PM","FMH 305","Closed","30","30","Pullum, Kathleen","Face-to-Face","3","https://www.bkstr.com/webapp/wcs/stores/servlet/booklookServlet?bookstore_id-1=584&term_id-1=2022 Spring&crn-1=14957",""
"202210","STS201","UND TECH SOC: INTRO STS","004","14958","TR","10:00 AM - 11:20 AM","CKB 212","Closed","30","30","Bozicevic, Miran","Face-to-Face","3","https://www.bkstr.com/webapp/wcs/stores/servlet/booklookServlet?bookstore_id-1=584&term_id-1=2022 Spring&crn-1=14958",""
"202210","STS201","UND TECH SOC: INTRO STS","006","14959","TF","8:30 AM - 9:50 AM","CKB 310","Closed","30","30","Levine, Derek","Face-to-Face","3","https://www.bkstr.com/webapp/wcs/stores/servlet/booklookServlet?bookstore_id-1=584&term_id-1=2022 Spring&crn-1=14959",""
"202210","STS201","UND TECH SOC: INTRO STS","008","14960","MR","2:30 PM - 3:50 PM","CKB 330","Closed","30","30","Pullum, Kathleen","Face-to-Face","3","https://www.bkstr.com/webapp/wcs/stores/servlet/booklookServlet?bookstore_id-1=584&term_id-1=2022 Spring&crn-1=14960",""
"202210","STS201","UND TECH SOC: INTRO STS","010","14961","MR","8:30 AM - 9:50 AM","CKB 207","Closed","30","30","Levine, Derek","Face-to-Face","3","https://www.bkstr.com/webapp/wcs/stores/servlet/booklookServlet?bookstore_id-1=584&term_id-1=2022 Spring&crn-1=14961",""
"202210","STS201","UND TECH SOC: INTRO STS","102","14962","M","6:00 PM - 8:50 PM","CKB 223","Closed","30","31","Stanik, Laura","Face-to-Face","3","https://www.bkstr.com/webapp/wcs/stores/servlet/booklookServlet?bookstore_id-1=584&term_id-1=2022 Spring&crn-1=14962",""
"202210","STS205","INTRO TO RESEARCH METHODS - HONORS","H02","14963","MW","11:30 AM - 12:50 PM","DHRH 210","Closed","20","20","Hunt, Theresa","Face-to-Face","3","https://www.bkstr.com/webapp/wcs/stores/servlet/booklookServlet?bookstore_id-1=584&term_id-1=2022 Spring&crn-1=14963","Honors Course"
"202210","STS210","INTRODUCTION TO PSYCHOLOGY","002","14964","TR","1:00 PM - 2:20 PM","CKB 310","Closed","30","30","Tyrol, Katherine","Face-to-Face","3","https://www.bkstr.com/webapp/wcs/stores/servlet/booklookServlet?bookstore_id-1=584&term_id-1=2022 Spring&crn-1=14964",""
"202210","STS210","INTRODUCTION TO PSYCHOLOGY","004","14965","TF","8:30 AM - 9:50 AM","CKB 207","Closed","30","30","Pople, Laura","Face-to-Face","3","https://www.bkstr.com/webapp/wcs/stores/servlet/booklookServlet?bookstore_id-1=584&term_id-1=2022 Spring&crn-1=14965",""
"202210","STS210","INTRODUCTION TO PSYCHOLOGY","006","14966","TR","4:00 PM - 5:20 PM","CKB 207","Closed","30","30","Tyrol, Katherine","Face-to-Face","3","https://www.bkstr.com/webapp/wcs/stores/servlet/booklookServlet?bookstore_id-1=584&term_id-1=2022 Spring&crn-1=14966",""
"202210","STS210","INTRODUCTION TO PSYCHOLOGY","008","15891","TF","1:00 PM - 2:20 PM","FMH 305","Closed","30","30","Pople, Laura","Face-to-Face","3","https://www.bkstr.com/webapp/wcs/stores/servlet/booklookServlet?bookstore_id-1=584&term_id-1=2022 Spring&crn-1=15891",""
"202210","STS210","INTRODUCTION TO PSYCHOLOGY","102","14967","T","6:00 PM - 8:50 PM","FMH 207","Closed","30","31","Guarino, Christopher","Face-to-Face","3","https://www.bkstr.com/webapp/wcs/stores/servlet/booklookServlet?bookstore_id-1=584&term_id-1=2022 Spring&crn-1=14967",""
"202210","STS210","INTRODUCTION TO PSYCHOLOGY","104","14968","F","6:00 PM - 8:50 PM","CKB 212","Closed","30","30","Conklin, Nicole","Face-to-Face","3","https://www.bkstr.com/webapp/wcs/stores/servlet/booklookServlet?bookstore_id-1=584&term_id-1=2022 Spring&crn-1=14968",""
"202210","STS210","INTRODUCTION TO PSYCHOLOGY","452","14969","",""," ","Closed","30","30","Anjum, Aruba","","3","https://www.bkstr.com/webapp/wcs/stores/servlet/booklookServlet?bookstore_id-1=584&term_id-1=2022 Spring&crn-1=14969","Online Course"
"202210","STS210","INTRODUCTION TO PSYCHOLOGY","454","14970","",""," ","Closed","30","30","Anjum, Aruba","","3","https://www.bkstr.com/webapp/wcs/stores/servlet/booklookServlet?bookstore_id-1=584&term_id-1=2022 Spring&crn-1=14970","Online Course"
"202210","STS221","INTRODUCTION TO SOCIOLOGY","002","14971","MR","11:30 AM - 12:50 PM","CKB 310","Closed","30","30","Tyrol, Katherine","Face-to-Face","3","https://www.bkstr.com/webapp/wcs/stores/servlet/booklookServlet?bookstore_id-1=584&term_id-1=2022 Spring&crn-1=14971",""
"202210","STS221","INTRODUCTION TO SOCIOLOGY","452","14972","",""," ","Closed","30","30","Anderson, Melissa","","3","https://www.bkstr.com/webapp/wcs/stores/servlet/booklookServlet?bookstore_id-1=584&term_id-1=2022 Spring&crn-1=14972","Online Course"
"202210","STS221","INTRODUCTION TO SOCIOLOGY","454","14973","",""," ","Closed","30","30","Anderson, Melissa","","3","https://www.bkstr.com/webapp/wcs/stores/servlet/booklookServlet?bookstore_id-1=584&term_id-1=2022 Spring&crn-1=14973","Online Course"
"202210","STS221","INTRODUCTION TO SOCIOLOGY - HONORS","H02","15479","MR","10:00 AM - 11:20 AM","CKB 317","Open","30","23","Tyrol, Katherine","Face-to-Face","3","https://www.bkstr.com/webapp/wcs/stores/servlet/booklookServlet?bookstore_id-1=584&term_id-1=2022 Spring&crn-1=15479","Honors Course"
"202210","STS301","INDEPENDENT STUDY","640","14974","",""," ","Closed","0","0","Kimmelman, Burt","Face-to-Face","1","https://www.bkstr.com/webapp/wcs/stores/servlet/booklookServlet?bookstore_id-1=584&term_id-1=2022 Spring&crn-1=14974",""
"202210","STS301","INDEPENDENT STUDY","645","14975","",""," ","Closed","0","0","Cohen, Maurie","Face-to-Face","1","https://www.bkstr.com/webapp/wcs/stores/servlet/booklookServlet?bookstore_id-1=584&term_id-1=2022 Spring&crn-1=14975",""
"202210","STS307","QUANTITATIVE RESEARCH METHODS","002","14976","TR","10:00 AM - 11:20 AM","CKB 330","Closed","20","23","Semizer Kaplan, Yelda","Face-to-Face","3","https://www.bkstr.com/webapp/wcs/stores/servlet/booklookServlet?bookstore_id-1=584&term_id-1=2022 Spring&crn-1=14976",""
"202210","STS307","QUANTITATIVE RESEARCH METHODS - HONORS","HM2","14977","TR","10:00 AM - 11:20 AM","CKB 330","Open","10","7","Semizer Kaplan, Yelda","Face-to-Face","3","https://www.bkstr.com/webapp/wcs/stores/servlet/booklookServlet?bookstore_id-1=584&term_id-1=2022 Spring&crn-1=14977","Honors Course"
"202210","STS307A","QUANTITATIVE RES METHODS LAB","002","14978","T","1:00 PM - 2:55 PM","GITC 2315B","Open","20","12","Wolf, John","Face-to-Face","1","https://www.bkstr.com/webapp/wcs/stores/servlet/booklookServlet?bookstore_id-1=584&term_id-1=2022 Spring&crn-1=14978",""
"202210","STS310","TECHNOLOGY AND HUMAN VALUES","002","14979","TR","11:30 AM - 12:50 PM","FMH 310","Closed","20","20","Edel, Gareth","Face-to-Face","3","https://www.bkstr.com/webapp/wcs/stores/servlet/booklookServlet?bookstore_id-1=584&term_id-1=2022 Spring&crn-1=14979",""
"202210","STS310","TECHNOLOGY AND HUMAN VALUES - HONORS","HM2","14980","TR","11:30 AM - 12:50 PM","FMH 310","Open","10","3","Edel, Gareth","Face-to-Face","3","https://www.bkstr.com/webapp/wcs/stores/servlet/booklookServlet?bookstore_id-1=584&term_id-1=2022 Spring&crn-1=14980","Honors Course"
"202210","STS311","WORK EXPERIENCE I","645","15972","",""," ","Closed","0","1","Cohen, Maurie","Face-to-Face","3","https://www.bkstr.com/webapp/wcs/stores/servlet/booklookServlet?bookstore_id-1=584&term_id-1=2022 Spring&crn-1=15972",""
"202210","STS312","TECHNOLOGY AND POLICY","002","14981","TR","8:30 AM - 9:50 AM","CKB 320","Closed","20","20","Holbrook, James","Face-to-Face","3","https://www.bkstr.com/webapp/wcs/stores/servlet/booklookServlet?bookstore_id-1=584&term_id-1=2022 Spring&crn-1=14981",""
"202210","STS312","TECHNOLOGY AND POLICY - HONORS","HM2","14982","TR","8:30 AM - 9:50 AM","CKB 320","Open","10","4","Holbrook, James","Face-to-Face","3","https://www.bkstr.com/webapp/wcs/stores/servlet/booklookServlet?bookstore_id-1=584&term_id-1=2022 Spring&crn-1=14982","Honors Course"
"202210","STS325","ST: CYBORG SOCIETY","002","14983","TR","11:30 AM - 12:50 PM","CKB 320","Closed","30","30","Brooks, Charles","Face-to-Face","3","https://www.bkstr.com/webapp/wcs/stores/servlet/booklookServlet?bookstore_id-1=584&term_id-1=2022 Spring&crn-1=14983",""
"202210","STS325","ST: THE AMERICAN POLITICAL EXPERIMENT","102","14984","R","6:00 PM - 8:50 PM"," ","Cancelled","30","0","","Face-to-Face","3","https://www.bkstr.com/webapp/wcs/stores/servlet/booklookServlet?bookstore_id-1=584&term_id-1=2022 Spring&crn-1=14984","Cancelled 1/4/22"
"202210","STS339","PSYCHOLOGY OF DIVERSITY","002","14985","MW","10:00 AM - 11:20 AM","CKB 222","Closed","30","31","Khichi, Narendra-Neel","Face-to-Face","3","https://www.bkstr.com/webapp/wcs/stores/servlet/booklookServlet?bookstore_id-1=584&term_id-1=2022 Spring&crn-1=14985",""
"202210","STS349","ELECTRONIC MUSIC IN PRACTICE","002","14986","TR","10:00 AM - 11:20 AM","CULM 311","Closed","24","24","Rothenberg, David","Face-to-Face","3","https://www.bkstr.com/webapp/wcs/stores/servlet/booklookServlet?bookstore_id-1=584&term_id-1=2022 Spring&crn-1=14986",""
"202210","STS351","MINDS AND MACHINES","002","14987","MW","11:30 AM - 12:50 PM","CKB 206","Closed","20","20","Estrada, Daniel","Face-to-Face","3","https://www.bkstr.com/webapp/wcs/stores/servlet/booklookServlet?bookstore_id-1=584&term_id-1=2022 Spring&crn-1=14987",""
"202210","STS351","MINDS AND MACHINES - HONORS","HM2","14988","MW","11:30 AM - 12:50 PM","CKB 206","Open","10","5","Estrada, Daniel","Face-to-Face","3","https://www.bkstr.com/webapp/wcs/stores/servlet/booklookServlet?bookstore_id-1=584&term_id-1=2022 Spring&crn-1=14988","Honors Course"
"202210","STS359","FOUNDATIONS OF CYBERPSYCHOLOGY","002","14989","TF","10:00 AM - 11:20 AM","FMH 205","Closed","30","32","Pople, Laura","Face-to-Face","3","https://www.bkstr.com/webapp/wcs/stores/servlet/booklookServlet?bookstore_id-1=584&term_id-1=2022 Spring&crn-1=14989",""
"202210","STS359","FOUNDATIONS OF CYBERPSYCHOLOGY","452","14990","",""," ","Closed","30","31","Pople, Laura","","3","https://www.bkstr.com/webapp/wcs/stores/servlet/booklookServlet?bookstore_id-1=584&term_id-1=2022 Spring&crn-1=14990","Online Course"
"202210","STS359","FOUNDATIONS OF CYBERPSYCHOLOGY","454","14991","",""," ","Closed","30","32","Khichi, Narendra-Neel","","3","https://www.bkstr.com/webapp/wcs/stores/servlet/booklookServlet?bookstore_id-1=584&term_id-1=2022 Spring&crn-1=14991","Online Course"
"202210","STS359","FOUNDATIONS OF CYBERPSYCHOLOGY","456","14992","",""," ","Closed","30","30","Wolf, John","","3","https://www.bkstr.com/webapp/wcs/stores/servlet/booklookServlet?bookstore_id-1=584&term_id-1=2022 Spring&crn-1=14992","Online Course"
"202210","STS359","FOUNDATIONS OF CYBERPSYCHOLOGY","458","14993","",""," ","Closed","30","30","Wolf, John","","3","https://www.bkstr.com/webapp/wcs/stores/servlet/booklookServlet?bookstore_id-1=584&term_id-1=2022 Spring&crn-1=14993","Online Course"
"202210","STS359","FOUNDATIONS OF CYBERPSYCHOLOGY","460","14994","",""," ","Closed","30","30","Tyrol, Katherine","","3","https://www.bkstr.com/webapp/wcs/stores/servlet/booklookServlet?bookstore_id-1=584&term_id-1=2022 Spring&crn-1=14994","Online Course"
"202210","STS361","FOUND OF CYBERPSYCHOLOGY II","002","15595","TR","4:00 PM - 5:20 PM","FMH 405","Open","24","16","Pescetelli, Niccolo","Face-to-Face","3","https://www.bkstr.com/webapp/wcs/stores/servlet/booklookServlet?bookstore_id-1=584&term_id-1=2022 Spring&crn-1=15595",""
"202210","STS364","SUSTAINABILITY POLICY&PRACTICE","102","14995","T","6:00 PM - 8:50 PM","CKB 313","Closed","20","22","Cohen, Maurie","Face-to-Face","3","https://www.bkstr.com/webapp/wcs/stores/servlet/booklookServlet?bookstore_id-1=584&term_id-1=2022 Spring&crn-1=14995",""
"202210","STS364","SUSTAINABILITY POLICY&PRACTICE - HONORS","HM2","14996","T","6:00 PM - 8:50 PM","CKB 313","Open","10","4","Cohen, Maurie","Face-to-Face","3","https://www.bkstr.com/webapp/wcs/stores/servlet/booklookServlet?bookstore_id-1=584&term_id-1=2022 Spring&crn-1=14996","Honors Course"
"202210","STS401","INDEPENDENT STUDY","634","15888","",""," ","Closed","0","0","","Face-to-Face","1","https://www.bkstr.com/webapp/wcs/stores/servlet/booklookServlet?bookstore_id-1=584&term_id-1=2022 Spring&crn-1=15888",""
"202210","STS401","INDEPENDENT STUDY","639","14997","",""," ","Closed","0","0","","Face-to-Face","1","https://www.bkstr.com/webapp/wcs/stores/servlet/booklookServlet?bookstore_id-1=584&term_id-1=2022 Spring&crn-1=14997",""
"202210","STS401","INDEPENDENT STUDY","640","14998","",""," ","Closed","0","0","Kimmelman, Burt","Face-to-Face","1","https://www.bkstr.com/webapp/wcs/stores/servlet/booklookServlet?bookstore_id-1=584&term_id-1=2022 Spring&crn-1=14998",""
"202210","STS401","INDEPENDENT STUDY","645","14999","",""," ","Closed","0","0","Cohen, Maurie","Face-to-Face","1","https://www.bkstr.com/webapp/wcs/stores/servlet/booklookServlet?bookstore_id-1=584&term_id-1=2022 Spring&crn-1=14999",""
"202210","STS403","INDEPENDENT STUDY","634","15889","",""," ","Closed","0","1","Rothenberg, David","Face-to-Face","3","https://www.bkstr.com/webapp/wcs/stores/servlet/booklookServlet?bookstore_id-1=584&term_id-1=2022 Spring&crn-1=15889",""
"202210","STS403","INDEPENDENT STUDY","635","15974","",""," ","Closed","0","1","Holbrook, James","Face-to-Face","3","https://www.bkstr.com/webapp/wcs/stores/servlet/booklookServlet?bookstore_id-1=584&term_id-1=2022 Spring&crn-1=15974",""
"202210","STS403","INDEPENDENT STUDY","639","15000","",""," ","Closed","0","0","","Face-to-Face","3","https://www.bkstr.com/webapp/wcs/stores/servlet/booklookServlet?bookstore_id-1=584&term_id-1=2022 Spring&crn-1=15000",""
"202210","STS403","INDEPENDENT STUDY","640","15001","",""," ","Closed","0","0","Kimmelman, Burt","Face-to-Face","3","https://www.bkstr.com/webapp/wcs/stores/servlet/booklookServlet?bookstore_id-1=584&term_id-1=2022 Spring&crn-1=15001",""
"202210","STS403","INDEPENDENT STUDY","645","15002","",""," ","Closed","0","1","Cohen, Maurie","Face-to-Face","3","https://www.bkstr.com/webapp/wcs/stores/servlet/booklookServlet?bookstore_id-1=584&term_id-1=2022 Spring&crn-1=15002",""
"202210","STS411","WORK EXPERIENCE II","645","15929","",""," ","Closed","0","0","","Face-to-Face","3","https://www.bkstr.com/webapp/wcs/stores/servlet/booklookServlet?bookstore_id-1=584&term_id-1=2022 Spring&crn-1=15929",""
"202210","STS490","PROJECT AND SEMINAR I","645","15003","",""," ","Closed","0","2","Cohen, Maurie","Face-to-Face","3","https://www.bkstr.com/webapp/wcs/stores/servlet/booklookServlet?bookstore_id-1=584&term_id-1=2022 Spring&crn-1=15003",""
"202210","STS491","PROJECT & SEMINAR II","645","15004","",""," ","Closed","0","5","Cohen, Maurie","Face-to-Face","2","https://www.bkstr.com/webapp/wcs/stores/servlet/booklookServlet?bookstore_id-1=584&term_id-1=2022 Spring&crn-1=15004",""
