"Term","Course","Title","Section","CRN","Days","Times","Location","Status","Max","Now","Instructor","Delivery Mode","Credits","Info","Comments"
"202210","THTR101","LIVING THEATRE","002","15005","M","2:30 PM - 3:50 PM","KUPF 110","Open","27","24","Kerley, Michael","Face-to-Face","3","https://www.bkstr.com/webapp/wcs/stores/servlet/booklookServlet?bookstore_id-1=584&term_id-1=2022 Spring&crn-1=15005",""
"202210","THTR101","LIVING THEATRE","002","15005","W","1:00 PM - 2:20 PM","KUPF 110","Open","27","24","Kerley, Michael","Face-to-Face","3","https://www.bkstr.com/webapp/wcs/stores/servlet/booklookServlet?bookstore_id-1=584&term_id-1=2022 Spring&crn-1=15005",""
"202210","THTR212","FROM PAGE TO STAGE","002","15006","TR","10:00 AM - 11:20 AM","KUPF 110","Open","15","12","Ribeiro, Lillian","Face-to-Face","3","https://www.bkstr.com/webapp/wcs/stores/servlet/booklookServlet?bookstore_id-1=584&term_id-1=2022 Spring&crn-1=15006",""
"202210","THTR217","IMPROVISATIONAL THTR-LONG FORM","002","15007","TR","1:00 PM - 2:20 PM","KUPF 110","Closed","20","23","Wells, Louis","Face-to-Face","3","https://www.bkstr.com/webapp/wcs/stores/servlet/booklookServlet?bookstore_id-1=584&term_id-1=2022 Spring&crn-1=15007",""
"202210","THTR222","JAZZ ENSEMBLE","006","15010","T","6:30 PM - 9:20 PM","CKB 116","Closed","0","1","Rimelis, David","Face-to-Face","1","https://www.bkstr.com/webapp/wcs/stores/servlet/booklookServlet?bookstore_id-1=584&term_id-1=2022 Spring&crn-1=15010",""
"202210","THTR222","STRING ENSEMBLE","004","15009","R","3:30 PM - 6:20 PM","CKB 116","Closed","0","5","Sweet, Christine","Face-to-Face","1","https://www.bkstr.com/webapp/wcs/stores/servlet/booklookServlet?bookstore_id-1=584&term_id-1=2022 Spring&crn-1=15009",""
"202210","THTR222","WIND ENSEMBLE","002","15008","W","3:30 PM - 6:20 PM","CKB 116","Closed","0","5","Santoro, Nicholas","Face-to-Face","1","https://www.bkstr.com/webapp/wcs/stores/servlet/booklookServlet?bookstore_id-1=584&term_id-1=2022 Spring&crn-1=15008",""
"202210","THTR315","THEATRE HISTORY II","002","15011","MW","10:00 AM - 11:20 AM","KUPF 110","Closed","23","24","Wells, Louis","Face-to-Face","3","https://www.bkstr.com/webapp/wcs/stores/servlet/booklookServlet?bookstore_id-1=584&term_id-1=2022 Spring&crn-1=15011",""
"202210","THTR365","PRINCIPLES OF PLAYWRITING","002","15012","TR","11:30 AM - 12:50 PM","KUPF 110","Closed","12","14","Rittenhouse, Michele","Face-to-Face","3","https://www.bkstr.com/webapp/wcs/stores/servlet/booklookServlet?bookstore_id-1=584&term_id-1=2022 Spring&crn-1=15012",""
"202210","THTR396","INTERNSHIP-THEATER","661","15013","",""," ","Closed","0","0","Rittenhouse, Michele","Face-to-Face","3","https://www.bkstr.com/webapp/wcs/stores/servlet/booklookServlet?bookstore_id-1=584&term_id-1=2022 Spring&crn-1=15013",""
"202210","THTR411","ST: TECHNOLOGY IN PERFORMANCE","002","15014","TR","2:30 PM - 3:50 PM","KUPF 110","Open","20","10","Wells, Louis","Face-to-Face","3","https://www.bkstr.com/webapp/wcs/stores/servlet/booklookServlet?bookstore_id-1=584&term_id-1=2022 Spring&crn-1=15014",""
"202210","THTR480","INDEPENDENT THEATRE PRACTICUM","661","15015","",""," ","Closed","0","2","Rittenhouse, Michele","","2","https://www.bkstr.com/webapp/wcs/stores/servlet/booklookServlet?bookstore_id-1=584&term_id-1=2022 Spring&crn-1=15015","Instructor Permission Required"
"202210","THTR483","INDEPENDENT STUDY IN THEATER I","661","15016","",""," ","Closed","0","1","Rittenhouse, Michele","Face-to-Face","3","https://www.bkstr.com/webapp/wcs/stores/servlet/booklookServlet?bookstore_id-1=584&term_id-1=2022 Spring&crn-1=15016",""
"202210","THTR484","INDEPENDENT STUDY THEATER II","661","15017","",""," ","Closed","0","1","Rittenhouse, Michele","Face-to-Face","3","https://www.bkstr.com/webapp/wcs/stores/servlet/booklookServlet?bookstore_id-1=584&term_id-1=2022 Spring&crn-1=15017",""
