"Term","Course","Title","Section","CRN","Days","Times","Location","Status","Max","Now","Instructor","Delivery Mode","Credits","Info","Comments"
"202210","TRAN625","PUB TRAN OPERATNS & TECH","852","15018","",""," ","Open","35","17","Chien, I Jy","Online","3","https://www.bkstr.com/webapp/wcs/stores/servlet/booklookServlet?bookstore_id-1=584&term_id-1=2022 Spring&crn-1=15018","Restricted to Virtual Campus Students Only<br />Online Course"
"202210","TRAN625","PUB TRAN OPERATNS & TECH","854","15213","",""," ","Open","25","6","Chien, I Jy","","3","https://www.bkstr.com/webapp/wcs/stores/servlet/booklookServlet?bookstore_id-1=584&term_id-1=2022 Spring&crn-1=15213","Restricted to Newark Campus Students Only<br />Online Course"
"202210","TRAN655","LAND USE PLANNING","102","15019","M","6:00 PM - 8:50 PM"," ","Cancelled","30","0","","Face-to-Face","3","https://www.bkstr.com/webapp/wcs/stores/servlet/booklookServlet?bookstore_id-1=584&term_id-1=2022 Spring&crn-1=15019","Cancelled 1/6/22"
"202210","TRAN700B","MASTER'S PROJECT","203","15020","",""," ","Closed","0","0","Dimitrijevic, Branislav","Face-to-Face","3","https://www.bkstr.com/webapp/wcs/stores/servlet/booklookServlet?bookstore_id-1=584&term_id-1=2022 Spring&crn-1=15020",""
"202210","TRAN700B","MASTER'S PROJECT","213","15021","",""," ","Closed","0","0","Chien, I Jy","Face-to-Face","3","https://www.bkstr.com/webapp/wcs/stores/servlet/booklookServlet?bookstore_id-1=584&term_id-1=2022 Spring&crn-1=15021",""
"202210","TRAN700B","MASTER'S PROJECT","216","15022","",""," ","Closed","0","0","Daniel, Janice","Face-to-Face","3","https://www.bkstr.com/webapp/wcs/stores/servlet/booklookServlet?bookstore_id-1=584&term_id-1=2022 Spring&crn-1=15022",""
"202210","TRAN700B","MASTER'S PROJECT","217","15023","",""," ","Closed","0","0","Liu, Rongfang","Face-to-Face","3","https://www.bkstr.com/webapp/wcs/stores/servlet/booklookServlet?bookstore_id-1=584&term_id-1=2022 Spring&crn-1=15023",""
"202210","TRAN700B","MASTER'S PROJECT","392","15024","",""," ","Closed","0","0","Bladikas, Athanassios","Face-to-Face","3","https://www.bkstr.com/webapp/wcs/stores/servlet/booklookServlet?bookstore_id-1=584&term_id-1=2022 Spring&crn-1=15024",""
"202210","TRAN700B","MASTER'S PROJECT","409","15025","",""," ","Closed","0","0","Brito, Sylvana","Face-to-Face","3","https://www.bkstr.com/webapp/wcs/stores/servlet/booklookServlet?bookstore_id-1=584&term_id-1=2022 Spring&crn-1=15025",""
"202210","TRAN700B","MASTER'S PROJECT","882","15026","",""," ","Closed","0","0","Spasovic, Lazar","Face-to-Face","3","https://www.bkstr.com/webapp/wcs/stores/servlet/booklookServlet?bookstore_id-1=584&term_id-1=2022 Spring&crn-1=15026",""
"202210","TRAN701B","MASTER'S THESIS","203","15027","",""," ","Closed","0","0","Dimitrijevic, Branislav","Face-to-Face","3","https://www.bkstr.com/webapp/wcs/stores/servlet/booklookServlet?bookstore_id-1=584&term_id-1=2022 Spring&crn-1=15027",""
"202210","TRAN701B","MASTER'S THESIS","213","15028","",""," ","Closed","0","0","Chien, I Jy","Face-to-Face","3","https://www.bkstr.com/webapp/wcs/stores/servlet/booklookServlet?bookstore_id-1=584&term_id-1=2022 Spring&crn-1=15028",""
"202210","TRAN701B","MASTER'S THESIS","216","15029","",""," ","Closed","0","0","Daniel, Janice","Face-to-Face","3","https://www.bkstr.com/webapp/wcs/stores/servlet/booklookServlet?bookstore_id-1=584&term_id-1=2022 Spring&crn-1=15029",""
"202210","TRAN701B","MASTER'S THESIS","217","15030","",""," ","Closed","0","0","Liu, Rongfang","Face-to-Face","3","https://www.bkstr.com/webapp/wcs/stores/servlet/booklookServlet?bookstore_id-1=584&term_id-1=2022 Spring&crn-1=15030",""
"202210","TRAN701B","MASTER'S THESIS","392","15031","",""," ","Closed","0","0","Bladikas, Athanassios","Face-to-Face","3","https://www.bkstr.com/webapp/wcs/stores/servlet/booklookServlet?bookstore_id-1=584&term_id-1=2022 Spring&crn-1=15031",""
"202210","TRAN701B","MASTER'S THESIS","409","15032","",""," ","Closed","0","0","Brito, Sylvana","Face-to-Face","3","https://www.bkstr.com/webapp/wcs/stores/servlet/booklookServlet?bookstore_id-1=584&term_id-1=2022 Spring&crn-1=15032",""
"202210","TRAN701B","MASTER'S THESIS","882","15033","",""," ","Closed","0","0","Spasovic, Lazar","Face-to-Face","3","https://www.bkstr.com/webapp/wcs/stores/servlet/booklookServlet?bookstore_id-1=584&term_id-1=2022 Spring&crn-1=15033",""
"202210","TRAN701C","MASTER'S THESIS","203","15034","",""," ","Closed","0","0","Dimitrijevic, Branislav","Face-to-Face","6","https://www.bkstr.com/webapp/wcs/stores/servlet/booklookServlet?bookstore_id-1=584&term_id-1=2022 Spring&crn-1=15034",""
"202210","TRAN701C","MASTER'S THESIS","213","15035","",""," ","Closed","0","0","Chien, I Jy","Face-to-Face","6","https://www.bkstr.com/webapp/wcs/stores/servlet/booklookServlet?bookstore_id-1=584&term_id-1=2022 Spring&crn-1=15035",""
"202210","TRAN701C","MASTER'S THESIS","216","15036","",""," ","Closed","0","0","Daniel, Janice","Face-to-Face","6","https://www.bkstr.com/webapp/wcs/stores/servlet/booklookServlet?bookstore_id-1=584&term_id-1=2022 Spring&crn-1=15036",""
"202210","TRAN701C","MASTER'S THESIS","217","15037","",""," ","Closed","0","0","Liu, Rongfang","Face-to-Face","6","https://www.bkstr.com/webapp/wcs/stores/servlet/booklookServlet?bookstore_id-1=584&term_id-1=2022 Spring&crn-1=15037",""
"202210","TRAN701C","MASTER'S THESIS","392","15038","",""," ","Closed","0","0","Brito, Sylvana","Face-to-Face","6","https://www.bkstr.com/webapp/wcs/stores/servlet/booklookServlet?bookstore_id-1=584&term_id-1=2022 Spring&crn-1=15038",""
"202210","TRAN701C","MASTER'S THESIS","409","15039","",""," ","Closed","0","0","Brito, Sylvana","Face-to-Face","6","https://www.bkstr.com/webapp/wcs/stores/servlet/booklookServlet?bookstore_id-1=584&term_id-1=2022 Spring&crn-1=15039",""
"202210","TRAN701C","MASTER'S THESIS","882","15040","",""," ","Closed","0","0","Spasovic, Lazar","Face-to-Face","6","https://www.bkstr.com/webapp/wcs/stores/servlet/booklookServlet?bookstore_id-1=584&term_id-1=2022 Spring&crn-1=15040",""
"202210","TRAN725","INDEPENDENT STUDY","181","15041","",""," ","Closed","0","0","Pennock, William","Face-to-Face","3","https://www.bkstr.com/webapp/wcs/stores/servlet/booklookServlet?bookstore_id-1=584&term_id-1=2022 Spring&crn-1=15041",""
"202210","TRAN725","INDEPENDENT STUDY","182","15042","",""," ","Closed","0","0","Boufadel, Michel","Face-to-Face","3","https://www.bkstr.com/webapp/wcs/stores/servlet/booklookServlet?bookstore_id-1=584&term_id-1=2022 Spring&crn-1=15042",""
"202210","TRAN725","INDEPENDENT STUDY","198","15043","",""," ","Closed","0","0","Zhang, Wen","Face-to-Face","3","https://www.bkstr.com/webapp/wcs/stores/servlet/booklookServlet?bookstore_id-1=584&term_id-1=2022 Spring&crn-1=15043",""
"202210","TRAN725","INDEPENDENT STUDY","199","15044","",""," ","Closed","0","0","Rodriguez Freire, Lucia","Face-to-Face","3","https://www.bkstr.com/webapp/wcs/stores/servlet/booklookServlet?bookstore_id-1=584&term_id-1=2022 Spring&crn-1=15044",""
"202210","TRAN725","INDEPENDENT STUDY","202","15045","",""," ","Closed","0","1","Lee, Joyoung","Face-to-Face","3","https://www.bkstr.com/webapp/wcs/stores/servlet/booklookServlet?bookstore_id-1=584&term_id-1=2022 Spring&crn-1=15045",""
"202210","TRAN725","INDEPENDENT STUDY","203","15046","",""," ","Closed","0","0","Dimitrijevic, Branislav","Face-to-Face","3","https://www.bkstr.com/webapp/wcs/stores/servlet/booklookServlet?bookstore_id-1=584&term_id-1=2022 Spring&crn-1=15046",""
"202210","TRAN725","INDEPENDENT STUDY","213","15047","",""," ","Closed","0","0","Chien, I Jy","Face-to-Face","3","https://www.bkstr.com/webapp/wcs/stores/servlet/booklookServlet?bookstore_id-1=584&term_id-1=2022 Spring&crn-1=15047",""
"202210","TRAN725","INDEPENDENT STUDY","217","15048","",""," ","Closed","0","0","Liu, Rongfang","Face-to-Face","3","https://www.bkstr.com/webapp/wcs/stores/servlet/booklookServlet?bookstore_id-1=584&term_id-1=2022 Spring&crn-1=15048",""
"202210","TRAN725","INDEPENDENT STUDY","392","15049","",""," ","Closed","0","0","Brito, Sylvana","Face-to-Face","3","https://www.bkstr.com/webapp/wcs/stores/servlet/booklookServlet?bookstore_id-1=584&term_id-1=2022 Spring&crn-1=15049",""
"202210","TRAN725","INDEPENDENT STUDY","882","15968","",""," ","Closed","0","1","Spasovic, Lazar","Face-to-Face","3","https://www.bkstr.com/webapp/wcs/stores/servlet/booklookServlet?bookstore_id-1=584&term_id-1=2022 Spring&crn-1=15968",""
"202210","TRAN752","TRAFFIC CONTROL","852","15050","",""," ","Open","25","18","Daniel, Janice","Online","3","https://www.bkstr.com/webapp/wcs/stores/servlet/booklookServlet?bookstore_id-1=584&term_id-1=2022 Spring&crn-1=15050","Restricted to Virtual Campus Students Only<br />Online Course"
"202210","TRAN752","TRAFFIC CONTROL","854","15212","",""," ","Open","25","3","Daniel, Janice","","3","https://www.bkstr.com/webapp/wcs/stores/servlet/booklookServlet?bookstore_id-1=584&term_id-1=2022 Spring&crn-1=15212","Restricted to Newark Campus Students Only<br />Online Course"
"202210","TRAN755","INTELLIGENT TRANS SYSTEM","102","15584","W","6:00 PM - 8:50 PM","FMH 305","Open","25","7","Lee, Joyoung","Face-to-Face","3","https://www.bkstr.com/webapp/wcs/stores/servlet/booklookServlet?bookstore_id-1=584&term_id-1=2022 Spring&crn-1=15584",""
"202210","TRAN765","MULTI-MOD FREIGHT TRANS","852","15051","",""," ","Open","20","6","Spasovic, Lazar","Online","3","https://www.bkstr.com/webapp/wcs/stores/servlet/booklookServlet?bookstore_id-1=584&term_id-1=2022 Spring&crn-1=15051","Restricted to Virtual Campus Students Only<br />Online Course"
"202210","TRAN765","MULTI-MOD FREIGHT TRANS","854","15591","",""," ","Cancelled","20","0","","","3","https://www.bkstr.com/webapp/wcs/stores/servlet/booklookServlet?bookstore_id-1=584&term_id-1=2022 Spring&crn-1=15591","Cancelled 1/20/22"
"202210","TRAN790A","DOCTORAL DISSERTATION","202","15867","",""," ","Closed","0","1","Lee, Joyoung","Face-to-Face","1","https://www.bkstr.com/webapp/wcs/stores/servlet/booklookServlet?bookstore_id-1=584&term_id-1=2022 Spring&crn-1=15867",""
"202210","TRAN790A","DOCTORAL DISSERTATION","203","15052","",""," ","Closed","0","0","Dimitrijevic, Branislav","Face-to-Face","1","https://www.bkstr.com/webapp/wcs/stores/servlet/booklookServlet?bookstore_id-1=584&term_id-1=2022 Spring&crn-1=15052",""
"202210","TRAN790A","DOCTORAL DISSERTATION","213","15053","",""," ","Closed","0","1","Chien, I Jy","Face-to-Face","1","https://www.bkstr.com/webapp/wcs/stores/servlet/booklookServlet?bookstore_id-1=584&term_id-1=2022 Spring&crn-1=15053",""
"202210","TRAN790A","DOCTORAL DISSERTATION","216","15054","",""," ","Closed","0","1","Daniel, Janice","Face-to-Face","1","https://www.bkstr.com/webapp/wcs/stores/servlet/booklookServlet?bookstore_id-1=584&term_id-1=2022 Spring&crn-1=15054",""
"202210","TRAN790A","DOCTORAL DISSERTATION","217","15055","",""," ","Closed","0","0","Liu, Rongfang","Face-to-Face","1","https://www.bkstr.com/webapp/wcs/stores/servlet/booklookServlet?bookstore_id-1=584&term_id-1=2022 Spring&crn-1=15055",""
"202210","TRAN790A","DOCTORAL DISSERTATION","882","15056","",""," ","Closed","0","0","Spasovic, Lazar","Face-to-Face","1","https://www.bkstr.com/webapp/wcs/stores/servlet/booklookServlet?bookstore_id-1=584&term_id-1=2022 Spring&crn-1=15056",""
"202210","TRAN790B","DOCTORAL DISSERTATION","203","15057","",""," ","Closed","0","0","Dimitrijevic, Branislav","Face-to-Face","3","https://www.bkstr.com/webapp/wcs/stores/servlet/booklookServlet?bookstore_id-1=584&term_id-1=2022 Spring&crn-1=15057",""
"202210","TRAN790B","DOCTORAL DISSERTATION","213","15058","",""," ","Closed","0","0","Chien, I Jy","Face-to-Face","3","https://www.bkstr.com/webapp/wcs/stores/servlet/booklookServlet?bookstore_id-1=584&term_id-1=2022 Spring&crn-1=15058",""
"202210","TRAN790B","DOCTORAL DISSERTATION","216","15059","",""," ","Closed","0","0","Daniel, Janice","Face-to-Face","3","https://www.bkstr.com/webapp/wcs/stores/servlet/booklookServlet?bookstore_id-1=584&term_id-1=2022 Spring&crn-1=15059",""
"202210","TRAN790B","DOCTORAL DISSERTATION","217","15060","",""," ","Closed","0","0","Liu, Rongfang","Face-to-Face","3","https://www.bkstr.com/webapp/wcs/stores/servlet/booklookServlet?bookstore_id-1=584&term_id-1=2022 Spring&crn-1=15060",""
"202210","TRAN790B","DOCTORAL DISSERTATION","390","15061","",""," ","Closed","0","0","Brito, Sylvana","Face-to-Face","3","https://www.bkstr.com/webapp/wcs/stores/servlet/booklookServlet?bookstore_id-1=584&term_id-1=2022 Spring&crn-1=15061",""
"202210","TRAN790B","DOCTORAL DISSERTATION","392","15062","",""," ","Closed","0","0","Bladikas, Athanassios","Face-to-Face","3","https://www.bkstr.com/webapp/wcs/stores/servlet/booklookServlet?bookstore_id-1=584&term_id-1=2022 Spring&crn-1=15062",""
"202210","TRAN790B","DOCTORAL DISSERTATION","409","15063","",""," ","Closed","0","0","Brito, Sylvana","Face-to-Face","3","https://www.bkstr.com/webapp/wcs/stores/servlet/booklookServlet?bookstore_id-1=584&term_id-1=2022 Spring&crn-1=15063",""
"202210","TRAN790B","DOCTORAL DISSERTATION","882","15064","",""," ","Closed","0","0","Spasovic, Lazar","Face-to-Face","3","https://www.bkstr.com/webapp/wcs/stores/servlet/booklookServlet?bookstore_id-1=584&term_id-1=2022 Spring&crn-1=15064",""
"202210","TRAN790C","DOCTORAL DISSERTATION","203","15065","",""," ","Closed","0","0","Dimitrijevic, Branislav","Face-to-Face","6","https://www.bkstr.com/webapp/wcs/stores/servlet/booklookServlet?bookstore_id-1=584&term_id-1=2022 Spring&crn-1=15065",""
"202210","TRAN790C","DOCTORAL DISSERTATION","213","15066","",""," ","Closed","0","0","Chien, I Jy","Face-to-Face","6","https://www.bkstr.com/webapp/wcs/stores/servlet/booklookServlet?bookstore_id-1=584&term_id-1=2022 Spring&crn-1=15066",""
"202210","TRAN790C","DOCTORAL DISSERTATION","216","15067","",""," ","Closed","0","0","Daniel, Janice","Face-to-Face","6","https://www.bkstr.com/webapp/wcs/stores/servlet/booklookServlet?bookstore_id-1=584&term_id-1=2022 Spring&crn-1=15067",""
"202210","TRAN790C","DOCTORAL DISSERTATION","217","15068","",""," ","Closed","0","0","Liu, Rongfang","Face-to-Face","6","https://www.bkstr.com/webapp/wcs/stores/servlet/booklookServlet?bookstore_id-1=584&term_id-1=2022 Spring&crn-1=15068",""
"202210","TRAN790C","DOCTORAL DISSERTATION","392","15069","",""," ","Closed","0","0","Bladikas, Athanassios","Face-to-Face","6","https://www.bkstr.com/webapp/wcs/stores/servlet/booklookServlet?bookstore_id-1=584&term_id-1=2022 Spring&crn-1=15069",""
"202210","TRAN790C","DOCTORAL DISSERTATION","409","15070","",""," ","Closed","0","0","Yang, Jian","Face-to-Face","6","https://www.bkstr.com/webapp/wcs/stores/servlet/booklookServlet?bookstore_id-1=584&term_id-1=2022 Spring&crn-1=15070",""
"202210","TRAN790C","DOCTORAL DISSERTATION","882","15071","",""," ","Closed","0","0","Spasovic, Lazar","Face-to-Face","6","https://www.bkstr.com/webapp/wcs/stores/servlet/booklookServlet?bookstore_id-1=584&term_id-1=2022 Spring&crn-1=15071",""
"202210","TRAN790D","DOCTORAL DISSERTATION","213","15072","",""," ","Closed","0","1","Chien, I Jy","Face-to-Face","9","https://www.bkstr.com/webapp/wcs/stores/servlet/booklookServlet?bookstore_id-1=584&term_id-1=2022 Spring&crn-1=15072",""
"202210","TRAN790D","DOCTORAL DISSERTATION","216","15073","",""," ","Closed","0","0","Daniel, Janice","Face-to-Face","9","https://www.bkstr.com/webapp/wcs/stores/servlet/booklookServlet?bookstore_id-1=584&term_id-1=2022 Spring&crn-1=15073",""
"202210","TRAN790D","DOCTORAL DISSERTATION","392","15074","",""," ","Closed","0","0","Bladikas, Athanassios","Face-to-Face","9","https://www.bkstr.com/webapp/wcs/stores/servlet/booklookServlet?bookstore_id-1=584&term_id-1=2022 Spring&crn-1=15074",""
"202210","TRAN790D","DOCTORAL DISSERTATION","409","15075","",""," ","Closed","0","0","Yang, Jian","Face-to-Face","9","https://www.bkstr.com/webapp/wcs/stores/servlet/booklookServlet?bookstore_id-1=584&term_id-1=2022 Spring&crn-1=15075",""
"202210","TRAN790D","DOCTORAL DISSERTATION","882","15076","",""," ","Closed","0","0","Spasovic, Lazar","Face-to-Face","9","https://www.bkstr.com/webapp/wcs/stores/servlet/booklookServlet?bookstore_id-1=584&term_id-1=2022 Spring&crn-1=15076",""
"202210","TRAN790E","DOCTORAL DISSERTATION","213","15077","",""," ","Closed","0","0","Chien, I Jy","Face-to-Face","12","https://www.bkstr.com/webapp/wcs/stores/servlet/booklookServlet?bookstore_id-1=584&term_id-1=2022 Spring&crn-1=15077",""
"202210","TRAN790E","DOCTORAL DISSERTATION","216","15078","",""," ","Closed","0","0","Daniel, Janice","Face-to-Face","12","https://www.bkstr.com/webapp/wcs/stores/servlet/booklookServlet?bookstore_id-1=584&term_id-1=2022 Spring&crn-1=15078",""
"202210","TRAN790E","DOCTORAL DISSERTATION","217","15079","",""," ","Closed","0","0","Liu, Rongfang","Face-to-Face","12","https://www.bkstr.com/webapp/wcs/stores/servlet/booklookServlet?bookstore_id-1=584&term_id-1=2022 Spring&crn-1=15079",""
"202210","TRAN790E","DOCTORAL DISSERTATION","392","15080","",""," ","Closed","0","0","Brito, Sylvana","Face-to-Face","12","https://www.bkstr.com/webapp/wcs/stores/servlet/booklookServlet?bookstore_id-1=584&term_id-1=2022 Spring&crn-1=15080",""
"202210","TRAN790E","DOCTORAL DISSERTATION","409","15081","",""," ","Closed","0","0","Brito, Sylvana","Face-to-Face","12","https://www.bkstr.com/webapp/wcs/stores/servlet/booklookServlet?bookstore_id-1=584&term_id-1=2022 Spring&crn-1=15081",""
"202210","TRAN790E","DOCTORAL DISSERTATION","882","15082","",""," ","Closed","0","0","Spasovic, Lazar","Face-to-Face","12","https://www.bkstr.com/webapp/wcs/stores/servlet/booklookServlet?bookstore_id-1=584&term_id-1=2022 Spring&crn-1=15082",""
"202210","TRAN792","PRE-DOCTORAL RESEARCH","203","15857","",""," ","Closed","0","0","Dimitrijevic, Branislav","Face-to-Face","0","https://www.bkstr.com/webapp/wcs/stores/servlet/booklookServlet?bookstore_id-1=584&term_id-1=2022 Spring&crn-1=15857",""
"202210","TRAN792B","PRE-DOCTORAL RESEARCH","203","15912","",""," ","Closed","0","1","Dimitrijevic, Branislav","Face-to-Face","3","https://www.bkstr.com/webapp/wcs/stores/servlet/booklookServlet?bookstore_id-1=584&term_id-1=2022 Spring&crn-1=15912",""
"202210","TRAN792B","PRE-DOCTORAL RESEARCH","216","15976","",""," ","Closed","0","1","Daniel, Janice","Face-to-Face","3","https://www.bkstr.com/webapp/wcs/stores/servlet/booklookServlet?bookstore_id-1=584&term_id-1=2022 Spring&crn-1=15976",""
"202210","TRAN792C","PRE-DOCTORAL RESEARCH","217","15083","",""," ","Closed","0","0","Liu, Rongfang","Face-to-Face","6","https://www.bkstr.com/webapp/wcs/stores/servlet/booklookServlet?bookstore_id-1=584&term_id-1=2022 Spring&crn-1=15083",""
