"Term","Course","Title","Section","CRN","Days","Times","Location","Status","Max","Now","Instructor","Delivery Mode","Credits","Info","Comments"
"202210","USYS725","INDEPENDENT STUDY I","002","15086","",""," ","Closed","0","0","","Face-to-Face","3","https://www.bkstr.com/webapp/wcs/stores/servlet/booklookServlet?bookstore_id-1=584&term_id-1=2022 Spring&crn-1=15086",""
"202210","USYS725","INDEPENDENT STUDY I","003","15087","",""," ","Closed","0","0","","Face-to-Face","3","https://www.bkstr.com/webapp/wcs/stores/servlet/booklookServlet?bookstore_id-1=584&term_id-1=2022 Spring&crn-1=15087",""
"202210","USYS725","INDEPENDENT STUDY I","004","15088","",""," ","Closed","0","0","","Face-to-Face","3","https://www.bkstr.com/webapp/wcs/stores/servlet/booklookServlet?bookstore_id-1=584&term_id-1=2022 Spring&crn-1=15088",""
"202210","USYS725","INDEPENDENT STUDY I","008","15089","",""," ","Closed","0","0","","Face-to-Face","3","https://www.bkstr.com/webapp/wcs/stores/servlet/booklookServlet?bookstore_id-1=584&term_id-1=2022 Spring&crn-1=15089",""
"202210","USYS725","INDEPENDENT STUDY I","016","15744","",""," ","Closed","0","0","Narahara, Taro","Face-to-Face","3","https://www.bkstr.com/webapp/wcs/stores/servlet/booklookServlet?bookstore_id-1=584&term_id-1=2022 Spring&crn-1=15744",""
"202210","USYS725","INDEPENDENT STUDY I","033","15090","",""," ","Closed","0","0","","Face-to-Face","3","https://www.bkstr.com/webapp/wcs/stores/servlet/booklookServlet?bookstore_id-1=584&term_id-1=2022 Spring&crn-1=15090",""
"202210","USYS725","INDEPENDENT STUDY I","101","15091","",""," ","Closed","0","0","","Face-to-Face","3","https://www.bkstr.com/webapp/wcs/stores/servlet/booklookServlet?bookstore_id-1=584&term_id-1=2022 Spring&crn-1=15091",""
"202210","USYS725","INDEPENDENT STUDY I","103","15092","",""," ","Closed","0","0","","Face-to-Face","3","https://www.bkstr.com/webapp/wcs/stores/servlet/booklookServlet?bookstore_id-1=584&term_id-1=2022 Spring&crn-1=15092",""
"202210","USYS725","INDEPENDENT STUDY I","105","15093","",""," ","Closed","0","0","","Face-to-Face","3","https://www.bkstr.com/webapp/wcs/stores/servlet/booklookServlet?bookstore_id-1=584&term_id-1=2022 Spring&crn-1=15093",""
"202210","USYS725","INDEPENDENT STUDY I","107","15094","",""," ","Closed","0","0","","Face-to-Face","3","https://www.bkstr.com/webapp/wcs/stores/servlet/booklookServlet?bookstore_id-1=584&term_id-1=2022 Spring&crn-1=15094",""
"202210","USYS726","INDEPENDENT STUDY II","004","15095","",""," ","Closed","0","0","","Face-to-Face","3","https://www.bkstr.com/webapp/wcs/stores/servlet/booklookServlet?bookstore_id-1=584&term_id-1=2022 Spring&crn-1=15095",""
"202210","USYS726","INDEPENDENT STUDY II","012","15742","",""," ","Closed","0","0","Kim, Hyojin","Face-to-Face","3","https://www.bkstr.com/webapp/wcs/stores/servlet/booklookServlet?bookstore_id-1=584&term_id-1=2022 Spring&crn-1=15742",""
"202210","USYS726","INDEPENDENT STUDY II","107","15096","",""," ","Closed","0","0","","Face-to-Face","3","https://www.bkstr.com/webapp/wcs/stores/servlet/booklookServlet?bookstore_id-1=584&term_id-1=2022 Spring&crn-1=15096",""
"202210","USYS790A","DISSERTATION RESEARCH","002","15097","",""," ","Closed","0","1","Celik, Zeynep","Face-to-Face","1","https://www.bkstr.com/webapp/wcs/stores/servlet/booklookServlet?bookstore_id-1=584&term_id-1=2022 Spring&crn-1=15097",""
"202210","USYS790A","DISSERTATION RESEARCH","004","15098","",""," ","Closed","0","0","Franck, Karen","Face-to-Face","1","https://www.bkstr.com/webapp/wcs/stores/servlet/booklookServlet?bookstore_id-1=584&term_id-1=2022 Spring&crn-1=15098",""
"202210","USYS790A","DISSERTATION RESEARCH","006","15099","",""," ","Closed","0","0","","Face-to-Face","1","https://www.bkstr.com/webapp/wcs/stores/servlet/booklookServlet?bookstore_id-1=584&term_id-1=2022 Spring&crn-1=15099",""
"202210","USYS790A","DISSERTATION RESEARCH","008","15100","",""," ","Closed","0","0","","Face-to-Face","1","https://www.bkstr.com/webapp/wcs/stores/servlet/booklookServlet?bookstore_id-1=584&term_id-1=2022 Spring&crn-1=15100",""
"202210","USYS790A","DISSERTATION RESEARCH","645","15745","",""," ","Closed","0","2","Cohen, Maurie","Face-to-Face","1","https://www.bkstr.com/webapp/wcs/stores/servlet/booklookServlet?bookstore_id-1=584&term_id-1=2022 Spring&crn-1=15745",""
"202210","USYS790B","DISSERTATION RESEARCH","003","15101","",""," ","Closed","0","0","","Face-to-Face","3","https://www.bkstr.com/webapp/wcs/stores/servlet/booklookServlet?bookstore_id-1=584&term_id-1=2022 Spring&crn-1=15101",""
"202210","USYS790B","DISSERTATION RESEARCH","004","15102","",""," ","Closed","0","0","","Face-to-Face","3","https://www.bkstr.com/webapp/wcs/stores/servlet/booklookServlet?bookstore_id-1=584&term_id-1=2022 Spring&crn-1=15102",""
"202210","USYS790B","DISSERTATION RESEARCH","008","15103","",""," ","Closed","0","0","","Face-to-Face","3","https://www.bkstr.com/webapp/wcs/stores/servlet/booklookServlet?bookstore_id-1=584&term_id-1=2022 Spring&crn-1=15103",""
"202210","USYS790B","DISSERTATION RESEARCH","033","15104","",""," ","Closed","0","0","","Face-to-Face","3","https://www.bkstr.com/webapp/wcs/stores/servlet/booklookServlet?bookstore_id-1=584&term_id-1=2022 Spring&crn-1=15104",""
"202210","USYS790B","DISSERTATION RESEARCH","101","15105","",""," ","Closed","0","0","","Face-to-Face","3","https://www.bkstr.com/webapp/wcs/stores/servlet/booklookServlet?bookstore_id-1=584&term_id-1=2022 Spring&crn-1=15105",""
"202210","USYS790B","DISSERTATION RESEARCH","103","15106","",""," ","Closed","0","0","","Face-to-Face","3","https://www.bkstr.com/webapp/wcs/stores/servlet/booklookServlet?bookstore_id-1=584&term_id-1=2022 Spring&crn-1=15106",""
"202210","USYS790B","DISSERTATION RESEARCH","105","15107","",""," ","Closed","0","0","","Face-to-Face","3","https://www.bkstr.com/webapp/wcs/stores/servlet/booklookServlet?bookstore_id-1=584&term_id-1=2022 Spring&crn-1=15107",""
"202210","USYS790C","DISSERTATION RESEARCH","003","15108","",""," ","Closed","0","0","","Face-to-Face","6","https://www.bkstr.com/webapp/wcs/stores/servlet/booklookServlet?bookstore_id-1=584&term_id-1=2022 Spring&crn-1=15108",""
"202210","USYS790C","DISSERTATION RESEARCH","004","15109","",""," ","Closed","0","0","","Face-to-Face","6","https://www.bkstr.com/webapp/wcs/stores/servlet/booklookServlet?bookstore_id-1=584&term_id-1=2022 Spring&crn-1=15109",""
"202210","USYS790C","DISSERTATION RESEARCH","008","15110","",""," ","Closed","0","0","","Face-to-Face","6","https://www.bkstr.com/webapp/wcs/stores/servlet/booklookServlet?bookstore_id-1=584&term_id-1=2022 Spring&crn-1=15110",""
"202210","USYS790C","DISSERTATION RESEARCH","033","15111","",""," ","Closed","0","0","","Face-to-Face","6","https://www.bkstr.com/webapp/wcs/stores/servlet/booklookServlet?bookstore_id-1=584&term_id-1=2022 Spring&crn-1=15111",""
"202210","USYS790C","DISSERTATION RESEARCH","101","15112","",""," ","Closed","0","0","","Face-to-Face","6","https://www.bkstr.com/webapp/wcs/stores/servlet/booklookServlet?bookstore_id-1=584&term_id-1=2022 Spring&crn-1=15112",""
"202210","USYS790C","DISSERTATION RESEARCH","103","15113","",""," ","Closed","0","0","","Face-to-Face","6","https://www.bkstr.com/webapp/wcs/stores/servlet/booklookServlet?bookstore_id-1=584&term_id-1=2022 Spring&crn-1=15113",""
"202210","USYS790C","DISSERTATION RESEARCH","105","15114","",""," ","Closed","0","0","","Face-to-Face","6","https://www.bkstr.com/webapp/wcs/stores/servlet/booklookServlet?bookstore_id-1=584&term_id-1=2022 Spring&crn-1=15114",""
"202210","USYS790D","DISSERTATION RESEARCH","003","15115","",""," ","Closed","0","0","","Face-to-Face","9","https://www.bkstr.com/webapp/wcs/stores/servlet/booklookServlet?bookstore_id-1=584&term_id-1=2022 Spring&crn-1=15115",""
"202210","USYS790D","DISSERTATION RESEARCH","004","15116","",""," ","Closed","0","0","","Face-to-Face","9","https://www.bkstr.com/webapp/wcs/stores/servlet/booklookServlet?bookstore_id-1=584&term_id-1=2022 Spring&crn-1=15116",""
"202210","USYS790D","DISSERTATION RESEARCH","008","15117","",""," ","Closed","0","0","","Face-to-Face","9","https://www.bkstr.com/webapp/wcs/stores/servlet/booklookServlet?bookstore_id-1=584&term_id-1=2022 Spring&crn-1=15117",""
"202210","USYS790D","DISSERTATION RESEARCH","033","15118","",""," ","Closed","0","0","","Face-to-Face","9","https://www.bkstr.com/webapp/wcs/stores/servlet/booklookServlet?bookstore_id-1=584&term_id-1=2022 Spring&crn-1=15118",""
"202210","USYS790D","DISSERTATION RESEARCH","101","15119","",""," ","Closed","0","0","","Face-to-Face","9","https://www.bkstr.com/webapp/wcs/stores/servlet/booklookServlet?bookstore_id-1=584&term_id-1=2022 Spring&crn-1=15119",""
"202210","USYS790D","DISSERTATION RESEARCH","105","15120","",""," ","Closed","0","0","","Face-to-Face","9","https://www.bkstr.com/webapp/wcs/stores/servlet/booklookServlet?bookstore_id-1=584&term_id-1=2022 Spring&crn-1=15120",""
"202210","USYS790E","DISSERTATION RESEARCH","103","15121","",""," ","Closed","0","0","","Face-to-Face","12","https://www.bkstr.com/webapp/wcs/stores/servlet/booklookServlet?bookstore_id-1=584&term_id-1=2022 Spring&crn-1=15121",""
"202210","USYS791","COLLOQUIUM","002","15122","W","12:00 PM - 12:50 PM","WEST 258","Open","15","6","Kim, Hyojin","Hybrid","1","https://www.bkstr.com/webapp/wcs/stores/servlet/booklookServlet?bookstore_id-1=584&term_id-1=2022 Spring&crn-1=15122","Hybrid Course"
"202210","USYS792","PRE-DOCTORAL RESEARCH","002","15123","",""," ","Closed","0","0","","Face-to-Face","3","https://www.bkstr.com/webapp/wcs/stores/servlet/booklookServlet?bookstore_id-1=584&term_id-1=2022 Spring&crn-1=15123",""
"202210","USYS792","PRE-DOCTORAL RESEARCH","003","15124","",""," ","Closed","0","0","","Face-to-Face","3","https://www.bkstr.com/webapp/wcs/stores/servlet/booklookServlet?bookstore_id-1=584&term_id-1=2022 Spring&crn-1=15124",""
"202210","USYS792","PRE-DOCTORAL RESEARCH","004","15125","",""," ","Closed","0","0","","Face-to-Face","3","https://www.bkstr.com/webapp/wcs/stores/servlet/booklookServlet?bookstore_id-1=584&term_id-1=2022 Spring&crn-1=15125",""
"202210","USYS792","PRE-DOCTORAL RESEARCH","008","15126","",""," ","Closed","0","0","","Face-to-Face","3","https://www.bkstr.com/webapp/wcs/stores/servlet/booklookServlet?bookstore_id-1=584&term_id-1=2022 Spring&crn-1=15126",""
"202210","USYS792","PRE-DOCTORAL RESEARCH","033","15127","",""," ","Closed","0","0","","Face-to-Face","3","https://www.bkstr.com/webapp/wcs/stores/servlet/booklookServlet?bookstore_id-1=584&term_id-1=2022 Spring&crn-1=15127",""
"202210","USYS792","PRE-DOCTORAL RESEARCH","101","15128","",""," ","Closed","0","0","","Face-to-Face","3","https://www.bkstr.com/webapp/wcs/stores/servlet/booklookServlet?bookstore_id-1=584&term_id-1=2022 Spring&crn-1=15128",""
"202210","USYS792","PRE-DOCTORAL RESEARCH","103","15129","",""," ","Closed","0","0","","Face-to-Face","3","https://www.bkstr.com/webapp/wcs/stores/servlet/booklookServlet?bookstore_id-1=584&term_id-1=2022 Spring&crn-1=15129",""
"202210","USYS792","PRE-DOCTORAL RESEARCH","105","15130","",""," ","Closed","0","0","","Face-to-Face","3","https://www.bkstr.com/webapp/wcs/stores/servlet/booklookServlet?bookstore_id-1=584&term_id-1=2022 Spring&crn-1=15130",""
