"Term","Course","Title","Section","CRN","Days","Times","Location","Status","Max","Now","Instructor","Delivery Mode","Credits","Info","Comments"
"202210","YWCC207","COMPUTING & EFFECTIVE COM","002","15131","T","10:00 AM - 11:20 AM","CKB 320","Closed","25","25","Bell, Michele","Face-to-Face","1","https://www.bkstr.com/webapp/wcs/stores/servlet/booklookServlet?bookstore_id-1=584&term_id-1=2022 Spring&crn-1=15131",""
"202210","YWCC207","COMPUTING & EFFECTIVE COM","004","15132","T","2:30 PM - 3:50 PM","CKB 219","Closed","25","25","McGraw, Cathlene","Face-to-Face","1","https://www.bkstr.com/webapp/wcs/stores/servlet/booklookServlet?bookstore_id-1=584&term_id-1=2022 Spring&crn-1=15132",""
"202210","YWCC207","COMPUTING & EFFECTIVE COM","006","15133","T","2:30 PM - 3:50 PM","CKB 222","Closed","25","25","Bell, Michele","Face-to-Face","1","https://www.bkstr.com/webapp/wcs/stores/servlet/booklookServlet?bookstore_id-1=584&term_id-1=2022 Spring&crn-1=15133",""
"202210","YWCC207","COMPUTING & EFFECTIVE COM","008","15134","T","2:30 PM - 3:50 PM","CKB 215","Closed","25","25","Davalos, Amanda","Face-to-Face","1","https://www.bkstr.com/webapp/wcs/stores/servlet/booklookServlet?bookstore_id-1=584&term_id-1=2022 Spring&crn-1=15134",""
"202210","YWCC207","COMPUTING & EFFECTIVE COM","010","15135","T","2:30 PM - 3:50 PM","CKB 226","Closed","25","25","Thompson, Kathy","Face-to-Face","1","https://www.bkstr.com/webapp/wcs/stores/servlet/booklookServlet?bookstore_id-1=584&term_id-1=2022 Spring&crn-1=15135",""
"202210","YWCC207","COMPUTING & EFFECTIVE COM","012","15136","W","11:30 AM - 12:50 PM","CKB 219","Closed","25","25","Bell, Michele","Face-to-Face","1","https://www.bkstr.com/webapp/wcs/stores/servlet/booklookServlet?bookstore_id-1=584&term_id-1=2022 Spring&crn-1=15136",""
"202210","YWCC207","COMPUTING & EFFECTIVE COM","014","15137","W","1:00 PM - 2:20 PM","CKB 226","Closed","25","25","Bell, Michele","Face-to-Face","1","https://www.bkstr.com/webapp/wcs/stores/servlet/booklookServlet?bookstore_id-1=584&term_id-1=2022 Spring&crn-1=15137",""
"202210","YWCC207","COMPUTING & EFFECTIVE COM","016","15138","R","11:30 AM - 12:50 PM","CULM 111","Closed","25","25","Davalos, Amanda","Face-to-Face","1","https://www.bkstr.com/webapp/wcs/stores/servlet/booklookServlet?bookstore_id-1=584&term_id-1=2022 Spring&crn-1=15138",""
"202210","YWCC207","COMPUTING & EFFECTIVE COM","018","15139","R","2:30 PM - 3:50 PM","CKB 215","Closed","25","25","Thompson, Kathy","Face-to-Face","1","https://www.bkstr.com/webapp/wcs/stores/servlet/booklookServlet?bookstore_id-1=584&term_id-1=2022 Spring&crn-1=15139",""
"202210","YWCC207","COMPUTING & EFFECTIVE COM","020","15140","R","2:30 PM - 3:50 PM","CKB 226","Closed","25","25","Davalos, Amanda","Face-to-Face","1","https://www.bkstr.com/webapp/wcs/stores/servlet/booklookServlet?bookstore_id-1=584&term_id-1=2022 Spring&crn-1=15140",""
"202210","YWCC207","COMPUTING & EFFECTIVE COM","022","15141","T","11:30 AM - 12:50 PM","CKB 120","Closed","25","25","McGraw, Cathlene","Face-to-Face","1","https://www.bkstr.com/webapp/wcs/stores/servlet/booklookServlet?bookstore_id-1=584&term_id-1=2022 Spring&crn-1=15141",""
"202210","YWCC207","COMPUTING & EFFECTIVE COM","024","15142","R","10:00 AM - 11:20 AM","CKB 226","Closed","25","25","Davalos, Amanda","Face-to-Face","1","https://www.bkstr.com/webapp/wcs/stores/servlet/booklookServlet?bookstore_id-1=584&term_id-1=2022 Spring&crn-1=15142",""
"202210","YWCC307","PROFESSIONAL DEV IN COMPUTING","002","15143","T","4:00 PM - 5:20 PM","CKB 206","Closed","20","20","Munn, Carol","Face-to-Face","1","https://www.bkstr.com/webapp/wcs/stores/servlet/booklookServlet?bookstore_id-1=584&term_id-1=2022 Spring&crn-1=15143",""
"202210","YWCC307","PROFESSIONAL DEV IN COMPUTING","004","15441","F","1:00 PM - 2:20 PM","CKB 310","Closed","20","20","Rajamani, Sathish","Face-to-Face","1","https://www.bkstr.com/webapp/wcs/stores/servlet/booklookServlet?bookstore_id-1=584&term_id-1=2022 Spring&crn-1=15441",""
"202210","YWCC307","PROFESSIONAL DEV IN COMPUTING","006","15462","F","2:30 PM - 3:50 PM","CKB 207","Closed","20","20","Rajamani, Sathish","Face-to-Face","1","https://www.bkstr.com/webapp/wcs/stores/servlet/booklookServlet?bookstore_id-1=584&term_id-1=2022 Spring&crn-1=15462",""
"202210","YWCC307","PROFESSIONAL DEV IN COMPUTING","102","15144","M","6:00 PM - 7:20 PM","CKB 215","Closed","20","20","Lewars, Esther","Face-to-Face","1","https://www.bkstr.com/webapp/wcs/stores/servlet/booklookServlet?bookstore_id-1=584&term_id-1=2022 Spring&crn-1=15144",""
"202210","YWCC307","PROFESSIONAL DEV IN COMPUTING","104","15145","M","7:30 PM - 8:50 PM","CKB 215","Closed","20","20","Lewars, Esther","Face-to-Face","1","https://www.bkstr.com/webapp/wcs/stores/servlet/booklookServlet?bookstore_id-1=584&term_id-1=2022 Spring&crn-1=15145",""
"202210","YWCC307","PROFESSIONAL DEV IN COMPUTING","106","15146","M","6:00 PM - 7:20 PM","CKB 226","Closed","20","20","Wolodkowicz, Richard","Face-to-Face","1","https://www.bkstr.com/webapp/wcs/stores/servlet/booklookServlet?bookstore_id-1=584&term_id-1=2022 Spring&crn-1=15146",""
"202210","YWCC307","PROFESSIONAL DEV IN COMPUTING","108","15147","M","7:30 PM - 8:50 PM","CKB 226","Closed","20","20","Wolodkowicz, Richard","Face-to-Face","1","https://www.bkstr.com/webapp/wcs/stores/servlet/booklookServlet?bookstore_id-1=584&term_id-1=2022 Spring&crn-1=15147",""
"202210","YWCC307","PROFESSIONAL DEV IN COMPUTING","110","15148","T","6:00 PM - 7:20 PM","CKB 214","Closed","20","20","Munn, Carol","Face-to-Face","1","https://www.bkstr.com/webapp/wcs/stores/servlet/booklookServlet?bookstore_id-1=584&term_id-1=2022 Spring&crn-1=15148",""
"202210","YWCC307","PROFESSIONAL DEV IN COMPUTING","112","15149","T","6:00 PM - 7:20 PM","FMH 307","Open","20","19","Vaish, Prabhat","Face-to-Face","1","https://www.bkstr.com/webapp/wcs/stores/servlet/booklookServlet?bookstore_id-1=584&term_id-1=2022 Spring&crn-1=15149",""
"202210","YWCC307","PROFESSIONAL DEV IN COMPUTING","114","15150","T","7:30 PM - 8:50 PM","FMH 307","Closed","20","20","Vaish, Prabhat","Face-to-Face","1","https://www.bkstr.com/webapp/wcs/stores/servlet/booklookServlet?bookstore_id-1=584&term_id-1=2022 Spring&crn-1=15150",""
"202210","YWCC307","PROFESSIONAL DEV IN COMPUTING","116","15151","W","6:00 PM - 7:20 PM","CKB 222","Open","20","19","Wolodkowicz, Richard","Face-to-Face","1","https://www.bkstr.com/webapp/wcs/stores/servlet/booklookServlet?bookstore_id-1=584&term_id-1=2022 Spring&crn-1=15151",""
"202210","YWCC307","PROFESSIONAL DEV IN COMPUTING","118","15152","W","7:30 PM - 8:50 PM","CKB 222","Closed","20","20","Wolodkowicz, Richard","Face-to-Face","1","https://www.bkstr.com/webapp/wcs/stores/servlet/booklookServlet?bookstore_id-1=584&term_id-1=2022 Spring&crn-1=15152",""
"202210","YWCC307","PROFESSIONAL DEV IN COMPUTING","120","15819","F","6:00 PM - 7:20 PM","CKB 220","Closed","20","20","Rajamani, Sathish","Face-to-Face","1","https://www.bkstr.com/webapp/wcs/stores/servlet/booklookServlet?bookstore_id-1=584&term_id-1=2022 Spring&crn-1=15819",""
"202210","YWCC307","PROFESSIONAL DEV IN COMPUTING","122","15820","F","7:30 PM - 8:50 PM","CKB 310","Open","20","19","Rajamani, Sathish","Face-to-Face","1","https://www.bkstr.com/webapp/wcs/stores/servlet/booklookServlet?bookstore_id-1=584&term_id-1=2022 Spring&crn-1=15820",""
"202210","YWCC307","PROFESSIONAL DEV IN COMPUTING","452","15153","",""," ","Closed","20","22","Lewars, Esther","","1","https://www.bkstr.com/webapp/wcs/stores/servlet/booklookServlet?bookstore_id-1=584&term_id-1=2022 Spring&crn-1=15153","Online Course"
"202210","YWCC307","PROFESSIONAL DEV IN COMPUTING","454","15154","",""," ","Closed","20","21","Lewars, Esther","","1","https://www.bkstr.com/webapp/wcs/stores/servlet/booklookServlet?bookstore_id-1=584&term_id-1=2022 Spring&crn-1=15154","Online Course"
"202210","YWCC307","PROFESSIONAL DEV IN COMPUTING","456","15839","",""," ","Closed","20","21","Munn, Carol","","1","https://www.bkstr.com/webapp/wcs/stores/servlet/booklookServlet?bookstore_id-1=584&term_id-1=2022 Spring&crn-1=15839","Online Course"
"202210","YWCC307","PROFESSIONAL DEV IN COMPUTING","458","15840","",""," ","Closed","20","21","Munn, Carol","","1","https://www.bkstr.com/webapp/wcs/stores/servlet/booklookServlet?bookstore_id-1=584&term_id-1=2022 Spring&crn-1=15840","Online Course"
"202210","YWCC310","WORK EXPERIENCE I","510","15155","",""," ","Closed","0","13","Kumar, Suresh","Face-to-Face","3","https://www.bkstr.com/webapp/wcs/stores/servlet/booklookServlet?bookstore_id-1=584&term_id-1=2022 Spring&crn-1=15155",""
"202210","YWCC410","WORK EXPERIENCE II","510","15156","",""," ","Closed","0","4","Kumar, Suresh","Face-to-Face","3","https://www.bkstr.com/webapp/wcs/stores/servlet/booklookServlet?bookstore_id-1=584&term_id-1=2022 Spring&crn-1=15156",""
"202210","YWCC411","WORK EXPERIENCE III","510","15157","",""," ","Closed","0","1","Kumar, Suresh","Face-to-Face","1","https://www.bkstr.com/webapp/wcs/stores/servlet/booklookServlet?bookstore_id-1=584&term_id-1=2022 Spring&crn-1=15157",""
"202210","YWCC590","GRADUATE CO-OP WORK EXPER I","510","15158","",""," ","Closed","0","14","Vaish, Prabhat","Face-to-Face","1","https://www.bkstr.com/webapp/wcs/stores/servlet/booklookServlet?bookstore_id-1=584&term_id-1=2022 Spring&crn-1=15158",""
"202210","YWCC591","GRADUATE CO-OP WORK EXPER II","510","15159","",""," ","Closed","0","3","Vaish, Prabhat","Face-to-Face","1","https://www.bkstr.com/webapp/wcs/stores/servlet/booklookServlet?bookstore_id-1=584&term_id-1=2022 Spring&crn-1=15159",""
"202210","YWCC592","GRADUATE CO-OP WORK EXPER III","510","15160","",""," ","Closed","0","1","Vaish, Prabhat","Face-to-Face","1","https://www.bkstr.com/webapp/wcs/stores/servlet/booklookServlet?bookstore_id-1=584&term_id-1=2022 Spring&crn-1=15160",""
"202210","YWCC691","GRADUATE CAPSTONE PROJECT","102","15161","R","6:00 PM - 8:50 PM","TIER 114","Open","35","8","Vaish, Prabhat","Face-to-Face","3","https://www.bkstr.com/webapp/wcs/stores/servlet/booklookServlet?bookstore_id-1=584&term_id-1=2022 Spring&crn-1=15161",""
